dataset,split_seed,generation_seed,student,student_seed,method,regime,selected_by_development,balanced_accuracy,accuracy,macro_f1,log_loss
wine,17,101,mlp,7,real_only,real_only,False,1.0,1.0,1.0,0.003487730231386859
wine,17,101,mlp,11,real_only,real_only,False,1.0,1.0,1.0,0.008155229852033269
wine,17,101,logistic,,real_only,real_only,False,1.0,1.0,1.0,0.04952527609014924
wine,17,101,mlp,7,bootstrap,synthetic_only,False,1.0,1.0,1.0,0.00413206696010625
wine,17,101,mlp,11,bootstrap,synthetic_only,False,1.0,1.0,1.0,0.009692535962831273
wine,17,101,logistic,,bootstrap,synthetic_only,False,1.0,1.0,1.0,0.05248749149073451
wine,17,101,mlp,7,bootstrap,augment,False,1.0,1.0,1.0,0.003087620061312477
wine,17,101,mlp,11,bootstrap,augment,False,1.0,1.0,1.0,0.008081022167772236
wine,17,101,logistic,,bootstrap,augment,False,1.0,1.0,1.0,0.05056664042517856
wine,17,101,mlp,7,smote,synthetic_only,False,1.0,1.0,1.0,0.002226140656250093
wine,17,101,mlp,11,smote,synthetic_only,False,1.0,1.0,1.0,0.0063834046829644815
wine,17,101,logistic,,smote,synthetic_only,False,1.0,1.0,1.0,0.044347645541396884
wine,17,101,mlp,7,smote,augment,False,1.0,1.0,1.0,0.0025872202230070723
wine,17,101,mlp,11,smote,augment,False,1.0,1.0,1.0,0.007540115693408827
wine,17,101,logistic,,smote,augment,False,1.0,1.0,1.0,0.047013658888146105
wine,17,101,mlp,7,copula,synthetic_only,False,1.0,1.0,1.0,0.0053484192302507925
wine,17,101,mlp,11,copula,synthetic_only,False,1.0,1.0,1.0,0.012809716028181409
wine,17,101,logistic,,copula,synthetic_only,False,1.0,1.0,1.0,0.05198020577555155
wine,17,101,mlp,7,copula,augment,False,1.0,1.0,1.0,0.008538850989189032
wine,17,101,mlp,11,copula,augment,False,0.9777777777777779,0.9777777777777777,0.9794967381174278,0.02157574978549523
wine,17,101,logistic,,copula,augment,False,1.0,1.0,1.0,0.04900705484851597
wine,17,101,mlp,7,ctgan,synthetic_only,False,0.9629629629629629,0.9555555555555556,0.9595588235294118,0.28751954753651804
wine,17,101,mlp,11,ctgan,synthetic_only,False,0.9166666666666666,0.9111111111111111,0.9159885297992716,0.3006868056033273
wine,17,101,logistic,,ctgan,synthetic_only,False,0.9814814814814815,0.9777777777777777,0.9797235023041475,0.17557624485179688
wine,17,101,mlp,7,ctgan,augment,False,0.9814814814814815,0.9777777777777777,0.9797235023041475,0.09006876472281525
wine,17,101,mlp,11,ctgan,augment,False,0.9814814814814815,0.9777777777777777,0.9797235023041475,0.13649198723608447
wine,17,101,logistic,,ctgan,augment,False,0.9814814814814815,0.9777777777777777,0.9797235023041475,0.12143563559276613
wine,17,101,mlp,7,tvae,synthetic_only,False,0.9259259259259259,0.9111111111111111,0.9191176470588235,0.17243748781157545
wine,17,101,mlp,11,tvae,synthetic_only,False,0.9537037037037037,0.9555555555555556,0.95623603968625,0.0948827247287978
wine,17,101,logistic,,tvae,synthetic_only,False,0.9814814814814815,0.9777777777777777,0.9797235023041475,0.11688369780171647
wine,17,101,mlp,7,tvae,augment,False,0.9814814814814815,0.9777777777777777,0.9797235023041475,0.05973968223308145
wine,17,101,mlp,11,tvae,augment,False,1.0,1.0,1.0,0.02077419628241278
wine,17,101,logistic,,tvae,augment,False,1.0,1.0,1.0,0.062465222393924255
wine,17,101,mlp,7,ddpm,synthetic_only,False,1.0,1.0,1.0,0.010005551359312602
wine,17,101,mlp,11,ddpm,synthetic_only,False,0.9814814814814815,0.9777777777777777,0.9797235023041475,0.040417462422219344
wine,17,101,logistic,,ddpm,synthetic_only,False,1.0,1.0,1.0,0.0516117174774406
wine,17,101,mlp,7,ddpm,augment,False,1.0,1.0,1.0,0.004774784658778851
wine,17,101,mlp,11,ddpm,augment,False,1.0,1.0,1.0,0.021330316326292807
wine,17,101,logistic,,ddpm,augment,False,1.0,1.0,1.0,0.049043788532599615
wine,17,101,mlp,7,ctgan_unpacked,synthetic_only,False,0.9777777777777779,0.9777777777777777,0.9794967381174278,0.021323529255996978
wine,17,101,mlp,11,ctgan_unpacked,synthetic_only,False,1.0,1.0,1.0,0.010121310436454993
wine,17,101,logistic,,ctgan_unpacked,synthetic_only,False,0.9777777777777779,0.9777777777777777,0.9794967381174278,0.0704838517442261
wine,17,101,mlp,7,ctgan_unpacked,augment,False,1.0,1.0,1.0,0.007526148985463599
wine,17,101,mlp,11,ctgan_unpacked,augment,False,0.9777777777777779,0.9777777777777777,0.9794967381174278,0.020327142312074477
wine,17,101,logistic,,ctgan_unpacked,augment,False,1.0,1.0,1.0,0.049720652116753326
wine,17,101,mlp,7,ctgan_one_mode,synthetic_only,False,0.8888888888888888,0.9111111111111111,0.9,0.2573284594615753
wine,17,101,mlp,11,ctgan_one_mode,synthetic_only,False,0.8666666666666667,0.8888888888888888,0.881188673955705,0.3514184875290809
wine,17,101,logistic,,ctgan_one_mode,synthetic_only,False,0.8722222222222222,0.8888888888888888,0.8879210220673636,0.1858503016220872
wine,17,101,mlp,7,ctgan_one_mode,augment,False,1.0,1.0,1.0,0.03038941450524901
wine,17,101,mlp,11,ctgan_one_mode,augment,False,0.9777777777777779,0.9777777777777777,0.9794967381174278,0.05407057435140328
wine,17,101,logistic,,ctgan_one_mode,augment,False,1.0,1.0,1.0,0.08890123382718208
wine,17,101,mlp,7,ddpm_unconditional,synthetic_only,False,0.3611111111111111,0.37777777777777777,0.37148156502995217,1.04461799752562
wine,17,101,mlp,11,ddpm_unconditional,synthetic_only,False,0.46851851851851856,0.4888888888888889,0.45638130547129535,1.034229091228054
wine,17,101,logistic,,ddpm_unconditional,synthetic_only,False,0.38518518518518513,0.4,0.38257917932714686,1.0742684246253302
wine,17,101,mlp,7,ddpm_unconditional,augment,False,0.8592592592592593,0.8444444444444444,0.8433908045977011,0.5574223672858172
wine,17,101,mlp,11,ddpm_unconditional,augment,False,0.9074074074074074,0.9111111111111111,0.9074074074074074,0.36748285309550877
wine,17,101,logistic,,ddpm_unconditional,augment,False,0.9777777777777779,0.9777777777777777,0.9794967381174278,0.44361397369811073
wine,17,101,mlp,7,ddpm_standardized,synthetic_only,False,1.0,1.0,1.0,0.0126123490650389
wine,17,101,mlp,11,ddpm_standardized,synthetic_only,False,1.0,1.0,1.0,0.017294021247848228
wine,17,101,logistic,,ddpm_standardized,synthetic_only,False,1.0,1.0,1.0,0.054433509601544285
wine,17,101,mlp,7,ddpm_standardized,augment,True,1.0,1.0,1.0,0.003667616938609247
wine,17,101,mlp,11,ddpm_standardized,augment,True,1.0,1.0,1.0,0.007051592903422534
wine,17,101,logistic,,ddpm_standardized,augment,True,1.0,1.0,1.0,0.05197913372177385
wine,17,101,mlp,7,mixture_uniform,synthetic_only,False,0.9166666666666666,0.9111111111111111,0.9159885297992716,0.2688355122713123
wine,17,101,mlp,11,mixture_uniform,synthetic_only,False,0.9629629629629629,0.9555555555555556,0.9595588235294118,0.27718996590565326
wine,17,101,logistic,,mixture_uniform,synthetic_only,False,0.9629629629629629,0.9555555555555556,0.9595588235294118,0.1520137516831825
wine,17,101,mlp,7,mixture_uniform,augment,False,0.9629629629629629,0.9555555555555556,0.9595588235294118,0.16449040140920043
wine,17,101,mlp,11,mixture_uniform,augment,False,0.9444444444444445,0.9333333333333333,0.9393939393939394,0.22411376152211326
wine,17,101,logistic,,mixture_uniform,augment,False,0.9814814814814815,0.9777777777777777,0.9797235023041475,0.09799742938795178
wine,17,101,mlp,7,mixture_utility,synthetic_only,False,0.9351851851851851,0.9333333333333333,0.9355963729365264,0.7344476077848134
wine,17,101,mlp,11,mixture_utility,synthetic_only,False,0.9351851851851851,0.9333333333333333,0.9355963729365264,0.5522324129869881
wine,17,101,logistic,,mixture_utility,synthetic_only,False,0.9351851851851851,0.9333333333333333,0.9355963729365264,0.21083100928633272
wine,17,101,mlp,7,mixture_utility,augment,False,0.9166666666666666,0.9111111111111111,0.9159885297992716,0.26703964583998235
wine,17,101,mlp,11,mixture_utility,augment,False,0.9351851851851851,0.9333333333333333,0.9355963729365264,0.22083766013870318
wine,17,101,logistic,,mixture_utility,augment,False,0.9814814814814815,0.9777777777777777,0.9797235023041475,0.09233532367108697
wine,17,101,mlp,7,mixture_support,synthetic_only,False,0.9444444444444445,0.9333333333333333,0.9393939393939394,0.11542253131473254
wine,17,101,mlp,11,mixture_support,synthetic_only,False,0.9444444444444445,0.9333333333333333,0.9393939393939394,0.08783550135060685
wine,17,101,logistic,,mixture_support,synthetic_only,False,1.0,1.0,1.0,0.09658725626837036
wine,17,101,mlp,7,mixture_support,augment,False,0.9407407407407407,0.9333333333333333,0.9391705069124424,0.08907167054466299
wine,17,101,mlp,11,mixture_support,augment,False,0.9814814814814815,0.9777777777777777,0.9797235023041475,0.05652286268703161
wine,17,101,logistic,,mixture_support,augment,False,1.0,1.0,1.0,0.07052644105365659
wine,17,101,mlp,7,mixture_utility_support,synthetic_only,False,0.9629629629629629,0.9555555555555556,0.9595588235294118,0.16024912850343218
wine,17,101,mlp,11,mixture_utility_support,synthetic_only,False,0.9814814814814815,0.9777777777777777,0.9797235023041475,0.09359857023988626
wine,17,101,logistic,,mixture_utility_support,synthetic_only,False,0.9814814814814815,0.9777777777777777,0.9797235023041475,0.07627670282839775
wine,17,101,mlp,7,mixture_utility_support,augment,False,0.9629629629629629,0.9555555555555556,0.9595588235294118,0.09236108316488886
wine,17,101,mlp,11,mixture_utility_support,augment,False,0.9629629629629629,0.9555555555555556,0.9595588235294118,0.060307712000764076
wine,17,101,logistic,,mixture_utility_support,augment,False,1.0,1.0,1.0,0.06089127977041539
wine,17,202,mlp,7,real_only,real_only,False,1.0,1.0,1.0,0.003487730231386859
wine,17,202,mlp,11,real_only,real_only,False,1.0,1.0,1.0,0.008155229852033269
wine,17,202,logistic,,real_only,real_only,False,1.0,1.0,1.0,0.04952527609014924
wine,17,202,mlp,7,bootstrap,synthetic_only,False,1.0,1.0,1.0,0.002891397923523841
wine,17,202,mlp,11,bootstrap,synthetic_only,False,1.0,1.0,1.0,0.007199393054017753
wine,17,202,logistic,,bootstrap,synthetic_only,False,1.0,1.0,1.0,0.04698463766118323
wine,17,202,mlp,7,bootstrap,augment,False,1.0,1.0,1.0,0.003317500801268423
wine,17,202,mlp,11,bootstrap,augment,False,1.0,1.0,1.0,0.007701290417152869
wine,17,202,logistic,,bootstrap,augment,False,1.0,1.0,1.0,0.04816075528315017
wine,17,202,mlp,7,smote,synthetic_only,False,1.0,1.0,1.0,0.0028726333009646363
wine,17,202,mlp,11,smote,synthetic_only,False,1.0,1.0,1.0,0.007382380398240944
wine,17,202,logistic,,smote,synthetic_only,False,1.0,1.0,1.0,0.046702976944506175
wine,17,202,mlp,7,smote,augment,False,1.0,1.0,1.0,0.0024869562313185093
wine,17,202,mlp,11,smote,augment,False,1.0,1.0,1.0,0.008396219539405796
wine,17,202,logistic,,smote,augment,False,1.0,1.0,1.0,0.04810087492667008
wine,17,202,mlp,7,copula,synthetic_only,True,1.0,1.0,1.0,0.0014298732709808676
wine,17,202,mlp,11,copula,synthetic_only,True,1.0,1.0,1.0,0.0027158806474154745
wine,17,202,logistic,,copula,synthetic_only,True,1.0,1.0,1.0,0.050223692421467604
wine,17,202,mlp,7,copula,augment,False,1.0,1.0,1.0,0.0033990508538015796
wine,17,202,mlp,11,copula,augment,False,1.0,1.0,1.0,0.010480669181582468
wine,17,202,logistic,,copula,augment,False,1.0,1.0,1.0,0.04332411056714767
wine,17,202,mlp,7,ctgan,synthetic_only,False,0.8648148148148147,0.8666666666666667,0.8737788513150831,0.37947723970492253
wine,17,202,mlp,11,ctgan,synthetic_only,False,0.8648148148148147,0.8666666666666667,0.8737788513150831,0.31974826774045323
wine,17,202,logistic,,ctgan,synthetic_only,False,0.8444444444444444,0.8444444444444444,0.8442871587462083,0.39419427404015017
wine,17,202,mlp,7,ctgan,augment,False,1.0,1.0,1.0,0.046451885295869015
wine,17,202,mlp,11,ctgan,augment,False,1.0,1.0,1.0,0.04511045062777687
wine,17,202,logistic,,ctgan,augment,False,1.0,1.0,1.0,0.1390136756541716
wine,17,202,mlp,7,tvae,synthetic_only,False,0.9629629629629629,0.9555555555555556,0.9595588235294118,0.11968856787237693
wine,17,202,mlp,11,tvae,synthetic_only,False,0.9629629629629629,0.9555555555555556,0.9595588235294118,0.17807579566911483
wine,17,202,logistic,,tvae,synthetic_only,False,0.9444444444444445,0.9333333333333333,0.9393939393939394,0.1415976264162509
wine,17,202,mlp,7,tvae,augment,False,0.9814814814814815,0.9777777777777777,0.9797235023041475,0.055132864950521616
wine,17,202,mlp,11,tvae,augment,False,0.9814814814814815,0.9777777777777777,0.9797235023041475,0.11248661329351596
wine,17,202,logistic,,tvae,augment,False,0.9814814814814815,0.9777777777777777,0.9797235023041475,0.0858385585608699
wine,17,202,mlp,7,ddpm,synthetic_only,False,0.9814814814814815,0.9777777777777777,0.9797235023041475,0.03203102584082982
wine,17,202,mlp,11,ddpm,synthetic_only,False,0.9629629629629629,0.9555555555555556,0.9595588235294118,0.06333037518419152
wine,17,202,logistic,,ddpm,synthetic_only,False,0.9814814814814815,0.9777777777777777,0.9797235023041475,0.0734759486216554
wine,17,202,mlp,7,ddpm,augment,False,1.0,1.0,1.0,0.015047734294513
wine,17,202,mlp,11,ddpm,augment,False,1.0,1.0,1.0,0.021602489968920568
wine,17,202,logistic,,ddpm,augment,False,1.0,1.0,1.0,0.05419124126305128
wine,17,202,mlp,7,ctgan_unpacked,synthetic_only,False,0.9222222222222222,0.9111111111111111,0.9191176470588235,0.28530068880952736
wine,17,202,mlp,11,ctgan_unpacked,synthetic_only,False,0.9222222222222222,0.9111111111111111,0.9191176470588235,0.29661300931205
wine,17,202,logistic,,ctgan_unpacked,synthetic_only,False,0.9407407407407407,0.9333333333333333,0.9391705069124424,0.1366373141852143
wine,17,202,mlp,7,ctgan_unpacked,augment,False,0.9777777777777779,0.9777777777777777,0.9794967381174278,0.07477890231066664
wine,17,202,mlp,11,ctgan_unpacked,augment,False,0.9814814814814815,0.9777777777777777,0.9797235023041475,0.04119955152470759
wine,17,202,logistic,,ctgan_unpacked,augment,False,1.0,1.0,1.0,0.05859574176487385
wine,17,202,mlp,7,ctgan_one_mode,synthetic_only,False,0.9444444444444445,0.9333333333333333,0.935530303030303,0.23457651283591593
wine,17,202,mlp,11,ctgan_one_mode,synthetic_only,False,0.9259259259259259,0.9111111111111111,0.9146969696969697,0.38182232089988266
wine,17,202,logistic,,ctgan_one_mode,synthetic_only,False,0.9259259259259259,0.9111111111111111,0.9146969696969697,0.19298405587344472
wine,17,202,mlp,7,ctgan_one_mode,augment,False,1.0,1.0,1.0,0.023824853927574868
wine,17,202,mlp,11,ctgan_one_mode,augment,False,1.0,1.0,1.0,0.03862672652832118
wine,17,202,logistic,,ctgan_one_mode,augment,False,1.0,1.0,1.0,0.08907755130821743
wine,17,202,mlp,7,ddpm_unconditional,synthetic_only,False,0.38703703703703707,0.4222222222222222,0.3690455161043396,1.4583975537669545
wine,17,202,mlp,11,ddpm_unconditional,synthetic_only,False,0.44999999999999996,0.4888888888888889,0.423015873015873,1.5695298187056426
wine,17,202,logistic,,ddpm_unconditional,synthetic_only,False,0.4481481481481482,0.4888888888888889,0.40108401084010836,1.1049140686042567
wine,17,202,mlp,7,ddpm_unconditional,augment,False,0.9407407407407407,0.9333333333333333,0.9391705069124424,0.32452713921231685
wine,17,202,mlp,11,ddpm_unconditional,augment,False,0.912962962962963,0.9111111111111111,0.9152691511387164,0.40907502406481766
wine,17,202,logistic,,ddpm_unconditional,augment,False,0.9814814814814815,0.9777777777777777,0.9771428571428572,0.3967944992008525
wine,17,202,mlp,7,ddpm_standardized,synthetic_only,False,0.9814814814814815,0.9777777777777777,0.9797235023041475,0.017996372953144955
wine,17,202,mlp,11,ddpm_standardized,synthetic_only,False,0.9814814814814815,0.9777777777777777,0.9797235023041475,0.024347702448949755
wine,17,202,logistic,,ddpm_standardized,synthetic_only,False,1.0,1.0,1.0,0.04874259292298883
wine,17,202,mlp,7,ddpm_standardized,augment,False,1.0,1.0,1.0,0.00736709181927107
wine,17,202,mlp,11,ddpm_standardized,augment,False,1.0,1.0,1.0,0.01768312412123261
wine,17,202,logistic,,ddpm_standardized,augment,False,1.0,1.0,1.0,0.04729800364866842
wine,17,202,mlp,7,mixture_uniform,synthetic_only,False,1.0,1.0,1.0,0.028546122098113837
wine,17,202,mlp,11,mixture_uniform,synthetic_only,False,1.0,1.0,1.0,0.04012765713496577
wine,17,202,logistic,,mixture_uniform,synthetic_only,False,1.0,1.0,1.0,0.09865415618276537
wine,17,202,mlp,7,mixture_uniform,augment,False,1.0,1.0,1.0,0.013044677388076928
wine,17,202,mlp,11,mixture_uniform,augment,False,1.0,1.0,1.0,0.016338679772581285
wine,17,202,logistic,,mixture_uniform,augment,False,1.0,1.0,1.0,0.07275480373316098
wine,17,202,mlp,7,mixture_utility,synthetic_only,False,0.9444444444444445,0.9333333333333333,0.935530303030303,0.12314798021460124
wine,17,202,mlp,11,mixture_utility,synthetic_only,False,0.9222222222222222,0.9111111111111111,0.9191176470588235,0.22508367677062305
wine,17,202,logistic,,mixture_utility,synthetic_only,False,0.9777777777777779,0.9777777777777777,0.9794967381174278,0.1347191156298688
wine,17,202,mlp,7,mixture_utility,augment,False,1.0,1.0,1.0,0.05075178470967609
wine,17,202,mlp,11,mixture_utility,augment,False,0.9592592592592593,0.9555555555555556,0.9592592592592593,0.07218490294290701
wine,17,202,logistic,,mixture_utility,augment,False,0.9777777777777779,0.9777777777777777,0.9794967381174278,0.09745625132191868
wine,17,202,mlp,7,mixture_support,synthetic_only,False,0.9777777777777779,0.9777777777777777,0.9794967381174278,0.04098295797227612
wine,17,202,mlp,11,mixture_support,synthetic_only,False,1.0,1.0,1.0,0.01715658639991933
wine,17,202,logistic,,mixture_support,synthetic_only,False,0.9777777777777779,0.9777777777777777,0.9794967381174278,0.06033608212919794
wine,17,202,mlp,7,mixture_support,augment,False,0.9777777777777779,0.9777777777777777,0.9794967381174278,0.04393800307202902
wine,17,202,mlp,11,mixture_support,augment,False,0.9777777777777779,0.9777777777777777,0.9794967381174278,0.0373920802993111
wine,17,202,logistic,,mixture_support,augment,False,0.9777777777777779,0.9777777777777777,0.9794967381174278,0.05559488038303593
wine,17,202,mlp,7,mixture_utility_support,synthetic_only,False,0.9777777777777779,0.9777777777777777,0.9794967381174278,0.05424888569527038
wine,17,202,mlp,11,mixture_utility_support,synthetic_only,False,0.9500000000000001,0.9555555555555556,0.9564691338541257,0.06059747047339735
wine,17,202,logistic,,mixture_utility_support,synthetic_only,False,1.0,1.0,1.0,0.0827521110048796
wine,17,202,mlp,7,mixture_utility_support,augment,False,0.9777777777777779,0.9777777777777777,0.9794967381174278,0.04854888040532056
wine,17,202,mlp,11,mixture_utility_support,augment,False,0.9777777777777779,0.9777777777777777,0.9794967381174278,0.05128346441646136
wine,17,202,logistic,,mixture_utility_support,augment,False,1.0,1.0,1.0,0.06257932183993199
wine,29,101,mlp,7,real_only,real_only,False,0.9814814814814815,0.9777777777777777,0.9797235023041475,0.08996914328516756
wine,29,101,mlp,11,real_only,real_only,False,0.9814814814814815,0.9777777777777777,0.9797235023041475,0.17309270947051972
wine,29,101,logistic,,real_only,real_only,False,0.9814814814814815,0.9777777777777777,0.9797235023041475,0.12159214510961146
wine,29,101,mlp,7,bootstrap,synthetic_only,False,0.9814814814814815,0.9777777777777777,0.9797235023041475,0.08837898134682498
wine,29,101,mlp,11,bootstrap,synthetic_only,False,0.9814814814814815,0.9777777777777777,0.9797235023041475,0.1655641434154102
wine,29,101,logistic,,bootstrap,synthetic_only,False,0.9814814814814815,0.9777777777777777,0.9797235023041475,0.11861388858246268
wine,29,101,mlp,7,bootstrap,augment,False,0.9814814814814815,0.9777777777777777,0.9797235023041475,0.08748007196948178
wine,29,101,mlp,11,bootstrap,augment,False,0.9814814814814815,0.9777777777777777,0.9797235023041475,0.1646728152675391
wine,29,101,logistic,,bootstrap,augment,False,0.9814814814814815,0.9777777777777777,0.9797235023041475,0.11995520871188986
wine,29,101,mlp,7,smote,synthetic_only,False,0.9814814814814815,0.9777777777777777,0.9797235023041475,0.0705607099925613
wine,29,101,mlp,11,smote,synthetic_only,False,0.9814814814814815,0.9777777777777777,0.9797235023041475,0.14709498006617816
wine,29,101,logistic,,smote,synthetic_only,False,0.9814814814814815,0.9777777777777777,0.9797235023041475,0.1290721888972269
wine,29,101,mlp,7,smote,augment,False,0.9814814814814815,0.9777777777777777,0.9797235023041475,0.10878943435985963
wine,29,101,mlp,11,smote,augment,False,0.9814814814814815,0.9777777777777777,0.9797235023041475,0.15297276984550356
wine,29,101,logistic,,smote,augment,False,0.9814814814814815,0.9777777777777777,0.9797235023041475,0.1226206789853252
wine,29,101,mlp,7,copula,synthetic_only,False,0.9814814814814815,0.9777777777777777,0.9797235023041475,0.13176070462954798
wine,29,101,mlp,11,copula,synthetic_only,False,0.9814814814814815,0.9777777777777777,0.9797235023041475,0.1560682210876345
wine,29,101,logistic,,copula,synthetic_only,False,0.9814814814814815,0.9777777777777777,0.9797235023041475,0.1176047869821894
wine,29,101,mlp,7,copula,augment,False,0.9814814814814815,0.9777777777777777,0.9797235023041475,0.12867399412913555
wine,29,101,mlp,11,copula,augment,False,0.9814814814814815,0.9777777777777777,0.9797235023041475,0.15997948389114883
wine,29,101,logistic,,copula,augment,False,0.9814814814814815,0.9777777777777777,0.9797235023041475,0.11018847763491163
wine,29,101,mlp,7,ctgan,synthetic_only,False,0.9074074074074074,0.8888888888888888,0.8936875395319418,0.585560646251142
wine,29,101,mlp,11,ctgan,synthetic_only,False,0.9074074074074074,0.8888888888888888,0.8986175115207372,0.6194524822462567
wine,29,101,logistic,,ctgan,synthetic_only,False,0.9629629629629629,0.9555555555555556,0.9595588235294118,0.2697765049476215
wine,29,101,mlp,7,ctgan,augment,False,0.9629629629629629,0.9555555555555556,0.9595588235294118,0.29118823654192527
wine,29,101,mlp,11,ctgan,augment,False,0.9444444444444445,0.9333333333333333,0.9393939393939394,0.3353907321520274
wine,29,101,logistic,,ctgan,augment,False,0.9629629629629629,0.9555555555555556,0.9595588235294118,0.1943890513711691
wine,29,101,mlp,7,tvae,synthetic_only,False,0.9037037037037038,0.8888888888888888,0.8915958593377948,0.2844459093060618
wine,29,101,mlp,11,tvae,synthetic_only,False,0.9222222222222222,0.9111111111111111,0.9129210658622423,0.3546026829762826
wine,29,101,logistic,,tvae,synthetic_only,False,0.9444444444444445,0.9333333333333333,0.9333032558839012,0.17302323544411977
wine,29,101,mlp,7,tvae,augment,False,0.9629629629629629,0.9555555555555556,0.9563061353573689,0.09530232621342019
wine,29,101,mlp,11,tvae,augment,False,0.9222222222222222,0.9111111111111111,0.9129210658622423,0.20271557755295333
wine,29,101,logistic,,tvae,augment,False,0.9814814814814815,0.9777777777777777,0.9797235023041475,0.12794110114883345
wine,29,101,mlp,7,ddpm,synthetic_only,False,0.9629629629629629,0.9555555555555556,0.9563061353573689,0.13946522380446885
wine,29,101,mlp,11,ddpm,synthetic_only,False,0.9814814814814815,0.9777777777777777,0.9797235023041475,0.18776822853776307
wine,29,101,logistic,,ddpm,synthetic_only,False,0.9814814814814815,0.9777777777777777,0.9797235023041475,0.10874750395654635
wine,29,101,mlp,7,ddpm,augment,False,0.9629629629629629,0.9555555555555556,0.9563061353573689,0.14194432605843782
wine,29,101,mlp,11,ddpm,augment,False,0.9814814814814815,0.9777777777777777,0.9797235023041475,0.19177410709647735
wine,29,101,logistic,,ddpm,augment,False,0.9814814814814815,0.9777777777777777,0.9797235023041475,0.11402506583597548
wine,29,101,mlp,7,ctgan_unpacked,synthetic_only,True,1.0,1.0,1.0,0.020347896545321098
wine,29,101,mlp,11,ctgan_unpacked,synthetic_only,True,0.9814814814814815,0.9777777777777777,0.9797235023041475,0.04242544743680888
wine,29,101,logistic,,ctgan_unpacked,synthetic_only,True,0.9814814814814815,0.9777777777777777,0.9797235023041475,0.1172472530666275
wine,29,101,mlp,7,ctgan_unpacked,augment,False,0.9814814814814815,0.9777777777777777,0.9797235023041475,0.04761846909600657
wine,29,101,mlp,11,ctgan_unpacked,augment,False,0.9814814814814815,0.9777777777777777,0.9797235023041475,0.14969071293869607
wine,29,101,logistic,,ctgan_unpacked,augment,False,0.9814814814814815,0.9777777777777777,0.9797235023041475,0.10190548724167095
wine,29,101,mlp,7,ctgan_one_mode,synthetic_only,False,0.937037037037037,0.9333333333333333,0.9358301158301159,0.2863337400280447
wine,29,101,mlp,11,ctgan_one_mode,synthetic_only,False,0.8814814814814814,0.8888888888888888,0.8855472013366751,0.3634832975874659
wine,29,101,logistic,,ctgan_one_mode,synthetic_only,False,0.9148148148148149,0.9111111111111111,0.9172932330827068,0.2049526334742025
wine,29,101,mlp,7,ctgan_one_mode,augment,False,0.9592592592592593,0.9555555555555556,0.9592592592592593,0.15804969157664533
wine,29,101,mlp,11,ctgan_one_mode,augment,False,0.9185185185185185,0.9111111111111111,0.9113047871668561,0.2189876524447246
wine,29,101,logistic,,ctgan_one_mode,augment,False,0.9814814814814815,0.9777777777777777,0.9797235023041475,0.16934613241018517
wine,29,101,mlp,7,ddpm_unconditional,synthetic_only,False,0.5370370370370371,0.5111111111111111,0.5125611325611326,1.1121366713270895
wine,29,101,mlp,11,ddpm_unconditional,synthetic_only,False,0.4851851851851852,0.4888888888888889,0.49494704503193465,1.181453376377717
wine,29,101,logistic,,ddpm_unconditional,synthetic_only,False,0.3055555555555555,0.3333333333333333,0.2552380952380952,1.0605150338896399
wine,29,101,mlp,7,ddpm_unconditional,augment,False,0.9314814814814815,0.9333333333333333,0.9362579971275625,0.331925808198733
wine,29,101,mlp,11,ddpm_unconditional,augment,False,0.9444444444444445,0.9555555555555556,0.9521531100478469,0.2903153933256902
wine,29,101,logistic,,ddpm_unconditional,augment,False,0.9314814814814815,0.9333333333333333,0.9337009423216319,0.4609608847941905
wine,29,101,mlp,7,ddpm_standardized,synthetic_only,False,0.9629629629629629,0.9555555555555556,0.9563061353573689,0.14660896648317867
wine,29,101,mlp,11,ddpm_standardized,synthetic_only,False,0.9814814814814815,0.9777777777777777,0.9797235023041475,0.18058354829333262
wine,29,101,logistic,,ddpm_standardized,synthetic_only,False,0.9814814814814815,0.9777777777777777,0.9797235023041475,0.1328978890572104
wine,29,101,mlp,7,ddpm_standardized,augment,False,0.9814814814814815,0.9777777777777777,0.9797235023041475,0.11600257040019377
wine,29,101,mlp,11,ddpm_standardized,augment,False,0.9814814814814815,0.9777777777777777,0.9797235023041475,0.16362931952681947
wine,29,101,logistic,,ddpm_standardized,augment,False,0.9814814814814815,0.9777777777777777,0.9797235023041475,0.12471985042074687
wine,29,101,mlp,7,mixture_uniform,synthetic_only,False,0.9407407407407407,0.9333333333333333,0.9348007590132826,0.33985529956244465
wine,29,101,mlp,11,mixture_uniform,synthetic_only,False,0.9222222222222222,0.9111111111111111,0.9151929158760278,0.27775486059940646
wine,29,101,logistic,,mixture_uniform,synthetic_only,False,0.9629629629629629,0.9555555555555556,0.9595588235294118,0.17637789876116922
wine,29,101,mlp,7,mixture_uniform,augment,False,0.9629629629629629,0.9555555555555556,0.9595588235294118,0.22286850583765655
wine,29,101,mlp,11,mixture_uniform,augment,False,0.9222222222222222,0.9111111111111111,0.9151929158760278,0.23209966063838874
wine,29,101,logistic,,mixture_uniform,augment,False,0.9814814814814815,0.9777777777777777,0.9797235023041475,0.15134454410379378
wine,29,101,mlp,7,mixture_utility,synthetic_only,False,0.9037037037037038,0.8888888888888888,0.8944949494949496,0.36523794559200806
wine,29,101,mlp,11,mixture_utility,synthetic_only,False,0.9037037037037038,0.8888888888888888,0.8944949494949496,0.39352204402309787
wine,29,101,logistic,,mixture_utility,synthetic_only,False,0.9629629629629629,0.9555555555555556,0.9595588235294118,0.17269763327540139
wine,29,101,mlp,7,mixture_utility,augment,False,0.9037037037037038,0.8888888888888888,0.8944949494949496,0.3914812811117286
wine,29,101,mlp,11,mixture_utility,augment,False,0.9037037037037038,0.8888888888888888,0.8944949494949496,0.3807014693200973
wine,29,101,logistic,,mixture_utility,augment,False,0.9629629629629629,0.9555555555555556,0.9595588235294118,0.15181046536498768
wine,29,101,mlp,7,mixture_support,synthetic_only,False,0.9592592592592593,0.9555555555555556,0.9592592592592593,0.34172645301351345
wine,29,101,mlp,11,mixture_support,synthetic_only,False,0.9222222222222222,0.9111111111111111,0.9129210658622423,0.3246363900359047
wine,29,101,logistic,,mixture_support,synthetic_only,False,0.9407407407407407,0.9333333333333333,0.9358730158730159,0.18559027087585298
wine,29,101,mlp,7,mixture_support,augment,False,0.9592592592592593,0.9555555555555556,0.9592592592592593,0.23362979864923308
wine,29,101,mlp,11,mixture_support,augment,False,0.9407407407407407,0.9333333333333333,0.9358730158730159,0.26008833464301884
wine,29,101,logistic,,mixture_support,augment,False,0.9814814814814815,0.9777777777777777,0.9797235023041475,0.16019959012445792
wine,29,101,mlp,7,mixture_utility_support,synthetic_only,False,0.9222222222222222,0.9111111111111111,0.9151929158760278,0.12593023556803473
wine,29,101,mlp,11,mixture_utility_support,synthetic_only,False,0.9222222222222222,0.9111111111111111,0.9129210658622423,0.12066067623748078
wine,29,101,logistic,,mixture_utility_support,synthetic_only,False,0.9814814814814815,0.9777777777777777,0.9797235023041475,0.12637078278684327
wine,29,101,mlp,7,mixture_utility_support,augment,False,1.0,1.0,1.0,0.043522750648097554
wine,29,101,mlp,11,mixture_utility_support,augment,False,0.9629629629629629,0.9555555555555556,0.9563061353573689,0.11812344779254591
wine,29,101,logistic,,mixture_utility_support,augment,False,0.9814814814814815,0.9777777777777777,0.9797235023041475,0.12194360132560565
wine,29,202,mlp,7,real_only,real_only,False,0.9814814814814815,0.9777777777777777,0.9797235023041475,0.08996914328516756
wine,29,202,mlp,11,real_only,real_only,False,0.9814814814814815,0.9777777777777777,0.9797235023041475,0.17309270947051972
wine,29,202,logistic,,real_only,real_only,False,0.9814814814814815,0.9777777777777777,0.9797235023041475,0.12159214510961146
wine,29,202,mlp,7,bootstrap,synthetic_only,False,0.9814814814814815,0.9777777777777777,0.9797235023041475,0.07513399932656592
wine,29,202,mlp,11,bootstrap,synthetic_only,False,0.9814814814814815,0.9777777777777777,0.9797235023041475,0.14852128681310922
wine,29,202,logistic,,bootstrap,synthetic_only,False,0.9814814814814815,0.9777777777777777,0.9797235023041475,0.114126727936301
wine,29,202,mlp,7,bootstrap,augment,False,0.9814814814814815,0.9777777777777777,0.9797235023041475,0.07715462535623213
wine,29,202,mlp,11,bootstrap,augment,False,0.9814814814814815,0.9777777777777777,0.9797235023041475,0.15788083433768596
wine,29,202,logistic,,bootstrap,augment,False,0.9814814814814815,0.9777777777777777,0.9797235023041475,0.1175742231929652
wine,29,202,mlp,7,smote,synthetic_only,False,0.9814814814814815,0.9777777777777777,0.9797235023041475,0.09776736938229735
wine,29,202,mlp,11,smote,synthetic_only,False,0.9629629629629629,0.9555555555555556,0.9563061353573689,0.21974620947512635
wine,29,202,logistic,,smote,synthetic_only,False,0.9814814814814815,0.9777777777777777,0.9797235023041475,0.1604138522055075
wine,29,202,mlp,7,smote,augment,False,0.9814814814814815,0.9777777777777777,0.9797235023041475,0.10023254176945756
wine,29,202,mlp,11,smote,augment,False,0.9814814814814815,0.9777777777777777,0.9797235023041475,0.17999942560141638
wine,29,202,logistic,,smote,augment,False,0.9814814814814815,0.9777777777777777,0.9797235023041475,0.1296939629251514
wine,29,202,mlp,7,copula,synthetic_only,False,0.9629629629629629,0.9555555555555556,0.9595588235294118,0.2512190049787685
wine,29,202,mlp,11,copula,synthetic_only,False,0.9629629629629629,0.9555555555555556,0.9595588235294118,0.30329783143685923
wine,29,202,logistic,,copula,synthetic_only,False,0.9814814814814815,0.9777777777777777,0.9797235023041475,0.12747303167465518
wine,29,202,mlp,7,copula,augment,False,0.9814814814814815,0.9777777777777777,0.9797235023041475,0.20928333418976627
wine,29,202,mlp,11,copula,augment,False,0.9629629629629629,0.9555555555555556,0.9595588235294118,0.2473636249464318
wine,29,202,logistic,,copula,augment,False,0.9814814814814815,0.9777777777777777,0.9797235023041475,0.1142157327771648
wine,29,202,mlp,7,ctgan,synthetic_only,False,0.9222222222222222,0.9111111111111111,0.9151929158760278,0.23152863317323785
wine,29,202,mlp,11,ctgan,synthetic_only,False,0.8703703703703703,0.8444444444444444,0.8462801566249842,0.33649428837725837
wine,29,202,logistic,,ctgan,synthetic_only,False,0.9407407407407407,0.9333333333333333,0.9358730158730159,0.2562178501861193
wine,29,202,mlp,7,ctgan,augment,False,0.9592592592592593,0.9555555555555556,0.9592592592592593,0.06341817375635857
wine,29,202,mlp,11,ctgan,augment,False,0.9814814814814815,0.9777777777777777,0.9797235023041475,0.08570250330547187
wine,29,202,logistic,,ctgan,augment,False,0.9629629629629629,0.9555555555555556,0.9563061353573689,0.1365373575008331
wine,29,202,mlp,7,tvae,synthetic_only,False,0.8814814814814814,0.8666666666666667,0.8710910005027652,0.3182516622885168
wine,29,202,mlp,11,tvae,synthetic_only,False,0.9407407407407407,0.9333333333333333,0.9391705069124424,0.46913159734857596
wine,29,202,logistic,,tvae,synthetic_only,False,0.9629629629629629,0.9555555555555556,0.9563061353573689,0.22088388245107274
wine,29,202,mlp,7,tvae,augment,False,0.9222222222222222,0.9111111111111111,0.9151929158760278,0.16634545277059767
wine,29,202,mlp,11,tvae,augment,False,0.9407407407407407,0.9333333333333333,0.9391705069124424,0.2399114150717434
wine,29,202,logistic,,tvae,augment,False,0.9814814814814815,0.9777777777777777,0.9797235023041475,0.1474753975109433
wine,29,202,mlp,7,ddpm,synthetic_only,False,0.9629629629629629,0.9555555555555556,0.9563061353573689,0.19215609113316268
wine,29,202,mlp,11,ddpm,synthetic_only,False,0.9444444444444445,0.9333333333333333,0.935530303030303,0.3252371852793257
wine,29,202,logistic,,ddpm,synthetic_only,False,0.9814814814814815,0.9777777777777777,0.9797235023041475,0.15793672597244696
wine,29,202,mlp,7,ddpm,augment,False,0.9629629629629629,0.9555555555555556,0.9563061353573689,0.138536212203709
wine,29,202,mlp,11,ddpm,augment,False,0.9814814814814815,0.9777777777777777,0.9797235023041475,0.24348786823398672
wine,29,202,logistic,,ddpm,augment,False,0.9814814814814815,0.9777777777777777,0.9797235023041475,0.1326333771245923
wine,29,202,mlp,7,ctgan_unpacked,synthetic_only,False,0.9814814814814815,0.9777777777777777,0.9797235023041475,0.052762944577978026
wine,29,202,mlp,11,ctgan_unpacked,synthetic_only,False,0.9444444444444445,0.9333333333333333,0.935530303030303,0.09178589915321511
wine,29,202,logistic,,ctgan_unpacked,synthetic_only,False,0.9629629629629629,0.9555555555555556,0.9563061353573689,0.1586923294719688
wine,29,202,mlp,7,ctgan_unpacked,augment,False,0.9814814814814815,0.9777777777777777,0.9797235023041475,0.06095488279144201
wine,29,202,mlp,11,ctgan_unpacked,augment,False,0.9814814814814815,0.9777777777777777,0.9797235023041475,0.10260566435909727
wine,29,202,logistic,,ctgan_unpacked,augment,False,0.9814814814814815,0.9777777777777777,0.9797235023041475,0.11288201850522138
wine,29,202,mlp,7,ctgan_one_mode,synthetic_only,False,0.888888888888889,0.8888888888888888,0.8917748917748917,0.25786048657611577
wine,29,202,mlp,11,ctgan_one_mode,synthetic_only,False,0.9444444444444445,0.9333333333333333,0.9393939393939394,0.4173763111804994
wine,29,202,logistic,,ctgan_one_mode,synthetic_only,False,0.9259259259259259,0.9111111111111111,0.9146969696969697,0.22123110832789597
wine,29,202,mlp,7,ctgan_one_mode,augment,False,1.0,1.0,1.0,0.03146879909832786
wine,29,202,mlp,11,ctgan_one_mode,augment,False,0.9814814814814815,0.9777777777777777,0.9771428571428572,0.06518468231351283
wine,29,202,logistic,,ctgan_one_mode,augment,False,0.9814814814814815,0.9777777777777777,0.9797235023041475,0.1177489912438316
wine,29,202,mlp,7,ddpm_unconditional,synthetic_only,False,0.5703703703703704,0.5777777777777777,0.556531165311653,1.0124814741978574
wine,29,202,mlp,11,ddpm_unconditional,synthetic_only,False,0.5592592592592592,0.5555555555555556,0.568389464941189,0.8346908032303356
wine,29,202,logistic,,ddpm_unconditional,synthetic_only,False,0.4314814814814815,0.4666666666666667,0.42313664596273287,0.9809730930834768
wine,29,202,mlp,7,ddpm_unconditional,augment,False,0.8703703703703703,0.8666666666666667,0.87,0.3894074059255379
wine,29,202,mlp,11,ddpm_unconditional,augment,False,0.8740740740740741,0.8666666666666667,0.8723066926575699,0.4212248963627567
wine,29,202,logistic,,ddpm_unconditional,augment,False,0.8925925925925925,0.8888888888888888,0.8926495726495727,0.457140608278079
wine,29,202,mlp,7,ddpm_standardized,synthetic_only,False,0.9814814814814815,0.9777777777777777,0.9797235023041475,0.17503913750145478
wine,29,202,mlp,11,ddpm_standardized,synthetic_only,False,0.9629629629629629,0.9555555555555556,0.9563061353573689,0.2535456211081799
wine,29,202,logistic,,ddpm_standardized,synthetic_only,False,0.9814814814814815,0.9777777777777777,0.9797235023041475,0.15589881592695748
wine,29,202,mlp,7,ddpm_standardized,augment,False,0.9814814814814815,0.9777777777777777,0.9797235023041475,0.1330502569563402
wine,29,202,mlp,11,ddpm_standardized,augment,False,0.9814814814814815,0.9777777777777777,0.9797235023041475,0.1924810811094499
wine,29,202,logistic,,ddpm_standardized,augment,False,0.9814814814814815,0.9777777777777777,0.9797235023041475,0.13667350233634193
wine,29,202,mlp,7,mixture_uniform,synthetic_only,False,0.9629629629629629,0.9555555555555556,0.9595588235294118,0.12896636066204079
wine,29,202,mlp,11,mixture_uniform,synthetic_only,False,0.9814814814814815,0.9777777777777777,0.9797235023041475,0.11858261783934179
wine,29,202,logistic,,mixture_uniform,synthetic_only,False,0.9814814814814815,0.9777777777777777,0.9797235023041475,0.13390610087796068
wine,29,202,mlp,7,mixture_uniform,augment,False,0.9629629629629629,0.9555555555555556,0.9595588235294118,0.11394431358205827
wine,29,202,mlp,11,mixture_uniform,augment,False,0.9814814814814815,0.9777777777777777,0.9797235023041475,0.106498795502729
wine,29,202,logistic,,mixture_uniform,augment,False,0.9814814814814815,0.9777777777777777,0.9797235023041475,0.12013116560757607
wine,29,202,mlp,7,mixture_utility,synthetic_only,False,0.9444444444444445,0.9333333333333333,0.935530303030303,0.11942655918450841
wine,29,202,mlp,11,mixture_utility,synthetic_only,False,0.9814814814814815,0.9777777777777777,0.9797235023041475,0.0639992143059401
wine,29,202,logistic,,mixture_utility,synthetic_only,False,0.9629629629629629,0.9555555555555556,0.9563061353573689,0.14926146110273347
wine,29,202,mlp,7,mixture_utility,augment,False,0.9629629629629629,0.9555555555555556,0.9595588235294118,0.07060785635257495
wine,29,202,mlp,11,mixture_utility,augment,False,0.9629629629629629,0.9555555555555556,0.9595588235294118,0.10748678738597207
wine,29,202,logistic,,mixture_utility,augment,False,0.9629629629629629,0.9555555555555556,0.9563061353573689,0.1271158364476932
wine,29,202,mlp,7,mixture_support,synthetic_only,False,0.9629629629629629,0.9555555555555556,0.9563061353573689,0.13807391926936208
wine,29,202,mlp,11,mixture_support,synthetic_only,False,0.9444444444444445,0.9333333333333333,0.935530303030303,0.13555309277881386
wine,29,202,logistic,,mixture_support,synthetic_only,False,0.9629629629629629,0.9555555555555556,0.9563061353573689,0.12139780766122207
wine,29,202,mlp,7,mixture_support,augment,False,0.9629629629629629,0.9555555555555556,0.9563061353573689,0.11031149814700328
wine,29,202,mlp,11,mixture_support,augment,False,0.9629629629629629,0.9555555555555556,0.9563061353573689,0.07385046857372496
wine,29,202,logistic,,mixture_support,augment,False,0.9814814814814815,0.9777777777777777,0.9797235023041475,0.11403805443968816
wine,29,202,mlp,7,mixture_utility_support,synthetic_only,False,0.9407407407407407,0.9333333333333333,0.9391705069124424,0.2009059774128911
wine,29,202,mlp,11,mixture_utility_support,synthetic_only,False,0.9814814814814815,0.9777777777777777,0.9797235023041475,0.15504177168944508
wine,29,202,logistic,,mixture_utility_support,synthetic_only,False,0.9814814814814815,0.9777777777777777,0.9797235023041475,0.12464888729624432
wine,29,202,mlp,7,mixture_utility_support,augment,True,0.9814814814814815,0.9777777777777777,0.9797235023041475,0.1919441023020237
wine,29,202,mlp,11,mixture_utility_support,augment,True,0.9592592592592593,0.9555555555555556,0.9592592592592593,0.142508085712445
wine,29,202,logistic,,mixture_utility_support,augment,True,0.9814814814814815,0.9777777777777777,0.9797235023041475,0.12110626204237403
wine,41,101,mlp,7,real_only,real_only,False,0.9814814814814815,0.9777777777777777,0.9797235023041475,0.09031384489686967
wine,41,101,mlp,11,real_only,real_only,False,0.9814814814814815,0.9777777777777777,0.9797235023041475,0.0469589978966084
wine,41,101,logistic,,real_only,real_only,False,0.9814814814814815,0.9777777777777777,0.9797235023041475,0.1136613659747078
wine,41,101,mlp,7,bootstrap,synthetic_only,False,0.9814814814814815,0.9777777777777777,0.9797235023041475,0.09071319892194332
wine,41,101,mlp,11,bootstrap,synthetic_only,False,0.9814814814814815,0.9777777777777777,0.9797235023041475,0.05919367142881496
wine,41,101,logistic,,bootstrap,synthetic_only,False,0.9814814814814815,0.9777777777777777,0.9797235023041475,0.11721612717799092
wine,41,101,mlp,7,bootstrap,augment,False,0.9814814814814815,0.9777777777777777,0.9797235023041475,0.09302779562883427
wine,41,101,mlp,11,bootstrap,augment,False,0.9814814814814815,0.9777777777777777,0.9797235023041475,0.05385978061298254
wine,41,101,logistic,,bootstrap,augment,False,0.9814814814814815,0.9777777777777777,0.9797235023041475,0.11486533169482098
wine,41,101,mlp,7,smote,synthetic_only,False,0.9814814814814815,0.9777777777777777,0.9797235023041475,0.13744710400571453
wine,41,101,mlp,11,smote,synthetic_only,False,0.9814814814814815,0.9777777777777777,0.9797235023041475,0.08845026533988051
wine,41,101,logistic,,smote,synthetic_only,False,0.9814814814814815,0.9777777777777777,0.9797235023041475,0.1291340512245497
wine,41,101,mlp,7,smote,augment,False,0.9814814814814815,0.9777777777777777,0.9797235023041475,0.11708015003291831
wine,41,101,mlp,11,smote,augment,False,0.9814814814814815,0.9777777777777777,0.9797235023041475,0.05728132321439275
wine,41,101,logistic,,smote,augment,False,0.9814814814814815,0.9777777777777777,0.9797235023041475,0.11725204289702303
wine,41,101,mlp,7,copula,synthetic_only,True,0.9814814814814815,0.9777777777777777,0.9797235023041475,0.13708159952519636
wine,41,101,mlp,11,copula,synthetic_only,True,0.9814814814814815,0.9777777777777777,0.9797235023041475,0.09138542484468132
wine,41,101,logistic,,copula,synthetic_only,True,0.9814814814814815,0.9777777777777777,0.9797235023041475,0.11856279178787477
wine,41,101,mlp,7,copula,augment,False,0.9814814814814815,0.9777777777777777,0.9797235023041475,0.09221825697122601
wine,41,101,mlp,11,copula,augment,False,0.9814814814814815,0.9777777777777777,0.9797235023041475,0.0380441675932285
wine,41,101,logistic,,copula,augment,False,0.9814814814814815,0.9777777777777777,0.9797235023041475,0.11235454507071728
wine,41,101,mlp,7,ctgan,synthetic_only,False,0.8425925925925926,0.8222222222222222,0.8335552944248596,1.5774826792865526
wine,41,101,mlp,11,ctgan,synthetic_only,False,0.8703703703703703,0.8444444444444444,0.8564771668219944,1.3069531025898704
wine,41,101,logistic,,ctgan,synthetic_only,False,0.8703703703703703,0.8444444444444444,0.8564771668219944,0.4889688389999111
wine,41,101,mlp,7,ctgan,augment,False,0.8703703703703703,0.8444444444444444,0.8564771668219944,0.7152705657649462
wine,41,101,mlp,11,ctgan,augment,False,0.9259259259259259,0.9111111111111111,0.9191176470588235,0.3883515740888817
wine,41,101,logistic,,ctgan,augment,False,0.9074074074074074,0.8888888888888888,0.8986175115207372,0.3060380262693416
wine,41,101,mlp,7,tvae,synthetic_only,False,0.9333333333333332,0.9333333333333333,0.9320857699805067,0.2404666714879236
wine,41,101,mlp,11,tvae,synthetic_only,False,0.9555555555555556,0.9555555555555556,0.9586466165413534,0.16192717022129374
wine,41,101,logistic,,tvae,synthetic_only,False,0.9777777777777779,0.9777777777777777,0.9794967381174278,0.1341819411661284
wine,41,101,mlp,7,tvae,augment,False,0.9555555555555556,0.9555555555555556,0.9538481338481338,0.11713435781922882
wine,41,101,mlp,11,tvae,augment,False,0.9555555555555556,0.9555555555555556,0.9538481338481338,0.10999948076087952
wine,41,101,logistic,,tvae,augment,False,1.0,1.0,1.0,0.12081581215654948
wine,41,101,mlp,7,ddpm,synthetic_only,False,1.0,1.0,1.0,0.05048518748208006
wine,41,101,mlp,11,ddpm,synthetic_only,False,0.9777777777777779,0.9777777777777777,0.9794967381174278,0.0881704954129401
wine,41,101,logistic,,ddpm,synthetic_only,False,0.9722222222222222,0.9777777777777777,0.9764982373678026,0.11629431225304186
wine,41,101,mlp,7,ddpm,augment,False,0.9777777777777779,0.9777777777777777,0.9751724137931035,0.041322584698534906
wine,41,101,mlp,11,ddpm,augment,False,0.9777777777777779,0.9777777777777777,0.9794967381174278,0.06561563537547473
wine,41,101,logistic,,ddpm,augment,False,0.9814814814814815,0.9777777777777777,0.9797235023041475,0.1119262100952522
wine,41,101,mlp,7,ctgan_unpacked,synthetic_only,False,0.8666666666666667,0.8444444444444444,0.8460274790919952,0.26838459639751616
wine,41,101,mlp,11,ctgan_unpacked,synthetic_only,False,0.8888888888888888,0.8666666666666667,0.865993265993266,0.41666573743844
wine,41,101,logistic,,ctgan_unpacked,synthetic_only,False,0.9222222222222222,0.9111111111111111,0.9151929158760278,0.17339120823878149
wine,41,101,mlp,7,ctgan_unpacked,augment,False,0.9629629629629629,0.9555555555555556,0.9563061353573689,0.06537254521026524
wine,41,101,mlp,11,ctgan_unpacked,augment,False,0.9629629629629629,0.9555555555555556,0.9563061353573689,0.06503527668063179
wine,41,101,logistic,,ctgan_unpacked,augment,False,1.0,1.0,1.0,0.11102529640534704
wine,41,101,mlp,7,ctgan_one_mode,synthetic_only,False,0.9222222222222222,0.9111111111111111,0.9104377104377104,0.21375828039535455
wine,41,101,mlp,11,ctgan_one_mode,synthetic_only,False,0.8777777777777778,0.8666666666666667,0.865546218487395,0.3717993548599594
wine,41,101,logistic,,ctgan_one_mode,synthetic_only,False,0.9222222222222222,0.9111111111111111,0.9104377104377104,0.21649818107996696
wine,41,101,mlp,7,ctgan_one_mode,augment,False,0.9592592592592593,0.9555555555555556,0.9533409119616016,0.1533919919597425
wine,41,101,mlp,11,ctgan_one_mode,augment,False,0.9037037037037038,0.8888888888888888,0.8890382317801673,0.20370534261495418
wine,41,101,logistic,,ctgan_one_mode,augment,False,0.9777777777777779,0.9777777777777777,0.9751724137931035,0.1500238997031128
wine,41,101,mlp,7,ddpm_unconditional,synthetic_only,False,0.2222222222222222,0.24444444444444444,0.20014094432699084,1.6040130958766747
wine,41,101,mlp,11,ddpm_unconditional,synthetic_only,False,0.35555555555555557,0.37777777777777777,0.3407925407925408,1.6327549275366426
wine,41,101,logistic,,ddpm_unconditional,synthetic_only,False,0.2574074074074074,0.28888888888888886,0.23381642512077294,1.161617067062943
wine,41,101,mlp,7,ddpm_unconditional,augment,False,0.7870370370370371,0.8,0.8056904335974103,0.6165199686573892
wine,41,101,mlp,11,ddpm_unconditional,augment,False,0.7666666666666666,0.7777777777777778,0.7811414392059554,0.5412642526767821
wine,41,101,logistic,,ddpm_unconditional,augment,False,0.8907407407407407,0.8888888888888888,0.8960177568873222,0.5222808277195519
wine,41,101,mlp,7,ddpm_standardized,synthetic_only,False,0.9777777777777779,0.9777777777777777,0.9794967381174278,0.052784953445808774
wine,41,101,mlp,11,ddpm_standardized,synthetic_only,False,0.9777777777777779,0.9777777777777777,0.9794967381174278,0.0663080825364529
wine,41,101,logistic,,ddpm_standardized,synthetic_only,False,1.0,1.0,1.0,0.10344980456473844
wine,41,101,mlp,7,ddpm_standardized,augment,False,0.9777777777777779,0.9777777777777777,0.9794967381174278,0.041765930276460694
wine,41,101,mlp,11,ddpm_standardized,augment,False,0.9777777777777779,0.9777777777777777,0.9794967381174278,0.06031382445183496
wine,41,101,logistic,,ddpm_standardized,augment,False,1.0,1.0,1.0,0.10728327570245144
wine,41,101,mlp,7,mixture_uniform,synthetic_only,False,0.9,0.8888888888888888,0.8986175115207372,0.3702140781118937
wine,41,101,mlp,11,mixture_uniform,synthetic_only,False,0.9185185185185185,0.9111111111111111,0.9185185185185185,0.221507195737916
wine,41,101,logistic,,mixture_uniform,synthetic_only,False,0.9222222222222222,0.9111111111111111,0.9191176470588235,0.24585814822505855
wine,41,101,mlp,7,mixture_uniform,augment,False,0.9259259259259259,0.9111111111111111,0.9146969696969697,0.1929522761070682
wine,41,101,mlp,11,mixture_uniform,augment,False,0.9629629629629629,0.9555555555555556,0.9595588235294118,0.13224723266192742
wine,41,101,logistic,,mixture_uniform,augment,False,0.9629629629629629,0.9555555555555556,0.9595588235294118,0.1781876761081137
wine,41,101,mlp,7,mixture_utility,synthetic_only,False,0.9444444444444445,0.9333333333333333,0.9393939393939394,0.16021318268787488
wine,41,101,mlp,11,mixture_utility,synthetic_only,False,0.9814814814814815,0.9777777777777777,0.9797235023041475,0.10671699565315532
wine,41,101,logistic,,mixture_utility,synthetic_only,False,0.9444444444444445,0.9333333333333333,0.9393939393939394,0.19907262185370983
wine,41,101,mlp,7,mixture_utility,augment,False,0.9222222222222222,0.9111111111111111,0.9191176470588235,0.18585420844632597
wine,41,101,mlp,11,mixture_utility,augment,False,0.9407407407407407,0.9333333333333333,0.9391705069124424,0.08475376551221883
wine,41,101,logistic,,mixture_utility,augment,False,0.9629629629629629,0.9555555555555556,0.9595588235294118,0.16698963464033476
wine,41,101,mlp,7,mixture_support,synthetic_only,False,0.9074074074074074,0.8888888888888888,0.8936875395319418,0.31277837423691224
wine,41,101,mlp,11,mixture_support,synthetic_only,False,0.9444444444444445,0.9333333333333333,0.9393939393939394,0.2605156403867555
wine,41,101,logistic,,mixture_support,synthetic_only,False,0.9444444444444445,0.9333333333333333,0.9393939393939394,0.21041957572080452
wine,41,101,mlp,7,mixture_support,augment,False,0.9444444444444445,0.9333333333333333,0.935530303030303,0.2096568871898587
wine,41,101,mlp,11,mixture_support,augment,False,0.9629629629629629,0.9555555555555556,0.9595588235294118,0.20168331941872697
wine,41,101,logistic,,mixture_support,augment,False,0.9629629629629629,0.9555555555555556,0.9595588235294118,0.15086534070352334
wine,41,101,mlp,7,mixture_utility_support,synthetic_only,False,0.9407407407407407,0.9333333333333333,0.9391705069124424,0.17983670209207037
wine,41,101,mlp,11,mixture_utility_support,synthetic_only,False,0.9592592592592593,0.9555555555555556,0.9592592592592593,0.11846520749162302
wine,41,101,logistic,,mixture_utility_support,synthetic_only,False,0.9351851851851851,0.9333333333333333,0.9361024844720497,0.16785786578793996
wine,41,101,mlp,7,mixture_utility_support,augment,False,0.9037037037037038,0.8888888888888888,0.8989898989898991,0.2108145751725328
wine,41,101,mlp,11,mixture_utility_support,augment,False,0.9407407407407407,0.9333333333333333,0.9391705069124424,0.17556589863140018
wine,41,101,logistic,,mixture_utility_support,augment,False,0.9629629629629629,0.9555555555555556,0.9595588235294118,0.15287646139329666
wine,41,202,mlp,7,real_only,real_only,False,0.9814814814814815,0.9777777777777777,0.9797235023041475,0.09031384489686967
wine,41,202,mlp,11,real_only,real_only,False,0.9814814814814815,0.9777777777777777,0.9797235023041475,0.0469589978966084
wine,41,202,logistic,,real_only,real_only,False,0.9814814814814815,0.9777777777777777,0.9797235023041475,0.1136613659747078
wine,41,202,mlp,7,bootstrap,synthetic_only,False,0.9814814814814815,0.9777777777777777,0.9797235023041475,0.07603867827951484
wine,41,202,mlp,11,bootstrap,synthetic_only,False,1.0,1.0,1.0,0.05150326552285816
wine,41,202,logistic,,bootstrap,synthetic_only,False,0.9814814814814815,0.9777777777777777,0.9797235023041475,0.11958910511069293
wine,41,202,mlp,7,bootstrap,augment,False,0.9814814814814815,0.9777777777777777,0.9797235023041475,0.07818660478214874
wine,41,202,mlp,11,bootstrap,augment,False,0.9814814814814815,0.9777777777777777,0.9797235023041475,0.051207038332410894
wine,41,202,logistic,,bootstrap,augment,False,0.9814814814814815,0.9777777777777777,0.9797235023041475,0.11605158655360323
wine,41,202,mlp,7,smote,synthetic_only,False,0.9814814814814815,0.9777777777777777,0.9797235023041475,0.18092187237432605
wine,41,202,mlp,11,smote,synthetic_only,False,0.9814814814814815,0.9777777777777777,0.9797235023041475,0.13929168226253216
wine,41,202,logistic,,smote,synthetic_only,False,0.9814814814814815,0.9777777777777777,0.9797235023041475,0.15141140844206152
wine,41,202,mlp,7,smote,augment,False,0.9814814814814815,0.9777777777777777,0.9797235023041475,0.10939778432411366
wine,41,202,mlp,11,smote,augment,False,0.9814814814814815,0.9777777777777777,0.9797235023041475,0.06768692431425206
wine,41,202,logistic,,smote,augment,False,0.9814814814814815,0.9777777777777777,0.9797235023041475,0.12049799139805023
wine,41,202,mlp,7,copula,synthetic_only,True,0.9351851851851851,0.9333333333333333,0.9361024844720497,0.24686924474707223
wine,41,202,mlp,11,copula,synthetic_only,True,0.9166666666666666,0.9111111111111111,0.9159885297992716,0.253483880376142
wine,41,202,logistic,,copula,synthetic_only,True,0.9814814814814815,0.9777777777777777,0.9797235023041475,0.15977305486507293
wine,41,202,mlp,7,copula,augment,False,0.9537037037037037,0.9555555555555556,0.95623603968625,0.19215135387689708
wine,41,202,mlp,11,copula,augment,False,0.9351851851851851,0.9333333333333333,0.9361024844720497,0.14957484263103205
wine,41,202,logistic,,copula,augment,False,0.9814814814814815,0.9777777777777777,0.9797235023041475,0.12445304858455394
wine,41,202,mlp,7,ctgan,synthetic_only,False,0.9037037037037038,0.9111111111111111,0.909939766958626,0.24942664249809904
wine,41,202,mlp,11,ctgan,synthetic_only,False,0.9259259259259259,0.9333333333333333,0.9294947121034077,0.24398769620078437
wine,41,202,logistic,,ctgan,synthetic_only,False,0.9592592592592593,0.9555555555555556,0.9566538952745849,0.2679706274082711
wine,41,202,mlp,7,ctgan,augment,False,0.9314814814814815,0.9333333333333333,0.9337009423216319,0.14623530852276076
wine,41,202,mlp,11,ctgan,augment,False,0.912962962962963,0.9111111111111111,0.912962962962963,0.13628434430332104
wine,41,202,logistic,,ctgan,augment,False,0.9314814814814815,0.9333333333333333,0.9337009423216319,0.17374136227532627
wine,41,202,mlp,7,tvae,synthetic_only,False,0.8851851851851852,0.8666666666666667,0.8701923076923078,0.6021423767091296
wine,41,202,mlp,11,tvae,synthetic_only,False,0.9037037037037038,0.8888888888888888,0.8915958593377948,0.24089579355519547
wine,41,202,logistic,,tvae,synthetic_only,False,0.9222222222222222,0.9111111111111111,0.9104377104377104,0.2583832957011475
wine,41,202,mlp,7,tvae,augment,False,0.9629629629629629,0.9555555555555556,0.9563061353573689,0.19193762198023454
wine,41,202,mlp,11,tvae,augment,False,0.9222222222222222,0.9111111111111111,0.9129210658622423,0.1557431781848969
wine,41,202,logistic,,tvae,augment,False,0.9814814814814815,0.9777777777777777,0.9797235023041475,0.18649838220921344
wine,41,202,mlp,7,ddpm,synthetic_only,False,1.0,1.0,1.0,0.014189324532873424
wine,41,202,mlp,11,ddpm,synthetic_only,False,0.9592592592592593,0.9555555555555556,0.9566538952745849,0.05476716170426564
wine,41,202,logistic,,ddpm,synthetic_only,False,1.0,1.0,1.0,0.09323664932497966
wine,41,202,mlp,7,ddpm,augment,False,1.0,1.0,1.0,0.012961963880148562
wine,41,202,mlp,11,ddpm,augment,False,0.9592592592592593,0.9555555555555556,0.9566538952745849,0.06305970087222701
wine,41,202,logistic,,ddpm,augment,False,1.0,1.0,1.0,0.10112559061447714
wine,41,202,mlp,7,ctgan_unpacked,synthetic_only,False,0.9444444444444445,0.9333333333333333,0.9333032558839012,0.2709143178305078
wine,41,202,mlp,11,ctgan_unpacked,synthetic_only,False,0.9444444444444445,0.9333333333333333,0.9333032558839012,0.23970710958720273
wine,41,202,logistic,,ctgan_unpacked,synthetic_only,False,0.9444444444444445,0.9333333333333333,0.9333032558839012,0.16717509809528444
wine,41,202,mlp,7,ctgan_unpacked,augment,False,0.9814814814814815,0.9777777777777777,0.9797235023041475,0.0671816788792642
wine,41,202,mlp,11,ctgan_unpacked,augment,False,0.9444444444444445,0.9333333333333333,0.9333032558839012,0.09851604225745607
wine,41,202,logistic,,ctgan_unpacked,augment,False,0.9629629629629629,0.9555555555555556,0.9563061353573689,0.11505368361566198
wine,41,202,mlp,7,ctgan_one_mode,synthetic_only,False,0.8425925925925926,0.8222222222222222,0.8206133735545501,0.3610574342789707
wine,41,202,mlp,11,ctgan_one_mode,synthetic_only,False,0.8796296296296297,0.8666666666666667,0.8646514775547033,0.46871365455102837
wine,41,202,logistic,,ctgan_one_mode,synthetic_only,False,0.898148148148148,0.8888888888888888,0.8957865095972514,0.264939966090277
wine,41,202,mlp,7,ctgan_one_mode,augment,False,0.9314814814814815,0.9333333333333333,0.9362579971275625,0.13805042258644312
wine,41,202,mlp,11,ctgan_one_mode,augment,False,0.9166666666666666,0.9111111111111111,0.9121732026143791,0.15301202062909106
wine,41,202,logistic,,ctgan_one_mode,augment,False,0.9722222222222222,0.9777777777777777,0.9764982373678026,0.162271619160665
wine,41,202,mlp,7,ddpm_unconditional,synthetic_only,False,0.2648148148148148,0.28888888888888886,0.2531398432263892,1.5604667916493395
wine,41,202,mlp,11,ddpm_unconditional,synthetic_only,False,0.31851851851851853,0.3333333333333333,0.3148335582546109,1.182086170234296
wine,41,202,logistic,,ddpm_unconditional,synthetic_only,False,0.3703703703703704,0.4,0.3630824372759856,1.0972588191435382
wine,41,202,mlp,7,ddpm_unconditional,augment,False,0.7518518518518519,0.7777777777777778,0.7595778063043789,0.5943975617915576
wine,41,202,mlp,11,ddpm_unconditional,augment,False,0.6925925925925926,0.7111111111111111,0.7019241652518392,0.6576762906150676
wine,41,202,logistic,,ddpm_unconditional,augment,False,0.862962962962963,0.8666666666666667,0.862962962962963,0.5356551998909066
wine,41,202,mlp,7,ddpm_standardized,synthetic_only,False,0.9814814814814815,0.9777777777777777,0.9797235023041475,0.09723555164652002
wine,41,202,mlp,11,ddpm_standardized,synthetic_only,False,0.9592592592592593,0.9555555555555556,0.9566538952745849,0.08704598562337934
wine,41,202,logistic,,ddpm_standardized,synthetic_only,False,0.9814814814814815,0.9777777777777777,0.9797235023041475,0.11650559302425975
wine,41,202,mlp,7,ddpm_standardized,augment,False,0.9814814814814815,0.9777777777777777,0.9797235023041475,0.04238244312356218
wine,41,202,mlp,11,ddpm_standardized,augment,False,0.9777777777777779,0.9777777777777777,0.9794967381174278,0.045449158064977395
wine,41,202,logistic,,ddpm_standardized,augment,False,0.9814814814814815,0.9777777777777777,0.9797235023041475,0.10773052267127395
wine,41,202,mlp,7,mixture_uniform,synthetic_only,False,0.9166666666666666,0.9111111111111111,0.9100316255534472,0.19813354350731033
wine,41,202,mlp,11,mixture_uniform,synthetic_only,False,0.9314814814814815,0.9333333333333333,0.9337009423216319,0.19953615689975684
wine,41,202,logistic,,mixture_uniform,synthetic_only,False,0.9444444444444445,0.9333333333333333,0.9333032558839012,0.17901783972351823
wine,41,202,mlp,7,mixture_uniform,augment,False,0.9444444444444445,0.9333333333333333,0.9333032558839012,0.1526340305932698
wine,41,202,mlp,11,mixture_uniform,augment,False,0.9814814814814815,0.9777777777777777,0.9771428571428572,0.0898085759809829
wine,41,202,logistic,,mixture_uniform,augment,False,0.9629629629629629,0.9555555555555556,0.9563061353573689,0.13731480690888687
wine,41,202,mlp,7,mixture_utility,synthetic_only,False,0.9444444444444445,0.9333333333333333,0.935530303030303,0.14179600453925928
wine,41,202,mlp,11,mixture_utility,synthetic_only,False,0.9629629629629629,0.9555555555555556,0.9563061353573689,0.1261806779430831
wine,41,202,logistic,,mixture_utility,synthetic_only,False,0.9629629629629629,0.9555555555555556,0.9595588235294118,0.18202041128684357
wine,41,202,mlp,7,mixture_utility,augment,False,0.9814814814814815,0.9777777777777777,0.9771428571428572,0.0634904376873153
wine,41,202,mlp,11,mixture_utility,augment,False,0.9814814814814815,0.9777777777777777,0.9771428571428572,0.09999957684468408
wine,41,202,logistic,,mixture_utility,augment,False,0.9814814814814815,0.9777777777777777,0.9797235023041475,0.13771173936056708
wine,41,202,mlp,7,mixture_support,synthetic_only,False,0.9444444444444445,0.9333333333333333,0.9333032558839012,0.14089316158280193
wine,41,202,mlp,11,mixture_support,synthetic_only,False,0.9351851851851851,0.9333333333333333,0.9328981054787505,0.18779420033643363
wine,41,202,logistic,,mixture_support,synthetic_only,False,0.9444444444444445,0.9333333333333333,0.9333032558839012,0.14537948179978777
wine,41,202,mlp,7,mixture_support,augment,False,0.9814814814814815,0.9777777777777777,0.9771428571428572,0.076018075080281
wine,41,202,mlp,11,mixture_support,augment,False,0.9814814814814815,0.9777777777777777,0.9771428571428572,0.1258025718378048
wine,41,202,logistic,,mixture_support,augment,False,0.9629629629629629,0.9555555555555556,0.9563061353573689,0.12101859183687332
wine,41,202,mlp,7,mixture_utility_support,synthetic_only,False,0.9592592592592593,0.9555555555555556,0.9566538952745849,0.11389035459933677
wine,41,202,mlp,11,mixture_utility_support,synthetic_only,False,0.9407407407407407,0.9333333333333333,0.9358730158730159,0.17147466307723355
wine,41,202,logistic,,mixture_utility_support,synthetic_only,False,0.9444444444444445,0.9333333333333333,0.935530303030303,0.1554125127536308
wine,41,202,mlp,7,mixture_utility_support,augment,False,0.9814814814814815,0.9777777777777777,0.9771428571428572,0.04723902639720743
wine,41,202,mlp,11,mixture_utility_support,augment,False,0.9407407407407407,0.9333333333333333,0.9358730158730159,0.10054075732365865
wine,41,202,logistic,,mixture_utility_support,augment,False,0.9814814814814815,0.9777777777777777,0.9797235023041475,0.12400029834257727
breast_cancer,17,101,mlp,7,real_only,real_only,False,0.9811320754716981,0.986013986013986,0.9848901098901099,0.16956645980508123
breast_cancer,17,101,mlp,11,real_only,real_only,False,0.9755765199161426,0.9790209790209791,0.9774269928966062,0.11411514466050145
breast_cancer,17,101,logistic,,real_only,real_only,False,0.9811320754716981,0.986013986013986,0.9848901098901099,0.07121961982317242
breast_cancer,17,101,mlp,7,bootstrap,synthetic_only,False,0.9811320754716981,0.986013986013986,0.9848901098901099,0.19470681122722588
breast_cancer,17,101,mlp,11,bootstrap,synthetic_only,False,0.9755765199161426,0.9790209790209791,0.9774269928966062,0.11420964231513511
breast_cancer,17,101,logistic,,bootstrap,synthetic_only,False,0.9811320754716981,0.986013986013986,0.9848901098901099,0.07611237381102738
breast_cancer,17,101,mlp,7,bootstrap,augment,False,0.9811320754716981,0.986013986013986,0.9848901098901099,0.17557851926296772
breast_cancer,17,101,mlp,11,bootstrap,augment,False,0.9811320754716981,0.986013986013986,0.9848901098901099,0.11902845594285096
breast_cancer,17,101,logistic,,bootstrap,augment,False,0.9811320754716981,0.986013986013986,0.9848901098901099,0.07285388657228395
breast_cancer,17,101,mlp,7,smote,synthetic_only,True,0.9811320754716981,0.986013986013986,0.9848901098901099,0.08841422864201048
breast_cancer,17,101,mlp,11,smote,synthetic_only,True,0.9905660377358491,0.993006993006993,0.9924756642988688,0.04487439365133555
breast_cancer,17,101,logistic,,smote,synthetic_only,True,0.9811320754716981,0.986013986013986,0.9848901098901099,0.049969289018020294
breast_cancer,17,101,mlp,7,smote,augment,False,0.9811320754716981,0.986013986013986,0.9848901098901099,0.17563126270015333
breast_cancer,17,101,mlp,11,smote,augment,False,0.9811320754716981,0.986013986013986,0.9848901098901099,0.11494263875261737
breast_cancer,17,101,logistic,,smote,augment,False,0.9811320754716981,0.986013986013986,0.9848901098901099,0.06457442725621683
breast_cancer,17,101,mlp,7,copula,synthetic_only,False,0.9905660377358491,0.993006993006993,0.9924756642988688,0.08996264330857082
breast_cancer,17,101,mlp,11,copula,synthetic_only,False,0.9905660377358491,0.993006993006993,0.9924756642988688,0.03725725331882434
breast_cancer,17,101,logistic,,copula,synthetic_only,False,0.9716981132075472,0.9790209790209791,0.9772401718924081,0.06413524422117721
breast_cancer,17,101,mlp,7,copula,augment,False,0.9905660377358491,0.993006993006993,0.9924756642988688,0.15835196229425663
breast_cancer,17,101,mlp,11,copula,augment,False,0.9850104821802935,0.986013986013986,0.9850104821802935,0.091127841160382
breast_cancer,17,101,logistic,,copula,augment,False,0.9811320754716981,0.986013986013986,0.9848901098901099,0.06376925458570586
breast_cancer,17,101,mlp,7,ctgan,synthetic_only,False,0.9344863731656184,0.9370629370629371,0.9328042604291755,0.37793427900797255
breast_cancer,17,101,mlp,11,ctgan,synthetic_only,False,0.9122641509433962,0.9090909090909091,0.9042985842985842,0.5066636045896863
breast_cancer,17,101,logistic,,ctgan,synthetic_only,False,0.9344863731656184,0.9370629370629371,0.9328042604291755,0.1721176553530526
breast_cancer,17,101,mlp,7,ctgan,augment,False,0.9661425576519916,0.972027972027972,0.9697802197802198,0.18992450483554663
breast_cancer,17,101,mlp,11,ctgan,augment,False,0.9511530398322852,0.958041958041958,0.9546703296703296,0.10260050630055904
breast_cancer,17,101,logistic,,ctgan,augment,False,0.9433962264150944,0.958041958041958,0.9538709677419355,0.07394683339156549
breast_cancer,17,101,mlp,7,tvae,synthetic_only,False,0.9433962264150944,0.958041958041958,0.9538709677419355,0.2112951493669917
breast_cancer,17,101,mlp,11,tvae,synthetic_only,False,0.9339622641509434,0.951048951048951,0.9459298871063577,0.26058837245946875
breast_cancer,17,101,logistic,,tvae,synthetic_only,False,0.9433962264150944,0.958041958041958,0.9538709677419355,0.08260400973743594
breast_cancer,17,101,mlp,7,tvae,augment,False,0.9716981132075472,0.9790209790209791,0.9772401718924081,0.12332688883914547
breast_cancer,17,101,mlp,11,tvae,augment,False,0.9472746331236898,0.958041958041958,0.9542838874680306,0.08957692882274196
breast_cancer,17,101,logistic,,tvae,augment,False,0.9716981132075472,0.9790209790209791,0.9772401718924081,0.07223568020531591
breast_cancer,17,101,mlp,7,ddpm,synthetic_only,False,0.9833333333333334,0.9790209790209791,0.9777639558389053,0.04524881944510449
breast_cancer,17,101,mlp,11,ddpm,synthetic_only,False,0.9777777777777779,0.972027972027972,0.9704545454545455,0.03965278518934584
breast_cancer,17,101,logistic,,ddpm,synthetic_only,False,0.9850104821802935,0.986013986013986,0.9850104821802935,0.13384387747579432
breast_cancer,17,101,mlp,7,ddpm,augment,False,0.9905660377358491,0.993006993006993,0.9924756642988688,0.04867697889684179
breast_cancer,17,101,mlp,11,ddpm,augment,False,0.9944444444444445,0.993006993006993,0.9925338067143528,0.028367014307818544
breast_cancer,17,101,logistic,,ddpm,augment,False,0.9905660377358491,0.993006993006993,0.9924756642988688,0.08397514584655084
breast_cancer,17,101,mlp,7,ctgan_unpacked,synthetic_only,False,0.9400419287211741,0.9440559440559441,0.9400419287211741,0.16683286665409777
breast_cancer,17,101,mlp,11,ctgan_unpacked,synthetic_only,False,0.9400419287211741,0.9440559440559441,0.9400419287211741,0.2276580619926975
breast_cancer,17,101,logistic,,ctgan_unpacked,synthetic_only,False,0.9455974842767296,0.951048951048951,0.947329650092081,0.12169813989650642
breast_cancer,17,101,mlp,7,ctgan_unpacked,augment,False,0.9811320754716981,0.986013986013986,0.9848901098901099,0.06876484007800236
breast_cancer,17,101,mlp,11,ctgan_unpacked,augment,False,0.9811320754716981,0.986013986013986,0.9848901098901099,0.02971192290058918
breast_cancer,17,101,logistic,,ctgan_unpacked,augment,False,0.9905660377358491,0.993006993006993,0.9924756642988688,0.05807597640311911
breast_cancer,17,101,mlp,7,ctgan_one_mode,synthetic_only,False,0.8773584905660378,0.9090909090909091,0.8964287704050364,0.4358237160064628
breast_cancer,17,101,mlp,11,ctgan_one_mode,synthetic_only,False,0.9056603773584906,0.9300699300699301,0.9216008771929824,0.45709004675798454
breast_cancer,17,101,logistic,,ctgan_one_mode,synthetic_only,False,0.9056603773584906,0.9300699300699301,0.9216008771929824,0.22139312602049924
breast_cancer,17,101,mlp,7,ctgan_one_mode,augment,False,0.9811320754716981,0.986013986013986,0.9848901098901099,0.11197431945088644
breast_cancer,17,101,mlp,11,ctgan_one_mode,augment,False,0.9716981132075472,0.9790209790209791,0.9772401718924081,0.04838062420369877
breast_cancer,17,101,logistic,,ctgan_one_mode,augment,False,0.9339622641509434,0.951048951048951,0.9459298871063577,0.09768311288195125
breast_cancer,17,101,mlp,7,ddpm_unconditional,synthetic_only,False,0.5319706498951782,0.5524475524475524,0.5303776683087028,0.9282942045844857
breast_cancer,17,101,mlp,11,ddpm_unconditional,synthetic_only,False,0.510377358490566,0.5594405594405595,0.5085910652920962,0.9196919088921764
breast_cancer,17,101,logistic,,ddpm_unconditional,synthetic_only,False,0.5082809224318658,0.6153846153846154,0.45248868778280543,0.6800297024303987
breast_cancer,17,101,mlp,7,ddpm_unconditional,augment,False,0.9061844863731656,0.916083916083916,0.9093406593406593,0.2145629561171065
breast_cancer,17,101,mlp,11,ddpm_unconditional,augment,False,0.9039832285115303,0.9230769230769231,0.9150326797385621,0.19537575711107882
breast_cancer,17,101,logistic,,ddpm_unconditional,augment,False,0.8962264150943396,0.9230769230769231,0.9133094516395701,0.36476636013083014
breast_cancer,17,101,mlp,7,ddpm_standardized,synthetic_only,False,0.9683438155136268,0.965034965034965,0.9629399263981755,0.12781524300473687
breast_cancer,17,101,mlp,11,ddpm_standardized,synthetic_only,False,0.9683438155136268,0.965034965034965,0.9629399263981755,0.1261160477366993
breast_cancer,17,101,logistic,,ddpm_standardized,synthetic_only,False,1.0,1.0,1.0,0.07556836461186021
breast_cancer,17,101,mlp,7,ddpm_standardized,augment,False,1.0,1.0,1.0,0.013181300425063514
breast_cancer,17,101,mlp,11,ddpm_standardized,augment,False,0.9944444444444445,0.993006993006993,0.9925338067143528,0.01962561112474942
breast_cancer,17,101,logistic,,ddpm_standardized,augment,False,0.9905660377358491,0.993006993006993,0.9924756642988688,0.05795852162861354
breast_cancer,17,101,mlp,7,mixture_uniform,synthetic_only,False,0.9433962264150944,0.958041958041958,0.9538709677419355,0.21990316842893234
breast_cancer,17,101,mlp,11,mixture_uniform,synthetic_only,False,0.9228511530398322,0.9370629370629371,0.9311212202301311,0.24328158062510374
breast_cancer,17,101,logistic,,mixture_uniform,synthetic_only,False,0.9622641509433962,0.972027972027972,0.9695225916453538,0.09407561599568307
breast_cancer,17,101,mlp,7,mixture_uniform,augment,False,0.9433962264150944,0.958041958041958,0.9538709677419355,0.1941800155602909
breast_cancer,17,101,mlp,11,mixture_uniform,augment,False,0.9378406708595388,0.951048951048951,0.9464276157345465,0.17209689572093279
breast_cancer,17,101,logistic,,mixture_uniform,augment,False,0.9811320754716981,0.986013986013986,0.9848901098901099,0.07746850144030815
breast_cancer,17,101,mlp,7,mixture_utility,synthetic_only,False,0.9716981132075472,0.9790209790209791,0.9772401718924081,0.07314138539887832
breast_cancer,17,101,mlp,11,mixture_utility,synthetic_only,False,0.9622641509433962,0.972027972027972,0.9695225916453538,0.10259395308625309
breast_cancer,17,101,logistic,,mixture_utility,synthetic_only,False,0.9811320754716981,0.986013986013986,0.9848901098901099,0.06369144465446992
breast_cancer,17,101,mlp,7,mixture_utility,augment,False,0.9811320754716981,0.986013986013986,0.9848901098901099,0.10241385355725129
breast_cancer,17,101,mlp,11,mixture_utility,augment,False,0.9661425576519916,0.972027972027972,0.9697802197802198,0.0806930145425089
breast_cancer,17,101,logistic,,mixture_utility,augment,False,0.9716981132075472,0.9790209790209791,0.9772401718924081,0.05784036950163902
breast_cancer,17,101,mlp,7,mixture_support,synthetic_only,False,0.9811320754716981,0.986013986013986,0.9848901098901099,0.08460774298633061
breast_cancer,17,101,mlp,11,mixture_support,synthetic_only,False,0.9622641509433962,0.972027972027972,0.9695225916453538,0.13767662392248375
breast_cancer,17,101,logistic,,mixture_support,synthetic_only,False,0.9716981132075472,0.9790209790209791,0.9772401718924081,0.07174047791009178
breast_cancer,17,101,mlp,7,mixture_support,augment,False,0.9811320754716981,0.986013986013986,0.9848901098901099,0.041134492412084424
breast_cancer,17,101,mlp,11,mixture_support,augment,False,0.9567085953878407,0.965034965034965,0.9620669531540135,0.1269288305798807
breast_cancer,17,101,logistic,,mixture_support,augment,False,0.9811320754716981,0.986013986013986,0.9848901098901099,0.062052077606847875
breast_cancer,17,101,mlp,7,mixture_utility_support,synthetic_only,False,0.9755765199161426,0.9790209790209791,0.9774269928966062,0.05632574735026828
breast_cancer,17,101,mlp,11,mixture_utility_support,synthetic_only,False,0.9811320754716981,0.986013986013986,0.9848901098901099,0.06291800580178945
breast_cancer,17,101,logistic,,mixture_utility_support,synthetic_only,False,0.9811320754716981,0.986013986013986,0.9848901098901099,0.06627709954895868
breast_cancer,17,101,mlp,7,mixture_utility_support,augment,False,0.9661425576519916,0.972027972027972,0.9697802197802198,0.0759250160238327
breast_cancer,17,101,mlp,11,mixture_utility_support,augment,False,0.9661425576519916,0.972027972027972,0.9697802197802198,0.07419858338012875
breast_cancer,17,101,logistic,,mixture_utility_support,augment,False,0.9716981132075472,0.9790209790209791,0.9772401718924081,0.06042404579836773
breast_cancer,17,202,mlp,7,real_only,real_only,False,0.9811320754716981,0.986013986013986,0.9848901098901099,0.16956645980508123
breast_cancer,17,202,mlp,11,real_only,real_only,False,0.9755765199161426,0.9790209790209791,0.9774269928966062,0.11411514466050145
breast_cancer,17,202,logistic,,real_only,real_only,False,0.9811320754716981,0.986013986013986,0.9848901098901099,0.07121961982317242
breast_cancer,17,202,mlp,7,bootstrap,synthetic_only,False,0.9755765199161426,0.9790209790209791,0.9774269928966062,0.14737884299039458
breast_cancer,17,202,mlp,11,bootstrap,synthetic_only,False,0.9755765199161426,0.9790209790209791,0.9774269928966062,0.09393636141416603
breast_cancer,17,202,logistic,,bootstrap,synthetic_only,False,0.9811320754716981,0.986013986013986,0.9848901098901099,0.05274112056377821
breast_cancer,17,202,mlp,7,bootstrap,augment,False,0.9811320754716981,0.986013986013986,0.9848901098901099,0.18786190376381756
breast_cancer,17,202,mlp,11,bootstrap,augment,False,0.9755765199161426,0.9790209790209791,0.9774269928966062,0.10817519882048665
breast_cancer,17,202,logistic,,bootstrap,augment,False,0.9811320754716981,0.986013986013986,0.9848901098901099,0.06218865340208893
breast_cancer,17,202,mlp,7,smote,synthetic_only,False,0.9905660377358491,0.993006993006993,0.9924756642988688,0.04240161312025495
breast_cancer,17,202,mlp,11,smote,synthetic_only,False,1.0,1.0,1.0,0.011185577541399986
breast_cancer,17,202,logistic,,smote,synthetic_only,False,0.9528301886792453,0.965034965034965,0.9617340112389617,0.06102418713158106
breast_cancer,17,202,mlp,7,smote,augment,False,0.9811320754716981,0.986013986013986,0.9848901098901099,0.18459746285324585
breast_cancer,17,202,mlp,11,smote,augment,False,0.9755765199161426,0.9790209790209791,0.9774269928966062,0.11242962745040254
breast_cancer,17,202,logistic,,smote,augment,False,0.9811320754716981,0.986013986013986,0.9848901098901099,0.06513014517173009
breast_cancer,17,202,mlp,7,copula,synthetic_only,False,0.9905660377358491,0.993006993006993,0.9924756642988688,0.02216612169601728
breast_cancer,17,202,mlp,11,copula,synthetic_only,False,0.9905660377358491,0.993006993006993,0.9924756642988688,0.02159714549808065
breast_cancer,17,202,logistic,,copula,synthetic_only,False,0.9811320754716981,0.986013986013986,0.9848901098901099,0.05341608431112167
breast_cancer,17,202,mlp,7,copula,augment,False,0.9811320754716981,0.986013986013986,0.9848901098901099,0.12016603878784216
breast_cancer,17,202,mlp,11,copula,augment,False,0.9905660377358491,0.993006993006993,0.9924756642988688,0.0775851812692523
breast_cancer,17,202,logistic,,copula,augment,False,0.9811320754716981,0.986013986013986,0.9848901098901099,0.05911882542982864
breast_cancer,17,202,mlp,7,ctgan,synthetic_only,False,0.9267295597484277,0.9370629370629371,0.9317205156772242,0.4048085741059942
breast_cancer,17,202,mlp,11,ctgan,synthetic_only,False,0.9267295597484277,0.9370629370629371,0.9317205156772242,0.39635999858005677
breast_cancer,17,202,logistic,,ctgan,synthetic_only,False,0.9172955974842767,0.9300699300699301,0.9238064791133844,0.19494956685780593
breast_cancer,17,202,mlp,7,ctgan,augment,False,0.9811320754716981,0.986013986013986,0.9848901098901099,0.08787492816168009
breast_cancer,17,202,mlp,11,ctgan,augment,False,0.9661425576519916,0.972027972027972,0.9697802197802198,0.061199847642620105
breast_cancer,17,202,logistic,,ctgan,augment,False,0.9528301886792453,0.965034965034965,0.9617340112389617,0.07570635207585784
breast_cancer,17,202,mlp,7,tvae,synthetic_only,False,0.9378406708595388,0.951048951048951,0.9464276157345465,0.3842552529465382
breast_cancer,17,202,mlp,11,tvae,synthetic_only,False,0.9433962264150944,0.958041958041958,0.9538709677419355,0.37930040247456737
breast_cancer,17,202,logistic,,tvae,synthetic_only,False,0.9433962264150944,0.958041958041958,0.9538709677419355,0.1008473355210994
breast_cancer,17,202,mlp,7,tvae,augment,False,0.9472746331236898,0.958041958041958,0.9542838874680306,0.20533355021785682
breast_cancer,17,202,mlp,11,tvae,augment,False,0.9567085953878407,0.965034965034965,0.9620669531540135,0.15954781956495717
breast_cancer,17,202,logistic,,tvae,augment,False,0.9528301886792453,0.965034965034965,0.9617340112389617,0.08158427936377122
breast_cancer,17,202,mlp,7,ddpm,synthetic_only,False,0.9622641509433962,0.972027972027972,0.9695225916453538,0.1847738274671618
breast_cancer,17,202,mlp,11,ddpm,synthetic_only,False,0.9661425576519916,0.972027972027972,0.9697802197802198,0.1879876971286773
breast_cancer,17,202,logistic,,ddpm,synthetic_only,False,0.9716981132075472,0.9790209790209791,0.9772401718924081,0.13931574103737518
breast_cancer,17,202,mlp,7,ddpm,augment,False,0.9716981132075472,0.9790209790209791,0.9772401718924081,0.13572181202961237
breast_cancer,17,202,mlp,11,ddpm,augment,False,0.9661425576519916,0.972027972027972,0.9697802197802198,0.13095026975446863
breast_cancer,17,202,logistic,,ddpm,augment,False,0.9716981132075472,0.9790209790209791,0.9772401718924081,0.10768260046694872
breast_cancer,17,202,mlp,7,ctgan_unpacked,synthetic_only,False,0.9378406708595388,0.951048951048951,0.9464276157345465,0.19994420062766038
breast_cancer,17,202,mlp,11,ctgan_unpacked,synthetic_only,False,0.9417190775681341,0.951048951048951,0.9468937344156189,0.1820779384842593
breast_cancer,17,202,logistic,,ctgan_unpacked,synthetic_only,False,0.8962264150943396,0.9230769230769231,0.9133094516395701,0.1699757605001895
breast_cancer,17,202,mlp,7,ctgan_unpacked,augment,False,0.9850104821802935,0.986013986013986,0.9850104821802935,0.13928942989943657
breast_cancer,17,202,mlp,11,ctgan_unpacked,augment,False,0.9850104821802935,0.986013986013986,0.9850104821802935,0.08476700320408297
breast_cancer,17,202,logistic,,ctgan_unpacked,augment,False,0.9905660377358491,0.993006993006993,0.9924756642988688,0.07467162464489234
breast_cancer,17,202,mlp,7,ctgan_one_mode,synthetic_only,False,0.6020964360587002,0.6993006993006993,0.5809309616302051,2.657879900534876
breast_cancer,17,202,mlp,11,ctgan_one_mode,synthetic_only,False,0.639832285115304,0.7272727272727273,0.6346544382574517,2.083858342441185
breast_cancer,17,202,logistic,,ctgan_one_mode,synthetic_only,False,0.5832285115303983,0.6853146853146853,0.5520361990950227,0.7149993704169451
breast_cancer,17,202,mlp,7,ctgan_one_mode,augment,False,0.9755765199161426,0.9790209790209791,0.9774269928966062,0.14509657900192574
breast_cancer,17,202,mlp,11,ctgan_one_mode,augment,False,0.9811320754716981,0.986013986013986,0.9848901098901099,0.10870067653305182
breast_cancer,17,202,logistic,,ctgan_one_mode,augment,False,0.9433962264150944,0.958041958041958,0.9538709677419355,0.12978414684714729
breast_cancer,17,202,mlp,7,ddpm_unconditional,synthetic_only,False,0.5253668763102726,0.5734265734265734,0.524191348933617,0.9192850734754389
breast_cancer,17,202,mlp,11,ddpm_unconditional,synthetic_only,False,0.3381551362683438,0.34265734265734266,0.3353441455696202,1.2647668989551266
breast_cancer,17,202,logistic,,ddpm_unconditional,synthetic_only,False,0.5360587002096436,0.6503496503496503,0.47271386430678464,0.6224580700918171
breast_cancer,17,202,mlp,7,ddpm_unconditional,augment,False,0.8490566037735849,0.8881118881118881,0.8702947845804989,0.2892099612187419
breast_cancer,17,202,mlp,11,ddpm_unconditional,augment,False,0.9056603773584906,0.9300699300699301,0.9216008771929824,0.23650162872901703
breast_cancer,17,202,logistic,,ddpm_unconditional,augment,False,0.8018867924528301,0.8531468531468531,0.8242317822651448,0.4017213439467208
breast_cancer,17,202,mlp,7,ddpm_standardized,synthetic_only,False,0.9905660377358491,0.993006993006993,0.9924756642988688,0.18558453102990988
breast_cancer,17,202,mlp,11,ddpm_standardized,synthetic_only,False,0.9716981132075472,0.9790209790209791,0.9772401718924081,0.15663583530885736
breast_cancer,17,202,logistic,,ddpm_standardized,synthetic_only,False,0.9528301886792453,0.965034965034965,0.9617340112389617,0.11254305004402708
breast_cancer,17,202,mlp,7,ddpm_standardized,augment,False,0.9811320754716981,0.986013986013986,0.9848901098901099,0.1105360000496436
breast_cancer,17,202,mlp,11,ddpm_standardized,augment,False,0.9716981132075472,0.9790209790209791,0.9772401718924081,0.11812019409125522
breast_cancer,17,202,logistic,,ddpm_standardized,augment,False,0.9622641509433962,0.972027972027972,0.9695225916453538,0.07861088552152876
breast_cancer,17,202,mlp,7,mixture_uniform,synthetic_only,False,0.960587002096436,0.965034965034965,0.9623783214943435,0.2762536591988781
breast_cancer,17,202,mlp,11,mixture_uniform,synthetic_only,False,0.960587002096436,0.965034965034965,0.9623783214943435,0.20942374030814925
breast_cancer,17,202,logistic,,mixture_uniform,synthetic_only,False,0.9528301886792453,0.965034965034965,0.9617340112389617,0.1206113006413596
breast_cancer,17,202,mlp,7,mixture_uniform,augment,False,0.9811320754716981,0.986013986013986,0.9848901098901099,0.19607439510261787
breast_cancer,17,202,mlp,11,mixture_uniform,augment,False,0.9811320754716981,0.986013986013986,0.9848901098901099,0.15329046700517668
breast_cancer,17,202,logistic,,mixture_uniform,augment,False,0.9716981132075472,0.9790209790209791,0.9772401718924081,0.08419770523739549
breast_cancer,17,202,mlp,7,mixture_utility,synthetic_only,False,0.9905660377358491,0.993006993006993,0.9924756642988688,0.03297450288753869
breast_cancer,17,202,mlp,11,mixture_utility,synthetic_only,False,0.9905660377358491,0.993006993006993,0.9924756642988688,0.033935647614796505
breast_cancer,17,202,logistic,,mixture_utility,synthetic_only,False,0.9528301886792453,0.965034965034965,0.9617340112389617,0.08658161351113795
breast_cancer,17,202,mlp,7,mixture_utility,augment,True,0.9755765199161426,0.9790209790209791,0.9774269928966062,0.09280085828078975
breast_cancer,17,202,mlp,11,mixture_utility,augment,True,0.9716981132075472,0.9790209790209791,0.9772401718924081,0.04516016044567328
breast_cancer,17,202,logistic,,mixture_utility,augment,True,0.9716981132075472,0.9790209790209791,0.9772401718924081,0.06602848810041204
breast_cancer,17,202,mlp,7,mixture_support,synthetic_only,False,0.9572327044025157,0.951048951048951,0.9484684684684684,0.17872645013411714
breast_cancer,17,202,mlp,11,mixture_support,synthetic_only,False,0.970020964360587,0.972027972027972,0.970020964360587,0.14313237513607097
breast_cancer,17,202,logistic,,mixture_support,synthetic_only,False,0.9622641509433962,0.972027972027972,0.9695225916453538,0.07457003350237157
breast_cancer,17,202,mlp,7,mixture_support,augment,False,0.9755765199161426,0.9790209790209791,0.9774269928966062,0.18331467945993796
breast_cancer,17,202,mlp,11,mixture_support,augment,False,0.9755765199161426,0.9790209790209791,0.9774269928966062,0.1348329867190603
breast_cancer,17,202,logistic,,mixture_support,augment,False,0.9811320754716981,0.986013986013986,0.9848901098901099,0.0632881761628883
breast_cancer,17,202,mlp,7,mixture_utility_support,synthetic_only,False,0.9339622641509434,0.951048951048951,0.9459298871063577,0.4156026115288486
breast_cancer,17,202,mlp,11,mixture_utility_support,synthetic_only,False,0.9339622641509434,0.951048951048951,0.9459298871063577,0.34731386837265255
breast_cancer,17,202,logistic,,mixture_utility_support,synthetic_only,False,0.9433962264150944,0.958041958041958,0.9538709677419355,0.10081819193240223
breast_cancer,17,202,mlp,7,mixture_utility_support,augment,False,0.9433962264150944,0.958041958041958,0.9538709677419355,0.34483660859761683
breast_cancer,17,202,mlp,11,mixture_utility_support,augment,False,0.9433962264150944,0.958041958041958,0.9538709677419355,0.2949403812007883
breast_cancer,17,202,logistic,,mixture_utility_support,augment,False,0.9622641509433962,0.972027972027972,0.9695225916453538,0.07825676236049264
breast_cancer,29,101,mlp,7,real_only,real_only,False,0.9738993710691823,0.972027972027972,0.9702455264253016,0.14620107923440273
breast_cancer,29,101,mlp,11,real_only,real_only,False,0.9533542976939203,0.951048951048951,0.9481158969574457,0.1526386027823836
breast_cancer,29,101,logistic,,real_only,real_only,False,0.9755765199161426,0.9790209790209791,0.9774269928966062,0.09481914705164853
breast_cancer,29,101,mlp,7,bootstrap,synthetic_only,False,0.9461215932914047,0.9370629370629371,0.9341654304568008,0.2392247069727023
breast_cancer,29,101,mlp,11,bootstrap,synthetic_only,False,0.9350104821802935,0.9230769230769231,0.9200101703534198,0.2659420415392577
breast_cancer,29,101,logistic,,bootstrap,synthetic_only,False,0.958909853249476,0.958041958041958,0.9553682896379525,0.12837226166228843
breast_cancer,29,101,mlp,7,bootstrap,augment,False,0.9738993710691823,0.972027972027972,0.9702455264253016,0.13647278469920726
breast_cancer,29,101,mlp,11,bootstrap,augment,False,0.9422431865828093,0.9370629370629371,0.9337451737451739,0.1811114756693171
breast_cancer,29,101,logistic,,bootstrap,augment,False,0.958909853249476,0.958041958041958,0.9553682896379525,0.11119317373933857
breast_cancer,29,101,mlp,7,smote,synthetic_only,False,0.9383647798742139,0.9370629370629371,0.9332918675167159,0.2341929299784836
breast_cancer,29,101,mlp,11,smote,synthetic_only,False,0.9533542976939203,0.951048951048951,0.9481158969574457,0.2365831959113717
breast_cancer,29,101,logistic,,smote,synthetic_only,False,0.9644654088050315,0.965034965034965,0.9626690335717643,0.09924611441718588
breast_cancer,29,101,mlp,7,smote,augment,False,0.9477987421383648,0.9440559440559441,0.9409090909090909,0.16792169000627344
breast_cancer,29,101,mlp,11,smote,augment,False,0.9366876310272536,0.9300699300699301,0.9266215106732347,0.2134425438485704
breast_cancer,29,101,logistic,,smote,augment,False,0.9755765199161426,0.9790209790209791,0.9774269928966062,0.09368496154611039
breast_cancer,29,101,mlp,7,copula,synthetic_only,False,0.9550314465408805,0.958041958041958,0.9550314465408805,0.09913428293722995
breast_cancer,29,101,mlp,11,copula,synthetic_only,False,0.9400419287211741,0.9440559440559441,0.9400419287211741,0.09878845046465168
breast_cancer,29,101,logistic,,copula,synthetic_only,False,0.9622641509433962,0.972027972027972,0.9695225916453538,0.08944114440297435
breast_cancer,29,101,mlp,7,copula,augment,True,0.9755765199161426,0.9790209790209791,0.9774269928966062,0.152981966064263
breast_cancer,29,101,mlp,11,copula,augment,True,0.9716981132075472,0.9790209790209791,0.9772401718924081,0.0834677346055435
breast_cancer,29,101,logistic,,copula,augment,True,0.9811320754716981,0.986013986013986,0.9848901098901099,0.08875152271261887
breast_cancer,29,101,mlp,7,ctgan,synthetic_only,False,0.8433962264150944,0.8321678321678322,0.8268765133171913,1.4826436528784024
breast_cancer,29,101,mlp,11,ctgan,synthetic_only,False,0.8378406708595387,0.8251748251748252,0.8201076837920798,1.808206033840884
breast_cancer,29,101,logistic,,ctgan,synthetic_only,False,0.8600628930817611,0.8531468531468531,0.8472921434019832,0.49741615822594015
breast_cancer,29,101,mlp,7,ctgan,augment,False,0.9755765199161426,0.9790209790209791,0.9774269928966062,0.07953684585285421
breast_cancer,29,101,mlp,11,ctgan,augment,False,0.9738993710691823,0.972027972027972,0.9702455264253016,0.08996764986586774
breast_cancer,29,101,logistic,,ctgan,augment,False,0.9661425576519916,0.972027972027972,0.9697802197802198,0.11430727598559134
breast_cancer,29,101,mlp,7,tvae,synthetic_only,False,0.9472746331236898,0.958041958041958,0.9542838874680306,0.22565634998066408
breast_cancer,29,101,mlp,11,tvae,synthetic_only,False,0.9284067085953879,0.9440559440559441,0.938494623655914,0.27800848700060593
breast_cancer,29,101,logistic,,tvae,synthetic_only,False,0.9284067085953879,0.9440559440559441,0.938494623655914,0.14361616925289591
breast_cancer,29,101,mlp,7,tvae,augment,False,0.970020964360587,0.972027972027972,0.970020964360587,0.07837629651283488
breast_cancer,29,101,mlp,11,tvae,augment,False,0.960587002096436,0.965034965034965,0.9623783214943435,0.07230023177376613
breast_cancer,29,101,logistic,,tvae,augment,False,0.9716981132075472,0.9790209790209791,0.9772401718924081,0.10488653161543361
breast_cancer,29,101,mlp,7,ddpm,synthetic_only,False,0.9183438155136268,0.9020979020979021,0.8990112994350282,0.3622900193713769
breast_cancer,29,101,mlp,11,ddpm,synthetic_only,False,0.9127882599580712,0.8951048951048951,0.8920646102752479,0.36606178957897845
breast_cancer,29,101,logistic,,ddpm,synthetic_only,False,0.9611111111111111,0.951048951048951,0.948795334799734,0.14713824576073647
breast_cancer,29,101,mlp,7,ddpm,augment,False,0.9422431865828093,0.9370629370629371,0.9337451737451739,0.16913295253801683
breast_cancer,29,101,mlp,11,ddpm,augment,False,0.9422431865828093,0.9370629370629371,0.9337451737451739,0.20167967523941674
breast_cancer,29,101,logistic,,ddpm,augment,False,0.9833333333333334,0.9790209790209791,0.9777639558389053,0.10419125301618425
breast_cancer,29,101,mlp,7,ctgan_unpacked,synthetic_only,False,0.8822851153039832,0.8811188811188811,0.8748519948519948,0.7093846173938719
breast_cancer,29,101,mlp,11,ctgan_unpacked,synthetic_only,False,0.8617400419287211,0.8601398601398601,0.8532430213464697,0.7968604028060444
breast_cancer,29,101,logistic,,ctgan_unpacked,synthetic_only,False,0.880083857442348,0.8881118881118881,0.880083857442348,0.2607592146209795
breast_cancer,29,101,mlp,7,ctgan_unpacked,augment,False,0.9611111111111111,0.951048951048951,0.948795334799734,0.12000590347131314
breast_cancer,29,101,mlp,11,ctgan_unpacked,augment,False,0.9627882599580713,0.958041958041958,0.9556818181818182,0.17507069560359517
breast_cancer,29,101,logistic,,ctgan_unpacked,augment,False,0.970020964360587,0.972027972027972,0.970020964360587,0.11254413379691415
breast_cancer,29,101,mlp,7,ctgan_one_mode,synthetic_only,False,0.8461215932914046,0.8111888111888111,0.8098497906919477,0.49085872341996994
breast_cancer,29,101,mlp,11,ctgan_one_mode,synthetic_only,False,0.8811320754716981,0.8601398601398601,0.8570571771291484,0.5579077178700131
breast_cancer,29,101,logistic,,ctgan_one_mode,synthetic_only,False,0.9216981132075472,0.916083916083916,0.9119458128078818,0.2510372611040256
breast_cancer,29,101,mlp,7,ctgan_one_mode,augment,False,0.9944444444444445,0.993006993006993,0.9925338067143528,0.03373323001964727
breast_cancer,29,101,mlp,11,ctgan_one_mode,augment,False,0.9422431865828093,0.9370629370629371,0.9337451737451739,0.11731000447240063
breast_cancer,29,101,logistic,,ctgan_one_mode,augment,False,0.9716981132075472,0.9790209790209791,0.9772401718924081,0.1377360951018422
breast_cancer,29,101,mlp,7,ddpm_unconditional,synthetic_only,False,0.4265199161425577,0.46853146853146854,0.42582417582417587,1.1343422693247838
breast_cancer,29,101,mlp,11,ddpm_unconditional,synthetic_only,False,0.5165618448637317,0.6013986013986014,0.4935064935064935,1.04433381543618
breast_cancer,29,101,logistic,,ddpm_unconditional,synthetic_only,False,0.479979035639413,0.5944055944055944,0.4027937788018433,0.6556522572411777
breast_cancer,29,101,mlp,7,ddpm_unconditional,augment,False,0.9023060796645703,0.916083916083916,0.9085677749360614,0.342878111969112
breast_cancer,29,101,mlp,11,ddpm_unconditional,augment,False,0.8718029350104822,0.9020979020979021,0.8890735815602837,0.27343826209855715
breast_cancer,29,101,logistic,,ddpm_unconditional,augment,False,0.8490566037735849,0.8881118881118881,0.8702947845804989,0.4199118435563092
breast_cancer,29,101,mlp,7,ddpm_standardized,synthetic_only,False,0.9444444444444444,0.9300699300699301,0.9274847870182557,0.20398533617583067
breast_cancer,29,101,mlp,11,ddpm_standardized,synthetic_only,False,0.9183438155136268,0.9020979020979021,0.8990112994350282,0.2959906405362181
breast_cancer,29,101,logistic,,ddpm_standardized,synthetic_only,False,0.95,0.9370629370629371,0.934553775743707,0.18149390833760987
breast_cancer,29,101,mlp,7,ddpm_standardized,augment,False,0.9611111111111111,0.951048951048951,0.948795334799734,0.12189288229105485
breast_cancer,29,101,mlp,11,ddpm_standardized,augment,False,0.9405660377358491,0.9300699300699301,0.9270705834353326,0.17374781954374424
breast_cancer,29,101,logistic,,ddpm_standardized,augment,False,0.9777777777777779,0.972027972027972,0.9704545454545455,0.11698693907699882
breast_cancer,29,101,mlp,7,mixture_uniform,synthetic_only,False,0.9439203354297694,0.9440559440559441,0.9404910528506034,0.18512861142177736
breast_cancer,29,101,mlp,11,mixture_uniform,synthetic_only,False,0.9550314465408805,0.958041958041958,0.9550314465408805,0.18032040254572135
breast_cancer,29,101,logistic,,mixture_uniform,synthetic_only,False,0.9511530398322852,0.958041958041958,0.9546703296703296,0.13595594940436834
breast_cancer,29,101,mlp,7,mixture_uniform,augment,False,0.9550314465408805,0.958041958041958,0.9550314465408805,0.09218636309578501
breast_cancer,29,101,mlp,11,mixture_uniform,augment,False,0.9439203354297694,0.9440559440559441,0.9404910528506034,0.10497598899283792
breast_cancer,29,101,logistic,,mixture_uniform,augment,False,0.9567085953878407,0.965034965034965,0.9620669531540135,0.10918280219804018
breast_cancer,29,101,mlp,7,mixture_utility,synthetic_only,False,0.9477987421383648,0.9440559440559441,0.9409090909090909,0.1825443401332387
breast_cancer,29,101,mlp,11,mixture_utility,synthetic_only,False,0.9422431865828093,0.9370629370629371,0.9337451737451739,0.141537430310576
breast_cancer,29,101,logistic,,mixture_utility,synthetic_only,False,0.9716981132075472,0.9790209790209791,0.9772401718924081,0.11486856557118982
breast_cancer,29,101,mlp,7,mixture_utility,augment,False,0.9516771488469602,0.9440559440559441,0.9412972085385878,0.22061492724365836
breast_cancer,29,101,mlp,11,mixture_utility,augment,False,0.9477987421383648,0.9440559440559441,0.9409090909090909,0.1825572933706297
breast_cancer,29,101,logistic,,mixture_utility,augment,False,0.9661425576519916,0.972027972027972,0.9697802197802198,0.10213316889134713
breast_cancer,29,101,mlp,7,mixture_support,synthetic_only,False,0.9683438155136268,0.965034965034965,0.9629399263981755,0.13278275791516977
breast_cancer,29,101,mlp,11,mixture_support,synthetic_only,False,0.9683438155136268,0.965034965034965,0.9629399263981755,0.18597398140956534
breast_cancer,29,101,logistic,,mixture_support,synthetic_only,False,0.9738993710691823,0.972027972027972,0.9702455264253016,0.11149499793154449
breast_cancer,29,101,mlp,7,mixture_support,augment,False,0.9794549266247379,0.9790209790209791,0.9776014201430585,0.04845026764271513
breast_cancer,29,101,mlp,11,mixture_support,augment,False,0.9683438155136268,0.965034965034965,0.9629399263981755,0.10823811134573103
breast_cancer,29,101,logistic,,mixture_support,augment,False,0.9794549266247379,0.9790209790209791,0.9776014201430585,0.08922035588527932
breast_cancer,29,101,mlp,7,mixture_utility_support,synthetic_only,False,0.958909853249476,0.958041958041958,0.9553682896379525,0.1808281668382319
breast_cancer,29,101,mlp,11,mixture_utility_support,synthetic_only,False,0.958909853249476,0.958041958041958,0.9553682896379525,0.19282953170605827
breast_cancer,29,101,logistic,,mixture_utility_support,synthetic_only,False,0.9794549266247379,0.9790209790209791,0.9776014201430585,0.0929144514571049
breast_cancer,29,101,mlp,7,mixture_utility_support,augment,False,0.9777777777777779,0.972027972027972,0.9704545454545455,0.09535304039136834
breast_cancer,29,101,mlp,11,mixture_utility_support,augment,False,0.9722222222222222,0.965034965034965,0.9631917631917633,0.12808912087745658
breast_cancer,29,101,logistic,,mixture_utility_support,augment,False,0.9888888888888889,0.986013986013986,0.9851227632126509,0.08894047154726173
breast_cancer,29,202,mlp,7,real_only,real_only,False,0.9738993710691823,0.972027972027972,0.9702455264253016,0.14620107923440273
breast_cancer,29,202,mlp,11,real_only,real_only,False,0.9533542976939203,0.951048951048951,0.9481158969574457,0.1526386027823836
breast_cancer,29,202,logistic,,real_only,real_only,False,0.9755765199161426,0.9790209790209791,0.9774269928966062,0.09481914705164853
breast_cancer,29,202,mlp,7,bootstrap,synthetic_only,False,0.9422431865828093,0.9370629370629371,0.9337451737451739,0.23628991842491334
breast_cancer,29,202,mlp,11,bootstrap,synthetic_only,False,0.9350104821802935,0.9230769230769231,0.9200101703534198,0.25534512107304985
breast_cancer,29,202,logistic,,bootstrap,synthetic_only,False,0.970020964360587,0.972027972027972,0.970020964360587,0.09998113991101994
breast_cancer,29,202,mlp,7,bootstrap,augment,False,0.9627882599580713,0.958041958041958,0.9556818181818182,0.17370688096272127
breast_cancer,29,202,mlp,11,bootstrap,augment,False,0.9572327044025157,0.951048951048951,0.9484684684684684,0.1969623386133506
breast_cancer,29,202,logistic,,bootstrap,augment,False,0.9755765199161426,0.9790209790209791,0.9774269928966062,0.09675488521131194
breast_cancer,29,202,mlp,7,smote,synthetic_only,False,0.9422431865828093,0.9370629370629371,0.9337451737451739,0.19677711458192976
breast_cancer,29,202,mlp,11,smote,synthetic_only,False,0.9611111111111111,0.951048951048951,0.948795334799734,0.2261067947383105
breast_cancer,29,202,logistic,,smote,synthetic_only,False,0.970020964360587,0.972027972027972,0.970020964360587,0.09507817911847383
breast_cancer,29,202,mlp,7,smote,augment,False,0.9477987421383648,0.9440559440559441,0.9409090909090909,0.1668469821431255
breast_cancer,29,202,mlp,11,smote,augment,False,0.9422431865828093,0.9370629370629371,0.9337451737451739,0.16601904849998275
breast_cancer,29,202,logistic,,smote,augment,False,0.9850104821802935,0.986013986013986,0.9850104821802935,0.08595284642234796
breast_cancer,29,202,mlp,7,copula,synthetic_only,True,0.970020964360587,0.972027972027972,0.970020964360587,0.0798188028208445
breast_cancer,29,202,mlp,11,copula,synthetic_only,True,0.958909853249476,0.958041958041958,0.9553682896379525,0.1260366979347397
breast_cancer,29,202,logistic,,copula,synthetic_only,True,0.9716981132075472,0.9790209790209791,0.9772401718924081,0.08162193056250312
breast_cancer,29,202,mlp,7,copula,augment,False,0.9738993710691823,0.972027972027972,0.9702455264253016,0.07466344894491189
breast_cancer,29,202,mlp,11,copula,augment,False,0.958909853249476,0.958041958041958,0.9553682896379525,0.1334869317573659
breast_cancer,29,202,logistic,,copula,augment,False,0.9905660377358491,0.993006993006993,0.9924756642988688,0.0840804163157055
breast_cancer,29,202,mlp,7,ctgan,synthetic_only,False,0.8756813417190776,0.9020979020979021,0.8902412280701755,0.46283956553603767
breast_cancer,29,202,mlp,11,ctgan,synthetic_only,False,0.8684486373165619,0.8881118881118881,0.8769892473118279,0.3805344427947816
breast_cancer,29,202,logistic,,ctgan,synthetic_only,False,0.8301886792452831,0.8741258741258742,0.8522727272727273,0.30197038435399937
breast_cancer,29,202,mlp,7,ctgan,augment,False,0.9755765199161426,0.9790209790209791,0.9774269928966062,0.1168261921129846
breast_cancer,29,202,mlp,11,ctgan,augment,False,0.9644654088050315,0.965034965034965,0.9626690335717643,0.08966776693820311
breast_cancer,29,202,logistic,,ctgan,augment,False,0.9905660377358491,0.993006993006993,0.9924756642988688,0.10801342816406473
breast_cancer,29,202,mlp,7,tvae,synthetic_only,False,0.9250524109014675,0.9300699300699301,0.9250524109014675,0.18993054529126335
breast_cancer,29,202,mlp,11,tvae,synthetic_only,False,0.9383647798742139,0.9370629370629371,0.9332918675167159,0.20548737332093914
breast_cancer,29,202,logistic,,tvae,synthetic_only,False,0.9189727463312369,0.9370629370629371,0.9304812834224598,0.17147086254263624
breast_cancer,29,202,mlp,7,tvae,augment,False,0.9289308176100629,0.9300699300699301,0.9256138160632543,0.12214961749484553
breast_cancer,29,202,mlp,11,tvae,augment,False,0.9722222222222222,0.965034965034965,0.9631917631917633,0.09017320007111414
breast_cancer,29,202,logistic,,tvae,augment,False,0.9716981132075472,0.9790209790209791,0.9772401718924081,0.1096238261943431
breast_cancer,29,202,mlp,7,ddpm,synthetic_only,False,0.9444444444444444,0.9300699300699301,0.9274847870182557,0.18567814154485857
breast_cancer,29,202,mlp,11,ddpm,synthetic_only,False,0.95,0.9370629370629371,0.934553775743707,0.11861821518834591
breast_cancer,29,202,logistic,,ddpm,synthetic_only,False,0.9611111111111111,0.951048951048951,0.948795334799734,0.1376397841251229
breast_cancer,29,202,mlp,7,ddpm,augment,False,0.9555555555555555,0.9440559440559441,0.9416564667482661,0.18451275198000527
breast_cancer,29,202,mlp,11,ddpm,augment,False,0.95,0.9370629370629371,0.934553775743707,0.2128072505722219
breast_cancer,29,202,logistic,,ddpm,augment,False,0.9944444444444445,0.993006993006993,0.9925338067143528,0.10252604832318675
breast_cancer,29,202,mlp,7,ctgan_unpacked,synthetic_only,False,0.8644654088050314,0.8391608391608392,0.8365714285714285,0.6102496110735872
breast_cancer,29,202,mlp,11,ctgan_unpacked,synthetic_only,False,0.8644654088050314,0.8391608391608392,0.8365714285714285,0.6393473879417343
breast_cancer,29,202,logistic,,ctgan_unpacked,synthetic_only,False,0.9050314465408805,0.8951048951048951,0.8909229595728452,0.21723074645204063
breast_cancer,29,202,mlp,7,ctgan_unpacked,augment,False,0.9533542976939203,0.951048951048951,0.9481158969574457,0.2582730422503004
breast_cancer,29,202,mlp,11,ctgan_unpacked,augment,False,0.9533542976939203,0.951048951048951,0.9481158969574457,0.21313910086996024
breast_cancer,29,202,logistic,,ctgan_unpacked,augment,False,0.9644654088050315,0.965034965034965,0.9626690335717643,0.12904905059937985
breast_cancer,29,202,mlp,7,ctgan_one_mode,synthetic_only,False,0.6772536687631028,0.6083916083916084,0.6051282051282052,1.6766468598818736
breast_cancer,29,202,mlp,11,ctgan_one_mode,synthetic_only,False,0.729454926624738,0.6643356643356644,0.6630007855459544,1.7274588587605706
breast_cancer,29,202,logistic,,ctgan_one_mode,synthetic_only,False,0.7284067085953878,0.6923076923076923,0.6915686274509805,0.6262620122543613
breast_cancer,29,202,mlp,7,ctgan_one_mode,augment,False,0.9567085953878407,0.965034965034965,0.9620669531540135,0.09737270073426366
breast_cancer,29,202,mlp,11,ctgan_one_mode,augment,False,0.960587002096436,0.965034965034965,0.9623783214943435,0.09214859989812252
breast_cancer,29,202,logistic,,ctgan_one_mode,augment,False,0.9267295597484277,0.9370629370629371,0.9317205156772242,0.18931154807341113
breast_cancer,29,202,mlp,7,ddpm_unconditional,synthetic_only,False,0.420440251572327,0.4755244755244755,0.41498936344297166,1.3204189131657085
breast_cancer,29,202,mlp,11,ddpm_unconditional,synthetic_only,False,0.30765199161425577,0.32867132867132864,0.31084337349397595,1.6732597791247712
breast_cancer,29,202,logistic,,ddpm_unconditional,synthetic_only,False,0.4983228511530398,0.6223776223776224,0.4004658385093168,0.6472937931535899
breast_cancer,29,202,mlp,7,ddpm_unconditional,augment,False,0.8867924528301887,0.916083916083916,0.9049202127659575,0.30301638743709913
breast_cancer,29,202,mlp,11,ddpm_unconditional,augment,False,0.8568134171907756,0.8881118881118881,0.87322695035461,0.33005030890639275
breast_cancer,29,202,logistic,,ddpm_unconditional,augment,False,0.900104821802935,0.9230769230769231,0.9141984399716359,0.39133673376820444
breast_cancer,29,202,mlp,7,ddpm_standardized,synthetic_only,False,0.9127882599580712,0.8951048951048951,0.8920646102752479,0.46772327058641244
breast_cancer,29,202,mlp,11,ddpm_standardized,synthetic_only,False,0.8905660377358491,0.8671328671328671,0.8644820190533193,0.4253888304339539
breast_cancer,29,202,logistic,,ddpm_standardized,synthetic_only,False,0.9055555555555556,0.8811188811188811,0.8787470696792858,0.22444342746428708
breast_cancer,29,202,mlp,7,ddpm_standardized,augment,False,0.9183438155136268,0.9020979020979021,0.8990112994350282,0.4258678944118872
breast_cancer,29,202,mlp,11,ddpm_standardized,augment,False,0.8961215932914046,0.8741258741258742,0.8713514594162335,0.3333045045864437
breast_cancer,29,202,logistic,,ddpm_standardized,augment,False,0.9666666666666667,0.958041958041958,0.9559729064039408,0.1271821872905794
breast_cancer,29,202,mlp,7,mixture_uniform,synthetic_only,False,0.9383647798742139,0.9370629370629371,0.9332918675167159,0.22798263462420798
breast_cancer,29,202,mlp,11,mixture_uniform,synthetic_only,False,0.9572327044025157,0.951048951048951,0.9484684684684684,0.11459769530512821
breast_cancer,29,202,logistic,,mixture_uniform,synthetic_only,False,0.970020964360587,0.972027972027972,0.970020964360587,0.1268484932645264
breast_cancer,29,202,mlp,7,mixture_uniform,augment,False,0.9738993710691823,0.972027972027972,0.9702455264253016,0.16719855680112272
breast_cancer,29,202,mlp,11,mixture_uniform,augment,False,0.9738993710691823,0.972027972027972,0.9702455264253016,0.08874139084871908
breast_cancer,29,202,logistic,,mixture_uniform,augment,False,1.0,1.0,1.0,0.10086513836804845
breast_cancer,29,202,mlp,7,mixture_utility,synthetic_only,False,0.9666666666666667,0.958041958041958,0.9559729064039408,0.18059252539364862
breast_cancer,29,202,mlp,11,mixture_utility,synthetic_only,False,0.9666666666666667,0.958041958041958,0.9559729064039408,0.21999761579899904
breast_cancer,29,202,logistic,,mixture_utility,synthetic_only,False,0.9777777777777779,0.972027972027972,0.9704545454545455,0.11699047052306782
breast_cancer,29,202,mlp,7,mixture_utility,augment,False,0.9405660377358491,0.9300699300699301,0.9270705834353326,0.21903226517161495
breast_cancer,29,202,mlp,11,mixture_utility,augment,False,0.9611111111111111,0.951048951048951,0.948795334799734,0.23190794292709088
breast_cancer,29,202,logistic,,mixture_utility,augment,False,0.9944444444444445,0.993006993006993,0.9925338067143528,0.10291299959265973
breast_cancer,29,202,mlp,7,mixture_support,synthetic_only,False,0.9289308176100629,0.9300699300699301,0.9256138160632543,0.2047768896150959
breast_cancer,29,202,mlp,11,mixture_support,synthetic_only,False,0.9250524109014675,0.9300699300699301,0.9250524109014675,0.2492669195519383
breast_cancer,29,202,logistic,,mixture_support,synthetic_only,False,0.9661425576519916,0.972027972027972,0.9697802197802198,0.11778050692969438
breast_cancer,29,202,mlp,7,mixture_support,augment,False,0.9738993710691823,0.972027972027972,0.9702455264253016,0.1712615745542291
breast_cancer,29,202,mlp,11,mixture_support,augment,False,0.9738993710691823,0.972027972027972,0.9702455264253016,0.11040604099534387
breast_cancer,29,202,logistic,,mixture_support,augment,False,0.9905660377358491,0.993006993006993,0.9924756642988688,0.09506967744905671
breast_cancer,29,202,mlp,7,mixture_utility_support,synthetic_only,False,0.9611111111111111,0.951048951048951,0.948795334799734,0.16019573581823487
breast_cancer,29,202,mlp,11,mixture_utility_support,synthetic_only,False,0.9611111111111111,0.951048951048951,0.948795334799734,0.1747520833361816
breast_cancer,29,202,logistic,,mixture_utility_support,synthetic_only,False,0.9777777777777779,0.972027972027972,0.9704545454545455,0.11130234481965694
breast_cancer,29,202,mlp,7,mixture_utility_support,augment,False,0.9611111111111111,0.951048951048951,0.948795334799734,0.19648026210892944
breast_cancer,29,202,mlp,11,mixture_utility_support,augment,False,0.9666666666666667,0.958041958041958,0.9559729064039408,0.23212365251314254
breast_cancer,29,202,logistic,,mixture_utility_support,augment,False,0.9833333333333334,0.9790209790209791,0.9777639558389053,0.09968223285800427
breast_cancer,41,101,mlp,7,real_only,real_only,False,0.9472746331236898,0.958041958041958,0.9542838874680306,0.3832064134248019
breast_cancer,41,101,mlp,11,real_only,real_only,False,0.9472746331236898,0.958041958041958,0.9542838874680306,0.2648409533488425
breast_cancer,41,101,logistic,,real_only,real_only,False,0.9472746331236898,0.958041958041958,0.9542838874680306,0.1375712183829306
breast_cancer,41,101,mlp,7,bootstrap,synthetic_only,False,0.9417190775681341,0.951048951048951,0.9468937344156189,0.4285491656332807
breast_cancer,41,101,mlp,11,bootstrap,synthetic_only,False,0.9378406708595388,0.951048951048951,0.9464276157345465,0.31877076672224364
breast_cancer,41,101,logistic,,bootstrap,synthetic_only,False,0.9322851153039833,0.9440559440559441,0.9390451832907076,0.15726816085485784
breast_cancer,41,101,mlp,7,bootstrap,augment,False,0.9472746331236898,0.958041958041958,0.9542838874680306,0.3735813522832297
breast_cancer,41,101,mlp,11,bootstrap,augment,False,0.9472746331236898,0.958041958041958,0.9542838874680306,0.2711683077261757
breast_cancer,41,101,logistic,,bootstrap,augment,False,0.9322851153039833,0.9440559440559441,0.9390451832907076,0.14446488418664383
breast_cancer,41,101,mlp,7,smote,synthetic_only,False,0.9472746331236898,0.958041958041958,0.9542838874680306,0.3623525288265668
breast_cancer,41,101,mlp,11,smote,synthetic_only,False,0.9472746331236898,0.958041958041958,0.9542838874680306,0.28802790587397226
breast_cancer,41,101,logistic,,smote,synthetic_only,False,0.9472746331236898,0.958041958041958,0.9542838874680306,0.147446572207902
breast_cancer,41,101,mlp,7,smote,augment,False,0.9417190775681341,0.951048951048951,0.9468937344156189,0.378429150694795
breast_cancer,41,101,mlp,11,smote,augment,False,0.9472746331236898,0.958041958041958,0.9542838874680306,0.2721239178613698
breast_cancer,41,101,logistic,,smote,augment,False,0.9472746331236898,0.958041958041958,0.9542838874680306,0.1415567973781185
breast_cancer,41,101,mlp,7,copula,synthetic_only,False,0.9284067085953879,0.9440559440559441,0.938494623655914,0.4632478642549695
breast_cancer,41,101,mlp,11,copula,synthetic_only,False,0.9378406708595388,0.951048951048951,0.9464276157345465,0.4177785452948515
breast_cancer,41,101,logistic,,copula,synthetic_only,False,0.9284067085953879,0.9440559440559441,0.938494623655914,0.18918070688743743
breast_cancer,41,101,mlp,7,copula,augment,False,0.9378406708595388,0.951048951048951,0.9464276157345465,0.3582571760873615
breast_cancer,41,101,mlp,11,copula,augment,False,0.9378406708595388,0.951048951048951,0.9464276157345465,0.29535659234143624
breast_cancer,41,101,logistic,,copula,augment,False,0.9378406708595388,0.951048951048951,0.9464276157345465,0.1556460753363723
breast_cancer,41,101,mlp,7,ctgan,synthetic_only,False,0.9061844863731656,0.916083916083916,0.9093406593406593,0.5388602984571439
breast_cancer,41,101,mlp,11,ctgan,synthetic_only,False,0.9139412997903564,0.916083916083916,0.910736579275905,0.511229210456179
breast_cancer,41,101,logistic,,ctgan,synthetic_only,False,0.9023060796645703,0.916083916083916,0.9085677749360614,0.25068964170965236
breast_cancer,41,101,mlp,7,ctgan,augment,False,0.9567085953878407,0.965034965034965,0.9620669531540135,0.29890035787165
breast_cancer,41,101,mlp,11,ctgan,augment,False,0.9511530398322852,0.958041958041958,0.9546703296703296,0.2238883775848161
breast_cancer,41,101,logistic,,ctgan,augment,False,0.9433962264150944,0.958041958041958,0.9538709677419355,0.1352235945907529
breast_cancer,41,101,mlp,7,tvae,synthetic_only,False,0.900104821802935,0.9230769230769231,0.9141984399716359,0.8375734230341617
breast_cancer,41,101,mlp,11,tvae,synthetic_only,False,0.9056603773584906,0.9300699300699301,0.9216008771929824,0.6733760669517193
breast_cancer,41,101,logistic,,tvae,synthetic_only,False,0.8867924528301887,0.916083916083916,0.9049202127659575,0.2705601467361525
breast_cancer,41,101,mlp,7,tvae,augment,False,0.9189727463312369,0.9370629370629371,0.9304812834224598,0.6271521146992858
breast_cancer,41,101,mlp,11,tvae,augment,False,0.9284067085953879,0.9440559440559441,0.938494623655914,0.46308695440249753
breast_cancer,41,101,logistic,,tvae,augment,False,0.9245283018867925,0.9440559440559441,0.9379070777247069,0.21044714086089766
breast_cancer,41,101,mlp,7,ddpm,synthetic_only,False,0.9567085953878407,0.965034965034965,0.9620669531540135,0.2508421284942629
breast_cancer,41,101,mlp,11,ddpm,synthetic_only,False,0.970020964360587,0.972027972027972,0.970020964360587,0.18390477553870832
breast_cancer,41,101,logistic,,ddpm,synthetic_only,False,0.960587002096436,0.965034965034965,0.9623783214943435,0.17300095461146608
breast_cancer,41,101,mlp,7,ddpm,augment,False,0.9528301886792453,0.965034965034965,0.9617340112389617,0.27491979464265337
breast_cancer,41,101,mlp,11,ddpm,augment,False,0.9622641509433962,0.972027972027972,0.9695225916453538,0.177526277145098
breast_cancer,41,101,logistic,,ddpm,augment,False,0.9661425576519916,0.972027972027972,0.9697802197802198,0.14664243363567855
breast_cancer,41,101,mlp,7,ctgan_unpacked,synthetic_only,False,0.9228511530398322,0.9370629370629371,0.9311212202301311,0.251313096015422
breast_cancer,41,101,mlp,11,ctgan_unpacked,synthetic_only,False,0.9039832285115303,0.9230769230769231,0.9150326797385621,0.29494015339839136
breast_cancer,41,101,logistic,,ctgan_unpacked,synthetic_only,False,0.9228511530398322,0.9370629370629371,0.9311212202301311,0.15056387376508223
breast_cancer,41,101,mlp,7,ctgan_unpacked,augment,False,0.9716981132075472,0.9790209790209791,0.9772401718924081,0.24278149650088557
breast_cancer,41,101,mlp,11,ctgan_unpacked,augment,False,0.9567085953878407,0.965034965034965,0.9620669531540135,0.17414083873983274
breast_cancer,41,101,logistic,,ctgan_unpacked,augment,False,0.9528301886792453,0.965034965034965,0.9617340112389617,0.1193120644374399
breast_cancer,41,101,mlp,7,ctgan_one_mode,synthetic_only,False,0.8057651991614256,0.8531468531468531,0.8265465257321087,0.9738566319615202
breast_cancer,41,101,mlp,11,ctgan_one_mode,synthetic_only,False,0.74916142557652,0.8111888111888111,0.767479674796748,1.0650716499102004
breast_cancer,41,101,logistic,,ctgan_one_mode,synthetic_only,False,0.7924528301886793,0.8461538461538461,0.8145921735030646,0.32796599098950385
breast_cancer,41,101,mlp,7,ctgan_one_mode,augment,False,0.9622641509433962,0.972027972027972,0.9695225916453538,0.34205500189848265
breast_cancer,41,101,mlp,11,ctgan_one_mode,augment,False,0.9528301886792453,0.965034965034965,0.9617340112389617,0.23446181930648974
breast_cancer,41,101,logistic,,ctgan_one_mode,augment,False,0.9245283018867925,0.9440559440559441,0.9379070777247069,0.17539290684053996
breast_cancer,41,101,mlp,7,ddpm_unconditional,synthetic_only,False,0.6041928721174004,0.6433566433566433,0.6060606060606061,0.6939517498321679
breast_cancer,41,101,mlp,11,ddpm_unconditional,synthetic_only,False,0.5581761006289309,0.6293706293706294,0.5501810196450828,0.725440878356603
breast_cancer,41,101,logistic,,ddpm_unconditional,synthetic_only,False,0.5438155136268344,0.6503496503496503,0.49676238738738737,0.6725537498258874
breast_cancer,41,101,mlp,7,ddpm_unconditional,augment,False,0.860691823899371,0.8881118881118881,0.8745614035087719,0.2902157469579601
breast_cancer,41,101,mlp,11,ddpm_unconditional,augment,False,0.8851153039832285,0.9090909090909091,0.8985981563301151,0.28896410703233855
breast_cancer,41,101,logistic,,ddpm_unconditional,augment,False,0.8568134171907756,0.8881118881118881,0.87322695035461,0.40512977121944893
breast_cancer,41,101,mlp,7,ddpm_standardized,synthetic_only,False,0.9494758909853249,0.951048951048951,0.9477366470004699,0.2507411899484904
breast_cancer,41,101,mlp,11,ddpm_standardized,synthetic_only,False,0.9161425576519916,0.9090909090909091,0.9049056217709346,0.3333817991217407
breast_cancer,41,101,logistic,,ddpm_standardized,synthetic_only,False,0.9383647798742139,0.9370629370629371,0.9332918675167159,0.18584680897034678
breast_cancer,41,101,mlp,7,ddpm_standardized,augment,False,0.9661425576519916,0.972027972027972,0.9697802197802198,0.18730906995365482
breast_cancer,41,101,mlp,11,ddpm_standardized,augment,False,0.9511530398322852,0.958041958041958,0.9546703296703296,0.16968567581581562
breast_cancer,41,101,logistic,,ddpm_standardized,augment,False,0.9661425576519916,0.972027972027972,0.9697802197802198,0.13894101291496938
breast_cancer,41,101,mlp,7,mixture_uniform,synthetic_only,False,0.8928721174004193,0.9090909090909091,0.9005084292213006,0.6426821245677211
breast_cancer,41,101,mlp,11,mixture_uniform,synthetic_only,False,0.8984276729559748,0.916083916083916,0.9077419354838709,0.5428970458059112
breast_cancer,41,101,logistic,,mixture_uniform,synthetic_only,False,0.9039832285115303,0.9230769230769231,0.9150326797385621,0.19072342038205867
breast_cancer,41,101,mlp,7,mixture_uniform,augment,False,0.9361635220125786,0.9440559440559441,0.9395604395604396,0.3364123756926047
breast_cancer,41,101,mlp,11,mixture_uniform,augment,False,0.9433962264150944,0.958041958041958,0.9538709677419355,0.2625878057605053
breast_cancer,41,101,logistic,,mixture_uniform,augment,False,0.9284067085953879,0.9440559440559441,0.938494623655914,0.1594444892086028
breast_cancer,41,101,mlp,7,mixture_utility,synthetic_only,False,0.9528301886792453,0.965034965034965,0.9617340112389617,0.20150387993247532
breast_cancer,41,101,mlp,11,mixture_utility,synthetic_only,False,0.9622641509433962,0.972027972027972,0.9695225916453538,0.16371436388454266
breast_cancer,41,101,logistic,,mixture_utility,synthetic_only,False,0.9378406708595388,0.951048951048951,0.9464276157345465,0.15125582652161274
breast_cancer,41,101,mlp,7,mixture_utility,augment,False,0.9661425576519916,0.972027972027972,0.9697802197802198,0.20217700318848653
breast_cancer,41,101,mlp,11,mixture_utility,augment,False,0.9528301886792453,0.965034965034965,0.9617340112389617,0.15289727809416373
breast_cancer,41,101,logistic,,mixture_utility,augment,False,0.9378406708595388,0.951048951048951,0.9464276157345465,0.14601936846156044
breast_cancer,41,101,mlp,7,mixture_support,synthetic_only,False,0.9567085953878407,0.965034965034965,0.9620669531540135,0.3828390427033566
breast_cancer,41,101,mlp,11,mixture_support,synthetic_only,False,0.9661425576519916,0.972027972027972,0.9697802197802198,0.3063677232544007
breast_cancer,41,101,logistic,,mixture_support,synthetic_only,False,0.9284067085953879,0.9440559440559441,0.938494623655914,0.1610160552750446
breast_cancer,41,101,mlp,7,mixture_support,augment,False,0.9661425576519916,0.972027972027972,0.9697802197802198,0.303138082434706
breast_cancer,41,101,mlp,11,mixture_support,augment,False,0.9567085953878407,0.965034965034965,0.9620669531540135,0.24082543561074665
breast_cancer,41,101,logistic,,mixture_support,augment,False,0.9378406708595388,0.951048951048951,0.9464276157345465,0.14090896409488413
breast_cancer,41,101,mlp,7,mixture_utility_support,synthetic_only,True,0.9494758909853249,0.951048951048951,0.9477366470004699,0.3637503587711765
breast_cancer,41,101,mlp,11,mixture_utility_support,synthetic_only,True,0.9455974842767296,0.951048951048951,0.947329650092081,0.3746133553638166
breast_cancer,41,101,logistic,,mixture_utility_support,synthetic_only,True,0.9433962264150944,0.958041958041958,0.9538709677419355,0.14221999196317914
breast_cancer,41,101,mlp,7,mixture_utility_support,augment,False,0.9567085953878407,0.965034965034965,0.9620669531540135,0.2693617649266943
breast_cancer,41,101,mlp,11,mixture_utility_support,augment,False,0.9622641509433962,0.972027972027972,0.9695225916453538,0.2952960451987262
breast_cancer,41,101,logistic,,mixture_utility_support,augment,False,0.9528301886792453,0.965034965034965,0.9617340112389617,0.1371020593435657
breast_cancer,41,202,mlp,7,real_only,real_only,False,0.9472746331236898,0.958041958041958,0.9542838874680306,0.3832064134248019
breast_cancer,41,202,mlp,11,real_only,real_only,False,0.9472746331236898,0.958041958041958,0.9542838874680306,0.2648409533488425
breast_cancer,41,202,logistic,,real_only,real_only,False,0.9472746331236898,0.958041958041958,0.9542838874680306,0.1375712183829306
breast_cancer,41,202,mlp,7,bootstrap,synthetic_only,True,0.9622641509433962,0.972027972027972,0.9695225916453538,0.30117529270171417
breast_cancer,41,202,mlp,11,bootstrap,synthetic_only,True,0.9622641509433962,0.972027972027972,0.9695225916453538,0.20051572648270974
breast_cancer,41,202,logistic,,bootstrap,synthetic_only,True,0.9417190775681341,0.951048951048951,0.9468937344156189,0.14133542261230073
breast_cancer,41,202,mlp,7,bootstrap,augment,False,0.9472746331236898,0.958041958041958,0.9542838874680306,0.3621552994375553
breast_cancer,41,202,mlp,11,bootstrap,augment,False,0.9472746331236898,0.958041958041958,0.9542838874680306,0.25545675411368507
breast_cancer,41,202,logistic,,bootstrap,augment,False,0.9417190775681341,0.951048951048951,0.9468937344156189,0.13928085258237116
breast_cancer,41,202,mlp,7,smote,synthetic_only,False,0.9361635220125786,0.9440559440559441,0.9395604395604396,0.4626066736884402
breast_cancer,41,202,mlp,11,smote,synthetic_only,False,0.9361635220125786,0.9440559440559441,0.9395604395604396,0.32823610610419196
breast_cancer,41,202,logistic,,smote,synthetic_only,False,0.9228511530398322,0.9370629370629371,0.9311212202301311,0.18337862939096214
breast_cancer,41,202,mlp,7,smote,augment,False,0.9472746331236898,0.958041958041958,0.9542838874680306,0.372333067001542
breast_cancer,41,202,mlp,11,smote,augment,False,0.9472746331236898,0.958041958041958,0.9542838874680306,0.26233597949002374
breast_cancer,41,202,logistic,,smote,augment,False,0.9417190775681341,0.951048951048951,0.9468937344156189,0.15039046420605717
breast_cancer,41,202,mlp,7,copula,synthetic_only,False,0.9023060796645703,0.916083916083916,0.9085677749360614,0.5409192912680237
breast_cancer,41,202,mlp,11,copula,synthetic_only,False,0.9023060796645703,0.916083916083916,0.9085677749360614,0.45583419436045874
breast_cancer,41,202,logistic,,copula,synthetic_only,False,0.9150943396226415,0.9370629370629371,0.9297987236131566,0.19358839156793803
breast_cancer,41,202,mlp,7,copula,augment,False,0.9528301886792453,0.965034965034965,0.9617340112389617,0.3958477088087332
breast_cancer,41,202,mlp,11,copula,augment,False,0.9378406708595388,0.951048951048951,0.9464276157345465,0.33444274151800335
breast_cancer,41,202,logistic,,copula,augment,False,0.9433962264150944,0.958041958041958,0.9538709677419355,0.15320891978578377
breast_cancer,41,202,mlp,7,ctgan,synthetic_only,False,0.8762054507337527,0.8881118881118881,0.8791208791208791,0.80594987123183
breast_cancer,41,202,mlp,11,ctgan,synthetic_only,False,0.8950733752620545,0.9020979020979021,0.8950733752620545,0.7358558551221387
breast_cancer,41,202,logistic,,ctgan,synthetic_only,False,0.8928721174004193,0.9090909090909091,0.9005084292213006,0.32247756711323333
breast_cancer,41,202,mlp,7,ctgan,augment,False,0.9472746331236898,0.958041958041958,0.9542838874680306,0.29074736456271794
breast_cancer,41,202,mlp,11,ctgan,augment,False,0.9567085953878407,0.965034965034965,0.9620669531540135,0.2596417941318939
breast_cancer,41,202,logistic,,ctgan,augment,False,0.9322851153039833,0.9440559440559441,0.9390451832907076,0.1558032031218238
breast_cancer,41,202,mlp,7,tvae,synthetic_only,False,0.8701257861635221,0.8951048951048951,0.8829978726885943,0.838599460336109
breast_cancer,41,202,mlp,11,tvae,synthetic_only,False,0.8701257861635221,0.8951048951048951,0.8829978726885943,0.7569488920485007
breast_cancer,41,202,logistic,,tvae,synthetic_only,False,0.900104821802935,0.9230769230769231,0.9141984399716359,0.2314633912021729
breast_cancer,41,202,mlp,7,tvae,augment,False,0.9433962264150944,0.958041958041958,0.9538709677419355,0.4264177614349245
breast_cancer,41,202,mlp,11,tvae,augment,False,0.9433962264150944,0.958041958041958,0.9538709677419355,0.3264380537517573
breast_cancer,41,202,logistic,,tvae,augment,False,0.9245283018867925,0.9440559440559441,0.9379070777247069,0.18418208293585855
breast_cancer,41,202,mlp,7,ddpm,synthetic_only,False,0.9289308176100629,0.9300699300699301,0.9256138160632543,0.4105179927806192
breast_cancer,41,202,mlp,11,ddpm,synthetic_only,False,0.9272536687631028,0.9230769230769231,0.919021879021879,0.37097674375224715
breast_cancer,41,202,logistic,,ddpm,synthetic_only,False,0.9417190775681341,0.951048951048951,0.9468937344156189,0.1868458020088241
breast_cancer,41,202,mlp,7,ddpm,augment,False,0.9550314465408805,0.958041958041958,0.9550314465408805,0.31909506409406246
breast_cancer,41,202,mlp,11,ddpm,augment,False,0.960587002096436,0.965034965034965,0.9623783214943435,0.2883299789393521
breast_cancer,41,202,logistic,,ddpm,augment,False,0.9472746331236898,0.958041958041958,0.9542838874680306,0.16288894579792035
breast_cancer,41,202,mlp,7,ctgan_unpacked,synthetic_only,False,0.9061844863731656,0.916083916083916,0.9093406593406593,0.3181416322874689
breast_cancer,41,202,mlp,11,ctgan_unpacked,synthetic_only,False,0.9061844863731656,0.916083916083916,0.9093406593406593,0.35978542610659975
breast_cancer,41,202,logistic,,ctgan_unpacked,synthetic_only,False,0.9078616352201259,0.9230769230769231,0.9158148247257158,0.1839252541746639
breast_cancer,41,202,mlp,7,ctgan_unpacked,augment,False,0.9528301886792453,0.965034965034965,0.9617340112389617,0.34876740862400024
breast_cancer,41,202,mlp,11,ctgan_unpacked,augment,False,0.9528301886792453,0.965034965034965,0.9617340112389617,0.2995068951633198
breast_cancer,41,202,logistic,,ctgan_unpacked,augment,False,0.9378406708595388,0.951048951048951,0.9464276157345465,0.14787311951475218
breast_cancer,41,202,mlp,7,ctgan_one_mode,synthetic_only,False,0.5917190775681342,0.5104895104895105,0.4974899598393574,2.036667019295747
breast_cancer,41,202,mlp,11,ctgan_one_mode,synthetic_only,False,0.590041928721174,0.5034965034965035,0.48652202498356345,2.4956487328791233
breast_cancer,41,202,logistic,,ctgan_one_mode,synthetic_only,False,0.6467505241090147,0.5944055944055944,0.5939091265178222,0.7118764807357039
breast_cancer,41,202,mlp,7,ctgan_one_mode,augment,False,0.9472746331236898,0.958041958041958,0.9542838874680306,0.2979161877106447
breast_cancer,41,202,mlp,11,ctgan_one_mode,augment,False,0.9378406708595388,0.951048951048951,0.9464276157345465,0.2624725021814276
breast_cancer,41,202,logistic,,ctgan_one_mode,augment,False,0.9172955974842767,0.9300699300699301,0.9238064791133844,0.21496878339948883
breast_cancer,41,202,mlp,7,ddpm_unconditional,synthetic_only,False,0.46771488469601674,0.5594405594405595,0.4307109004739337,1.024163324028548
breast_cancer,41,202,mlp,11,ddpm_unconditional,synthetic_only,False,0.3960167714884696,0.45454545454545453,0.38848684210526313,1.190070665411991
breast_cancer,41,202,logistic,,ddpm_unconditional,synthetic_only,False,0.48333333333333334,0.6083916083916084,0.3782608695652174,0.6870784032911437
breast_cancer,41,202,mlp,7,ddpm_unconditional,augment,False,0.8529350104821802,0.8881118881118881,0.8718063648588077,0.31616475965598156
breast_cancer,41,202,mlp,11,ddpm_unconditional,augment,False,0.80020964360587,0.8461538461538461,0.8194444444444444,0.3750431455741115
breast_cancer,41,202,logistic,,ddpm_unconditional,augment,False,0.8301886792452831,0.8741258741258742,0.8522727272727273,0.39626248248341017
breast_cancer,41,202,mlp,7,ddpm_standardized,synthetic_only,False,0.9417190775681341,0.951048951048951,0.9468937344156189,0.4725407405864496
breast_cancer,41,202,mlp,11,ddpm_standardized,synthetic_only,False,0.9322851153039833,0.9440559440559441,0.9390451832907076,0.37619418820002204
breast_cancer,41,202,logistic,,ddpm_standardized,synthetic_only,False,0.900104821802935,0.9230769230769231,0.9141984399716359,0.20290246017479868
breast_cancer,41,202,mlp,7,ddpm_standardized,augment,False,0.9567085953878407,0.965034965034965,0.9620669531540135,0.3353101131327864
breast_cancer,41,202,mlp,11,ddpm_standardized,augment,False,0.9472746331236898,0.958041958041958,0.9542838874680306,0.26775548675402966
breast_cancer,41,202,logistic,,ddpm_standardized,augment,False,0.9378406708595388,0.951048951048951,0.9464276157345465,0.14269666731764266
breast_cancer,41,202,mlp,7,mixture_uniform,synthetic_only,False,0.9211740041928722,0.9300699300699301,0.9244505494505495,0.5061289155677838
breast_cancer,41,202,mlp,11,mixture_uniform,synthetic_only,False,0.8967505241090147,0.9090909090909091,0.901374078200435,0.3791801262010727
breast_cancer,41,202,logistic,,mixture_uniform,synthetic_only,False,0.9284067085953879,0.9440559440559441,0.938494623655914,0.148425849062843
breast_cancer,41,202,mlp,7,mixture_uniform,augment,False,0.9417190775681341,0.951048951048951,0.9468937344156189,0.3723521613392043
breast_cancer,41,202,mlp,11,mixture_uniform,augment,False,0.9322851153039833,0.9440559440559441,0.9390451832907076,0.2524447443695945
breast_cancer,41,202,logistic,,mixture_uniform,augment,False,0.9378406708595388,0.951048951048951,0.9464276157345465,0.14068334652892567
breast_cancer,41,202,mlp,7,mixture_utility,synthetic_only,False,0.9078616352201259,0.9230769230769231,0.9158148247257158,0.430949499902647
breast_cancer,41,202,mlp,11,mixture_utility,synthetic_only,False,0.8911949685534591,0.9020979020979021,0.8942307692307693,0.335959873118329
breast_cancer,41,202,logistic,,mixture_utility,synthetic_only,False,0.9322851153039833,0.9440559440559441,0.9390451832907076,0.16688377879707694
breast_cancer,41,202,mlp,7,mixture_utility,augment,False,0.9417190775681341,0.951048951048951,0.9468937344156189,0.22990632372164055
breast_cancer,41,202,mlp,11,mixture_utility,augment,False,0.9361635220125786,0.9440559440559441,0.9395604395604396,0.22576741398851516
breast_cancer,41,202,logistic,,mixture_utility,augment,False,0.9322851153039833,0.9440559440559441,0.9390451832907076,0.14947493777520116
breast_cancer,41,202,mlp,7,mixture_support,synthetic_only,False,0.9156184486373166,0.9230769230769231,0.9172323072875559,0.46453146449426386
breast_cancer,41,202,mlp,11,mixture_support,synthetic_only,False,0.9006289308176101,0.9090909090909091,0.9021836358852933,0.3982637921298232
breast_cancer,41,202,logistic,,mixture_support,synthetic_only,False,0.9228511530398322,0.9370629370629371,0.9311212202301311,0.1534396666787287
breast_cancer,41,202,mlp,7,mixture_support,augment,False,0.9172955974842767,0.9300699300699301,0.9238064791133844,0.41524399671632295
breast_cancer,41,202,mlp,11,mixture_support,augment,False,0.9211740041928722,0.9300699300699301,0.9244505494505495,0.34024608096558867
breast_cancer,41,202,logistic,,mixture_support,augment,False,0.9433962264150944,0.958041958041958,0.9538709677419355,0.1426452398597751
breast_cancer,41,202,mlp,7,mixture_utility_support,synthetic_only,False,0.9006289308176101,0.9090909090909091,0.9021836358852933,0.5244155325477592
breast_cancer,41,202,mlp,11,mixture_utility_support,synthetic_only,False,0.9006289308176101,0.9090909090909091,0.9021836358852933,0.38842614248123436
breast_cancer,41,202,logistic,,mixture_utility_support,synthetic_only,False,0.9228511530398322,0.9370629370629371,0.9311212202301311,0.19043867764576788
breast_cancer,41,202,mlp,7,mixture_utility_support,augment,False,0.9567085953878407,0.965034965034965,0.9620669531540135,0.34829568019548957
breast_cancer,41,202,mlp,11,mixture_utility_support,augment,False,0.9567085953878407,0.965034965034965,0.9620669531540135,0.30134913782857
breast_cancer,41,202,logistic,,mixture_utility_support,augment,False,0.9322851153039833,0.9440559440559441,0.9390451832907076,0.16264599178320185
