alcohol,malic_acid,ash,alcalinity_of_ash,magnesium,total_phenols,flavanoids,nonflavanoid_phenols,proanthocyanins,color_intensity,hue,od280/od315_of_diluted_wines,proline,class_id
11.806570053100586,1.2070939540863037,2.524948835372925,18.9790096282959,99.3736343383789,2.486717700958252,2.135155200958252,0.4197303354740143,1.0289368629455566,3.2606089115142822,1.2320367097854614,1.9854040145874023,408.374267578125,1
13.25868034362793,2.543196678161621,2.4538066387176514,21.03028106689453,112.62189483642578,1.7518672943115234,0.962482213973999,0.46420007944107056,1.4399518966674805,8.665558815002441,0.7022466659545898,1.6870028972625732,809.625,2
12.482009887695312,1.5327553749084473,2.498281955718994,21.758853912353516,99.64386749267578,1.7757784128189087,1.8663256168365479,0.47241634130477905,1.2825623750686646,3.058945417404175,1.073644757270813,2.2716217041015625,436.5862121582031,1
12.985079765319824,4.243313789367676,2.5157811641693115,23.78414535522461,86.64340209960938,2.080388069152832,0.4013429880142212,0.6081433892250061,1.1210216283798218,4.961994647979736,0.899366557598114,1.922550082206726,632.3457641601562,2
12.249009132385254,1.9007391929626465,2.127418041229248,17.687971115112305,92.81917572021484,2.5326194763183594,2.1862447261810303,0.3826652765274048,1.5278152227401733,2.440305471420288,1.2635831832885742,2.4814953804016113,426.0442199707031,1
13.685848236083984,1.7942763566970825,2.6083908081054688,18.026079177856445,103.83784484863281,2.8225009441375732,3.3043341636657715,0.28235363960266113,1.8644945621490479,4.775203704833984,1.0180312395095825,3.2507991790771484,1104.844970703125,0
12.134028434753418,3.581075668334961,2.334563732147217,21.611751556396484,92.19129180908203,2.107628345489502,0.7230703830718994,0.5881478190422058,1.200775384902954,7.293701171875,0.5728043913841248,1.5922986268997192,695.9638671875,2
13.898613929748535,1.8241277933120728,2.395211696624756,12.541742324829102,100.8630142211914,3.0119290351867676,3.728872299194336,0.2345375269651413,2.5612149238586426,6.594116687774658,1.1166797876358032,2.771064519882202,1385.7786865234375,0
13.783882141113281,1.650071620941162,2.297788619995117,15.95741081237793,109.55655670166016,3.2177681922912598,3.40993070602417,0.26133257150650024,1.87628173828125,6.4330339431762695,0.9158892035484314,2.977421522140503,958.2596435546875,0
14.63586139678955,1.673158884048462,2.4720253944396973,19.37743377685547,128.4141387939453,3.205009698867798,3.3950886726379395,0.18360565602779388,2.548816680908203,6.801786422729492,0.859613299369812,2.9321463108062744,1280.23828125,0
13.156750679016113,5.090700149536133,2.556342601776123,24.04800033569336,99.55304718017578,1.601316213607788,1.0179905891418457,0.563217043876648,1.6806087493896484,8.51966667175293,0.668036937713623,1.56131112575531,734.38916015625,2
13.382478713989258,3.5892109870910645,2.468193769454956,22.337329864501953,95.29957580566406,1.9220010042190552,0.7299634218215942,0.4963904917240143,1.4515984058380127,7.713008880615234,0.6610143184661865,1.7383630275726318,661.424560546875,2
13.169075965881348,1.7413504123687744,2.509103298187256,18.68380355834961,107.37777709960938,2.400996685028076,2.9049384593963623,0.23762303590774536,1.733593463897705,4.305300235748291,1.0579715967178345,3.3797528743743896,764.7350463867188,0
11.018377304077148,2.5419769287109375,2.819446086883545,23.58840560913086,90.548583984375,2.5849339962005615,2.421464204788208,0.4883173108100891,1.3794119358062744,2.9901816844940186,0.8599295020103455,2.5564026832580566,496.30340576171875,1
14.127433776855469,1.9967782497406006,2.632838010787964,14.02324104309082,111.7788314819336,3.9556641578674316,3.9128522872924805,0.27355843782424927,2.186918258666992,8.068147659301758,0.865541934967041,3.308591604232788,1423.6771240234375,0
13.031709671020508,2.537285566329956,2.305236339569092,20.274351119995117,109.95539855957031,1.548307180404663,0.7771925926208496,0.46332913637161255,1.4564573764801025,8.839044570922852,0.600339949131012,1.731499433517456,636.6439819335938,2
12.749567031860352,1.112399935722351,2.39294695854187,22.67074203491211,135.85533142089844,2.352781057357788,2.323477029800415,0.2916449308395386,2.3194103240966797,3.727062225341797,1.0697715282440186,3.0020925998687744,563.1685791015625,1
12.597643852233887,0.7572100162506104,1.9577138423919678,15.286115646362305,131.26800537109375,1.670487403869629,1.857985019683838,0.3549581468105316,2.7414703369140625,3.0914907455444336,1.0120818614959717,1.8793292045593262,609.405029296875,1
13.242444038391113,1.403862476348877,2.537672281265259,32.160194396972656,165.51783752441406,3.4178919792175293,3.087459087371826,0.16460344195365906,2.2008039951324463,4.251684665679932,1.2544987201690674,3.615417957305908,979.1611938476562,1
13.246334075927734,3.2597084045410156,2.3583288192749023,20.99108123779297,113.38712310791016,1.491653323173523,0.8650568723678589,0.43927380442619324,1.529018759727478,8.985040664672852,0.64013671875,1.5467345714569092,665.3978881835938,2
13.640270233154297,1.977016568183899,2.4504106044769287,17.247390747070312,108.17892456054688,3.2241296768188477,3.6067070960998535,0.2940722703933716,1.7476136684417725,5.704705715179443,1.042514443397522,2.983030080795288,1217.480712890625,0
11.792013168334961,1.4278178215026855,2.525113582611084,24.725936889648438,87.6449966430664,1.8680890798568726,1.6211990118026733,0.39955762028694153,1.6447782516479492,1.8514916896820068,1.2417874336242676,2.787766218185425,477.64361572265625,1
12.078198432922363,3.7960870265960693,2.393946409225464,20.798526763916016,88.54254913330078,2.3562562465667725,2.580471992492676,0.26676419377326965,1.696719765663147,2.600940704345703,0.7884988188743591,3.301060914993286,588.179443359375,1
12.7158203125,1.2936805486679077,2.0254435539245605,18.598989486694336,79.93618774414062,2.244346857070923,2.201899290084839,0.3608737885951996,1.6170836687088013,3.4035468101501465,1.1555819511413574,3.0681824684143066,469.8471984863281,1
12.173785209655762,2.03135085105896,2.5620501041412354,22.312877655029297,94.53502655029297,2.316324472427368,1.9094047546386719,0.5220726728439331,1.3218659162521362,3.7366602420806885,1.17386794090271,2.0205483436584473,364.9505615234375,1
13.654623985290527,1.9959379434585571,2.551853656768799,21.249908447265625,115.24090576171875,2.592951536178589,3.1864681243896484,0.2420836240053177,1.9901211261749268,5.946933269500732,1.0864386558532715,3.2335293292999268,1180.812744140625,0
12.480636596679688,2.3910341262817383,2.307288646697998,21.817325592041016,91.4980239868164,1.6578927040100098,1.6152664422988892,0.44860905408859253,1.6084399223327637,2.6066296100616455,1.0853694677352905,2.2713170051574707,461.1622619628906,1
12.351048469543457,1.466994047164917,1.8354110717773438,19.227861404418945,89.92919921875,1.6477999687194824,1.7200860977172852,0.2797733247280121,1.5066057443618774,2.6139230728149414,1.050891399383545,3.1698601245880127,590.413818359375,1
13.614949226379395,1.493513822555542,2.537846803665161,14.975326538085938,103.73799896240234,3.658477306365967,4.056414604187012,0.2040911763906479,2.131396770477295,7.308807373046875,0.9464118480682373,3.008612871170044,1385.066162109375,0
11.396200180053711,2.264827013015747,2.606041193008423,26.57569122314453,90.08949279785156,2.523416757583618,2.049746036529541,0.44699621200561523,1.6500086784362793,2.9493820667266846,1.0212420225143433,3.225902795791626,612.7589111328125,1
12.071749687194824,0.6534088850021362,1.9879381656646729,14.735286712646484,89.37352752685547,2.7482993602752686,2.0271966457366943,0.25864970684051514,1.4191468954086304,3.1467151641845703,1.2426338195800781,2.386528968811035,440.6478576660156,1
12.484771728515625,5.791650772094727,2.770613670349121,27.148658752441406,93.39295959472656,1.6736550331115723,0.6817868947982788,0.6848465204238892,1.01228928565979,5.570443630218506,0.805029034614563,1.3950917720794678,562.4443359375,2
12.82877254486084,1.1747461557388306,1.971024990081787,19.43172264099121,107.21958923339844,1.8801225423812866,1.9891310930252075,0.2942153811454773,1.762477159500122,1.8559513092041016,1.0549753904342651,3.161324977874756,342.0821228027344,1
11.633710861206055,1.280956745147705,2.440668821334839,24.356576919555664,83.31954193115234,1.981520652770996,2.097815990447998,0.4259386658668518,1.4727128744125366,3.4204788208007812,1.0840483903884888,2.8755404949188232,568.584716796875,1
12.635838508605957,3.5769481658935547,2.7613167762756348,24.29551887512207,86.50447845458984,2.1867127418518066,0.6485968828201294,0.6960084438323975,0.9526048302650452,4.3052144050598145,0.8789206147193909,1.7119858264923096,634.212158203125,2
12.741312026977539,0.9400241374969482,1.994452714920044,17.675437927246094,95.63165283203125,1.9128458499908447,1.5218125581741333,0.47491955757141113,0.8700275421142578,4.0698347091674805,1.045353651046753,1.899357795715332,449.3836975097656,1
13.94698715209961,1.5758603811264038,2.42094087600708,15.361095428466797,110.15434265136719,3.477843999862671,3.606227397918701,0.20993179082870483,2.080228328704834,7.271486282348633,0.8865903615951538,3.061004161834717,1295.723388671875,0
12.480684280395508,1.0309516191482544,1.9177387952804565,19.727596282958984,109.79619598388672,1.5766316652297974,1.5993982553482056,0.24593284726142883,1.8597503900527954,1.4089317321777344,1.0107139348983765,3.270749092102051,524.300048828125,1
13.254396438598633,1.6388168334960938,2.3247320652008057,15.035537719726562,101.4167709350586,2.5119571685791016,3.423504114151001,0.18597102165222168,2.881230592727661,7.522183418273926,1.0877716541290283,2.899996042251587,1102.001220703125,0
12.97557544708252,1.4493988752365112,1.908465027809143,12.76164436340332,93.82504272460938,2.8775811195373535,2.612811326980591,0.38395261764526367,2.3621926307678223,3.128087043762207,1.53334641456604,2.277179479598999,563.0543212890625,1
12.132627487182617,2.73816180229187,2.108931064605713,17.073196411132812,85.73538208007812,2.957501173019409,2.765472650527954,0.24106267094612122,1.738914966583252,3.769818067550659,0.9820360541343689,3.4879722595214844,455.6240539550781,1
13.16224193572998,3.2214431762695312,2.272965669631958,19.90015983581543,90.84341430664062,2.060070037841797,1.0021389722824097,0.5261874794960022,1.1997753381729126,6.099844455718994,0.7861207723617554,1.866156816482544,651.7405395507812,2
12.924023628234863,4.002738952636719,2.4950180053710938,22.801647186279297,95.00083923339844,1.8518879413604736,0.7990299463272095,0.5149663686752319,1.5315468311309814,8.62781810760498,0.6604103446006775,1.5513699054718018,641.2042846679688,2
12.825825691223145,3.932422637939453,2.5678329467773438,24.103565216064453,90.73774719238281,2.1612205505371094,0.7101188898086548,0.614595353603363,0.8732428550720215,3.924208641052246,0.8848520517349243,2.0032918453216553,532.7228393554688,2
12.579943656921387,2.0207722187042236,1.9498063325881958,19.10053825378418,85.0594482421875,1.9515937566757202,1.4334778785705566,0.39858654141426086,0.9795269966125488,3.56333589553833,0.9682415127754211,2.4404799938201904,452.4982604980469,1
13.227680206298828,3.676753520965576,2.6594977378845215,25.60214614868164,105.93756103515625,1.758350133895874,1.337057113647461,0.3951483368873596,1.2368054389953613,8.454446792602539,0.7284345626831055,1.6657748222351074,643.5663452148438,2
13.551955223083496,1.521460771560669,2.5581889152526855,15.062238693237305,101.94908142089844,2.991245746612549,3.133260726928711,0.21730512380599976,2.048790216445923,5.928386211395264,0.9844904541969299,3.014002561569214,1025.394775390625,0
12.94919204711914,3.3850929737091064,2.3591651916503906,20.227859497070312,107.01123046875,1.7592976093292236,1.2351109981536865,0.28925734758377075,1.2620129585266113,8.761348724365234,0.6649588346481323,1.702459692955017,560.1561279296875,2
13.375395774841309,1.4175949096679688,2.317796230316162,16.25381851196289,105.4747085571289,2.4965322017669678,2.620807647705078,0.3112282156944275,1.676593542098999,5.116904258728027,1.1564207077026367,3.099342107772827,942.5698852539062,0
12.131869316101074,0.8019667863845825,1.946053385734558,12.344192504882812,135.45083618164062,1.8935086727142334,1.7264374494552612,0.5000475645065308,1.4155489206314087,3.985769748687744,1.1233646869659424,1.6284148693084717,322.15234375,1
12.029398918151855,1.3888046741485596,2.350182056427002,25.072423934936523,88.61041259765625,2.2910196781158447,1.8782858848571777,0.3506036698818207,1.5474028587341309,2.6955788135528564,1.0652135610580444,3.454655647277832,537.2848510742188,1
13.688873291015625,1.7727887630462646,2.7253642082214355,18.727529525756836,109.01130676269531,3.448455810546875,3.6495578289031982,0.22875964641571045,1.8706303834915161,7.027482986450195,0.9182679653167725,3.3289833068847656,1327.5718994140625,0
14.277709007263184,1.610904574394226,2.3885953426361084,17.804258346557617,118.86470794677734,3.242441415786743,3.2603416442871094,0.22620661556720734,2.251634120941162,6.122796535491943,0.9479458928108215,2.882128953933716,1232.8856201171875,0
12.46139144897461,1.3327159881591797,2.148073434829712,18.99079132080078,86.58543395996094,2.404590129852295,2.058183193206787,0.30010485649108887,1.5444340705871582,3.620870590209961,1.107046127319336,3.6374869346618652,582.7233276367188,1
13.89275074005127,1.867304801940918,2.5521111488342285,15.51805305480957,111.69862365722656,3.9169511795043945,4.26524543762207,0.29529088735580444,2.3975260257720947,7.719914436340332,0.9404187798500061,3.254321575164795,1387.9871826171875,0
13.337421417236328,4.471612930297852,2.3836352825164795,23.754405975341797,102.5645751953125,1.764581322669983,0.6223465204238892,0.5686513185501099,1.3287315368652344,7.927423477172852,0.7118821740150452,1.7036197185516357,791.7044677734375,2
12.321609497070312,0.6282522678375244,2.492676019668579,17.907527923583984,127.06840515136719,2.1978015899658203,1.8326046466827393,0.44982779026031494,1.164373755455017,2.997015953063965,1.2392520904541016,1.8759677410125732,354.6004943847656,1
14.077125549316406,1.6857367753982544,2.1669423580169678,12.807184219360352,104.27997589111328,2.9048538208007812,3.7233500480651855,0.17071686685085297,2.7610154151916504,7.306095123291016,1.0536998510360718,3.0520925521850586,1103.0225830078125,0
13.983222007751465,1.6844804286956787,2.4472498893737793,13.204069137573242,108.73408508300781,3.434224843978882,3.6263885498046875,0.21726743876934052,2.7523727416992188,8.035574913024902,0.9671602845191956,2.987325668334961,1384.69677734375,0
13.777101516723633,1.520418405532837,2.5174264907836914,17.373958587646484,113.01524353027344,3.132473945617676,3.411113739013672,0.28490760922431946,1.5371357202529907,5.055556297302246,0.9739918112754822,3.0570805072784424,924.5899047851562,0
12.302689552307129,2.5872015953063965,2.4627256393432617,23.302412033081055,107.83271026611328,2.528062105178833,2.420856237411499,0.3641829490661621,1.5634851455688477,2.0642600059509277,1.001078724861145,3.1026997566223145,580.5482177734375,1
13.103811264038086,6.288673400878906,2.3295814990997314,22.668859481811523,90.8244400024414,1.7424254417419434,0.7973724603652954,0.6409960985183716,1.2922368049621582,6.295289993286133,0.6989170908927917,1.1846643686294556,541.3546142578125,2
12.263654708862305,1.106816053390503,2.389756679534912,21.087604522705078,84.08543395996094,2.073922872543335,1.8591614961624146,0.3091158866882324,1.3807436227798462,3.4757778644561768,1.300523281097412,2.932117223739624,536.0715942382812,1
12.393819808959961,0.8447065353393555,1.920345425605774,17.95195960998535,84.40875244140625,2.2627365589141846,1.755824089050293,0.2650710642337799,0.9490374326705933,3.556826114654541,1.1097142696380615,2.993332624435425,499.0530700683594,1
12.971159934997559,3.160905361175537,2.4545693397521973,21.319461822509766,119.8609619140625,1.4182474613189697,1.7194604873657227,0.2545763850212097,1.0568556785583496,9.350903511047363,0.650273859500885,1.7709856033325195,540.3464965820312,2
13.316571235656738,3.0379128456115723,2.4821295738220215,22.912761688232422,93.3535385131836,1.7471745014190674,0.7298082113265991,0.5987516641616821,1.1650078296661377,6.888915061950684,0.7656378149986267,1.5469200611114502,639.36767578125,2
12.48691177368164,0.8824126720428467,2.0600202083587646,17.712310791015625,97.93355560302734,1.5931090116500854,1.5372060537338257,0.31459832191467285,1.744403600692749,2.699246406555176,1.1793400049209595,2.7374460697174072,412.0918273925781,1
14.657929420471191,2.067206382751465,2.4497058391571045,17.978776931762695,107.17835998535156,3.1289567947387695,3.4374332427978516,0.23560671508312225,2.3760581016540527,6.414346218109131,1.0641510486602783,3.281043529510498,1346.4854736328125,0
12.631662368774414,1.0277209281921387,2.1323013305664062,18.82671356201172,129.91493225097656,1.9723002910614014,2.148249387741089,0.32062914967536926,2.4077541828155518,1.962383508682251,1.1395984888076782,2.7092130184173584,541.5330810546875,1
12.380608558654785,1.5923035144805908,2.4136176109313965,22.030685424804688,106.05774688720703,1.7434556484222412,1.8836532831192017,0.3546864092350006,1.69762122631073,2.0123283863067627,1.1863292455673218,3.0591351985931396,421.02813720703125,1
12.996070861816406,3.9824461936950684,2.3713502883911133,20.474973678588867,91.0591049194336,1.8672994375228882,0.6367967128753662,0.5322026610374451,0.6876270174980164,4.814859867095947,0.8347682952880859,1.7887663841247559,560.2296142578125,2
14.031408309936523,1.9118717908859253,2.5014560222625732,17.1632080078125,120.48934936523438,3.7319726943969727,3.551966667175293,0.2216404378414154,2.2905399799346924,7.357540130615234,0.8729783296585083,3.059081792831421,1605.75048828125,0
11.978330612182617,0.8473294973373413,2.294590950012207,18.485393524169922,94.70397186279297,2.918694496154785,2.4221701622009277,0.32012468576431274,1.549357295036316,3.207082986831665,1.312940001487732,2.4397025108337402,288.0627136230469,1
13.09982967376709,1.5519375801086426,2.528428077697754,30.788299560546875,153.44161987304688,3.0223617553710938,2.7745842933654785,0.23818856477737427,1.9786078929901123,2.9925765991210938,1.3100478649139404,3.3753538131713867,839.963134765625,1
12.42597484588623,1.7047758102416992,2.327585220336914,22.34524154663086,95.34385681152344,2.6332099437713623,2.170597553253174,0.32066044211387634,1.6573200225830078,2.480729579925537,1.1117571592330933,3.474255084991455,697.5875854492188,1
12.75395679473877,0.7908812761306763,2.2246968746185303,24.16977882385254,147.93960571289062,2.0300512313842773,2.3119394779205322,0.2626204490661621,2.286986827850342,3.005408525466919,1.1772207021713257,2.860342264175415,656.087646484375,1
11.784749984741211,1.6228207349777222,2.502413749694824,24.91705894470215,85.25432586669922,1.9156494140625,1.6178388595581055,0.4424228072166443,1.5876609086990356,2.0377845764160156,1.06012761592865,2.440356492996216,600.27099609375,1
14.842057228088379,1.606440782546997,2.5400614738464355,16.146793365478516,108.01041412353516,3.2346553802490234,3.732473850250244,0.2540251612663269,2.6850199699401855,6.854164123535156,1.2145709991455078,3.0129568576812744,1756.7222900390625,0
11.893424987792969,1.5218894481658936,2.4237916469573975,21.885238647460938,84.95691680908203,1.8865209817886353,1.8786725997924805,0.3994159698486328,1.774852991104126,2.0210111141204834,1.2656439542770386,2.8444321155548096,533.835205078125,1
12.775312423706055,3.0553646087646484,2.667593002319336,24.242671966552734,93.03041076660156,1.9048378467559814,0.4889737367630005,0.6429197192192078,1.0719256401062012,4.974631309509277,0.8168100118637085,1.6733899116516113,566.2262573242188,2
12.739447593688965,3.4420433044433594,2.3105344772338867,20.079416275024414,123.49516296386719,1.226899266242981,1.5650694370269775,0.2178725004196167,1.0668962001800537,9.67277717590332,0.616032600402832,1.7760014533996582,588.6756591796875,2
12.371191024780273,2.669693946838379,2.2349889278411865,22.04067039489746,84.94929504394531,1.8811383247375488,1.9821008443832397,0.3682810068130493,1.2808151245117188,3.6878108978271484,0.8527674674987793,2.7341954708099365,565.9118041992188,1
12.229744911193848,1.209641695022583,2.0396103858947754,20.27496337890625,97.18045806884766,1.6210665702819824,1.684920072555542,0.371664822101593,1.6369980573654175,2.5790514945983887,0.9208006262779236,3.0334177017211914,484.7657775878906,1
13.064787864685059,2.004485607147217,2.2162892818450928,19.224214553833008,100.25291442871094,1.7246603965759277,0.9229528903961182,0.5343673229217529,1.3582513332366943,6.9481096267700195,0.6936847567558289,1.5179697275161743,677.13232421875,2
12.00082778930664,2.9951059818267822,2.1094954013824463,15.952848434448242,81.78377532958984,3.22573184967041,3.1442322731018066,0.26328688859939575,3.088831901550293,3.420145034790039,1.2587401866912842,3.033583879470825,472.6909484863281,1
13.746011734008789,1.6060961484909058,2.4838297367095947,20.081554412841797,117.51515197753906,2.7409329414367676,2.6032559871673584,0.19828204810619354,1.9821945428848267,4.454675197601318,0.8925225138664246,3.032999038696289,882.095703125,0
12.579649925231934,2.0317318439483643,2.2337827682495117,22.59688949584961,88.85945129394531,2.064754009246826,2.116765260696411,0.3871385455131531,1.7013792991638184,2.8163952827453613,0.9725644588470459,2.7183358669281006,479.0968322753906,1
12.57598876953125,1.3594658374786377,2.163147449493408,21.412248611450195,97.28707885742188,2.7641725540161133,3.150010585784912,0.26214149594306946,1.5794347524642944,3.4145164489746094,1.086474895477295,3.1786041259765625,440.3813781738281,1
13.373722076416016,1.9867161512374878,2.6231133937835693,17.372474670410156,105.47441864013672,3.130063533782959,3.338871717453003,0.3041386306285858,1.4765933752059937,5.4596686363220215,1.0893008708953857,3.0026354789733887,1301.8369140625,0
13.418462753295898,1.5908567905426025,2.8029751777648926,16.086992263793945,113.99981689453125,2.407510280609131,2.934706211090088,0.3326384425163269,1.4580721855163574,4.649094581604004,1.093557357788086,2.551335573196411,980.85693359375,0
12.482396125793457,1.0142111778259277,1.7586966753005981,13.20083236694336,97.84307098388672,2.10355806350708,1.3742774724960327,0.4001055061817169,0.6249417066574097,4.290863513946533,1.1547876596450806,2.0724644660949707,499.2793273925781,1
13.176336288452148,3.2640929222106934,2.556769847869873,22.95926284790039,117.73594665527344,1.6170588731765747,1.4118072986602783,0.29192668199539185,1.2847981452941895,9.005062103271484,0.6277579069137573,1.5501644611358643,605.2750244140625,2
13.771398544311523,1.5552403926849365,2.2535717487335205,17.270023345947266,108.14501190185547,2.9835011959075928,3.1239235401153564,0.29384565353393555,1.9268666505813599,5.492495536804199,1.1521661281585693,2.960486650466919,1205.5999755859375,0
14.481672286987305,2.1991000175476074,2.6121764183044434,19.845579147338867,113.47853088378906,3.8647842407226562,3.757826328277588,0.17705555260181427,2.2067646980285645,6.812272071838379,0.9345962405204773,3.530179977416992,1616.457763671875,0
12.326577186584473,1.4601953029632568,2.1866488456726074,20.10306167602539,86.84111022949219,2.4177401065826416,2.310906171798706,0.261459082365036,1.6479812860488892,2.6837074756622314,1.050864577293396,3.4961633682250977,583.5309448242188,1
13.932168006896973,1.844909429550171,2.4167425632476807,13.84959602355957,105.56462860107422,3.4886178970336914,3.7596218585968018,0.20883458852767944,2.3849215507507324,7.660854339599609,0.9655632972717285,3.279449701309204,1389.7301025390625,0
12.945056915283203,1.5729913711547852,2.240924596786499,14.518440246582031,105.10276794433594,2.4798102378845215,2.958576202392578,0.32877370715141296,1.610645055770874,3.9979004859924316,1.106868863105774,2.390503406524658,1026.815185546875,0
13.028817176818848,6.260069847106934,2.5659120082855225,24.79597282409668,91.07210540771484,1.8689690828323364,0.8130005598068237,0.6919875144958496,1.4086811542510986,6.13618278503418,0.7782622575759888,1.5666046142578125,499.02667236328125,2
13.792856216430664,1.7716503143310547,2.5657899379730225,14.92729377746582,105.45985412597656,3.541980743408203,4.075432777404785,0.24853423237800598,2.3523075580596924,7.686593532562256,0.9419978857040405,3.1837375164031982,1306.8216552734375,0
12.076396942138672,3.48462176322937,2.4328207969665527,24.744779586791992,87.9361572265625,1.949010968208313,2.1199047565460205,0.5573594570159912,1.6347014904022217,2.9035584926605225,0.8156704902648926,2.289807081222534,522.4952392578125,1
14.13700008392334,1.6047275066375732,2.327672243118286,14.447077751159668,102.81432342529297,2.757495880126953,3.0948493480682373,0.283926784992218,2.185675859451294,5.898938179016113,1.1252422332763672,3.008833646774292,1175.38037109375,0
10.852898597717285,4.5365190505981445,2.322697877883911,17.325904846191406,84.29804229736328,3.15913462638855,2.9778664112091064,0.27449071407318115,1.799133062362671,3.636826276779175,0.6626738905906677,3.4930872917175293,653.20556640625,1
13.942753791809082,1.9511661529541016,2.3441834449768066,14.390827178955078,105.38582611083984,3.2328200340270996,3.547656536102295,0.2384655475616455,2.2426254749298096,6.584829330444336,1.062300205230713,2.832390308380127,1428.188232421875,0
12.918100357055664,2.1383650302886963,2.4844892024993896,21.722326278686523,95.29463958740234,2.0609889030456543,0.7504040002822876,0.551300585269928,1.707244634628296,8.38556957244873,0.734885036945343,1.8482012748718262,643.5724487304688,2
12.595420837402344,3.2888588905334473,2.191725254058838,19.260364532470703,91.03614807128906,2.191697835922241,0.8322551250457764,0.5261650681495667,1.0844013690948486,6.297380447387695,0.7404782772064209,1.642695426940918,605.6812744140625,2
13.783350944519043,1.873399019241333,2.6333162784576416,19.025623321533203,118.87164306640625,3.193535804748535,3.3431801795959473,0.22186629474163055,1.79794180393219,5.91632604598999,0.8995465636253357,3.1977381706237793,1074.33154296875,0
12.636149406433105,3.575263023376465,2.3891587257385254,20.21672821044922,106.68932342529297,1.5776259899139404,1.1669483184814453,0.23748910427093506,1.152827262878418,8.582664489746094,0.6383890509605408,1.819734811782837,550.5878295898438,2
14.105056762695312,1.8038958311080933,2.493136167526245,17.414634704589844,117.9365463256836,3.350101947784424,3.45400071144104,0.2743445038795471,2.298088312149048,6.559568405151367,0.9417773485183716,3.247211217880249,1318.2647705078125,0
11.759384155273438,1.8091018199920654,2.2047135829925537,20.612171173095703,91.93899536132812,2.693638563156128,2.5067050457000732,0.37019744515419006,1.5883532762527466,2.897958993911743,0.8665422201156616,3.0770621299743652,561.199462890625,1
13.723015785217285,2.9097065925598145,2.601223945617676,24.243133544921875,125.8968505859375,1.3007659912109375,1.6006438732147217,0.22640518844127655,1.1407867670059204,9.26025390625,0.5627951622009277,1.0513790845870972,501.31707763671875,2
12.131478309631348,0.8685879707336426,1.7440838813781738,16.125070571899414,86.73316192626953,1.9185391664505005,1.0909976959228516,0.3073955178260803,0.8555029630661011,2.847097396850586,1.0218936204910278,2.7656917572021484,528.8304443359375,1
13.599702835083008,1.70632803440094,2.3934249877929688,20.316749572753906,103.4622573852539,2.7757725715637207,3.014202833175659,0.19215142726898193,2.403761863708496,6.3046369552612305,0.9110212922096252,3.019967794418335,1016.5152587890625,0
13.304750442504883,3.799576759338379,2.5478971004486084,23.38003921508789,109.57678985595703,1.3607338666915894,1.2975714206695557,0.3484449088573456,1.200638771057129,7.489703178405762,0.6922397613525391,1.8094627857208252,767.4496459960938,2
12.246334075927734,1.5605506896972656,2.2696237564086914,19.867774963378906,95.38619995117188,2.706768035888672,2.7049474716186523,0.3209308087825775,1.7396126985549927,2.648751974105835,1.238823652267456,2.9805026054382324,495.6469421386719,1
13.183645248413086,3.4107556343078613,2.5384716987609863,22.70661163330078,113.99553680419922,1.7494165897369385,1.2307376861572266,0.39615997672080994,1.3284474611282349,9.30941390991211,0.6044765710830688,1.3032405376434326,689.8477172851562,2
12.979313850402832,2.6342124938964844,2.585520029067993,23.859943389892578,92.75570678710938,1.9832265377044678,0.6994038820266724,0.45138540863990784,1.4264675378799438,7.5032877922058105,0.8235412240028381,1.8465332984924316,713.8556518554688,2
11.613441467285156,0.7024561166763306,2.4682114124298096,23.808666229248047,105.18391418457031,3.008488416671753,2.3008666038513184,0.3504686951637268,1.4687645435333252,2.319453477859497,1.1301406621932983,3.059209108352661,411.55181884765625,1
12.767908096313477,4.270148277282715,2.3743367195129395,20.936405181884766,100.91744995117188,1.906877875328064,1.2173688411712646,0.45705127716064453,1.402134656906128,10.217945098876953,0.5925611257553101,1.6686595678329468,506.92987060546875,2
13.80842399597168,1.5243693590164185,2.534388303756714,16.259632110595703,110.02596282958984,3.729771375656128,3.9183216094970703,0.22777800261974335,2.392730474472046,8.215962409973145,0.8543938398361206,2.8147523403167725,1280.351318359375,0
11.684355735778809,3.3004560470581055,2.513756275177002,20.612836837768555,94.06156158447266,3.423456907272339,3.336205005645752,0.24695268273353577,2.1580810546875,3.200516700744629,0.681041955947876,3.0046133995056152,485.9327087402344,1
13.845738410949707,1.8589729070663452,2.5841033458709717,16.50606346130371,111.59442901611328,3.193492889404297,3.7754416465759277,0.19896085560321808,2.045893669128418,6.359962463378906,0.8879416584968567,3.293537139892578,1212.41552734375,0
12.265369415283203,1.899275541305542,2.302933931350708,18.029747009277344,90.36436462402344,2.2309823036193848,1.9504990577697754,0.4569767117500305,1.3433289527893066,3.0085794925689697,1.279840111732483,2.3314993381500244,444.811279296875,1
13.675596237182617,1.38547682762146,2.515717029571533,16.137466430664062,104.8997802734375,2.8512916564941406,2.954098701477051,0.2936708927154541,1.3980873823165894,4.466744422912598,1.0523725748062134,3.172689437866211,1018.883056640625,0
12.154099464416504,1.1625053882598877,2.2422091960906982,22.985334396362305,88.33486938476562,2.1305549144744873,1.9820297956466675,0.40789341926574707,1.2486577033996582,3.7729263305664062,1.044089436531067,2.672468900680542,424.2550354003906,1
12.142704963684082,2.235240936279297,2.211836814880371,18.19116973876953,107.22744750976562,1.9139800071716309,1.8555779457092285,0.3865242302417755,2.0342724323272705,2.302618980407715,0.8519913554191589,2.505402088165283,607.3609008789062,1
12.727110862731934,2.9791555404663086,2.3193817138671875,21.90839195251465,112.95580291748047,1.6967072486877441,1.3028929233551025,0.3827458620071411,1.5390998125076294,9.377236366271973,0.6043967008590698,1.6997241973876953,522.5984497070312,2
13.380446434020996,1.9510955810546875,2.479820728302002,20.566423416137695,94.57254028320312,2.232008934020996,2.5723040103912354,0.23128284513950348,1.988077163696289,3.7792224884033203,1.1463313102722168,3.5868031978607178,912.9268188476562,0
13.439177513122559,1.48162043094635,2.498729944229126,17.09821891784668,100.50419616699219,2.733229637145996,2.9286704063415527,0.23506700992584229,1.7093826532363892,5.045758247375488,1.1568046808242798,3.1107122898101807,930.3489990234375,0
13.385448455810547,3.388312816619873,2.682732582092285,25.508983612060547,112.71356201171875,1.428095817565918,1.4598499536514282,0.3276371657848358,1.2642765045166016,9.455537796020508,0.57341468334198,1.1262540817260742,581.8226928710938,2
13.264111518859863,1.6771856546401978,2.7512259483337402,19.518871307373047,106.19902801513672,2.419740915298462,2.7735016345977783,0.2672632336616516,1.684431552886963,5.115987300872803,1.0004351139068604,2.9970579147338867,1183.601806640625,0
12.166705131530762,2.4216177463531494,2.4681639671325684,23.286991119384766,87.4416732788086,2.0776445865631104,1.813866376876831,0.47377312183380127,1.6709498167037964,3.387587547302246,0.8304635286331177,2.7216131687164307,574.7893676757812,1
12.666604995727539,3.0138089656829834,2.6665351390838623,25.991649627685547,93.91864776611328,1.8799893856048584,0.7503341436386108,0.5997940301895142,1.410353422164917,8.995561599731445,0.7290086150169373,1.739567518234253,825.37841796875,2
13.515726089477539,2.5760416984558105,2.566847324371338,25.60474395751953,108.24356842041016,1.6676493883132935,0.6525038480758667,0.5300634503364563,1.3131070137023926,7.70405387878418,0.6508833169937134,1.4810963869094849,787.5106201171875,2
12.39294147491455,0.9803715944290161,1.6009382009506226,14.433560371398926,86.87834930419922,1.9218515157699585,1.223311424255371,0.2714604139328003,0.7528495788574219,2.5599045753479004,1.0978490114212036,2.540003776550293,535.1923828125,1
14.310050964355469,1.567747950553894,2.439732789993286,14.959012985229492,103.85205841064453,3.4516072273254395,4.040688514709473,0.22553394734859467,2.1367383003234863,6.958117485046387,0.9542455077171326,2.924734115600586,1429.9903564453125,0
12.689175605773926,3.9066004753112793,2.397797107696533,21.338621139526367,104.65350341796875,2.012010335922241,1.0092445611953735,0.39664238691329956,1.0596003532409668,6.338845252990723,0.7586828470230103,1.7594757080078125,672.24267578125,2
14.04232120513916,1.322967290878296,2.4989466667175293,14.202539443969727,108.60243225097656,3.499783754348755,3.8142824172973633,0.1972389668226242,1.783500075340271,5.879673957824707,0.8764951229095459,3.0345730781555176,1198.094970703125,0
13.810943603515625,1.6082615852355957,2.2374074459075928,14.388883590698242,111.3678970336914,3.2599844932556152,3.52493953704834,0.24100974202156067,3.0258121490478516,8.911073684692383,1.0093331336975098,2.9525258541107178,1368.99951171875,0
12.030240058898926,1.8601773977279663,2.4472157955169678,22.99656867980957,93.45267486572266,2.6946423053741455,2.7082748413085938,0.4145462214946747,1.7663546800613403,2.5205366611480713,0.9218935966491699,2.887986898422241,526.8388671875,1
12.233521461486816,1.0121078491210938,2.0518720149993896,19.04546546936035,89.150634765625,2.3819637298583984,1.989648461341858,0.3363577723503113,1.122631311416626,2.7149569988250732,1.0743600130081177,3.0959792137145996,553.6427001953125,1
13.037933349609375,1.5682281255722046,2.614152431488037,27.77677345275879,141.91807556152344,3.6499180793762207,3.3311848640441895,0.2230970859527588,2.376332998275757,3.7232909202575684,1.3816603422164917,3.7458431720733643,1144.931640625,1
12.96662712097168,2.6809866428375244,2.464797258377075,24.697126388549805,101.72496032714844,2.044328212738037,0.7833492755889893,0.5543866157531738,1.3947538137435913,9.116671562194824,0.6300668716430664,1.5872807502746582,720.2438354492188,2
12.549275398254395,3.142408609390259,2.555745840072632,25.02142333984375,107.42756652832031,1.7863075733184814,0.9203906059265137,0.47594788670539856,1.2307567596435547,7.772000312805176,0.6779335737228394,1.670457363128662,789.03564453125,2
12.420282363891602,1.1896946430206299,2.0689806938171387,20.53249168395996,90.26142120361328,2.016524076461792,1.7647844552993774,0.37968531250953674,1.3463832139968872,3.2424402236938477,0.9684867858886719,2.6761624813079834,297.95391845703125,1
12.332757949829102,6.039940357208252,2.55485463142395,23.217449188232422,79.14921569824219,1.9499971866607666,2.0713889598846436,0.3924492597579956,2.1033129692077637,3.0422000885009766,0.6139365434646606,2.8645334243774414,582.2822875976562,1
13.220325469970703,1.6423089504241943,2.7905194759368896,19.42105484008789,99.21715545654297,2.2259440422058105,2.4468770027160645,0.2513023614883423,1.3155564069747925,3.266902446746826,1.1051253080368042,3.3117947578430176,884.1339111328125,0
13.706804275512695,1.6576036214828491,2.496906042098999,14.164507865905762,116.45402526855469,3.963176727294922,4.218508720397949,0.21530036628246307,1.8457612991333008,7.646806716918945,0.8477045893669128,2.9725868701934814,1463.7579345703125,0
12.367010116577148,1.854222059249878,2.1435587406158447,20.30014991760254,98.63790130615234,1.8363795280456543,0.7254354953765869,0.5333564281463623,1.1619312763214111,7.350074768066406,0.5732829570770264,1.5905170440673828,501.06402587890625,2
13.271960258483887,2.771317958831787,2.4513847827911377,23.368968963623047,113.24064636230469,1.2725722789764404,0.9915132522583008,0.4710458517074585,1.49738347530365,9.563372611999512,0.5794116258621216,1.1633986234664917,639.3679809570312,2
14.054036140441895,1.8130507469177246,2.395200729370117,16.098339080810547,102.57233428955078,3.1038684844970703,3.022418975830078,0.2646094262599945,1.9423441886901855,5.215638637542725,1.098323941230774,3.470562696456909,1026.9527587890625,0
13.434772491455078,2.175856590270996,2.5547008514404297,19.52889060974121,86.9595947265625,2.278167724609375,1.2724229097366333,0.5626939535140991,1.7044378519058228,8.772710800170898,0.802543580532074,1.8324151039123535,699.2732543945312,2
12.808296203613281,4.806447505950928,2.8012375831604004,24.978443145751953,96.20540618896484,2.10677170753479,0.2601059675216675,0.5530007481575012,0.5114319324493408,4.218039512634277,0.8740971684455872,1.7444431781768799,355.7693176269531,2
10.900612831115723,2.0151491165161133,2.891716480255127,26.671039581298828,96.9891128540039,2.387023687362671,1.9360634088516235,0.5556319355964661,1.3355296850204468,1.7796003818511963,1.1799125671386719,2.684339761734009,454.0868835449219,1
13.16232681274414,2.6065807342529297,2.508273124694824,24.22574234008789,88.1671371459961,2.217651844024658,0.49575579166412354,0.5939724445343018,1.615933895111084,7.605499267578125,0.6902614831924438,1.59809148311615,778.7911376953125,2
12.145590782165527,1.086867332458496,2.3200860023498535,19.457143783569336,94.44452667236328,2.0440423488616943,1.9436298608779907,0.3732374906539917,1.34166419506073,2.975555419921875,1.1218147277832031,2.7142581939697266,370.5230712890625,1
14.216302871704102,1.7033098936080933,2.5624871253967285,18.179750442504883,109.48283386230469,3.5912821292877197,3.606748104095459,0.22457222640514374,1.9469926357269287,7.585614204406738,0.9092482328414917,3.189251661300659,1365.44091796875,0
13.06176471710205,3.005035877227783,2.647454261779785,23.57513427734375,106.01544189453125,2.1487226486206055,0.7458027601242065,0.5242864489555359,0.6672773361206055,5.163346767425537,0.9091012477874756,2.0704236030578613,687.7022094726562,2
12.855029106140137,5.474674224853516,2.529961585998535,24.572568893432617,104.572265625,1.3947044610977173,0.5898977518081665,0.5834138989448547,1.2747118473052979,8.50139045715332,0.6179243326187134,1.3481853008270264,658.4317016601562,2
13.67393684387207,1.7371368408203125,2.3898425102233887,19.51554298400879,108.06503295898438,2.785818576812744,3.070110559463501,0.23390792310237885,1.7921618223190308,5.186925411224365,1.0537420511245728,3.3276193141937256,1008.727294921875,0
12.246859550476074,1.1164301633834839,1.9010910987854004,19.363605499267578,81.53680419921875,2.046417236328125,1.6396249532699585,0.3291856348514557,1.1544532775878906,2.28082013130188,1.0631359815597534,2.883683919906616,620.3773803710938,1
12.270493507385254,2.467219829559326,2.331742525100708,22.025146484375,90.21469116210938,2.364229440689087,2.4256980419158936,0.3964272141456604,2.2361245155334473,2.65478777885437,1.1626869440078735,3.184694766998291,511.9554748535156,1
14.214812278747559,1.905125379562378,2.4996109008789062,17.107744216918945,112.85872650146484,3.964454174041748,3.8116602897644043,0.2551838755607605,2.202714443206787,7.562661647796631,0.9598566889762878,3.3264377117156982,1545.512939453125,0
13.996100425720215,1.5293703079223633,2.446070432662964,16.41126251220703,107.71444702148438,2.9688656330108643,3.1651132106781006,0.25824111700057983,1.764097809791565,5.173526287078857,1.0080689191818237,3.3339619636535645,1036.75390625,0
12.540925025939941,2.8025143146514893,2.066972255706787,18.599416732788086,106.74761962890625,1.8030927181243896,1.0324136018753052,0.4485960304737091,1.1117351055145264,8.757575035095215,0.6104496717453003,1.1722372770309448,513.6853637695312,2
12.526654243469238,0.656660795211792,1.7776176929473877,13.549959182739258,88.1599349975586,2.3872318267822266,1.6020140647888184,0.3327799439430237,0.7112892270088196,2.397132396697998,1.179832100868225,1.8281888961791992,372.7352294921875,1
12.067465782165527,3.7888760566711426,2.2651209831237793,19.682025909423828,87.3020248413086,2.5948009490966797,2.449179172515869,0.3723509907722473,1.8922358751296997,2.1966004371643066,0.7424333095550537,3.3347785472869873,613.157958984375,1
13.387375831604004,1.6823989152908325,2.4523606300354004,21.90666961669922,104.36351776123047,1.8192789554595947,0.6256173849105835,0.57606041431427,2.0568768978118896,9.791714668273926,0.6508208513259888,1.673602819442749,746.4249267578125,2
12.639235496520996,5.896416187286377,2.6121666431427,26.888599395751953,93.84757995605469,1.9696717262268066,0.5930464267730713,0.7706067562103271,1.2580784559249878,6.0691094398498535,0.7685477137565613,1.5565412044525146,636.856201171875,2
12.336617469787598,2.384793281555176,2.0742592811584473,19.610549926757812,81.40103912353516,2.636197328567505,2.9046480655670166,0.36677515506744385,2.0152206420898438,3.0337679386138916,1.1988729238510132,3.1554131507873535,473.1119384765625,1
13.837148666381836,1.5881907939910889,2.4435205459594727,17.731239318847656,106.78411102294922,3.6782639026641846,3.5318422317504883,0.22202236950397491,2.4332046508789062,7.522099494934082,0.9045424461364746,3.242461681365967,1287.583251953125,0
13.056772232055664,1.8977349996566772,2.729970693588257,19.809415817260742,109.6905517578125,2.4069132804870605,2.6280219554901123,0.3151271939277649,1.6428712606430054,3.9701061248779297,1.00087571144104,3.107347011566162,870.7343139648438,0
13.589761734008789,1.8158273696899414,2.35435152053833,16.436237335205078,103.92986297607422,2.9281880855560303,3.1182141304016113,0.2693210542201996,2.0217573642730713,5.607656478881836,1.0503383874893188,3.239715099334717,875.7455444335938,0
11.959710121154785,3.275909423828125,2.240327835083008,19.26445770263672,84.44221496582031,2.5589940547943115,2.921194076538086,0.1585862636566162,2.6817970275878906,2.5460832118988037,0.835092306137085,3.302431106567383,471.19671630859375,1
12.483020782470703,3.984604835510254,2.6163341999053955,21.455963134765625,91.3940658569336,2.648089647293091,0.8797212839126587,0.6244427561759949,0.8505271077156067,6.739047050476074,0.7136951684951782,1.6922035217285156,437.2096252441406,2
12.12544059753418,1.8385436534881592,2.4376890659332275,21.949743270874023,93.84392547607422,2.3109235763549805,2.436171054840088,0.3761748969554901,1.3494830131530762,3.5520272254943848,1.0734491348266602,3.08270001411438,511.32977294921875,1
12.220561981201172,1.3796567916870117,2.3894495964050293,20.859405517578125,93.49687194824219,2.04925799369812,1.9923280477523804,0.37030652165412903,1.3173877000808716,3.3825762271881104,1.3073054552078247,2.7091543674468994,418.549560546875,1
12.553705215454102,2.2086634635925293,2.3624496459960938,20.856077194213867,87.39466857910156,2.275282144546509,0.5357203483581543,0.6377328634262085,1.3326729536056519,5.863787651062012,0.743982195854187,1.62449312210083,666.1669921875,2
13.108214378356934,3.3478245735168457,2.330812931060791,21.214040756225586,110.64598846435547,1.7993261814117432,0.8435190916061401,0.38803964853286743,1.3676273822784424,8.518199920654297,0.6474286317825317,1.3871785402297974,522.6563110351562,2
11.727581977844238,2.441873073577881,2.373432159423828,22.444438934326172,85.52973175048828,2.931605815887451,2.981977939605713,0.4199253022670746,1.7529182434082031,2.819828748703003,0.9887808561325073,3.060906410217285,437.9917907714844,1
13.63929271697998,2.001314878463745,2.465904474258423,16.40979766845703,107.13895416259766,3.192014455795288,3.6370370388031006,0.22046534717082977,1.8357785940170288,6.871703624725342,0.8908390998840332,3.128776788711548,1154.3568115234375,0
13.260237693786621,1.8121205568313599,2.631059408187866,18.29905128479004,105.40151977539062,2.5283398628234863,2.8496341705322266,0.31533828377723694,1.4746687412261963,5.093813896179199,1.0983641147613525,2.6394989490509033,1104.27294921875,0
14.501443862915039,1.9861500263214111,2.2597715854644775,13.15377140045166,115.11589813232422,3.4822006225585938,3.915818214416504,0.22312089800834656,2.3526697158813477,6.561371803283691,0.9797061681747437,3.0940027236938477,1227.60595703125,0
12.4446382522583,3.282569169998169,2.2795095443725586,20.258195877075195,111.80658721923828,2.0139756202697754,1.1765505075454712,0.27136141061782837,1.1048814058303833,8.28042984008789,0.6403314471244812,1.5728734731674194,606.3224487304688,2
12.450892448425293,1.9199860095977783,2.173238754272461,20.60562515258789,86.60523986816406,2.2779932022094727,2.244006872177124,0.3522174060344696,1.7441480159759521,1.770432949066162,1.052635908126831,3.408865213394165,338.2362976074219,1
13.174256324768066,1.224412441253662,2.908127784729004,15.41852855682373,109.29298400878906,2.4236679077148438,2.6810965538024902,0.384032666683197,1.52379310131073,4.569220542907715,1.0785140991210938,2.7601046562194824,1036.7421875,0
13.494390487670898,1.6496694087982178,2.444863796234131,16.954280853271484,101.72000122070312,3.518908977508545,3.861879825592041,0.1322532445192337,2.3050923347473145,6.857029438018799,0.975578248500824,3.0412707328796387,1214.274169921875,0
12.701586723327637,3.1221868991851807,2.3184871673583984,22.704147338867188,85.3559799194336,1.7357357740402222,1.833326816558838,0.5113577842712402,1.8316916227340698,3.6281423568725586,0.9139488339424133,2.577332019805908,515.503662109375,1
12.50611400604248,2.1248955726623535,2.2055342197418213,22.953609466552734,94.78462982177734,2.190281629562378,2.1107699871063232,0.4291728734970093,1.8215744495391846,2.309516429901123,1.1089941263198853,2.9587643146514893,501.9832763671875,1
13.469478607177734,1.617567777633667,2.187258243560791,11.254715919494629,97.1790771484375,2.778231382369995,3.4582529067993164,0.2515637278556824,2.6474242210388184,6.647045135498047,1.1540858745574951,2.6178407669067383,1291.6971435546875,0
11.487836837768555,3.8241324424743652,2.328542709350586,18.523208618164062,77.73255920410156,3.378108024597168,3.042569160461426,0.2336914837360382,2.3628804683685303,3.447324752807617,0.6906709671020508,3.634672164916992,455.7780456542969,1
12.644601821899414,1.0929369926452637,2.2450408935546875,21.428939819335938,154.42247009277344,2.323518991470337,2.4411916732788086,0.3464581370353699,2.998047351837158,4.058806896209717,1.170298457145691,2.821260452270508,1020.432861328125,1
13.377385139465332,1.916770100593567,2.5916781425476074,18.170459747314453,104.57767486572266,2.9183902740478516,3.1395115852355957,0.2708856463432312,1.5642821788787842,4.712851524353027,0.9936636090278625,3.346172571182251,1012.3587646484375,0
13.727288246154785,1.5933367013931274,2.610495090484619,21.440317153930664,98.59352111816406,2.0293118953704834,2.894575357437134,0.24943017959594727,1.688738465309143,3.683363914489746,1.1389888525009155,3.126587152481079,1120.540771484375,0
13.039711952209473,4.952762603759766,2.521035671234131,22.207612991333008,96.07852935791016,1.960905909538269,0.7837231159210205,0.525958776473999,0.6897463798522949,4.538265705108643,0.9796534776687622,1.836379885673523,477.6588439941406,2
11.309839248657227,1.9861340522766113,2.5645251274108887,24.737354278564453,89.9488525390625,2.0485992431640625,2.0585672855377197,0.4879035949707031,1.2541707754135132,2.48048996925354,1.0634846687316895,2.812343120574951,577.6615600585938,1
12.111607551574707,1.1456642150878906,2.168668270111084,16.83187484741211,95.67591094970703,2.5941152572631836,2.2194836139678955,0.34546762704849243,1.0321414470672607,2.865640878677368,1.3277220726013184,2.0275564193725586,392.87786865234375,1
12.595809936523438,4.331852912902832,2.417717695236206,23.88857078552246,94.40730285644531,1.9431524276733398,0.554734468460083,0.5818241238594055,1.2592114210128784,6.972082138061523,0.6006263494491577,1.303368091583252,721.7756958007812,2
13.213509559631348,1.9615991115570068,2.5076208114624023,19.39616584777832,95.94660949707031,2.443751811981201,0.7392410039901733,0.6059670448303223,1.5772885084152222,10.113654136657715,0.6613980531692505,1.5644406080245972,553.328125,2
14.080595970153809,1.9327218532562256,2.5795865058898926,16.711414337158203,111.97472381591797,3.5520238876342773,3.7475314140319824,0.20259086787700653,1.951296091079712,7.1244940757751465,0.9051772356033325,3.429272174835205,1376.793212890625,0
12.658002853393555,2.272289991378784,2.333632469177246,22.604768753051758,85.76078796386719,1.722228765487671,1.4979796409606934,0.46634921431541443,1.4814181327819824,3.2733206748962402,1.0080829858779907,2.550720691680908,610.3020629882812,1
13.155369758605957,2.0870373249053955,2.448765993118286,18.196054458618164,101.6998519897461,2.3006064891815186,2.8966708183288574,0.2780776619911194,1.4186854362487793,5.0022993087768555,1.1174145936965942,2.7697811126708984,1066.857666015625,0
13.998193740844727,1.6682215929031372,2.4118247032165527,17.327577590942383,101.2085952758789,2.937528610229492,3.396963119506836,0.2444961667060852,1.8612650632858276,4.999969959259033,1.0868560075759888,3.347627639770508,1065.215576171875,0
13.609232902526855,1.7915174961090088,2.5225467681884766,18.863563537597656,114.96365356445312,3.314511299133301,3.1651358604431152,0.17748865485191345,2.1612777709960938,6.10881233215332,0.9182785749435425,3.292654514312744,1159.637939453125,0
13.801387786865234,1.708906650543213,2.4774906635284424,16.66092300415039,113.94129943847656,3.586948871612549,3.924677848815918,0.2635715901851654,2.0332324504852295,7.228476047515869,0.9546636343002319,3.0718274116516113,1392.804443359375,0
13.451650619506836,1.669480800628662,2.742642402648926,16.555973052978516,112.25200653076172,3.1341419219970703,3.3035807609558105,0.3315409719944,1.3794010877609253,5.738917350769043,1.032586932182312,2.8590598106384277,1313.2359619140625,0
12.36123275756836,1.1782654523849487,2.091797351837158,16.808670043945312,92.90420532226562,2.5484671592712402,1.9338799715042114,0.322272926568985,1.0175701379776,4.026174545288086,1.1647984981536865,2.900761365890503,456.8586120605469,1
14.193634986877441,1.921189546585083,2.627882957458496,15.750795364379883,119.17767333984375,3.9574625492095947,3.8126890659332275,0.28989851474761963,1.8424723148345947,7.988569259643555,0.722869873046875,3.200728416442871,1422.2452392578125,0
12.24000358581543,4.174060821533203,2.7172820568084717,26.971845626831055,97.90252685546875,1.9809989929199219,0.4199373722076416,0.5963169932365417,1.099207878112793,8.145486831665039,0.7516994476318359,1.3650673627853394,866.3963623046875,2
14.236844062805176,2.0809521675109863,2.438297986984253,15.10307502746582,103.35637664794922,2.951155662536621,3.6723341941833496,0.2787265181541443,2.242898941040039,6.002767562866211,1.274376630783081,2.8348562717437744,1530.189697265625,0
14.045476913452148,1.819077730178833,2.441645622253418,15.942462921142578,104.31874084472656,3.133185386657715,3.613095283508301,0.1787423938512802,2.584538459777832,7.082109451293945,1.0032849311828613,3.1437137126922607,1336.220947265625,0
12.176319122314453,1.5898970365524292,2.1030240058898926,22.905014038085938,79.94074249267578,2.176245927810669,1.8241158723831177,0.34951043128967285,1.1984572410583496,3.5892553329467773,1.0832637548446655,3.402498722076416,528.7440795898438,1
12.821428298950195,4.306654453277588,2.486438751220703,22.422958374023438,88.06522369384766,1.95370614528656,1.3208143711090088,0.5012282133102417,1.9691627025604248,3.574953556060791,0.8242990970611572,2.542407989501953,541.1935424804688,1
12.96764850616455,3.299553394317627,2.1479225158691406,21.262338638305664,110.60084533691406,1.6801269054412842,0.6554961204528809,0.6131585836410522,1.3643988370895386,10.763273239135742,0.5282013416290283,1.486135482788086,816.373291015625,2
11.604924201965332,3.1075897216796875,2.4066195487976074,21.70514678955078,91.71513366699219,2.6136112213134766,2.919480800628662,0.4377427101135254,2.1740496158599854,2.0358145236968994,1.0225646495819092,2.906018018722534,355.72406005859375,1
12.394072532653809,4.979283332824707,2.606579303741455,24.768720626831055,91.49472045898438,1.8594927787780762,0.77092444896698,0.5880649089813232,1.0936992168426514,6.428287506103516,0.8247301578521729,1.8935014009475708,647.0230712890625,2
14.199158668518066,1.6793482303619385,2.5144548416137695,13.611391067504883,104.59632873535156,3.521599769592285,3.948793411254883,0.3114784061908722,2.4330320358276367,7.376695156097412,1.1502410173416138,3.037235975265503,1505.9122314453125,0
11.99389362335205,1.5475032329559326,2.1566214561462402,17.530166625976562,92.70277404785156,2.4442973136901855,1.8336248397827148,0.3851073682308197,1.1773650646209717,2.8237476348876953,1.019714593887329,2.460681676864624,455.70684814453125,1
13.220093727111816,5.133487701416016,2.4332690238952637,20.668088912963867,91.2192611694336,2.033360481262207,0.5037115812301636,0.5325018167495728,1.0524723529815674,5.155857563018799,0.8831704258918762,1.882826566696167,574.5648193359375,2
14.126485824584961,1.7111907005310059,2.458998918533325,15.524667739868164,111.30565643310547,4.07255220413208,3.870706081390381,0.21303792297840118,1.9702141284942627,6.995981693267822,0.7927345037460327,3.451169013977051,1440.3463134765625,0
13.460867881774902,1.5019783973693848,2.402103900909424,18.597375869750977,109.9743881225586,2.9353187084198,3.1754815578460693,0.22841231524944305,1.9300518035888672,5.718352794647217,0.9677460193634033,2.995774030685425,1116.453125,0
12.18589973449707,1.2290725708007812,2.2911877632141113,20.38326072692871,90.59197998046875,2.8473613262176514,2.5497469902038574,0.3067745268344879,1.5026555061340332,3.424160957336426,1.0426493883132935,3.1544928550720215,514.2467651367188,1
13.237895011901855,1.6016710996627808,2.6768414974212646,21.655981063842773,83.50389099121094,2.6216135025024414,0.9221059083938599,0.5274752974510193,2.1052982807159424,10.380146026611328,0.6599746346473694,1.8267366886138916,696.4903564453125,2
12.266047477722168,1.29841947555542,1.8661760091781616,16.347049713134766,88.4631118774414,2.40240216255188,1.8961135149002075,0.24527791142463684,1.1516480445861816,3.037459373474121,0.9757229685783386,3.1992874145507812,611.0469970703125,1
12.613160133361816,2.804415464401245,2.465543270111084,23.279796600341797,88.08834075927734,2.0210750102996826,1.8805975914001465,0.4649288058280945,1.6306246519088745,3.026181221008301,0.7956566214561462,2.3656625747680664,539.7401123046875,1
13.536638259887695,1.3739216327667236,2.5110998153686523,18.82807159423828,113.3656234741211,3.0029706954956055,3.1545908451080322,0.2569335699081421,1.7173750400543213,5.467581272125244,1.0305131673812866,2.834550142288208,1135.0823974609375,0
12.23973560333252,1.5677170753479004,2.381682872772217,22.081972122192383,98.94575500488281,2.1804347038269043,2.198758840560913,0.33038046956062317,1.4874391555786133,3.1524136066436768,1.2825729846954346,3.1618165969848633,557.8385009765625,1
12.232629776000977,1.8303463459014893,2.3393731117248535,21.275585174560547,88.13822174072266,2.1454343795776367,1.6726202964782715,0.46591323614120483,1.380540132522583,3.216240406036377,1.102323293685913,2.360847234725952,495.9224548339844,1
13.115187644958496,2.0944831371307373,2.4971182346343994,22.309955596923828,92.39816284179688,2.3122198581695557,0.8691825866699219,0.6102410554885864,1.9615719318389893,10.1273193359375,0.5295367240905762,1.8742003440856934,579.057861328125,2
11.523283004760742,2.0376288890838623,2.638719081878662,25.95697021484375,84.04071044921875,2.335684061050415,1.6443181037902832,0.528475821018219,1.3703548908233643,3.4520115852355957,0.8496489524841309,2.2729029655456543,551.2295532226562,1
12.069073677062988,3.848496437072754,2.7191267013549805,27.494861602783203,94.43156433105469,2.016496419906616,0.3364664316177368,0.7413091659545898,1.2315759658813477,6.7541303634643555,0.6964173316955566,1.6085054874420166,804.8680419921875,2
13.788161277770996,1.975799798965454,2.37086820602417,15.953069686889648,106.48878479003906,2.9497451782226562,3.1688904762268066,0.255560040473938,1.7706952095031738,4.892803192138672,0.9910783767700195,3.1366467475891113,674.9859619140625,0
13.6419095993042,1.9368146657943726,2.259751796722412,16.920969009399414,100.89840698242188,2.6911325454711914,3.0088818073272705,0.27324172854423523,1.6044517755508423,5.132842540740967,1.0699965953826904,2.6274750232696533,966.3413696289062,0
14.063655853271484,1.8201229572296143,2.472869873046875,15.087017059326172,112.40492248535156,3.2919821739196777,3.562808036804199,0.26081082224845886,1.9266635179519653,5.974776744842529,0.9260185956954956,3.206110954284668,1057.5013427734375,0
12.719353675842285,1.9364793300628662,2.0219223499298096,17.9704647064209,85.74128723144531,2.5157904624938965,2.7511444091796875,0.30376264452934265,2.4794774055480957,2.4614603519439697,1.309604287147522,2.8784914016723633,491.5247802734375,1
13.116169929504395,1.1333198547363281,2.4456188678741455,26.34342384338379,150.13671875,2.689265251159668,2.5066659450531006,0.32611915469169617,2.2299163341522217,2.511216878890991,1.1881091594696045,3.0313796997070312,792.9004516601562,1
13.79935359954834,2.4066176414489746,2.542102098464966,22.76280975341797,116.28376770019531,1.8135128021240234,0.6929153203964233,0.5407557487487793,1.803816318511963,10.56951904296875,0.5924488306045532,1.5786148309707642,823.1736450195312,2
12.539777755737305,2.6224193572998047,2.278787136077881,21.273576736450195,93.00875854492188,2.076038360595703,0.7303520441055298,0.6329312324523926,1.2978739738464355,6.382561683654785,0.6548445224761963,1.6053727865219116,640.0632934570312,2
13.228139877319336,3.015176773071289,2.634150505065918,24.295961380004883,105.94950866699219,1.7031056880950928,0.9014948606491089,0.48079749941825867,1.407030701637268,9.201915740966797,0.6581714153289795,1.7098898887634277,608.7091064453125,2
11.420269966125488,2.2969813346862793,2.8430678844451904,28.292232513427734,85.570556640625,2.00213623046875,1.324889898300171,0.5097675323486328,1.3091423511505127,2.5118377208709717,1.1377695798873901,2.3809826374053955,784.4585571289062,1
11.393499374389648,2.7215564250946045,2.4048731327056885,21.929794311523438,84.62222290039062,2.476266384124756,2.186861753463745,0.3565576374530792,1.612229585647583,3.2515981197357178,0.7752329111099243,3.2825613021850586,523.0556030273438,1
13.383772850036621,3.8077521324157715,2.4918012619018555,23.492815017700195,111.3707504272461,1.4388022422790527,1.7544429302215576,0.27906525135040283,1.2607872486114502,9.435586929321289,0.5635327100753784,1.4691948890686035,392.65606689453125,2
11.644923210144043,2.5768678188323975,2.6227622032165527,25.23487091064453,91.94988250732422,2.593820095062256,2.3665084838867188,0.49842527508735657,1.6496134996414185,3.087224006652832,0.9030776619911194,2.588531255722046,539.1019287109375,1
13.082330703735352,1.534737467765808,2.6017026901245117,17.708955764770508,98.30058288574219,2.4529781341552734,2.7229490280151367,0.2347167283296585,1.495108962059021,3.9230451583862305,1.0210739374160767,3.174006700515747,1029.9267578125,0
13.549160957336426,1.991981029510498,2.776918888092041,24.603153228759766,102.09815216064453,1.6429963111877441,0.9006073474884033,0.46423494815826416,1.6311534643173218,8.58134651184082,0.617286205291748,1.9332773685455322,621.897705078125,2
12.457854270935059,2.445702075958252,2.394510269165039,17.642589569091797,94.22460174560547,2.4078421592712402,2.2431111335754395,0.5338079929351807,2.444824457168579,2.85038685798645,1.2154200077056885,2.555206060409546,434.8275146484375,1
13.437766075134277,7.108952522277832,2.2702770233154297,21.331363677978516,86.20974731445312,1.778991460800171,0.6813331842422485,0.6410272121429443,1.144106149673462,6.63547420501709,0.7613349556922913,1.516924262046814,733.6224365234375,2
13.991464614868164,1.8484469652175903,2.5654356479644775,18.360366821289062,116.76172637939453,3.4472222328186035,3.9342851638793945,0.23129117488861084,2.3057861328125,7.925018310546875,0.9682084321975708,3.040299415588379,1601.740478515625,0
12.51320743560791,2.1420834064483643,2.319612741470337,21.955039978027344,92.74919128417969,1.9483137130737305,0.3371182680130005,0.6235094666481018,1.1325311660766602,5.731870174407959,0.7589765787124634,1.59241783618927,664.6107788085938,2
12.810449600219727,2.8255155086517334,2.468215227127075,22.436359405517578,94.55216217041016,2.0137033462524414,0.6651568412780762,0.5136205554008484,0.7007235884666443,5.76869010925293,0.8918828964233398,1.9911713600158691,727.2305908203125,2
11.932825088500977,2.407644510269165,2.317894458770752,19.110214233398438,89.7435302734375,3.1426727771759033,3.113029956817627,0.23645353317260742,1.864701747894287,3.309140205383301,0.8194013237953186,3.2704668045043945,446.8213195800781,1
14.254960060119629,1.9805611371994019,2.5697736740112305,12.88963508605957,113.0433349609375,4.102818012237549,4.554535865783691,0.21781820058822632,1.6351014375686646,7.154423713684082,0.7960114479064941,3.2863047122955322,1332.610595703125,0
12.571866989135742,1.2514526844024658,1.9784568548202515,18.19646644592285,93.30274200439453,2.421873092651367,1.945766568183899,0.3602019250392914,1.8096308708190918,3.5229530334472656,1.1332952976226807,2.7269980907440186,583.500732421875,1
12.231624603271484,0.8375399112701416,2.193653106689453,18.935152053833008,92.42027282714844,3.0533335208892822,2.4020233154296875,0.3231087028980255,1.2956092357635498,4.5556745529174805,1.2060917615890503,2.7902514934539795,401.04388427734375,1
14.070425033569336,1.61903715133667,2.7468998432159424,17.21872901916504,104.57392120361328,2.5340042114257812,2.7899587154388428,0.37760478258132935,1.7982310056686401,5.710574150085449,1.0006970167160034,2.334404468536377,1220.2822265625,0
12.246004104614258,5.252702713012695,2.4831697940826416,21.16713523864746,89.95001983642578,2.2016100883483887,2.0754456520080566,0.4496691823005676,1.7397161722183228,3.3574390411376953,0.6318905353546143,2.457096815109253,694.7780151367188,1
12.054309844970703,2.328160285949707,2.173910617828369,21.487886428833008,88.71088409423828,2.4642868041992188,2.840668201446533,0.29560786485671997,1.704586148262024,2.81402325630188,0.9566004276275635,3.4061594009399414,428.30596923828125,1
12.354484558105469,3.0831093788146973,2.199265241622925,20.816049575805664,88.05554962158203,2.305760622024536,2.0694663524627686,0.3940296769142151,1.8494676351547241,2.96863055229187,1.0000693798065186,2.8095834255218506,298.5830383300781,1
14.304781913757324,1.7123805284500122,2.508080244064331,17.248809814453125,118.55113983154297,3.3936610221862793,3.5492961406707764,0.2685053050518036,2.0530877113342285,7.1906938552856445,0.9365784525871277,3.129646062850952,1283.1790771484375,0
12.642132759094238,0.9543427228927612,2.006735324859619,18.911100387573242,82.32220458984375,2.8119091987609863,2.72575044631958,0.22170202434062958,1.6963659524917603,4.944367408752441,1.2671968936920166,3.018009662628174,461.0838928222656,1
12.367766380310059,0.6794323921203613,1.9923510551452637,15.018390655517578,143.967041015625,1.9875693321228027,1.9936494827270508,0.3560005724430084,2.6894004344940186,3.049654006958008,1.0421091318130493,2.495932102203369,686.40673828125,1
13.376893043518066,2.788205623626709,2.5654845237731934,24.785707473754883,110.6064453125,1.6354262828826904,0.9652245044708252,0.4141981899738312,1.7418789863586426,9.552999496459961,0.59645015001297,1.6903483867645264,668.6741333007812,2
13.692729949951172,1.7490720748901367,2.714374542236328,17.526792526245117,110.26334381103516,2.8253650665283203,3.3088459968566895,0.21234668791294098,1.6167213916778564,5.1026225090026855,0.9199111461639404,3.3593955039978027,917.9268798828125,0
12.87784194946289,1.8600122928619385,2.634117603302002,28.7582950592041,137.75254821777344,3.1026713848114014,2.9404501914978027,0.21188758313655853,1.869935154914856,2.737377166748047,1.3693917989730835,3.5171213150024414,788.6870727539062,1
13.482537269592285,1.9075263738632202,2.289454936981201,13.60991096496582,105.33985900878906,2.9431138038635254,3.6853060722351074,0.21649691462516785,2.3747715950012207,6.443436145782471,1.015135645866394,2.6985957622528076,1253.6541748046875,0
12.544276237487793,3.1711676120758057,2.413970708847046,22.891141891479492,90.05323028564453,2.030463457107544,0.595514178276062,0.6102457046508789,1.0524609088897705,6.644158840179443,0.715888500213623,1.7311806678771973,630.5165405273438,2
13.217344284057617,1.2649493217468262,2.276740550994873,13.912737846374512,100.92431640625,3.137319803237915,3.190718650817871,0.2689928114414215,1.2451461553573608,5.0660786628723145,0.9411664009094238,2.5543341636657715,1188.23486328125,0
12.5757417678833,1.0790178775787354,2.059379816055298,18.584909439086914,96.615478515625,2.0370047092437744,1.7037192583084106,0.48165208101272583,0.8757014870643616,4.794439315795898,0.9556581377983093,1.912231206893921,431.1986083984375,1
13.824053764343262,1.9884538650512695,2.59423828125,23.382253646850586,116.43099212646484,2.5893847942352295,2.921494960784912,0.287944495677948,1.75429368019104,5.234710216522217,1.0241906642913818,3.405193567276001,957.9149169921875,0
14.076696395874023,1.769740104675293,2.597374439239502,15.028984069824219,104.8868408203125,3.2449533939361572,3.5768184661865234,0.2810414433479309,2.1131186485290527,7.507791519165039,1.0861068964004517,3.2182741165161133,1431.38330078125,0
12.703936576843262,1.1090309619903564,2.017397880554199,16.546796798706055,110.07535552978516,1.7570898532867432,1.7625216245651245,0.3766315281391144,1.113372564315796,3.4927048683166504,1.0030536651611328,2.170172691345215,321.1781311035156,1
12.775572776794434,3.2875289916992188,2.8047595024108887,25.551523208618164,100.37588500976562,1.8389461040496826,0.8487842082977295,0.5908204913139343,0.8263010382652283,5.41024112701416,0.8460346460342407,1.9390718936920166,556.934326171875,2
13.04146671295166,6.400050163269043,2.4169461727142334,23.098833084106445,79.1134033203125,1.733621597290039,1.5129753351211548,0.6858856678009033,2.252422332763672,4.812344551086426,0.7705063819885254,1.6456339359283447,582.7939453125,1
12.080113410949707,4.902953147888184,2.652113199234009,24.100296020507812,85.53884887695312,1.968785047531128,2.2904393672943115,0.5102137327194214,2.038194179534912,3.4701638221740723,0.7549599409103394,2.281947135925293,529.6788330078125,1
13.26480770111084,1.5316400527954102,2.4005126953125,19.23610496520996,101.42448425292969,2.6760377883911133,2.733161449432373,0.2404971718788147,1.53944993019104,4.912250995635986,1.1138008832931519,3.322317600250244,1153.7200927734375,0
11.86507797241211,2.196312427520752,2.28753662109375,23.525896072387695,89.56285095214844,2.056023597717285,1.6790951490402222,0.5032414197921753,1.396956443786621,2.321714401245117,0.8430980443954468,2.5313198566436768,471.05987548828125,1
11.857458114624023,1.7635984420776367,2.3862481117248535,23.162513732910156,96.136962890625,2.741520404815674,2.623183012008667,0.3233240246772766,1.9419881105422974,2.880692481994629,1.1620029211044312,2.983790397644043,560.406982421875,1
13.834003448486328,1.8490331172943115,2.3574838638305664,15.995731353759766,110.5057601928711,3.3772146701812744,3.5168075561523438,0.228549987077713,1.880752444267273,7.388916015625,0.8685771822929382,3.2731831073760986,1230.056884765625,0
12.68546199798584,4.50742244720459,2.590122938156128,24.3327693939209,87.23197174072266,1.5484099388122559,1.6024888753890991,0.6322486996650696,1.7022972106933594,3.6195740699768066,0.7033153772354126,1.703467607498169,597.6458129882812,1
11.88426399230957,3.361929416656494,2.2972400188446045,21.26913833618164,91.75598907470703,2.734452247619629,2.9103565216064453,0.32419663667678833,2.071275472640991,2.396913766860962,0.92442786693573,3.2711963653564453,523.26953125,1
13.716261863708496,1.4335711002349854,2.3043954372406006,15.527738571166992,95.17768096923828,2.8282084465026855,3.3124823570251465,0.22181908786296844,1.678000807762146,5.07097053527832,0.8820868730545044,3.2210307121276855,907.2154541015625,0
11.150487899780273,2.8527469635009766,2.6093862056732178,22.60530662536621,89.49137878417969,2.556582450866699,2.381582021713257,0.43371814489364624,1.5198478698730469,2.270806074142456,0.8752840161323547,2.2601935863494873,440.6683654785156,1
13.482067108154297,1.6518189907073975,2.468336582183838,14.872570991516113,107.07539367675781,3.0445663928985596,3.749786376953125,0.24439188838005066,1.8107550144195557,6.346295356750488,0.9643822312355042,3.2463364601135254,762.5971069335938,0
11.944005012512207,1.685554027557373,2.6021804809570312,21.529752731323242,97.7767333984375,2.2176713943481445,1.8543903827667236,0.43216395378112793,1.3493762016296387,2.813568115234375,1.138308048248291,2.4939255714416504,405.5701904296875,1
13.731084823608398,1.6628367900848389,2.676335096359253,17.89617347717285,102.2222900390625,2.844536066055298,3.286956787109375,0.20475110411643982,2.083911180496216,5.677678108215332,1.1744134426116943,3.1709985733032227,1376.1236572265625,0
12.239236831665039,1.8817808628082275,2.4494311809539795,25.1175594329834,111.33039093017578,3.2745847702026367,2.953016757965088,0.3118109107017517,1.8786633014678955,2.8622584342956543,1.05766761302948,3.2279670238494873,757.885009765625,1
12.534965515136719,1.0146490335464478,2.0597057342529297,18.690032958984375,89.5373764038086,2.2169501781463623,1.6154675483703613,0.3240087032318115,1.2631922960281372,2.946857452392578,1.057924747467041,2.5838143825531006,544.7603759765625,1
13.7539644241333,1.712362289428711,2.4901273250579834,17.01020622253418,104.53453063964844,3.028454303741455,3.2029402256011963,0.24542668461799622,2.0832912921905518,5.629983901977539,1.0276960134506226,3.4467246532440186,915.55810546875,0
13.83698558807373,1.5544650554656982,2.4941937923431396,17.839101791381836,102.25987243652344,2.6590702533721924,2.6307170391082764,0.24964594841003418,1.4907586574554443,3.2132673263549805,1.0700936317443848,3.233903408050537,969.3843383789062,0
13.875351905822754,1.7185478210449219,2.6665196418762207,17.05856704711914,107.3365249633789,3.0981171131134033,3.4619784355163574,0.31057506799697876,1.985923409461975,6.086694717407227,1.054098129272461,3.193303108215332,1289.82275390625,0
12.762446403503418,4.439093589782715,2.7900524139404297,26.562366485595703,95.98974609375,1.7547917366027832,0.5480989217758179,0.6876958608627319,0.9825518131256104,4.942977428436279,0.8255943059921265,1.6082159280776978,616.0572509765625,2
14.516435623168945,1.8125925064086914,2.5458321571350098,17.281879425048828,124.647705078125,3.7097127437591553,3.6035995483398438,0.17923715710639954,2.0888566970825195,7.540617942810059,0.7712211608886719,3.3714613914489746,1457.1563720703125,0
12.071918487548828,1.6187324523925781,1.8872718811035156,18.723968505859375,87.50255584716797,2.204907178878784,1.7934318780899048,0.31012776494026184,1.1517307758331299,2.809304714202881,0.9465593695640564,2.8945305347442627,481.92828369140625,1
13.319458961486816,3.8110337257385254,2.3843111991882324,21.121416091918945,96.03421020507812,1.789095163345337,0.8836513757705688,0.3919818699359894,1.151008129119873,7.264283180236816,0.6917972564697266,1.6151442527770996,566.8877563476562,2
12.119169235229492,1.6107630729675293,2.3767452239990234,23.322643280029297,100.57270812988281,2.0506086349487305,0.7366698980331421,0.5995224118232727,1.3676930665969849,8.238489151000977,0.5382822751998901,1.3953620195388794,690.9879760742188,2
13.701713562011719,1.829071283340454,2.462188959121704,14.52110481262207,109.95567321777344,3.4541471004486084,3.6053104400634766,0.28217291831970215,2.2502450942993164,7.2342658042907715,1.0036633014678955,3.100313663482666,1334.048828125,0
13.278807640075684,2.5066049098968506,2.5888147354125977,24.764034271240234,109.56680297851562,1.265345811843872,1.0371209383010864,0.429237961769104,1.0743956565856934,6.446634769439697,0.7288180589675903,1.5760493278503418,611.8070068359375,2
13.621731758117676,3.7628579139709473,2.5518369674682617,24.430805206298828,108.17596435546875,1.4202603101730347,0.7833677530288696,0.34756118059158325,1.44331693649292,7.862781047821045,0.7575263977050781,1.8992812633514404,739.2760009765625,2
12.488919258117676,1.7833728790283203,2.0391290187835693,21.777589797973633,94.50424194335938,2.3737807273864746,2.318727493286133,0.32421213388442993,1.317202091217041,3.106863498687744,1.0057072639465332,3.50167179107666,637.40087890625,1
12.342041969299316,1.0553988218307495,2.1286113262176514,17.696701049804688,97.08331298828125,2.3659050464630127,1.9137667417526245,0.4090856611728668,1.1029880046844482,4.131008148193359,1.1582884788513184,2.4767136573791504,495.01129150390625,1
14.173988342285156,1.9429658651351929,2.495128870010376,15.299066543579102,106.5887451171875,3.315253257751465,3.719449043273926,0.2946886420249939,2.5505828857421875,7.18588924407959,1.0685265064239502,3.171001672744751,1441.30419921875,0
11.928955078125,1.1032989025115967,2.154897689819336,17.93779182434082,93.58428192138672,2.7863054275512695,2.330488681793213,0.26588723063468933,1.914508581161499,3.0305216312408447,1.0094372034072876,2.5624005794525146,267.2778625488281,1
13.315225601196289,1.7623403072357178,2.5436651706695557,19.308391571044922,102.45685577392578,2.664703130722046,2.7009806632995605,0.2298431694507599,1.7433984279632568,4.678598880767822,1.0009169578552246,3.484933376312256,1064.03759765625,0
13.01882553100586,1.693709135055542,2.386821746826172,21.68595314025879,106.36656188964844,2.053333044052124,0.8261314630508423,0.6116148233413696,1.6729635000228882,10.340459823608398,0.5519009828567505,1.4066739082336426,582.3973999023438,2
11.91382884979248,4.724811553955078,2.401036024093628,18.037870407104492,84.8489990234375,2.5324578285217285,2.6257481575012207,0.19707931578159332,2.8788623809814453,2.038780689239502,0.7480337619781494,3.451035976409912,428.2659606933594,1
12.488557815551758,0.777940034866333,1.9489964246749878,15.958816528320312,94.57785034179688,2.2549378871917725,1.651811957359314,0.37192243337631226,0.7493160367012024,2.2120978832244873,1.1405025720596313,2.504622220993042,421.84716796875,1
12.427461624145508,3.5517449378967285,2.247358560562134,19.69218635559082,109.2750473022461,1.749673843383789,0.8023313283920288,0.38588792085647583,0.9606079459190369,7.872494220733643,0.6522071361541748,1.5836379528045654,683.5325317382812,2
13.230131149291992,4.75981330871582,2.427372694015503,23.113262176513672,91.21289825439453,1.5135809183120728,2.0524916648864746,0.6320337057113647,1.5795148611068726,4.147686004638672,0.9201120734214783,1.9292824268341064,515.016357421875,1
13.254661560058594,1.5631718635559082,2.754274368286133,18.92725372314453,99.40685272216797,2.409940719604492,2.8739452362060547,0.28887730836868286,1.4950144290924072,4.367746353149414,1.1629164218902588,3.4270992279052734,777.71337890625,0
13.333415031433105,1.743880271911621,2.460116386413574,17.155467987060547,99.6176986694336,2.723032236099243,2.8896665573120117,0.2612023949623108,1.7387785911560059,3.919112205505371,1.0463807582855225,3.3157477378845215,863.7598266601562,0
13.857866287231445,1.852545976638794,2.3599226474761963,16.39301300048828,115.42529296875,3.21083402633667,3.459092617034912,0.26458466053009033,2.237821102142334,7.216580867767334,0.8953920602798462,2.8045244216918945,1250.61181640625,0
13.315780639648438,2.0614795684814453,2.6264896392822266,23.43804931640625,93.16775512695312,2.0100812911987305,0.6463418006896973,0.5162790417671204,1.8191908597946167,8.90250015258789,0.6934187412261963,1.8539327383041382,684.3701171875,2
12.857864379882812,1.576871395111084,2.290520191192627,16.487957000732422,91.92929077148438,2.557108163833618,2.8535101413726807,0.2527564465999603,1.4720569849014282,4.221169948577881,1.166954755783081,2.699101686477661,1056.01318359375,0
12.739022254943848,1.1734699010849,1.799463152885437,16.824316024780273,87.3270263671875,1.695967674255371,1.3711295127868652,0.3025112450122833,0.9951913952827454,3.120462656021118,1.1053197383880615,2.5867443084716797,487.0622863769531,1
13.851850509643555,1.515547275543213,2.4111292362213135,14.495946884155273,109.3643569946289,3.325117826461792,3.8264834880828857,0.21930049359798431,2.9050397872924805,8.597002029418945,1.1227415800094604,3.0895776748657227,1538.1201171875,0
13.047526359558105,2.6780080795288086,2.502230644226074,22.78728485107422,109.0172119140625,1.5933789014816284,0.9474546909332275,0.4475545287132263,0.9907127618789673,7.015044212341309,0.8014320731163025,1.6411025524139404,647.2962646484375,2
12.805901527404785,2.747551202774048,2.4990415573120117,21.191200256347656,97.9728012084961,2.2903523445129395,0.5723055601119995,0.46316617727279663,1.0251668691635132,7.06590461730957,0.6711578369140625,1.6819251775741577,612.649658203125,2
11.926605224609375,2.05233097076416,2.381138324737549,22.53465461730957,92.83113098144531,2.679932117462158,2.190964937210083,0.37138423323631287,1.5935865640640259,2.0615618228912354,0.9692942500114441,3.083972930908203,491.3861083984375,1
12.184040069580078,1.2425625324249268,2.353714942932129,19.62919807434082,91.5753173828125,2.332524538040161,1.916561245918274,0.42322176694869995,1.2852966785430908,2.530704975128174,1.0103340148925781,2.5727827548980713,450.06707763671875,1
13.211180686950684,2.625284194946289,2.6508123874664307,25.394977569580078,103.11351013183594,2.2720048427581787,1.0455807447433472,0.4747273921966553,1.484731674194336,9.57281494140625,0.6384091377258301,1.6278104782104492,673.8018188476562,2
12.577702522277832,1.8141483068466187,2.464470386505127,20.563308715820312,93.97887420654297,1.5569672584533691,1.5606694221496582,0.3925226032733917,0.9539775848388672,3.014343500137329,1.25520920753479,2.7440359592437744,395.1966247558594,1
12.081340789794922,1.2046059370040894,2.042402505874634,21.769067764282227,91.18408203125,2.1422767639160156,1.9574042558670044,0.2965489327907562,1.2717392444610596,3.623903274536133,1.0496505498886108,3.449793815612793,607.0283813476562,1
12.9513521194458,1.9829928874969482,2.7279839515686035,17.570302963256836,103.83583068847656,2.657144784927368,2.9579756259918213,0.2952551245689392,1.5732063055038452,4.423726558685303,1.0152205228805542,3.284717321395874,814.0315551757812,0
12.472091674804688,1.35922372341156,2.1468966007232666,20.613012313842773,125.38298034667969,2.077301263809204,1.9083259105682373,0.3774471580982208,1.9544752836227417,1.9865543842315674,0.9992498159408569,2.499666690826416,436.71270751953125,1
13.518352508544922,1.780887484550476,2.6474790573120117,16.50076675415039,100.12997436523438,2.6836347579956055,3.1871840953826904,0.3278978765010834,1.696506142616272,5.148358345031738,1.117831826210022,2.474341869354248,1358.370849609375,0
14.072931289672852,1.6844005584716797,2.507452964782715,21.203540802001953,126.47068786621094,3.425316333770752,3.2518603801727295,0.2151724398136139,2.720304489135742,6.300214767456055,1.019423484802246,2.883671283721924,1511.328125,0
14.223752975463867,1.7444450855255127,2.5687105655670166,12.712321281433105,103.2700424194336,3.2941880226135254,3.9013020992279053,0.21774239838123322,2.1960673332214355,6.880400657653809,0.9102917909622192,2.9584474563598633,1187.521240234375,0
13.546069145202637,3.9617481231689453,2.5123629570007324,22.385774612426758,104.8601303100586,1.819627285003662,0.8199882507324219,0.4098018705844879,1.123802661895752,6.558724403381348,0.7851018309593201,1.9787030220031738,650.148681640625,2
13.84732437133789,1.5761373043060303,2.5068349838256836,16.210418701171875,108.62081909179688,3.75482177734375,3.953874111175537,0.259620726108551,2.226686716079712,7.820181369781494,0.8738021850585938,3.293858766555786,1155.9796142578125,0
11.978011131286621,1.7045233249664307,2.7032692432403564,26.89065933227539,116.57481384277344,2.558976650238037,2.201110601425171,0.4307752847671509,1.750037670135498,2.087458372116089,1.283607006072998,2.9542698860168457,526.5093994140625,1
12.92632007598877,1.51044499874115,2.17065691947937,15.269612312316895,100.16178894042969,2.4547877311706543,2.86617374420166,0.284790575504303,1.4860420227050781,4.586880683898926,1.120642900466919,2.5302815437316895,1031.03466796875,0
13.308355331420898,2.482261896133423,2.78588604927063,26.360851287841797,98.09226989746094,1.7215760946273804,0.611663818359375,0.463386595249176,1.4446271657943726,9.895263671875,0.7820433974266052,1.885057806968689,741.9608154296875,2
12.668487548828125,1.4444210529327393,2.1330556869506836,19.112821578979492,100.49569702148438,1.8859829902648926,1.9926501512527466,0.40558671951293945,1.3606168031692505,3.7131361961364746,1.0203808546066284,2.4990272521972656,426.5458984375,1
11.94193172454834,0.7304883003234863,2.3732550144195557,20.047222137451172,91.84107971191406,1.9611632823944092,1.5124011039733887,0.4400574862957001,1.4767136573791504,2.2946178913116455,1.1887342929840088,2.2834513187408447,475.52911376953125,1
13.252537727355957,2.834254026412964,2.567875862121582,23.018173217773438,110.68793487548828,1.995080590248108,0.7059983015060425,0.48578357696533203,1.4822008609771729,9.401498794555664,0.604412317276001,1.7388217449188232,725.9334716796875,2
12.416783332824707,1.0395978689193726,2.3513171672821045,22.34351348876953,90.4312744140625,1.8120527267456055,1.6527056694030762,0.3520077168941498,1.704303503036499,2.1870620250701904,1.1981377601623535,3.1379446983337402,553.3126831054688,1
13.732717514038086,2.123703956604004,2.5698771476745605,16.69443130493164,105.2992172241211,3.1042351722717285,3.3110554218292236,0.23485404253005981,2.1307990550994873,7.164831638336182,1.003756046295166,3.3490452766418457,1265.5931396484375,0
13.303056716918945,2.258871078491211,2.405475616455078,21.412261962890625,117.58639526367188,1.5378847122192383,1.0629055500030518,0.4281523525714874,1.6485329866409302,9.917238235473633,0.5979134440422058,1.584215521812439,672.1298217773438,2
14.23105239868164,1.302707314491272,2.5046067237854004,15.371978759765625,121.99557495117188,3.384788990020752,3.41253399848938,0.21227215230464935,1.900159239768982,6.079853057861328,0.7334165573120117,3.2497096061706543,958.6840209960938,0
14.238239288330078,1.4171428680419922,2.623843193054199,14.955228805541992,101.1763687133789,2.9343020915985107,3.6080219745635986,0.2552827000617981,2.080193519592285,5.753324031829834,1.0065256357192993,3.4811336994171143,1374.952392578125,0
13.470848083496094,1.9691404104232788,2.614314317703247,18.976425170898438,113.65989685058594,2.561819076538086,3.000025749206543,0.2811233699321747,1.734833002090454,5.477829933166504,1.0366874933242798,2.615370750427246,1145.5494384765625,0
14.273550033569336,1.9073455333709717,2.4818480014801025,15.271624565124512,113.58196258544922,3.6430630683898926,3.7451252937316895,0.2926028370857239,2.2469794750213623,7.392934799194336,0.9021108150482178,3.107156753540039,1295.5894775390625,0
11.271810531616211,1.5519291162490845,2.3603625297546387,21.734485626220703,89.51951599121094,2.6146976947784424,2.538897752761841,0.3905690312385559,1.673740029335022,3.2501649856567383,0.7538387775421143,2.953761577606201,465.63531494140625,1
12.830183982849121,3.0634078979492188,2.5086350440979004,24.597246170043945,103.90734100341797,1.8524519205093384,0.8314516544342041,0.5182371139526367,1.3206952810287476,8.57474136352539,0.6790400147438049,1.5053657293319702,907.740234375,2
12.827666282653809,3.165621519088745,2.3463284969329834,23.822765350341797,83.11389923095703,1.7037149667739868,1.977241039276123,0.5163164734840393,1.6808112859725952,3.9695475101470947,0.7894523739814758,2.350724697113037,459.45892333984375,1
12.151387214660645,2.1015286445617676,2.321439266204834,21.170787811279297,94.05274963378906,2.575885772705078,2.412834644317627,0.37712201476097107,1.64291512966156,3.043076753616333,0.7690944671630859,3.0063259601593018,613.2189331054688,1
13.170089721679688,1.4191744327545166,2.5590102672576904,19.064472198486328,115.05347442626953,2.4723312854766846,2.724709987640381,0.2507314085960388,1.790187954902649,4.383974552154541,1.02857506275177,3.0523111820220947,863.6678466796875,0
12.770381927490234,1.7072193622589111,1.9507110118865967,18.562623977661133,87.2490463256836,1.755768895149231,1.7490081787109375,0.340358704328537,1.4895031452178955,3.014547348022461,1.035509467124939,2.8232481479644775,545.5411987304688,1
13.673131942749023,1.6317484378814697,2.381495237350464,15.759033203125,104.38800048828125,3.1409993171691895,3.532951831817627,0.24304446578025818,1.8418736457824707,6.131058692932129,0.9791005849838257,3.096672296524048,1195.059326171875,0
12.159403800964355,0.698682427406311,2.088012456893921,13.29435920715332,96.02409362792969,1.912623405456543,1.476339340209961,0.3587549030780792,1.2444519996643066,2.8435051441192627,1.310949683189392,2.292059898376465,345.62335205078125,1
13.053260803222656,2.6164402961730957,2.5179381370544434,22.978464126586914,104.20669555664062,1.8289719820022583,0.8533754348754883,0.4469582438468933,1.408418893814087,7.691511154174805,0.6982337832450867,1.7210839986801147,627.57080078125,2
12.630303382873535,2.2328622341156006,2.0193424224853516,17.443660736083984,88.4987564086914,2.5535500049591064,2.3123981952667236,0.3495183289051056,1.8107991218566895,2.6033995151519775,1.1161494255065918,3.303730010986328,612.875244140625,1
12.44654655456543,1.5077311992645264,2.0351767539978027,21.691274642944336,82.9933853149414,1.7537051439285278,1.7329498529434204,0.34714382886886597,1.4750491380691528,2.865135908126831,0.8980759978294373,2.985366106033325,562.7288208007812,1
13.772631645202637,3.707270622253418,2.59263277053833,23.383440017700195,107.4424819946289,1.5581855773925781,1.491430640220642,0.3871539533138275,1.372795581817627,8.1349458694458,0.6788400411605835,1.3669501543045044,623.267333984375,2
11.778632164001465,2.885138750076294,2.524871349334717,24.261884689331055,91.90545654296875,2.410511016845703,2.602689027786255,0.44406455755233765,2.1955323219299316,2.802661657333374,0.861194372177124,3.022475004196167,517.1885986328125,1
11.837886810302734,1.5681095123291016,2.634188652038574,24.744285583496094,92.41188049316406,2.1100847721099854,1.9051766395568848,0.41721606254577637,1.5449446439743042,1.9186651706695557,1.0889613628387451,2.7832443714141846,539.179931640625,1
13.118471145629883,1.839320182800293,2.682889938354492,20.31053924560547,98.47322082519531,2.034501552581787,2.5850987434387207,0.28892630338668823,1.4822940826416016,3.601930856704712,1.2051184177398682,3.1172828674316406,1032.2337646484375,0
13.542325019836426,3.00645112991333,2.5540809631347656,22.414426803588867,106.17400360107422,1.750724196434021,1.317406415939331,0.3564050495624542,1.3719121217727661,9.33012580871582,0.6141330599784851,1.6113007068634033,546.27783203125,2
14.028230667114258,1.5421879291534424,2.416285753250122,13.621875762939453,105.59965515136719,3.279086112976074,3.650305986404419,0.35936257243156433,1.6643894910812378,6.268518924713135,1.0136140584945679,2.727407693862915,1179.5015869140625,0
12.568650245666504,3.914716958999634,2.3888373374938965,22.530961990356445,92.31796264648438,1.6800583600997925,0.7624219655990601,0.5015226006507874,1.1114455461502075,7.135782241821289,0.6888151168823242,1.6315386295318604,700.6604614257812,2
13.255067825317383,2.0971810817718506,2.626791477203369,21.93540382385254,100.5978012084961,2.7833755016326904,2.7945313453674316,0.3179676830768585,1.7589209079742432,4.780148029327393,1.0896903276443481,3.039764165878296,1192.1756591796875,0
13.34416675567627,1.7101430892944336,2.4954893589019775,19.2156982421875,99.40859985351562,2.574632406234741,3.0751216411590576,0.29978740215301514,1.6660230159759521,5.4017438888549805,1.0082614421844482,2.77191162109375,1007.7200927734375,0
12.394205093383789,1.0200223922729492,2.1303186416625977,18.704538345336914,98.44973754882812,2.1390819549560547,1.72195565700531,0.4503936767578125,0.899448037147522,4.481999397277832,1.1534191370010376,2.077110767364502,299.8121337890625,1
13.499634742736816,1.2658871412277222,2.3430123329162598,16.640932083129883,105.45143127441406,2.6432087421417236,3.1137328147888184,0.2852959632873535,1.5279384851455688,4.922549724578857,1.1063956022262573,2.7890172004699707,843.1261596679688,0
12.421486854553223,2.9329302310943604,2.696040391921997,24.529403686523438,100.91386413574219,2.056905746459961,0.6385012865066528,0.5897256731987,0.3161172866821289,4.278495788574219,0.9749648571014404,1.974355936050415,535.764892578125,2
12.154019355773926,0.9623980522155762,2.496004104614258,19.8658447265625,93.61843872070312,2.5346291065216064,2.29071044921875,0.3498658537864685,1.4508837461471558,3.596865177154541,1.2062780857086182,2.6721432209014893,451.6104431152344,1
14.018511772155762,1.8660012483596802,2.547579765319824,15.458832740783691,108.34854888916016,3.594644546508789,3.865812063217163,0.1904480904340744,2.2416393756866455,7.658792495727539,0.8064337968826294,3.280428171157837,1269.6856689453125,0
13.788861274719238,1.4344286918640137,2.3595314025878906,14.768956184387207,105.53456115722656,3.0602784156799316,3.5224239826202393,0.23048712313175201,2.5832576751708984,6.82448673248291,1.0063940286636353,2.9743666648864746,1179.244140625,0
12.436854362487793,1.3802599906921387,2.2827329635620117,21.47783088684082,96.03289794921875,1.9673373699188232,1.5679703950881958,0.42094847559928894,1.5779004096984863,2.928436279296875,0.925750195980072,2.809809446334839,706.4218139648438,1
13.912857055664062,1.7751253843307495,2.4850988388061523,17.01158905029297,109.55852508544922,3.2001962661743164,3.362502098083496,0.22033323347568512,1.91886305809021,6.0541486740112305,0.8742592334747314,3.2039856910705566,1089.57666015625,0
12.452892303466797,1.4102320671081543,2.30792498588562,19.569103240966797,81.28167724609375,1.7165074348449707,1.6672252416610718,0.3303300142288208,1.2849870920181274,3.8695642948150635,1.358788013458252,2.6865005493164062,594.5630493164062,1
13.440266609191895,5.998907089233398,2.376274585723877,20.786495208740234,88.55599212646484,1.7586205005645752,0.9134955406188965,0.5371721386909485,1.1080482006072998,3.7282485961914062,0.9166255593299866,1.8915157318115234,460.7773742675781,2
14.305862426757812,1.4212803840637207,2.2966442108154297,15.64950942993164,96.28084564208984,3.608659267425537,3.9264605045318604,0.1721768081188202,2.9447154998779297,7.6380510330200195,1.051945686340332,3.172851324081421,1387.318115234375,0
13.349820137023926,1.8166584968566895,2.7039718627929688,19.932004928588867,109.48795318603516,2.7385997772216797,3.103872299194336,0.2803935110569,1.7453210353851318,5.262436389923096,1.100606083869934,2.752258062362671,1366.51416015625,0
12.585865020751953,1.4840483665466309,2.15014910697937,21.39310646057129,84.32263946533203,2.0539133548736572,2.1428232192993164,0.361665278673172,0.9056665301322937,4.837908744812012,1.0265161991119385,2.9501609802246094,590.9443359375,1
13.721399307250977,1.5655406713485718,2.56453800201416,17.896137237548828,126.99142456054688,3.119272232055664,3.520172119140625,0.27039244771003723,1.6836047172546387,6.926659107208252,0.9620752334594727,2.8631715774536133,1135.7769775390625,0
13.948541641235352,1.5792428255081177,2.473785400390625,16.6147518157959,121.68441009521484,3.4281041622161865,3.4412307739257812,0.23596586287021637,2.1132638454437256,6.661970138549805,0.8262352347373962,3.224804401397705,1184.5792236328125,0
14.026107788085938,1.7617924213409424,2.501420259475708,13.736166000366211,114.35611724853516,3.906006097793579,3.965939998626709,0.2609989643096924,2.1000335216522217,7.63148307800293,0.8345357179641724,3.2316701412200928,1263.00439453125,0
14.220406532287598,1.7627723217010498,2.493293523788452,15.777300834655762,112.89837646484375,3.2258124351501465,3.7144699096679688,0.19497598707675934,2.5505242347717285,7.48665714263916,0.9501563310623169,3.028709888458252,1266.69775390625,0
12.29918384552002,1.7304353713989258,2.4730255603790283,23.506912231445312,92.0556869506836,2.0727226734161377,1.7887463569641113,0.3806431293487549,1.756503939628601,1.7903611660003662,1.114114761352539,2.7092483043670654,484.4217529296875,1
13.766268730163574,2.6484360694885254,2.1671996116638184,12.856398582458496,92.7724380493164,3.152853012084961,3.857159376144409,0.2259286791086197,3.3853650093078613,7.431857585906982,1.237640142440796,3.0145182609558105,1279.71826171875,0
13.459487915039062,2.282280683517456,2.668299913406372,23.420881271362305,104.17452239990234,1.7732820510864258,0.7227264642715454,0.45829033851623535,1.9428571462631226,9.42696762084961,0.7066748738288879,1.5932459831237793,792.9868774414062,2
14.400136947631836,1.956612467765808,2.5069072246551514,16.491201400756836,111.84608459472656,3.3562164306640625,3.807490348815918,0.271595299243927,2.3337464332580566,6.805837631225586,1.0376367568969727,3.123424768447876,1391.156494140625,0
13.361612319946289,3.7122364044189453,2.4552924633026123,20.840543746948242,90.7030029296875,1.9214385747909546,0.738489031791687,0.522790253162384,1.0570138692855835,7.1749420166015625,0.7920262813568115,1.7482547760009766,675.4867553710938,2
13.827923774719238,1.2798593044281006,2.7323217391967773,13.874059677124023,106.91598510742188,3.383737087249756,3.670973777770996,0.23579348623752594,1.6200568675994873,5.673379898071289,0.8655254244804382,2.919487237930298,1163.3402099609375,0
11.381515502929688,1.8076136112213135,2.5835700035095215,24.64618682861328,88.57547760009766,2.5125083923339844,2.357118844985962,0.4215281903743744,1.680755615234375,2.009493350982666,1.056936502456665,3.0188956260681152,538.8164672851562,1
12.517494201660156,1.8789854049682617,2.0995900630950928,16.678285598754883,94.54705810546875,2.7536563873291016,2.5570151805877686,0.3171772360801697,2.4113128185272217,2.010106086730957,1.1940048933029175,3.098541736602783,415.07470703125,1
13.74119758605957,1.4520411491394043,2.574753999710083,14.553559303283691,104.13900756835938,3.2120707035064697,3.384150505065918,0.31125372648239136,1.7280044555664062,6.207036972045898,1.0873116254806519,3.0092172622680664,1100.438720703125,0
11.746170997619629,2.6924116611480713,2.3291242122650146,20.665409088134766,92.20917510986328,2.958683729171753,2.894683837890625,0.3286287784576416,1.753738284111023,2.8845903873443604,0.869477391242981,3.0031685829162598,446.9365234375,1
12.810091972351074,0.36128759384155273,1.7585453987121582,13.788590431213379,85.81458282470703,2.0013248920440674,1.2467353343963623,0.28697842359542847,0.5438697338104248,1.9919531345367432,1.1916184425354004,2.432452917098999,378.2709045410156,1
12.574043273925781,3.043492078781128,2.1515605449676514,20.207069396972656,88.6001205444336,1.9147740602493286,0.45673513412475586,0.5792677402496338,1.1783579587936401,8.825891494750977,0.5053256750106812,1.3766918182373047,739.7098388671875,2
12.001562118530273,1.6575016975402832,2.4788219928741455,20.14992904663086,99.83462524414062,2.5854899883270264,2.2030200958251953,0.36252298951148987,1.743483304977417,2.317493438720703,1.3041609525680542,2.376495361328125,481.9642333984375,1
13.806795120239258,1.7332011461257935,2.346689462661743,17.582883834838867,108.1587905883789,3.171908378601074,3.329576015472412,0.24769356846809387,2.2461764812469482,6.698677062988281,1.0136010646820068,3.2623705863952637,1216.1571044921875,0
12.34847640991211,1.1572914123535156,2.4975152015686035,21.00580406188965,89.45003509521484,1.9735229015350342,1.6386994123458862,0.43642258644104004,1.3946608304977417,3.04723858833313,1.156594157218933,2.333139657974243,473.79425048828125,1
12.749999046325684,1.1674331426620483,2.409470319747925,15.262325286865234,94.90827178955078,2.2841594219207764,2.411280870437622,0.2366880178451538,1.2304905652999878,3.880688190460205,1.209918737411499,3.4770758152008057,858.3255004882812,0
12.343701362609863,2.9452264308929443,2.0613038539886475,21.110145568847656,71.78121948242188,2.1161575317382812,1.9009480476379395,0.4077562689781189,1.3472917079925537,3.5199851989746094,0.8769997358322144,2.7420103549957275,534.6070556640625,1
11.933286666870117,1.9245078563690186,2.2555973529815674,21.568082809448242,91.22618865966797,2.450993299484253,2.5538089275360107,0.36630383133888245,1.867413878440857,2.6961729526519775,0.9169359803199768,3.3486924171447754,384.6023254394531,1
12.625505447387695,0.7147243022918701,1.682945966720581,12.519818305969238,94.11705017089844,2.0214927196502686,1.3910348415374756,0.2616063356399536,1.0584180355072021,3.5183753967285156,1.2043490409851074,2.1906697750091553,389.0851745605469,1
12.371469497680664,0.21860110759735107,1.8385050296783447,11.197563171386719,132.927001953125,1.7172768115997314,1.6753371953964233,0.41645902395248413,2.2564518451690674,3.0571625232696533,1.0159608125686646,1.707554817199707,473.0414123535156,1
11.978057861328125,1.5686891078948975,2.3621320724487305,21.230127334594727,90.80147552490234,2.326242685317993,2.23844838142395,0.3384109139442444,1.5131878852844238,2.258209705352783,1.0059398412704468,2.7068138122558594,390.1580505371094,1
12.151719093322754,3.5195860862731934,2.51727294921875,26.188274383544922,98.99708557128906,1.900094985961914,0.6421455144882202,0.6522804498672485,1.2701873779296875,7.800034999847412,0.5429118871688843,1.3888444900512695,704.5392456054688,2
14.721363067626953,2.129709482192993,2.3961000442504883,13.728118896484375,115.60543060302734,3.414050817489624,3.666567802429199,0.31532999873161316,2.358283042907715,7.924286842346191,1.0420827865600586,3.0429201126098633,1349.87646484375,0
12.681662559509277,2.7408742904663086,2.456409215927124,21.747127532958984,84.9959945678711,2.3537135124206543,2.478372573852539,0.5268998146057129,2.2416722774505615,2.7390778064727783,1.155488133430481,2.63494873046875,405.1304931640625,1
13.90329647064209,1.8182491064071655,2.394838333129883,14.616985321044922,102.42928314208984,3.4676003456115723,3.868119239807129,0.28226298093795776,2.266749382019043,7.274575233459473,0.9272387623786926,3.1020736694335938,1288.9964599609375,0
12.169615745544434,1.3919880390167236,2.3212993144989014,22.723934173583984,94.34451293945312,2.911371946334839,2.5667152404785156,0.42091068625450134,1.5113751888275146,4.3072710037231445,0.8950132131576538,2.8643195629119873,436.3741760253906,1
13.154409408569336,1.4652044773101807,2.5623013973236084,28.494831085205078,151.49362182617188,2.502980947494507,2.2492783069610596,0.2541958689689636,1.8096765279769897,2.689347743988037,1.320887565612793,3.6351828575134277,596.8430786132812,1
13.199129104614258,1.67683744430542,2.424342632293701,16.17070198059082,95.21353912353516,2.8766942024230957,2.99755859375,0.26044854521751404,1.4738444089889526,4.53667688369751,1.0905354022979736,3.0875651836395264,950.403076171875,0
13.294181823730469,1.678084135055542,2.472395658493042,16.833919525146484,100.16519927978516,2.58093523979187,2.9079487323760986,0.282877117395401,1.672227382659912,4.874267101287842,0.9717233180999756,2.968838691711426,1030.9053955078125,0
14.440281867980957,2.1655495166778564,2.0923004150390625,11.729063034057617,104.70649719238281,3.3129947185516357,3.822274684906006,0.3695456385612488,2.476125478744507,6.670011520385742,1.1594312191009521,2.9645674228668213,1238.9095458984375,0
12.210661888122559,0.9545780420303345,2.3670220375061035,16.912452697753906,96.57945251464844,2.4213552474975586,2.1948082447052,0.3616870939731598,1.7013823986053467,2.152273654937744,1.3312900066375732,2.3312721252441406,402.73016357421875,1
12.253305435180664,1.4195263385772705,2.245487928390503,19.746566772460938,82.37195587158203,1.6412465572357178,0.3039121627807617,0.6955465078353882,0.90668785572052,4.823593616485596,0.6968222856521606,1.1693035364151,501.2264099121094,2
13.434223175048828,1.6388695240020752,2.671215534210205,16.878007888793945,108.42826843261719,2.2494850158691406,2.6463074684143066,0.33596521615982056,1.2816293239593506,4.453351974487305,1.0221067667007446,2.555887222290039,825.7211303710938,0
14.1232328414917,1.6885976791381836,2.447277069091797,18.346216201782227,104.9339828491211,2.964153289794922,3.0007236003875732,0.2433919608592987,2.1858267784118652,5.552879810333252,0.939805805683136,3.5992932319641113,1147.046875,0
12.693046569824219,2.417557954788208,2.4499897956848145,21.7533016204834,95.81133270263672,1.8925964832305908,0.5600184202194214,0.5783933997154236,1.1943843364715576,6.032042026519775,0.7778583765029907,1.861022710800171,660.7489013671875,2
12.809298515319824,0.8835086822509766,1.7390214204788208,16.273212432861328,85.3088150024414,1.7696083784103394,1.0581605434417725,0.2539657652378082,1.0800926685333252,1.6158363819122314,1.0576545000076294,2.74015212059021,571.7484130859375,1
12.212450981140137,0.873043417930603,1.8344521522521973,17.78813934326172,86.97447204589844,2.1323673725128174,1.7536630630493164,0.265347957611084,1.1606366634368896,2.3028628826141357,0.9899730682373047,3.219273567199707,485.0108947753906,1
13.676253318786621,1.6867449283599854,2.528416633605957,18.389375686645508,98.14614868164062,2.669984817504883,3.127261161804199,0.2282012701034546,1.7768973112106323,4.731410980224609,1.0010851621627808,3.0376570224761963,1036.4476318359375,0
11.558192253112793,1.7605385780334473,2.858794689178467,27.820667266845703,89.05409240722656,2.443132162094116,1.8712694644927979,0.4657101631164551,1.4890546798706055,1.6712002754211426,1.2541861534118652,3.0229125022888184,617.8314819335938,1
13.986635208129883,1.8640764951705933,2.6602835655212402,17.710729598999023,109.0241470336914,2.7727229595184326,3.127497673034668,0.32261884212493896,1.8566924333572388,5.802879333496094,1.005080223083496,3.1268539428710938,1177.984619140625,0
11.122662544250488,1.3820688724517822,2.4977450370788574,21.357467651367188,92.13113403320312,2.736987352371216,2.3516628742218018,0.42799633741378784,1.1864250898361206,3.1674346923828125,1.2017308473587036,2.824265241622925,329.5619812011719,1
12.521706581115723,1.9234871864318848,2.52557110786438,25.427026748657227,121.54470825195312,2.5641164779663086,2.136526584625244,0.34073781967163086,1.9706565141677856,2.1261157989501953,1.1548501253128052,3.1526365280151367,748.9360961914062,1
13.710343360900879,1.7043282985687256,2.258064031600952,14.811851501464844,97.70995330810547,3.1071529388427734,3.721454620361328,0.1693122386932373,2.115464687347412,6.201999187469482,1.0882787704467773,2.7650837898254395,1232.9010009765625,0
12.200404167175293,1.2156068086624146,2.0318167209625244,19.604660034179688,94.28811645507812,2.4570021629333496,2.283242702484131,0.27787119150161743,1.571295142173767,2.8099989891052246,1.1826045513153076,3.191516399383545,359.5572814941406,1
13.974045753479004,1.8687269687652588,2.5825600624084473,16.40506935119629,115.03618621826172,3.7834081649780273,3.9227523803710938,0.3130500912666321,1.9106003046035767,7.582286357879639,0.8921616077423096,3.5762381553649902,1385.685546875,0
12.00535774230957,3.0586671829223633,2.202986001968384,21.361230850219727,82.09934997558594,2.4949426651000977,2.628065347671509,0.31364426016807556,1.7847709655761719,2.579765558242798,0.8046835660934448,3.2807376384735107,483.1084899902344,1
13.73903751373291,1.574044108390808,2.479884147644043,16.219608306884766,110.39083862304688,3.1736652851104736,3.629626750946045,0.2573603689670563,2.2233593463897705,7.253255844116211,0.9628090262413025,3.0618321895599365,1203.7877197265625,0
13.440679550170898,4.5848388671875,2.4124374389648438,21.405315399169922,103.03839874267578,1.8489794731140137,1.0052746534347534,0.366351842880249,1.15691339969635,5.924716949462891,0.8094146847724915,1.8313586711883545,632.4157104492188,2
12.714261054992676,3.083946943283081,2.7683918476104736,26.89019012451172,101.53275299072266,2.2828381061553955,0.36975693702697754,0.6752958297729492,1.0216044187545776,6.521953582763672,0.7039443254470825,1.614068865776062,750.4649047851562,2
12.634490013122559,1.3836894035339355,2.0164637565612793,15.085771560668945,94.53262329101562,2.782978057861328,2.407817840576172,0.363544225692749,2.66135835647583,2.704711675643921,1.328718662261963,2.6307897567749023,432.8573303222656,1
13.635416030883789,1.9279711246490479,2.682438373565674,19.2519474029541,97.65426635742188,2.5468337535858154,2.819207191467285,0.29380175471305847,1.83152174949646,3.677395820617676,1.1586185693740845,3.392423629760742,837.1487426757812,0
12.501514434814453,1.5393736362457275,2.2448039054870605,20.34715461730957,86.34546661376953,2.030909299850464,2.084794521331787,0.46235451102256775,1.4194653034210205,3.273740291595459,0.9685571789741516,2.3525784015655518,421.8447265625,1
14.162391662597656,1.7223727703094482,2.5922679901123047,17.67603874206543,111.5097427368164,3.3836758136749268,3.6192269325256348,0.2202652096748352,2.129714012145996,6.887575149536133,0.9304517507553101,3.120941400527954,1432.2574462890625,0
12.437352180480957,1.9066896438598633,2.117234706878662,19.91228675842285,82.36783599853516,2.053595542907715,1.8736340999603271,0.3275258541107178,1.8774787187576294,2.333721160888672,1.106942892074585,3.0100769996643066,409.9421081542969,1
13.119553565979004,5.427793502807617,2.449294328689575,19.458721160888672,97.83560180664062,2.186800003051758,0.6139789819717407,0.4595276117324829,1.2828991413116455,6.0786333084106445,0.6320794820785522,2.0786874294281006,700.3117065429688,2
12.620345115661621,0.9611032009124756,2.093207359313965,17.49989891052246,81.40707397460938,2.62015700340271,1.9932106733322144,0.289018839597702,1.1411385536193848,4.381101131439209,1.1676759719848633,3.1195743083953857,363.1779479980469,1
13.073620796203613,1.914846658706665,2.6145644187927246,24.66437530517578,101.94241333007812,2.0924763679504395,0.9116544723510742,0.5361592173576355,1.7520883083343506,9.549127578735352,0.672322690486908,1.8513004779815674,726.3444213867188,2
12.67385482788086,0.6297764778137207,2.031859874725342,17.615633010864258,96.03527069091797,1.6659702062606812,1.7193069458007812,0.3582621216773987,1.2250484228134155,2.0349483489990234,1.1793571710586548,2.4344770908355713,563.3472900390625,1
13.457719802856445,2.6677825450897217,2.617572069168091,23.811859130859375,112.10860443115234,1.911313772201538,0.536309003829956,0.40526288747787476,1.2879853248596191,6.772434234619141,0.7151855230331421,1.792972207069397,592.651123046875,2
12.780838012695312,1.4827654361724854,1.9913147687911987,18.121788024902344,86.4599838256836,2.2881100177764893,1.7249131202697754,0.2967187464237213,1.6203362941741943,2.9669642448425293,1.017048716545105,3.0567123889923096,529.3796997070312,1
13.636824607849121,1.4925978183746338,2.4639174938201904,16.476266860961914,107.76078796386719,2.9206464290618896,3.1166443824768066,0.27481821179389954,1.8896092176437378,5.375505447387695,1.0682601928710938,2.6952030658721924,1159.1485595703125,0
13.005304336547852,3.262454032897949,2.389098882675171,20.65782356262207,87.16787719726562,1.924613356590271,0.6617631912231445,0.577930212020874,1.3251389265060425,6.141524314880371,0.7851714491844177,1.7073365449905396,628.5087890625,2
12.091822624206543,1.5198073387145996,2.447007656097412,23.570568084716797,85.90715026855469,2.0761804580688477,2.039471387863159,0.40415430068969727,1.4962588548660278,2.582961320877075,1.1543378829956055,3.060195207595825,425.4828186035156,1
12.170952796936035,4.422649383544922,2.5005884170532227,21.939218521118164,80.80098724365234,2.1118507385253906,1.977291226387024,0.39092010259628296,1.6927403211593628,2.2954230308532715,0.6969236731529236,2.48183012008667,495.3650207519531,1
11.999247550964355,1.846756100654602,2.43745493888855,22.11311149597168,90.07804107666016,2.7299551963806152,2.2558376789093018,0.3904339373111725,1.5212801694869995,2.90930438041687,0.940962016582489,3.2993485927581787,589.67431640625,1
13.900872230529785,1.3641388416290283,2.567124366760254,13.336099624633789,105.07528686523438,3.968576431274414,4.314850807189941,0.22021527588367462,2.426302909851074,7.923681259155273,0.8853964805603027,3.149160385131836,1260.288330078125,0
12.787809371948242,5.3809661865234375,2.349372148513794,19.735177993774414,96.30335998535156,1.9644830226898193,1.1567273139953613,0.4991544485092163,1.3656235933303833,6.8079729080200195,0.6961482167243958,1.7624590396881104,629.5487060546875,2
13.705476760864258,1.6251219511032104,2.6471829414367676,14.540307998657227,112.3500747680664,3.6762619018554688,4.061161994934082,0.19904114305973053,1.927258014678955,7.581852912902832,0.8495736718177795,3.0640804767608643,1268.851806640625,0
11.913975715637207,2.8278043270111084,2.652679443359375,24.826980590820312,93.82916259765625,2.55871844291687,2.4647743701934814,0.3962165415287018,1.8785792589187622,3.696671962738037,0.8739722967147827,2.475027322769165,657.2086181640625,1
12.748414039611816,1.755305290222168,2.949601173400879,19.65972900390625,101.78336334228516,2.379305124282837,2.6639657020568848,0.3527870774269104,1.4795725345611572,3.9397380352020264,1.1420905590057373,2.7660984992980957,1077.3402099609375,0
12.439845085144043,1.1693289279937744,2.4134254455566406,22.057968139648438,89.76435089111328,2.1434733867645264,1.7952041625976562,0.3127375841140747,1.2844688892364502,3.219583511352539,1.4010283946990967,2.692697525024414,636.6455078125,1
12.926606178283691,3.413553237915039,2.256356954574585,20.75751304626465,103.32131958007812,1.843633770942688,1.1402013301849365,0.4076847434043884,1.0628442764282227,6.239877700805664,0.7312606573104858,1.7256402969360352,519.61572265625,2
12.126286506652832,0.9807193279266357,2.130596160888672,16.786590576171875,91.8482437133789,2.609860420227051,2.1319568157196045,0.3626616895198822,1.035749912261963,3.8493683338165283,1.0767155885696411,2.470350742340088,451.86102294921875,1
12.444870948791504,2.9384031295776367,2.3470029830932617,20.523839950561523,89.12348175048828,2.2022998332977295,0.7822843790054321,0.5951809883117676,1.2403912544250488,6.874152660369873,0.7382538318634033,1.7684745788574219,635.5885620117188,2
11.310599327087402,2.145366907119751,2.7674429416656494,29.229812622070312,90.01324462890625,2.0388498306274414,1.6580970287322998,0.471134215593338,1.5250552892684937,2.252720594406128,1.3183658123016357,2.794882297515869,703.1651611328125,1
12.615457534790039,3.5882792472839355,2.3296170234680176,18.63766098022461,92.42677307128906,1.9741989374160767,0.3940150737762451,0.4989618957042694,1.2587432861328125,6.425830841064453,0.7361630201339722,2.0030059814453125,654.7708740234375,2
11.79762077331543,1.2949492931365967,2.319106340408325,21.852018356323242,86.0147933959961,2.0909295082092285,1.8809571266174316,0.4018020033836365,1.7574224472045898,3.018939733505249,0.8591100573539734,2.565063714981079,304.6512756347656,1
13.802986145019531,1.7177692651748657,2.5140507221221924,15.98227310180664,99.77328491210938,2.7838377952575684,3.2156405448913574,0.24574244022369385,2.0233266353607178,5.402794361114502,1.0709587335586548,3.3029122352600098,1284.8330078125,0
13.464694023132324,1.4861599206924438,2.3661744594573975,15.728506088256836,103.14517974853516,2.9443063735961914,3.3762218952178955,0.2625763416290283,1.7020527124404907,5.790112495422363,0.982629656791687,2.759751319885254,1105.7197265625,0
13.126879692077637,3.796020984649658,2.3506641387939453,21.713497161865234,97.53352355957031,1.8035647869110107,0.9008814096450806,0.47956568002700806,1.5062751770019531,7.2360429763793945,0.7821764945983887,1.7449960708618164,871.4446411132812,2
12.302204132080078,1.4237849712371826,2.3219730854034424,20.363693237304688,107.77987670898438,2.9841833114624023,2.554874897003174,0.3742259442806244,1.2519772052764893,3.5012364387512207,1.121809482574463,2.756716012954712,452.82867431640625,1
13.391148567199707,2.8063995838165283,2.7721707820892334,24.846187591552734,93.5446548461914,2.263664484024048,0.660231351852417,0.6182079315185547,1.8137621879577637,9.51481819152832,0.6868544816970825,2.087139129638672,889.2147827148438,2
13.47075080871582,1.5278066396713257,2.667107105255127,19.229345321655273,103.7502212524414,2.7953426837921143,2.88407564163208,0.23305681347846985,1.565510869026184,5.015668869018555,1.0569236278533936,3.111133098602295,1054.40625,0
11.978743553161621,2.437683343887329,2.3952865600585938,22.11881446838379,82.00897216796875,2.2483198642730713,2.223151683807373,0.429508239030838,1.4949378967285156,2.9140408039093018,0.9215216040611267,2.5605170726776123,531.7906494140625,1
13.566060066223145,1.9087697267532349,2.475736618041992,15.893758773803711,100.68643188476562,3.006727933883667,3.4204745292663574,0.26980865001678467,1.743894338607788,5.660351753234863,1.1638984680175781,3.1874308586120605,1145.7821044921875,0
11.889335632324219,1.4924499988555908,2.688206195831299,24.498960494995117,101.3183822631836,2.1587066650390625,2.0358293056488037,0.4298967123031616,1.2190790176391602,2.874912977218628,1.3576172590255737,2.730011224746704,556.8505859375,1
13.679567337036133,1.5970430374145508,2.2694966793060303,10.32082462310791,97.29544067382812,3.2400286197662354,3.889558792114258,0.17893502116203308,3.1662237644195557,8.35038948059082,1.07108736038208,2.8436033725738525,1381.9490966796875,0
12.421435356140137,1.3571120500564575,2.0785529613494873,17.452932357788086,110.5602035522461,2.196086883544922,1.9870973825454712,0.29584288597106934,1.986461877822876,3.4677696228027344,1.1874710321426392,2.9808785915374756,423.54266357421875,1
12.894600868225098,2.39691162109375,2.483790636062622,20.7058162689209,91.45343017578125,1.9114227294921875,0.8461917638778687,0.5531284213066101,1.1181840896606445,6.5620927810668945,0.6698423624038696,1.707377314567566,711.461181640625,2
12.57422924041748,4.330563545227051,2.661998987197876,26.363656997680664,94.48406219482422,2.0641255378723145,0.387975811958313,0.6832315921783447,1.4267702102661133,8.142779350280762,0.6224877834320068,1.5725816488265991,890.7611083984375,2
12.89156436920166,4.232537269592285,2.6915886402130127,26.16179656982422,96.66865539550781,1.9412916898727417,0.6252865791320801,0.6323505640029907,0.8933300375938416,5.6298065185546875,0.7878719568252563,1.8007450103759766,601.530517578125,2
13.94094467163086,1.9030230045318604,2.334913730621338,16.513280868530273,106.35076904296875,2.9500555992126465,3.316107988357544,0.27412593364715576,2.585994243621826,6.756080150604248,1.0587962865829468,2.7364847660064697,1351.4915771484375,0
12.752873420715332,1.7362680435180664,2.7212181091308594,18.876022338867188,105.21418762207031,2.5190627574920654,2.8025479316711426,0.27813559770584106,1.4185070991516113,4.0349273681640625,1.1647499799728394,2.8263626098632812,1026.2611083984375,0
13.390970230102539,1.7604938745498657,2.6180925369262695,13.628210067749023,107.37799072265625,4.005058288574219,4.099434852600098,0.1990310251712799,1.7806165218353271,7.355633735656738,0.8051108717918396,2.7811286449432373,1124.514892578125,0
12.510537147521973,1.3862214088439941,2.3381235599517822,20.71288299560547,110.01473236083984,2.2428853511810303,2.2081167697906494,0.35651496052742004,1.5520504713058472,2.551515817642212,1.1126186847686768,2.7586090564727783,393.48297119140625,1
12.345382690429688,2.2835853099823,2.062443256378174,19.04629898071289,82.97884368896484,2.0552635192871094,1.7850184440612793,0.2811923921108246,1.1922374963760376,2.45703387260437,0.8450414538383484,3.4342212677001953,610.7755737304688,1
13.43200969696045,1.898173451423645,2.6598854064941406,21.79408836364746,109.39793395996094,2.624021530151367,2.9037134647369385,0.2441660314798355,1.9481110572814941,5.334458827972412,0.9732226133346558,3.202862024307251,991.1301879882812,0
12.106710433959961,0.6573429107666016,1.8751513957977295,18.38759422302246,83.23101806640625,1.7651981115341187,1.317378282546997,0.2918895184993744,1.3818740844726562,2.5635647773742676,1.0024387836456299,2.7206013202667236,416.8296813964844,1
13.476112365722656,1.2884912490844727,2.2049543857574463,14.095189094543457,108.72445678710938,3.2440967559814453,3.5387721061706543,0.27306002378463745,2.001821517944336,6.123947620391846,0.8425970077514648,3.0616393089294434,985.9691772460938,0
13.801090240478516,2.0121214389801025,2.4470646381378174,20.395105361938477,116.41064453125,2.912386894226074,2.98368501663208,0.24365143477916718,2.2688169479370117,6.192988395690918,0.8672096133232117,3.4093172550201416,1093.178955078125,0
11.74311351776123,3.3320937156677246,2.3449504375457764,22.288190841674805,86.99675750732422,2.657088041305542,2.3594279289245605,0.4020608961582184,1.7400248050689697,3.7266926765441895,0.8474193811416626,2.667616128921509,551.3573608398438,1
12.328411102294922,4.522470474243164,2.4189088344573975,19.451276779174805,89.29835510253906,2.2991538047790527,2.3470022678375244,0.43218374252319336,2.5593838691711426,2.5220329761505127,0.9055389761924744,2.949099540710449,458.6876220703125,1
13.700199127197266,1.7913978099822998,2.6392297744750977,17.02165985107422,112.83177185058594,2.8671388626098633,3.2748141288757324,0.37826693058013916,1.896633505821228,6.195991039276123,1.0926940441131592,2.7949838638305664,1146.505859375,0
12.471342086791992,4.399911880493164,2.3207437992095947,21.35957145690918,90.23760986328125,1.8442233800888062,0.9647150039672852,0.5092886686325073,1.1491881608963013,8.34638786315918,0.6271141767501831,1.9353950023651123,733.7627563476562,2
11.797653198242188,3.1484594345092773,2.207352876663208,17.334386825561523,96.55709075927734,2.75421142578125,2.7262635231018066,0.2577115297317505,2.3020482063293457,2.9398746490478516,0.7891626358032227,3.7508702278137207,580.499267578125,1
12.516630172729492,2.122907876968384,2.438265800476074,24.475187301635742,87.8921127319336,1.7077465057373047,1.8915770053863525,0.5219020247459412,1.442088007926941,3.2789435386657715,0.875161349773407,2.331733465194702,444.5239562988281,1
12.292360305786133,0.9991307258605957,2.1393542289733887,21.55405616760254,78.0694580078125,1.9026724100112915,1.5468618869781494,0.3034602105617523,1.133108139038086,2.48136305809021,1.1061675548553467,2.698687791824341,564.331298828125,1
13.558115005493164,1.496657133102417,2.450228452682495,17.06989097595215,105.859130859375,2.703672170639038,3.0644145011901855,0.30400538444519043,1.9570550918579102,5.119648456573486,1.1224790811538696,2.737804412841797,1112.590087890625,0
14.0003662109375,1.4438714981079102,2.4784369468688965,15.40962028503418,112.54283142089844,3.8746819496154785,4.104273796081543,0.1686626672744751,2.7800369262695312,8.052215576171875,0.9126536250114441,3.2423276901245117,1577.0390625,0
11.97137451171875,1.1045234203338623,2.270901679992676,20.7858943939209,89.39874267578125,2.042339563369751,1.8915199041366577,0.3848896026611328,1.2489465475082397,2.479306221008301,1.0808051824569702,2.7237775325775146,480.6086120605469,1
13.565328598022461,1.9097520112991333,2.5257272720336914,21.745708465576172,113.38446807861328,2.648775815963745,2.682319402694702,0.23159627616405487,2.2447619438171387,5.1345534324646,1.0898295640945435,3.188023328781128,1177.794189453125,0
13.816705703735352,1.789169430732727,2.624927520751953,14.671524047851562,102.0941390991211,4.32744836807251,4.258630752563477,0.17639145255088806,2.427293539047241,8.348021507263184,0.8224028944969177,3.3366997241973877,1360.728515625,0
13.509020805358887,1.3748713731765747,2.593825101852417,15.595335006713867,102.71744537353516,2.6734836101531982,2.9329895973205566,0.27869898080825806,1.7503660917282104,4.2874345779418945,1.1131616830825806,2.946150302886963,943.2440185546875,0
11.801202774047852,1.7426731586456299,2.563497304916382,26.473325729370117,100.62415313720703,2.928994655609131,2.4383180141448975,0.35302993655204773,1.5764830112457275,2.94395112991333,1.0958155393600464,3.4980342388153076,596.149658203125,1
12.459535598754883,1.5388926267623901,2.118947982788086,19.554485321044922,83.6216049194336,2.1562764644622803,1.9056541919708252,0.35193803906440735,1.2811479568481445,3.3863368034362793,1.0592910051345825,2.784395217895508,480.5193176269531,1
12.81123161315918,4.8240156173706055,2.3390259742736816,21.307090759277344,87.96357727050781,2.081766366958618,0.9970552921295166,0.6807291507720947,1.472629189491272,7.959423065185547,0.5738582611083984,1.4676626920700073,636.1287231445312,2
12.469532012939453,1.576184630393982,2.2563836574554443,22.884872436523438,85.53319549560547,1.7760565280914307,1.4853754043579102,0.32180196046829224,1.2709722518920898,3.1341304779052734,1.2463054656982422,3.516420364379883,513.0808715820312,1
12.867013931274414,2.505582809448242,2.43485164642334,18.997331619262695,94.5576400756836,2.3588666915893555,1.3162119388580322,0.49290555715560913,1.481091022491455,8.766830444335938,0.6922406554222107,2.044893980026245,694.4611206054688,2
13.52455997467041,1.5043160915374756,2.6213338375091553,19.040542602539062,109.97237396240234,2.9559450149536133,2.978119134902954,0.31816384196281433,1.637047290802002,5.7733235359191895,0.9291104674339294,3.2719743251800537,1079.335693359375,0
13.433496475219727,1.9898831844329834,2.4987375736236572,18.846275329589844,104.20115661621094,2.15266752243042,2.4082400798797607,0.2598607540130615,1.6584185361862183,3.328057289123535,1.1873224973678589,3.3271520137786865,907.997802734375,0
14.090620994567871,1.68351149559021,2.4038798809051514,15.10042953491211,114.18637084960938,3.441110610961914,3.6750564575195312,0.19675004482269287,1.884390115737915,6.682433605194092,0.8190529346466064,3.0792124271392822,1239.8599853515625,0
14.244627952575684,1.5222861766815186,2.5678765773773193,22.453754425048828,118.8302001953125,2.9415693283081055,3.0010793209075928,0.18855273723602295,2.240659713745117,6.481871128082275,0.9172697067260742,2.9826395511627197,1144.994140625,0
12.717144012451172,1.215013861656189,2.5169620513916016,21.06772232055664,115.3720474243164,2.1301584243774414,2.332730293273926,0.37379199266433716,1.4143612384796143,2.8747951984405518,1.3510510921478271,2.754819869995117,386.3228454589844,1
12.195524215698242,1.2087310552597046,2.106635808944702,21.040451049804688,100.7149887084961,2.0044188499450684,1.7005014419555664,0.32798105478286743,1.6231272220611572,2.029858350753784,0.9855252504348755,3.0750536918640137,430.1020202636719,1
14.60352611541748,1.4043984413146973,2.410433769226074,9.769062995910645,105.26225280761719,3.445559024810791,3.8932290077209473,0.21423228085041046,2.9301133155822754,7.32997989654541,1.0646486282348633,3.2045412063598633,1505.92529296875,0
13.550032615661621,1.9061954021453857,2.759634494781494,18.446012496948242,111.91130828857422,2.7223947048187256,2.812969207763672,0.3214969038963318,1.6529799699783325,5.58256721496582,0.9720872044563293,3.1815104484558105,1106.908447265625,0
14.153580665588379,1.8989574909210205,2.394289016723633,15.848337173461914,107.46294403076172,2.751554489135742,3.7529001235961914,0.23445791006088257,1.9932973384857178,6.0871734619140625,1.1068207025527954,3.27919864654541,1057.431884765625,0
12.877540588378906,3.922879219055176,2.179769992828369,19.818653106689453,86.98878479003906,2.1741364002227783,0.8732606172561646,0.4919290542602539,0.9147577285766602,7.6487627029418945,0.7104284763336182,1.6460037231445312,627.7799682617188,2
12.686412811279297,1.6188164949417114,2.33793568611145,21.062246322631836,110.92411804199219,2.8111038208007812,2.4888923168182373,0.2557941973209381,1.8715293407440186,3.44572114944458,1.1662477254867554,3.1051464080810547,630.4794921875,1
12.186991691589355,1.7231085300445557,2.0158193111419678,17.03563117980957,85.53311157226562,2.2103724479675293,1.8171961307525635,0.3283822536468506,1.4242994785308838,1.8568110466003418,1.0234190225601196,3.1457667350769043,545.3465576171875,1
14.425500869750977,2.036634683609009,2.435319662094116,14.916397094726562,106.85565948486328,3.3177013397216797,3.8032641410827637,0.23611050844192505,2.924067735671997,6.948400020599365,1.2375470399856567,2.990154981613159,1786.0333251953125,0
12.241291046142578,2.0815534591674805,2.234365463256836,21.075700759887695,88.25411224365234,2.0779974460601807,2.1230428218841553,0.40299689769744873,1.2916858196258545,3.2696502208709717,0.8540367484092712,2.705732583999634,419.48834228515625,1
13.289315223693848,1.7327978610992432,2.649519443511963,18.674171447753906,104.759521484375,2.614598274230957,2.8312325477600098,0.22369149327278137,1.6839706897735596,5.278899192810059,1.0031869411468506,3.5966691970825195,961.7210693359375,0
12.320521354675293,1.9554696083068848,2.229652166366577,21.11472511291504,91.77245330810547,2.2441070079803467,2.2909069061279297,0.4027116000652313,1.7239192724227905,2.5666213035583496,1.1230571269989014,3.163090705871582,541.8202514648438,1
12.39357852935791,1.1420612335205078,2.044224500656128,14.12837028503418,94.93336486816406,2.5836329460144043,1.8078384399414062,0.31230416893959045,0.7805293798446655,3.660412311553955,1.1773430109024048,2.1173551082611084,326.2543640136719,1
13.002684593200684,3.5044760704040527,2.364393949508667,19.810108184814453,93.6223373413086,2.1120874881744385,0.9620593786239624,0.5261653661727905,0.7420447468757629,5.0968098640441895,0.9731080532073975,1.90438973903656,451.58282470703125,2
12.919493675231934,3.0935158729553223,2.4938807487487793,22.65814971923828,100.31425476074219,2.1923892498016357,0.5449038743972778,0.5586370229721069,1.0740116834640503,6.493941307067871,0.8285752534866333,2.083111524581909,715.2462768554688,2
13.126364707946777,1.6950589418411255,2.5682950019836426,17.545934677124023,110.51787567138672,2.537116050720215,2.6829047203063965,0.2648921608924866,1.5440982580184937,4.5101470947265625,1.0724321603775024,2.837484121322632,956.7210693359375,0
12.22019100189209,4.256537437438965,2.4312031269073486,21.258258819580078,97.00588989257812,2.0267863273620605,2.1594152450561523,0.48953157663345337,2.048410415649414,2.856048345565796,0.9237920045852661,2.093733072280884,581.9183349609375,1
11.862741470336914,0.9898092746734619,2.1588234901428223,18.341333389282227,89.53108215332031,2.4532642364501953,2.0472021102905273,0.31035315990448,1.4712973833084106,2.780618906021118,0.9849144816398621,2.9300193786621094,472.9127502441406,1
12.387361526489258,1.9393209218978882,2.433051109313965,22.740755081176758,90.7024917602539,2.4691824913024902,0.7568844556808472,0.6470076441764832,1.133005976676941,7.0695672035217285,0.7311325669288635,1.5272866487503052,752.0510864257812,2
11.740046501159668,2.7633376121520996,2.9268693923950195,30.448169708251953,87.7603988647461,1.8431096076965332,1.7409533262252808,0.7188054323196411,1.7281343936920166,4.42770528793335,0.7868064045906067,1.5634286403656006,523.5444946289062,1
12.28281021118164,3.6234617233276367,2.42307710647583,25.569774627685547,95.39442443847656,1.7402677536010742,0.561630129814148,0.6150566339492798,1.0015301704406738,8.114276885986328,0.6842600107192993,1.6366519927978516,823.7807006835938,2
13.56635570526123,1.658366084098816,2.5749833583831787,17.266836166381836,110.06529235839844,3.3120408058166504,3.857302665710449,0.20951221883296967,1.9664955139160156,7.613400459289551,0.9441561102867126,2.9248206615448,1337.2772216796875,0
14.448083877563477,1.8861340284347534,2.5214810371398926,15.260906219482422,114.64793395996094,3.435854434967041,3.6523313522338867,0.3009812831878662,2.1853456497192383,8.099029541015625,0.8788803815841675,3.4791452884674072,1400.093505859375,0
13.21518611907959,2.735538959503174,2.4722867012023926,20.36566925048828,96.56998443603516,2.365530490875244,1.0540472269058228,0.5264582633972168,1.9635189771652222,11.261672973632812,0.5138418674468994,1.7288475036621094,647.3319091796875,2
12.764264106750488,1.9389598369598389,2.36024808883667,19.581693649291992,94.7790298461914,2.375859022140503,1.104583978652954,0.5507522821426392,1.5346083641052246,9.283605575561523,0.5836226940155029,1.6490800380706787,609.1061401367188,2
11.853448867797852,0.40235090255737305,1.9239362478256226,16.02939796447754,85.529052734375,2.558666944503784,1.6960827112197876,0.2952815294265747,0.8968358635902405,3.715585708618164,1.1185957193374634,2.391094207763672,391.8000793457031,1
12.065340995788574,1.5953227281570435,2.2202377319335938,16.656246185302734,98.74491119384766,2.8142378330230713,2.736222267150879,0.3245994746685028,2.0800061225891113,3.1146321296691895,1.0273082256317139,3.1540427207946777,493.8717041015625,1
13.083032608032227,3.7116169929504395,2.562940835952759,23.38518524169922,98.20433044433594,1.9335575103759766,0.840316891670227,0.4891345202922821,1.4419962167739868,7.0603837966918945,0.6829317808151245,1.5928703546524048,685.1447143554688,2
13.895357131958008,2.3245205879211426,2.221583604812622,15.21042537689209,99.72017669677734,2.8176894187927246,3.5779411792755127,0.24015167355537415,2.6125974655151367,5.517716407775879,1.1918749809265137,3.1624562740325928,1159.5982666015625,0
12.171424865722656,1.7477648258209229,2.3088746070861816,20.468461990356445,89.61522674560547,1.7125306129455566,1.5346531867980957,0.4291064143180847,1.058263897895813,3.59100079536438,1.1356219053268433,2.7627313137054443,550.3933715820312,1
14.131867408752441,1.498533010482788,2.565081834793091,16.825586318969727,119.21817016601562,3.902175188064575,3.604808807373047,0.2601783573627472,2.1549315452575684,8.108948707580566,0.794561505317688,3.121706962585449,1325.46533203125,0
13.339585304260254,4.109832763671875,2.569570779800415,23.89423370361328,98.55746459960938,1.6153790950775146,0.5653444528579712,0.4970601499080658,1.0133000612258911,5.772691249847412,0.7825791835784912,1.822230577468872,625.6126708984375,2
13.958312034606934,2.026902198791504,2.5133113861083984,14.136350631713867,111.84974670410156,3.531808853149414,3.5565671920776367,0.20178169012069702,2.049995183944702,7.129229545593262,0.87137770652771,3.3139796257019043,1500.1708984375,0
12.481931686401367,2.7799272537231445,2.3767287731170654,21.64684295654297,100.0260238647461,1.8074769973754883,0.6550682783126831,0.5709637403488159,1.410130262374878,7.182407855987549,0.5882080793380737,1.733198642730713,749.8177490234375,2
13.116168975830078,3.9487626552581787,2.3255598545074463,22.3079776763916,103.99214935302734,1.454019546508789,0.9577045440673828,0.3849335014820099,1.3701266050338745,8.082902908325195,0.6435426473617554,1.4463924169540405,579.6117553710938,2
11.979066848754883,3.8918349742889404,2.552380084991455,25.93820571899414,92.55179595947266,2.116522789001465,2.0829005241394043,0.5397667288780212,1.802290439605713,3.9805665016174316,0.7309911847114563,2.127540111541748,491.2183837890625,1
13.443883895874023,1.982614278793335,2.6204423904418945,19.926870346069336,104.61397552490234,2.62147855758667,3.172226905822754,0.24944955110549927,1.8273580074310303,5.699670791625977,1.0396114587783813,3.244953155517578,1247.8294677734375,0
13.33749008178711,4.238692760467529,2.645581007003784,26.174259185791016,112.79974365234375,1.4779548645019531,0.9701429605484009,0.3570277690887451,1.2712887525558472,8.177396774291992,0.7031472325325012,1.5715463161468506,744.0150756835938,2
14.240336418151855,1.915947437286377,2.401493787765503,18.858840942382812,119.54073333740234,3.1675214767456055,3.4517807960510254,0.2762233018875122,2.215973138809204,6.464330196380615,1.0429646968841553,3.018137216567993,1442.607177734375,0
12.354148864746094,1.4986746311187744,2.6235406398773193,26.049034118652344,104.58905792236328,2.2431581020355225,1.954768419265747,0.36162814497947693,1.8143092393875122,1.8523201942443848,1.247854232788086,3.182018756866455,448.9730224609375,1
12.371787071228027,1.2550450563430786,2.069671392440796,18.14039421081543,115.40309143066406,1.9495437145233154,2.225128173828125,0.29704025387763977,2.0597734451293945,2.2708516120910645,1.0856273174285889,3.0271992683410645,510.6849670410156,1
12.094528198242188,1.9547349214553833,2.290433883666992,20.552265167236328,98.41250610351562,2.7000410556793213,2.8461837768554688,0.28884780406951904,1.7854912281036377,2.9979920387268066,0.8993586897850037,3.591273069381714,485.2806091308594,1
12.731148719787598,5.353774070739746,2.5680320262908936,25.322189331054688,93.91817474365234,1.8948745727539062,0.9335874319076538,0.6840555667877197,1.432727336883545,6.75014591217041,0.674385666847229,1.6190447807312012,765.4005737304688,2
12.116283416748047,2.8093628883361816,2.321363687515259,20.075664520263672,84.6431884765625,2.2093827724456787,0.4853137731552124,0.567354679107666,0.7709163427352905,4.36198091506958,0.9085046052932739,1.8056710958480835,429.28875732421875,2
12.772481918334961,1.6975343227386475,2.0688724517822266,17.882143020629883,101.61847686767578,1.9717787504196167,0.574975848197937,0.5600692629814148,1.5372329950332642,7.24984073638916,0.603286862373352,1.4661953449249268,779.9214477539062,2
12.896452903747559,3.4236831665039062,2.6241331100463867,24.552196502685547,111.03329467773438,1.5389878749847412,0.9230194091796875,0.4331778287887573,1.0960160493850708,7.78654146194458,0.6473990082740784,1.459131121635437,788.4366455078125,2
11.933509826660156,1.0283373594284058,2.3191261291503906,23.610485076904297,87.49034881591797,2.5054705142974854,2.2178099155426025,0.4111582338809967,1.6884994506835938,3.613729953765869,0.8633782863616943,2.9491183757781982,506.030517578125,1
11.885390281677246,2.3804266452789307,2.556905746459961,25.30144691467285,92.6270751953125,2.3706753253936768,1.9441746473312378,0.5350568294525146,1.7726508378982544,2.0886125564575195,0.9133860468864441,2.3487911224365234,497.7507019042969,1
12.088613510131836,2.6174888610839844,2.4429941177368164,23.701101303100586,92.76182556152344,2.1056246757507324,0.6554518938064575,0.5745186805725098,0.9138776659965515,5.813501358032227,0.7884480357170105,1.910839319229126,693.363037109375,2
12.024816513061523,1.9422307014465332,2.1953818798065186,18.827796936035156,96.9420394897461,2.3308300971984863,2.317608594894409,0.31245359778404236,2.4882407188415527,2.048959732055664,0.9083508849143982,3.2846617698669434,540.8502807617188,1
11.738541603088379,2.6866726875305176,2.3915107250213623,20.453081130981445,88.98004150390625,3.1392006874084473,3.1175973415374756,0.2812020778656006,2.3063011169433594,3.5742063522338867,0.819310188293457,3.2296628952026367,578.321533203125,1
12.737643241882324,1.194466233253479,1.8761463165283203,18.68701934814453,84.44691467285156,2.0256271362304688,2.118950366973877,0.30938565731048584,1.015792965888977,4.16378116607666,1.0117971897125244,3.226839542388916,612.3187866210938,1
12.388092041015625,2.919649600982666,2.649200916290283,24.980493545532227,100.58553314208984,2.1125574111938477,0.8245291709899902,0.5995684862136841,0.9686684608459473,6.858865737915039,0.6705886125564575,1.7696690559387207,655.5446166992188,2
11.747355461120605,0.646262526512146,2.110103130340576,17.421728134155273,81.66128540039062,2.196063995361328,0.4625396728515625,0.6207894086837769,1.5019588470458984,6.898086071014404,0.6217535138130188,1.2025622129440308,649.8677368164062,2
12.31047248840332,1.059789776802063,1.9976080656051636,17.409730911254883,86.78377532958984,2.4083194732666016,2.593695640563965,0.32094284892082214,1.4823907613754272,2.8335471153259277,1.139385461807251,2.8537802696228027,457.1286926269531,1
11.801240921020508,1.6641335487365723,2.334543466567993,21.52899932861328,90.90743255615234,3.172635555267334,3.0821847915649414,0.26355940103530884,1.9095643758773804,3.3181753158569336,0.936964750289917,3.2851457595825195,484.9924011230469,1
12.577019691467285,1.7493348121643066,2.035428285598755,13.69182300567627,78.78546142578125,3.8292934894561768,3.483797550201416,0.28810009360313416,3.3216569423675537,4.7408952713012695,1.4483345746994019,2.6905300617218018,405.6124572753906,1
12.371411323547363,3.164442539215088,2.2544808387756348,20.790761947631836,97.0033187866211,1.8416271209716797,0.9412992000579834,0.5306064486503601,1.0271730422973633,6.96753454208374,0.6379228830337524,1.5107585191726685,627.7147216796875,2
13.154497146606445,1.4675240516662598,2.6477856636047363,18.453577041625977,104.0516357421875,2.819810390472412,3.1333372592926025,0.2284814566373825,1.6121151447296143,5.1724419593811035,1.0274016857147217,2.606947898864746,1049.2393798828125,0
11.899812698364258,3.4186713695526123,2.8852357864379883,28.340120315551758,90.19718933105469,1.96747624874115,1.5273845195770264,0.7086416482925415,1.650779366493225,2.92828369140625,1.0084772109985352,1.7571921348571777,539.0982666015625,1
12.378935813903809,3.318652629852295,2.753523349761963,24.167369842529297,90.88784790039062,1.9002436399459839,1.9600998163223267,0.6212500333786011,1.5107507705688477,3.342654228210449,1.0929230451583862,1.6187031269073486,433.6443176269531,1
12.745619773864746,3.2572081089019775,2.621525764465332,22.780414581298828,103.5155258178711,1.8352975845336914,0.7607964277267456,0.4833323657512665,0.8488778471946716,6.203205585479736,0.9018234014511108,2.3369088172912598,560.4583740234375,2
13.167741775512695,1.8573763370513916,2.7977614402770996,19.51146125793457,108.75767517089844,2.1838831901550293,2.6946051120758057,0.3128804564476013,1.3752005100250244,4.139873504638672,1.085213303565979,3.214491128921509,742.7594604492188,0
12.622644424438477,1.537593126296997,2.300785779953003,22.957195281982422,89.5862808227539,1.8074226379394531,1.9262744188308716,0.4221256673336029,1.580690622329712,3.097113847732544,1.0606927871704102,2.990311622619629,443.8282165527344,1
12.807421684265137,3.648197650909424,2.415032386779785,21.471284866333008,103.38683319091797,1.8087971210479736,0.7423090934753418,0.5263676643371582,1.223453402519226,7.267581939697266,0.6994272470474243,1.6984260082244873,633.48974609375,2
11.884195327758789,2.0949580669403076,2.158043146133423,20.47896957397461,88.25991821289062,2.2393484115600586,2.345184803009033,0.3408243656158447,1.735316276550293,1.9436125755310059,0.883267343044281,3.150607109069824,430.7458801269531,1
12.51775074005127,0.6072624921798706,1.4297133684158325,13.163566589355469,86.93057250976562,1.9141262769699097,0.6981580257415771,0.25583481788635254,0.6727610230445862,1.6090216636657715,1.1084778308868408,2.4889845848083496,411.57470703125,1
13.346884727478027,1.751619577407837,2.4210903644561768,16.026405334472656,94.66033935546875,2.4578914642333984,2.718634605407715,0.25606974959373474,1.5050925016403198,4.127562522888184,1.1114708185195923,3.1858482360839844,999.7117309570312,0
11.853968620300293,1.3565341234207153,2.2821617126464844,20.276836395263672,85.5467529296875,2.736405849456787,2.138387680053711,0.4008835554122925,1.2565186023712158,3.7503738403320312,0.9978011846542358,2.664254903793335,526.8204345703125,1
12.994585990905762,2.4704208374023438,2.170854330062866,18.30332374572754,110.88124084472656,1.5553867816925049,0.38259971141815186,0.4939790964126587,1.2651259899139404,8.392916679382324,0.5772687196731567,1.5843626260757446,790.321044921875,2
12.682591438293457,3.6102499961853027,2.4615061283111572,21.78195571899414,104.39968872070312,1.8969773054122925,0.9409767389297485,0.4559907615184784,1.3269920349121094,8.906336784362793,0.5764245986938477,1.59175443649292,630.3338623046875,2
14.091116905212402,1.5941555500030518,2.2960588932037354,12.878850936889648,105.75440216064453,2.8064231872558594,3.6342740058898926,0.29468822479248047,2.4982264041900635,6.892723083496094,1.1144839525222778,2.873208522796631,1363.0526123046875,0
13.024620056152344,1.5603686571121216,2.7055134773254395,14.488438606262207,108.84871673583984,2.7614951133728027,3.1706717014312744,0.33951371908187866,1.2105406522750854,4.984164714813232,1.0347813367843628,3.296623945236206,886.5496826171875,0
13.173904418945312,1.9955185651779175,2.5652103424072266,19.86664581298828,99.7905044555664,2.5730719566345215,2.7953386306762695,0.2852327227592468,1.617396593093872,4.315622806549072,1.0399720668792725,3.750558376312256,1013.054443359375,0
12.615999221801758,0.44019556045532227,1.3714399337768555,9.780096054077148,83.10484313964844,2.1490654945373535,0.9633790254592896,0.32837122678756714,0.3428964614868164,2.001413345336914,1.1778135299682617,1.4719048738479614,400.3893127441406,1
13.172407150268555,1.9821518659591675,2.6500816345214844,17.904354095458984,105.99494171142578,2.6415438652038574,2.9764509201049805,0.3420652151107788,1.4398306608200073,5.347477436065674,1.1151134967803955,2.713223934173584,997.0574340820312,0
13.591890335083008,2.6594619750976562,2.6010890007019043,22.901996612548828,108.41087341308594,1.7340080738067627,1.0845587253570557,0.4063733220100403,0.8313459157943726,7.044625759124756,0.8441981077194214,2.0950570106506348,570.6036376953125,2
13.12972354888916,2.7796716690063477,2.5603551864624023,23.72959327697754,109.41839599609375,1.7818241119384766,0.7029027938842773,0.522696852684021,1.4946935176849365,9.273283004760742,0.7577698230743408,1.9272187948226929,838.7357788085938,2
12.673990249633789,1.363667368888855,2.069714307785034,21.616071701049805,95.81366729736328,1.6836328506469727,1.4702730178833008,0.3281342387199402,1.346615195274353,1.8606657981872559,1.0983222723007202,2.912297248840332,408.0924987792969,1
13.04370403289795,1.7414584159851074,2.5053939819335938,18.577491760253906,98.93252563476562,2.3947694301605225,2.902416706085205,0.2816680371761322,1.6296330690383911,4.514287948608398,1.1985397338867188,3.079000473022461,1209.74072265625,0
13.085522651672363,1.666468620300293,2.7530524730682373,19.615951538085938,98.23560333251953,2.3987956047058105,2.4725725650787354,0.3191002607345581,1.6496000289916992,5.21740198135376,1.1013712882995605,3.172119617462158,985.6192626953125,0
13.634373664855957,1.2870283126831055,2.508265256881714,18.39885711669922,105.73760986328125,2.4828710556030273,2.574643135070801,0.2628476917743683,1.5997823476791382,4.483551979064941,1.0342861413955688,3.3199329376220703,727.7152709960938,0
14.061694145202637,1.8874702453613281,2.4840147495269775,20.51015281677246,114.23446655273438,2.894420623779297,3.151413917541504,0.2306709736585617,2.2818541526794434,6.757088661193848,1.0132163763046265,3.1659302711486816,1240.11376953125,0
13.828523635864258,1.887249231338501,2.6981616020202637,16.834489822387695,113.77558898925781,4.1935272216796875,3.8610849380493164,0.13908074796199799,2.204819679260254,8.40444564819336,0.6934624910354614,3.1232450008392334,1508.6405029296875,0
13.656139373779297,1.8737455606460571,2.540347099304199,16.35550880432129,104.8670425415039,2.856013774871826,3.195620059967041,0.2555084824562073,2.0080881118774414,5.507634162902832,1.0428216457366943,3.375439167022705,1096.760009765625,0
12.72742748260498,2.6964993476867676,2.3190815448760986,21.38818359375,90.86511993408203,2.2306063175201416,0.5509045124053955,0.6408689618110657,1.4300801753997803,7.1699748039245605,0.6638051271438599,1.8100645542144775,760.419189453125,2
11.721786499023438,3.616527557373047,2.496955394744873,22.335493087768555,84.82853698730469,2.037307024002075,1.8515478372573853,0.47919052839279175,1.1190892457962036,2.693480968475342,0.9331281781196594,2.541339874267578,546.70166015625,1
13.175415992736816,1.891880989074707,2.3005168437957764,18.970510482788086,105.81050872802734,2.741342067718506,3.2989344596862793,0.2075536847114563,2.1506874561309814,5.367270469665527,0.9966738224029541,3.2942843437194824,933.127197265625,0
13.917856216430664,1.7501705884933472,2.2552905082702637,12.812475204467773,109.56111145019531,3.7417960166931152,3.9924731254577637,0.22759194672107697,2.5036277770996094,8.065129280090332,0.9087348580360413,3.444140672683716,1396.266845703125,0
13.295953750610352,2.594203472137451,2.6277458667755127,20.466899871826172,100.30073547363281,2.4611964225769043,2.2826106548309326,0.4364551603794098,1.5269787311553955,4.6569342613220215,1.0463112592697144,2.810906171798706,985.0481567382812,0
13.168688774108887,2.7935311794281006,2.610166311264038,22.519126892089844,103.45455169677734,1.9648555517196655,1.0698788166046143,0.4648725390434265,1.2508528232574463,7.782748222351074,0.6714971661567688,1.6473150253295898,586.88232421875,2
13.562337875366211,1.6084915399551392,2.695902109146118,12.810546875,113.4476089477539,3.1667540073394775,3.5666444301605225,0.3223230242729187,1.4386630058288574,5.495165824890137,0.9691334962844849,2.8588919639587402,950.0574340820312,0
13.746298789978027,1.5638442039489746,2.3809585571289062,13.797737121582031,98.46624755859375,3.5882790088653564,3.6842122077941895,0.17806948721408844,3.141310930252075,9.390754699707031,1.0313472747802734,2.84238338470459,1333.750732421875,0
12.698366165161133,3.025951385498047,2.161790370941162,20.13372039794922,99.30010223388672,2.032684326171875,1.0236071348190308,0.5311673283576965,0.9266378283500671,9.14501953125,0.5725206136703491,1.158201813697815,631.8696899414062,2
14.347086906433105,1.8788158893585205,2.299572706222534,16.48783302307129,104.28726196289062,2.58052134513855,3.111276626586914,0.21290642023086548,2.0487444400787354,5.270428657531738,1.108565092086792,3.342365264892578,979.1754760742188,0
13.896352767944336,1.416014552116394,2.583933115005493,15.661579132080078,106.00533294677734,2.6870930194854736,3.449864387512207,0.319125771522522,1.836467981338501,5.762782096862793,1.0813847780227661,2.7275760173797607,1194.4615478515625,0
12.377232551574707,2.5948376655578613,2.56105899810791,22.255775451660156,87.2132797241211,1.7065796852111816,1.8575866222381592,0.5907008647918701,1.8746134042739868,3.4349238872528076,1.1067966222763062,1.971234917640686,469.21514892578125,1
12.500978469848633,1.67483389377594,2.008329391479492,19.523685455322266,76.88401794433594,1.938117504119873,2.2105112075805664,0.30077511072158813,1.8660815954208374,3.2377190589904785,1.3557215929031372,3.0744235515594482,425.30767822265625,1
13.023177146911621,2.065589427947998,2.557157039642334,24.054128646850586,83.34333038330078,2.4792633056640625,0.5746792554855347,0.654716968536377,2.0663018226623535,11.392196655273438,0.48294544219970703,1.58198082447052,767.5000610351562,2
12.514368057250977,2.5841379165649414,2.488074541091919,23.496421813964844,83.00436401367188,2.236694574356079,0.4669675827026367,0.5639880299568176,1.4270503520965576,7.963864803314209,0.7317980527877808,1.9111255407333374,790.8607177734375,2
12.53585433959961,1.5681008100509644,2.384483575820923,20.641490936279297,89.59323120117188,2.004837989807129,0.41136372089385986,0.6174468994140625,1.202425479888916,5.865177154541016,0.7874342203140259,1.8135279417037964,709.35986328125,2
11.143548011779785,2.3316869735717773,2.5811710357666016,24.547447204589844,91.40806579589844,2.4169533252716064,2.229799509048462,0.44475382566452026,1.5216009616851807,1.9487948417663574,0.9472127556800842,3.3150293827056885,428.98382568359375,1
12.434579849243164,1.5254714488983154,1.9976344108581543,19.393278121948242,87.238525390625,2.4684436321258545,2.5073633193969727,0.2597706615924835,1.9441368579864502,2.802225351333618,1.1044570207595825,3.1638197898864746,512.8681640625,1
13.69566822052002,2.037795066833496,2.4592413902282715,20.229713439941406,104.1369400024414,2.7473268508911133,2.994354486465454,0.21320851147174835,2.542928457260132,5.403379440307617,1.109040379524231,3.1462535858154297,1115.37548828125,0
13.502326965332031,1.508749008178711,2.644561529159546,17.255512237548828,109.68669891357422,3.361751079559326,3.604936361312866,0.25616616010665894,1.7823835611343384,6.793255805969238,0.9563233852386475,2.530656337738037,1334.65771484375,0
12.866436958312988,3.298572540283203,2.4892690181732178,21.18290901184082,102.4773178100586,2.2695367336273193,0.7126232385635376,0.5588254928588867,1.3699827194213867,10.046449661254883,0.6334079504013062,1.6911511421203613,661.1590576171875,2
13.946236610412598,1.4786927700042725,2.571624279022217,19.84037208557129,109.97354888916016,3.1024322509765625,3.0123274326324463,0.227460578083992,2.052460193634033,7.176477909088135,0.9556087255477905,2.827747106552124,1183.69091796875,0
13.014626502990723,3.392838478088379,2.548797369003296,23.94840431213379,115.14775085449219,1.5207983255386353,1.265916347503662,0.31497901678085327,1.371401309967041,8.583518028259277,0.6580098867416382,1.6540507078170776,671.5139770507812,2
12.855999946594238,1.387439250946045,1.9886956214904785,16.806026458740234,90.05677795410156,2.5655717849731445,1.9175732135772705,0.28484541177749634,1.2084872722625732,2.820127248764038,1.1492477655410767,2.643960952758789,536.064208984375,1
12.935752868652344,3.556572437286377,2.550610065460205,25.84233856201172,101.78675842285156,1.3721643686294556,0.7624485492706299,0.6086443066596985,1.1649103164672852,8.294272422790527,0.5799494981765747,1.5283534526824951,821.14599609375,2
13.7857666015625,1.6155109405517578,2.334928274154663,17.704240798950195,102.5208511352539,2.8161678314208984,3.3482744693756104,0.23551559448242188,2.016340494155884,4.931031703948975,1.0773041248321533,3.3719711303710938,1143.3603515625,0
13.950714111328125,1.578876256942749,2.5389604568481445,18.323524475097656,114.51747131347656,3.5036187171936035,3.6452794075012207,0.18923623859882355,1.9625941514968872,6.681949138641357,0.8394217491149902,3.2498855590820312,1359.76025390625,0
13.426642417907715,1.6458659172058105,2.529186487197876,18.019210815429688,103.12844848632812,3.1363728046417236,3.210890293121338,0.28256890177726746,1.57975172996521,4.897022724151611,1.0242481231689453,3.232118606567383,1021.4273071289062,0
13.532362937927246,1.0566916465759277,2.5036697387695312,21.990995407104492,86.34883880615234,2.428278923034668,1.1416726112365723,0.6693483591079712,2.5492331981658936,11.204034805297852,0.5250933766365051,1.7151646614074707,599.3954467773438,2
12.887048721313477,2.033747911453247,2.3125898838043213,21.273414611816406,87.6159896850586,1.6532644033432007,1.8360862731933594,0.5121495127677917,1.3227143287658691,4.255576133728027,0.8491312861442566,1.7909990549087524,451.014404296875,1
12.964580535888672,5.087895393371582,2.5442252159118652,21.744590759277344,99.72268676757812,1.8348736763000488,0.7448487281799316,0.5256006717681885,1.2688817977905273,6.674008369445801,0.7333479523658752,1.707883358001709,702.324462890625,2
13.014347076416016,1.567289113998413,2.602048397064209,20.30557632446289,74.51383972167969,3.1156182289123535,1.2870993614196777,0.6139798164367676,2.447709560394287,11.846048355102539,0.3961659073829651,1.3798656463623047,657.3455810546875,2
14.161547660827637,1.5664247274398804,2.3474981784820557,13.189741134643555,106.3972396850586,3.672389507293701,3.9537737369537354,0.2648058533668518,1.9776932001113892,6.884424209594727,0.8956490159034729,2.6913914680480957,1220.7733154296875,0
12.461390495300293,2.214893341064453,2.5691888332366943,24.675352096557617,94.90916442871094,2.0917510986328125,0.7284262180328369,0.6244407296180725,1.1740717887878418,7.336779594421387,0.6707131862640381,1.649295449256897,731.1890258789062,2
13.724146842956543,2.0190892219543457,2.586888313293457,16.73641586303711,107.73648071289062,3.2771568298339844,3.3880953788757324,0.29733821749687195,1.874167799949646,6.943552017211914,0.9686558842658997,2.8628928661346436,1404.7774658203125,0
13.457443237304688,1.617819905281067,2.4778130054473877,15.585859298706055,107.32435607910156,3.187056064605713,3.2679991722106934,0.23559442162513733,2.0353615283966064,6.31049108505249,0.9227415323257446,2.9666428565979004,1109.3394775390625,0
11.705608367919922,2.325129747390747,2.5671885013580322,25.526247024536133,86.24887084960938,1.9797694683074951,1.7896887063980103,0.5760117769241333,1.6401019096374512,4.000175476074219,0.8786091208457947,2.2421603202819824,598.34375,1
13.842694282531738,1.8699119091033936,2.4031102657318115,16.578920364379883,111.10824584960938,2.9351308345794678,3.269970417022705,0.2585372030735016,2.3407108783721924,6.859866142272949,0.9490445852279663,2.9563608169555664,1102.444091796875,0
12.792689323425293,1.7462007999420166,2.393646478652954,26.136791229248047,143.52651977539062,2.783491373062134,2.8803224563598633,0.31175222992897034,2.0412983894348145,4.149967193603516,1.146803855895996,3.1012887954711914,925.1419677734375,1
12.617619514465332,4.077883243560791,2.281590461730957,20.260391235351562,102.28047180175781,1.9270609617233276,0.9810411930084229,0.45147642493247986,1.1445221900939941,9.311017990112305,0.5855003595352173,1.6836521625518799,556.8118896484375,2
12.227264404296875,1.237149715423584,2.368489980697632,22.680896759033203,94.96440124511719,2.0369491577148438,1.5896289348602295,0.375990092754364,1.6618965864181519,2.478339672088623,0.9084250926971436,2.750849723815918,467.9156494140625,1
12.645644187927246,2.8671464920043945,2.548677921295166,21.765121459960938,103.74691009521484,1.6862437725067139,0.8273597955703735,0.41311338543891907,1.310001015663147,7.997717380523682,0.6447960734367371,1.5057599544525146,539.77685546875,2
12.689345359802246,0.779045581817627,2.1040635108947754,17.031352996826172,92.60662841796875,2.2389984130859375,1.7316632270812988,0.31466150283813477,1.3377385139465332,2.8056302070617676,1.3127650022506714,2.522061824798584,529.4459228515625,1
11.973366737365723,3.424105167388916,2.4119393825531006,21.419206619262695,86.95044708251953,2.004011869430542,1.9935619831085205,0.4962359070777893,1.300257682800293,2.989514112472534,0.7824839353561401,2.1825878620147705,564.0306396484375,1
12.58342456817627,0.6956614255905151,1.960345983505249,17.392498016357422,96.3308334350586,1.5955414772033691,1.897792100906372,0.2762112021446228,1.8529624938964844,2.022160768508911,1.086897611618042,2.783956289291382,514.387939453125,1
12.295071601867676,0.9816772937774658,1.8137935400009155,18.650964736938477,81.25433349609375,1.7871702909469604,1.4938371181488037,0.28920891880989075,1.2697091102600098,0.9770712852478027,1.1193034648895264,2.9173989295959473,406.7875671386719,1
12.369964599609375,1.6807374954223633,2.3168320655822754,19.01144027709961,85.20384216308594,3.782965660095215,3.268496513366699,0.1987656205892563,2.384848117828369,5.062477111816406,1.1240639686584473,2.9312689304351807,330.021240234375,1
12.499054908752441,2.220801591873169,2.377241611480713,22.72067642211914,86.18948364257812,1.7203094959259033,1.743992805480957,0.4892009496688843,1.4703328609466553,3.936326503753662,0.86124587059021,2.2512781620025635,531.266357421875,1
13.172318458557129,1.5655022859573364,2.8481040000915527,21.499788284301758,96.54094696044922,2.3649492263793945,2.6518914699554443,0.2774237394332886,1.5651980638504028,3.9669671058654785,1.2189830541610718,3.494295120239258,938.6318969726562,0
12.096258163452148,1.3351960182189941,2.5105884075164795,22.655548095703125,98.77749633789062,2.3049204349517822,2.0786070823669434,0.39344537258148193,1.4742226600646973,2.7698967456817627,1.0873534679412842,2.997072219848633,488.9898376464844,1
13.363716125488281,1.6095612049102783,2.489166498184204,17.430831909179688,102.43687438964844,2.516742467880249,3.129603385925293,0.22867871820926666,1.6308794021606445,5.046175003051758,1.0067685842514038,3.371234178543091,1040.9228515625,0
12.539104461669922,2.9318881034851074,2.242945671081543,19.689184188842773,90.50645446777344,2.162620782852173,0.7826284170150757,0.5519415736198425,1.479310393333435,7.632515907287598,0.586588978767395,1.6353731155395508,542.0399169921875,2
12.34444808959961,1.471139907836914,2.2869985103607178,21.932754516601562,91.4751205444336,1.9495736360549927,1.6837998628616333,0.4065185785293579,1.2851656675338745,3.2942428588867188,1.0115150213241577,2.661844491958618,458.0909118652344,1
12.698088645935059,1.1730713844299316,2.000171422958374,18.9227352142334,87.88349914550781,2.1956727504730225,1.8376237154006958,0.30823928117752075,1.1308296918869019,3.32599139213562,1.0450127124786377,2.9760756492614746,534.198486328125,1
13.519725799560547,1.5610194206237793,2.5210132598876953,20.503292083740234,100.38507080078125,2.3906843662261963,2.5240767002105713,0.2567814588546753,1.7891234159469604,3.835172176361084,1.0485289096832275,3.8809475898742676,739.8552856445312,0
13.5767183303833,2.345808506011963,2.600132465362549,24.614383697509766,123.06141662597656,1.6481084823608398,1.078153133392334,0.2827686071395874,1.468106985092163,8.742402076721191,0.6702876091003418,1.3861993551254272,542.52685546875,2
14.04098892211914,1.7323952913284302,2.45269513130188,17.149494171142578,108.89686584472656,3.445310115814209,3.1300973892211914,0.31049883365631104,1.832750678062439,5.971142768859863,1.0237196683883667,3.145927667617798,1047.942626953125,0
11.653148651123047,0.8115074634552002,2.4847381114959717,20.698179244995117,96.64910888671875,2.275813341140747,1.9519739151000977,0.4705043435096741,1.1601561307907104,3.536349296569824,1.0341005325317383,2.0709168910980225,366.9944152832031,1
13.62106704711914,1.8427951335906982,2.3839774131774902,18.81707191467285,105.6564712524414,3.3809049129486084,3.405287027359009,0.29283401370048523,2.076463222503662,6.21671199798584,0.9737275242805481,3.2550058364868164,1009.5634765625,0
13.962628364562988,1.686530590057373,2.435249090194702,16.78959083557129,116.14529418945312,3.393218755722046,3.087162971496582,0.2700646221637726,2.299657106399536,7.871950149536133,0.8010830879211426,2.8844335079193115,1309.34228515625,0
13.482921600341797,1.558398723602295,2.284038543701172,16.92109489440918,101.25192260742188,2.8367700576782227,3.4539589881896973,0.20488779246807098,1.9882078170776367,5.3412299156188965,1.0332101583480835,3.109858989715576,1052.908447265625,0
12.850245475769043,1.0371648073196411,1.7505340576171875,16.701236724853516,85.60929107666016,1.808584213256836,1.3244506120681763,0.26367318630218506,1.1158533096313477,1.8670165538787842,1.0733531713485718,2.8914413452148438,630.55419921875,1
12.557999610900879,1.9280978441238403,2.3378474712371826,21.419301986694336,89.07156372070312,2.3821842670440674,2.2470250129699707,0.39299383759498596,1.1799606084823608,3.4407458305358887,1.0133757591247559,2.660872459411621,526.5280151367188,1
14.042664527893066,1.9852784872055054,2.5783801078796387,17.4782657623291,116.0659408569336,3.425225257873535,3.3150217533111572,0.3125884234905243,1.9697688817977905,7.285697937011719,0.9666216373443604,3.286093235015869,1234.2607421875,0
13.660455703735352,1.8856699466705322,2.607760190963745,18.892839431762695,102.85134887695312,2.4244003295898438,2.8121352195739746,0.22290010750293732,1.7536739110946655,4.616024494171143,1.0209566354751587,3.2876241207122803,1125.3994140625,0
13.15650463104248,2.2014007568359375,2.4531569480895996,19.632015228271484,94.65773010253906,2.315559148788452,1.0179593563079834,0.52022385597229,1.8003671169281006,9.379240036010742,0.6417487859725952,1.6666475534439087,787.0438842773438,2
13.831937789916992,1.6909668445587158,2.517202854156494,19.83225440979004,114.27600860595703,2.8284788131713867,3.055117607116699,0.2510986924171448,1.8723688125610352,5.266546249389648,1.0092073678970337,3.4687893390655518,798.6353759765625,0
13.543294906616211,1.5056321620941162,2.4689769744873047,18.614225387573242,102.25701141357422,2.652052640914917,2.881650686264038,0.24415339529514313,1.61318039894104,4.872002601623535,0.990172803401947,2.98818302154541,950.8342895507812,0
13.1747465133667,4.082574367523193,2.2760374546051025,20.194122314453125,92.20215606689453,1.8915742635726929,0.9415173530578613,0.554426908493042,1.2241955995559692,6.286160469055176,0.8383539915084839,1.8413352966308594,695.772216796875,2
11.384756088256836,0.7264710664749146,2.401090145111084,21.47735023498535,89.52215576171875,2.3281776905059814,2.0641019344329834,0.4003605842590332,1.2725698947906494,2.551241636276245,1.110618233680725,3.0036139488220215,500.77569580078125,1
14.087136268615723,1.6778795719146729,2.619784355163574,17.545270919799805,114.98837280273438,3.014197826385498,3.2252144813537598,0.29646962881088257,1.7261466979980469,5.914387226104736,1.0529927015304565,3.083865165710449,1269.3026123046875,0
12.280372619628906,1.7437204122543335,2.5085809230804443,24.5040283203125,91.23848724365234,1.9067113399505615,1.9733353853225708,0.4737205505371094,1.4840888977050781,1.9026973247528076,0.9410207867622375,2.578701972961426,493.1533203125,1
12.422906875610352,2.1900315284729004,2.2210166454315186,22.261547088623047,79.84660339355469,2.2044405937194824,1.5447683334350586,0.45412778854370117,1.3215583562850952,3.884716510772705,0.9665888547897339,2.7379202842712402,611.0595092773438,1
12.77657699584961,3.011876344680786,2.4304986000061035,23.36236572265625,97.70508575439453,2.0435612201690674,0.761883020401001,0.5224480628967285,1.4628372192382812,8.287793159484863,0.5694317817687988,1.4545353651046753,717.73388671875,2
12.372136116027832,0.9706652164459229,1.915677785873413,17.412673950195312,92.72740936279297,2.2846193313598633,1.8399815559387207,0.30714845657348633,1.043299913406372,2.280130386352539,1.0957367420196533,2.609877586364746,374.8746643066406,1
12.646811485290527,1.7358415126800537,2.099701166152954,23.679061889648438,84.32718658447266,1.9838823080062866,2.1237828731536865,0.3908615708351135,1.5776227712631226,3.7805874347686768,0.9295417070388794,3.026017904281616,518.6997680664062,1
13.943527221679688,1.7898273468017578,2.444031000137329,17.45509910583496,113.42831420898438,3.2942140102386475,3.2854113578796387,0.2738777697086334,1.9360392093658447,6.062926769256592,1.0569818019866943,3.2222681045532227,1221.2630615234375,0
13.84218692779541,1.6955907344818115,2.6069188117980957,16.131328582763672,118.13554382324219,4.152549743652344,3.8643884658813477,0.20520512759685516,1.735613465309143,7.549611568450928,0.8013944029808044,3.226182460784912,1464.276611328125,0
12.242392539978027,1.3052902221679688,2.086676597595215,19.546039581298828,87.12799072265625,2.1677424907684326,1.749953269958496,0.339580237865448,1.371198296546936,2.9720346927642822,1.0111101865768433,3.490528106689453,634.8189697265625,1
13.702526092529297,1.950875997543335,2.5608208179473877,19.768524169921875,104.5733871459961,2.5094709396362305,2.818995237350464,0.28820478916168213,1.5437688827514648,3.913769245147705,1.1058109998703003,3.4750137329101562,996.6093139648438,0
12.439017295837402,1.6400671005249023,2.0199365615844727,20.773197174072266,88.24697875976562,1.8461755514144897,1.196488857269287,0.37790000438690186,1.1915230751037598,2.4101452827453613,1.1397488117218018,2.6517324447631836,576.8317260742188,1
12.755112648010254,1.2551631927490234,2.3648180961608887,20.559040069580078,140.68356323242188,2.083883047103882,2.081526041030884,0.3712811768054962,1.9386930465698242,3.665757179260254,1.009791612625122,2.5138142108917236,716.7916870117188,1
13.013373374938965,3.5346450805664062,2.4396719932556152,21.39872932434082,80.56411743164062,1.6384391784667969,1.4151370525360107,0.6341565251350403,1.8723042011260986,3.8160934448242188,0.914497435092926,1.9622244834899902,431.1571350097656,1
12.196531295776367,4.384493827819824,2.6734118461608887,26.872526168823242,96.54277801513672,1.990537166595459,0.6300972700119019,0.6950814723968506,1.0120562314987183,5.468316078186035,0.8192967176437378,1.7392209768295288,676.7345581054688,2
14.082910537719727,1.6395378112792969,2.1386091709136963,10.092459678649902,93.37030792236328,3.1362497806549072,3.485940456390381,0.27511608600616455,3.142780303955078,6.61996603012085,1.3334587812423706,2.715991735458374,1521.85107421875,0
12.96583366394043,2.7621114253997803,2.3535780906677246,21.059585571289062,100.69107055664062,1.8161602020263672,0.8021564483642578,0.41700130701065063,1.1864904165267944,6.588766098022461,0.7044675350189209,1.8666462898254395,565.5697021484375,2
13.0081787109375,4.226731300354004,2.4918792247772217,21.75586700439453,98.02423095703125,2.1870052814483643,0.8685353994369507,0.4976314306259155,0.8343652486801147,5.137436866760254,0.8282244205474854,1.9805183410644531,548.4237060546875,2
12.773942947387695,5.4216156005859375,2.5610601902008057,20.79204559326172,95.0234146118164,2.174125909805298,1.0531481504440308,0.4468082785606384,0.8033291697502136,4.726121425628662,0.8489353060722351,2.0343728065490723,376.3708801269531,2
12.609529495239258,1.4002070426940918,2.306748390197754,20.60293960571289,116.64735412597656,1.5334157943725586,1.1382633447647095,0.5542347431182861,1.5246362686157227,8.300342559814453,0.5517716407775879,1.8036167621612549,748.3646240234375,2
11.956188201904297,1.4886170625686646,2.226680040359497,20.02759552001953,86.28266143798828,2.6234819889068604,2.058985948562622,0.39151400327682495,1.3695991039276123,2.6991498470306396,1.1396093368530273,2.5840957164764404,446.37750244140625,1
14.50678825378418,1.9386775493621826,2.6737921237945557,11.50047779083252,116.70445251464844,4.557625770568848,4.628159523010254,0.2854383587837219,2.0493130683898926,7.739677429199219,0.767682671546936,3.752955198287964,1449.9254150390625,0
12.356687545776367,1.458360195159912,2.1885530948638916,16.481300354003906,112.20414733886719,2.1166555881500244,2.4454739093780518,0.29971954226493835,2.221686363220215,3.7344131469726562,1.1744005680084229,3.106006383895874,530.1055908203125,1
12.51395034790039,2.753554105758667,2.7000370025634766,26.957029342651367,96.98565673828125,1.9919183254241943,0.6279726028442383,0.5896722078323364,0.9748170971870422,6.300980567932129,0.7121158838272095,1.9535551071166992,736.1359252929688,2
12.417387962341309,2.9111709594726562,2.5537118911743164,26.88036346435547,83.84867095947266,2.12094783782959,1.8458465337753296,0.5063024759292603,1.6935590505599976,4.151479244232178,0.9022735953330994,2.402184247970581,663.6368408203125,1
12.612874984741211,1.4737249612808228,2.0167253017425537,18.7428035736084,88.43846130371094,1.975135326385498,1.8682234287261963,0.321203351020813,1.3285560607910156,2.095132350921631,1.007649540901184,3.1307008266448975,472.5924377441406,1
13.541193962097168,2.2254862785339355,2.635448932647705,20.22295570373535,110.91349029541016,2.976743698120117,3.0797793865203857,0.30788370966911316,1.6839419603347778,6.480893611907959,1.0203847885131836,2.9576823711395264,1382.64453125,0
12.34585189819336,0.8220490217208862,1.913184404373169,11.516104698181152,114.67715454101562,1.8402888774871826,1.2028114795684814,0.4319491386413574,1.0878028869628906,3.4346535205841064,1.286564826965332,1.4480810165405273,398.63134765625,1
13.669450759887695,1.5404677391052246,2.4196982383728027,18.6793270111084,108.13656616210938,3.2945852279663086,3.7758140563964844,0.25962570309638977,1.5220974683761597,5.685420036315918,0.9502890110015869,3.4315547943115234,909.979248046875,0
12.480751991271973,1.8254611492156982,2.1637606620788574,19.594600677490234,89.210693359375,2.0610594749450684,1.8600492477416992,0.3497675359249115,1.7493976354599,2.6338860988616943,1.092793583869934,2.9152538776397705,591.7540893554688,1
14.341174125671387,1.442317008972168,2.3823277950286865,16.159778594970703,120.96507263183594,3.6625924110412598,3.3167524337768555,0.23638981580734253,1.9892524480819702,6.996249675750732,0.9548383355140686,3.169137954711914,1253.572998046875,0
13.075767517089844,1.5832345485687256,2.680407762527466,16.447677612304688,114.87744140625,2.6616246700286865,2.6480720043182373,0.33737698197364807,1.1936225891113281,4.358078479766846,1.036104679107666,2.5807480812072754,690.9286499023438,0
12.24201774597168,2.5518414974212646,2.172633171081543,18.12407112121582,105.40050506591797,1.6552014350891113,0.7292454242706299,0.4989616274833679,1.2915186882019043,8.421878814697266,0.6017965078353882,1.8179539442062378,788.1621704101562,2
13.703242301940918,1.6463375091552734,2.5229127407073975,18.43358039855957,109.4593276977539,2.7603864669799805,2.828387498855591,0.2814933657646179,1.695180892944336,4.153139591217041,1.0758823156356812,2.827725410461426,843.569091796875,0
13.978619575500488,1.9049232006072998,2.445265054702759,16.076034545898438,106.42637634277344,3.263861894607544,3.7532835006713867,0.20110346376895905,2.157376527786255,7.276050567626953,0.9764158725738525,2.87589168548584,1355.13037109375,0
12.150278091430664,1.5158064365386963,2.287627935409546,20.547815322875977,103.09735870361328,2.3998351097106934,2.2757461071014404,0.34461474418640137,1.7963865995407104,1.9800550937652588,1.0609726905822754,3.1737232208251953,643.0025634765625,1
12.81932544708252,3.7183985710144043,2.327193021774292,22.866981506347656,92.68952178955078,1.409152626991272,1.6536515951156616,0.5472860932350159,1.2855446338653564,4.964585304260254,0.9420943856239319,1.9951437711715698,415.6007995605469,1
11.927436828613281,1.6713738441467285,2.4290177822113037,19.981111526489258,93.62809753417969,2.608006000518799,2.2364234924316406,0.4257696568965912,1.2585785388946533,2.760709524154663,1.1367515325546265,2.5401437282562256,525.4645385742188,1
12.95331859588623,2.949523687362671,1.8722124099731445,13.66927433013916,90.28458404541016,2.6205191612243652,2.7613601684570312,0.42016923427581787,3.111551284790039,2.766083002090454,1.3965868949890137,2.8648478984832764,532.6436157226562,1
11.936589241027832,2.0696027278900146,2.5055437088012695,22.105770111083984,100.74562072753906,2.3513619899749756,2.3457398414611816,0.4083101749420166,1.5331019163131714,2.745913028717041,1.3228564262390137,3.181199073791504,505.5352478027344,1
13.58459186553955,2.1776766777038574,2.463689088821411,15.362042427062988,105.77655029296875,2.889719247817993,3.3922317028045654,0.30227789282798767,2.064563512802124,6.268964767456055,1.1283725500106812,2.7264227867126465,1227.13623046875,0
13.012442588806152,1.7630796432495117,2.289411783218384,25.289323806762695,131.32232666015625,2.6941301822662354,2.3310129642486572,0.3378259837627411,2.0623843669891357,2.855637550354004,1.1816123723983765,2.9889795780181885,787.8678588867188,1
12.431045532226562,2.3227922916412354,2.014137029647827,14.990677833557129,74.01084899902344,3.5732760429382324,3.4103612899780273,0.18714123964309692,3.1523208618164062,4.26962947845459,1.2987239360809326,2.8786063194274902,278.8576965332031,1
13.603275299072266,2.0544273853302,2.591205596923828,24.198131561279297,107.0326156616211,2.491241693496704,2.5454366207122803,0.1962931752204895,2.1492812633514404,4.688457489013672,1.0358260869979858,3.7090039253234863,1055.70654296875,0
12.103925704956055,2.1079556941986084,2.1574149131774902,19.352394104003906,89.07901763916016,2.6740920543670654,2.481851577758789,0.2951759994029999,1.8402433395385742,2.763775587081909,0.9653385281562805,3.27841854095459,517.8486328125,1
12.469595909118652,3.469388008117676,2.527078866958618,26.345815658569336,98.54923248291016,1.8925020694732666,0.831861138343811,0.6098514199256897,1.1519962549209595,8.693011283874512,0.6044532060623169,1.4663941860198975,725.9423217773438,2
12.072368621826172,2.142717123031616,2.2548000812530518,22.491451263427734,88.85858154296875,2.1060104370117188,1.9723303318023682,0.37801292538642883,1.188071370124817,3.2667980194091797,0.9533376097679138,3.021653890609741,638.3967895507812,1
13.849642753601074,1.7842864990234375,2.5310933589935303,17.5518741607666,110.29617309570312,3.435269832611084,3.3791661262512207,0.19157850742340088,1.6362353563308716,5.436009883880615,0.8889838457107544,3.578090190887451,947.1904296875,0
12.026208877563477,1.0515315532684326,2.262418270111084,22.13550567626953,77.18539428710938,1.9052304029464722,1.382686734199524,0.3057704567909241,1.1842522621154785,3.5544955730438232,1.3492337465286255,2.960465431213379,683.435302734375,1
13.143871307373047,1.8371062278747559,2.490077257156372,16.746055603027344,98.32525634765625,2.977759838104248,3.1774134635925293,0.24936527013778687,1.383482813835144,5.331437110900879,1.0229132175445557,3.2554359436035156,1059.843017578125,0
11.943990707397461,1.41208815574646,2.234178066253662,18.432056427001953,83.71851348876953,2.0548858642578125,1.8354839086532593,0.3999822735786438,1.4782395362854004,2.7669663429260254,1.1889123916625977,2.6923739910125732,515.7921142578125,1
13.871954917907715,1.9506449699401855,2.6328535079956055,18.188175201416016,102.8708267211914,3.4373092651367188,3.490156650543213,0.24424582719802856,1.827927827835083,5.425474166870117,0.9421635866165161,3.3302712440490723,1163.31494140625,0
13.636619567871094,2.111433267593384,2.5043272972106934,16.963279724121094,105.87089538574219,2.981966495513916,3.689751386642456,0.29840919375419617,1.8302340507507324,5.538203239440918,1.032974123954773,3.3967092037200928,1083.9298095703125,0
14.442530632019043,1.8897721767425537,2.319392204284668,17.987394332885742,118.47958374023438,3.056624412536621,3.2926292419433594,0.26103675365448,2.269758701324463,5.948946952819824,0.9835938215255737,2.9777016639709473,1058.7900390625,0
12.111807823181152,2.578582286834717,2.4300153255462646,24.831497192382812,90.93511962890625,2.243593454360962,2.0829451084136963,0.4684891700744629,1.6208511590957642,1.9480984210968018,0.9918053150177002,2.6670379638671875,411.94415283203125,1
13.666793823242188,1.4109158515930176,2.5021650791168213,18.801218032836914,100.16009521484375,2.965823173522949,3.3655810356140137,0.18632087111473083,2.343090772628784,5.774949550628662,0.9956880807876587,3.411435127258301,1034.0123291015625,0
12.368270874023438,2.2351534366607666,2.0825862884521484,16.134017944335938,86.42089080810547,2.7508904933929443,2.638627290725708,0.37992241978645325,2.0516252517700195,1.7926454544067383,1.1934717893600464,2.6553800106048584,406.62908935546875,1
12.068333625793457,4.142910480499268,2.3728599548339844,22.611351013183594,87.86289978027344,2.396374225616455,2.3478305339813232,0.3758086562156677,1.9539930820465088,2.274155855178833,0.6993111371994019,3.622901678085327,524.053466796875,1
11.975625991821289,2.3241612911224365,2.528900623321533,27.464204788208008,100.39588928222656,2.881619691848755,2.435906171798706,0.404022216796875,1.5043385028839111,1.8544719219207764,1.339706540107727,3.5182764530181885,532.3758544921875,1
12.312154769897461,2.5901272296905518,2.136024236679077,19.273286819458008,89.26950073242188,2.221951961517334,2.072327136993408,0.26289132237434387,2.0324251651763916,2.3951971530914307,0.8995420336723328,2.9825069904327393,501.89794921875,1
13.926639556884766,1.4691379070281982,2.619551658630371,13.8840970993042,112.50177764892578,3.1839075088500977,3.761701822280884,0.26700887084007263,2.226041793823242,7.667751312255859,0.9491413235664368,3.0249950885772705,1322.3037109375,0
13.234418869018555,1.6772098541259766,2.637052297592163,18.701282501220703,105.51333618164062,2.3754665851593018,2.777916193008423,0.23185871541500092,1.7979824542999268,4.231258869171143,0.9918273687362671,3.123767852783203,989.8563232421875,0
13.55093765258789,2.1329848766326904,2.5955400466918945,16.334278106689453,101.7052230834961,2.962686061859131,3.510526657104492,0.2679632902145386,1.6770118474960327,5.677025318145752,0.9414633512496948,3.219341278076172,1120.9307861328125,0
12.65798568725586,2.957341194152832,2.4382762908935547,20.8651065826416,99.46295166015625,1.7041267156600952,0.7456320524215698,0.3909491002559662,1.2644083499908447,8.190800666809082,0.694791853427887,1.8897383213043213,858.3693237304688,2
13.611847877502441,1.8082842826843262,2.6131160259246826,17.286226272583008,104.94929504394531,2.5914840698242188,3.0928046703338623,0.29487353563308716,1.7162723541259766,5.326895713806152,1.1113700866699219,3.207335948944092,1089.923828125,0
13.826410293579102,1.4355838298797607,2.6571171283721924,21.511831283569336,81.6828384399414,3.0659868717193604,1.3263635635375977,0.4790065884590149,2.7629566192626953,13.44079875946045,0.6097513437271118,1.8684475421905518,628.6116333007812,2
14.48513126373291,1.91624116897583,2.1934916973114014,13.704444885253906,110.23553466796875,3.7702507972717285,3.7866411209106445,0.309524804353714,2.0519919395446777,6.631403923034668,1.0054305791854858,3.028557062149048,1146.007080078125,0
13.568514823913574,1.816232681274414,2.551774263381958,19.726640701293945,96.56694793701172,2.0722169876098633,2.897726535797119,0.24514684081077576,1.7402032613754272,5.431257247924805,1.049713373184204,3.193815231323242,1053.2293701171875,0
13.81492805480957,1.8588190078735352,2.645392656326294,21.301639556884766,100.23045349121094,2.2206106185913086,1.0359755754470825,0.4388670027256012,2.1841835975646973,9.899813652038574,0.7039266228675842,2.020606517791748,631.2123413085938,2
13.96651554107666,1.7169322967529297,2.4670958518981934,16.826271057128906,116.3365249633789,3.4344444274902344,3.988572597503662,0.20765310525894165,2.435081720352173,7.688459396362305,1.0283100605010986,3.095021963119507,1593.973876953125,0
12.746803283691406,3.1092612743377686,2.4980361461639404,23.633506774902344,110.00761413574219,1.7441015243530273,1.0125014781951904,0.5184845924377441,1.2909369468688965,9.323066711425781,0.5315949320793152,1.5727874040603638,774.4170532226562,2
13.775554656982422,1.274675965309143,2.2109591960906982,11.980566024780273,100.38105010986328,3.285886287689209,3.304938316345215,0.23887765407562256,3.1335549354553223,7.048866271972656,1.1144760847091675,2.8076822757720947,1396.4541015625,0
12.072161674499512,2.4544413089752197,2.4092390537261963,23.07269859313965,89.76778411865234,2.116791248321533,0.538022518157959,0.6388461589813232,1.1521998643875122,6.342666149139404,0.647120475769043,1.7492811679840088,713.5741577148438,2
11.946455001831055,1.0854026079177856,2.1958253383636475,18.24837303161621,90.76087188720703,3.4536638259887695,3.2555313110351562,0.2146572768688202,2.0217032432556152,3.5405073165893555,1.2095699310302734,2.681724786758423,422.2734680175781,1
11.683101654052734,1.6748406887054443,1.9726414680480957,16.328052520751953,84.7285385131836,2.4974324703216553,2.1631245613098145,0.29458194971084595,1.5077813863754272,2.87446928024292,0.7514379620552063,3.5943543910980225,399.9502258300781,1
13.523507118225098,5.562294006347656,2.20466685295105,19.469562530517578,82.01561737060547,1.3309589624404907,1.5432145595550537,0.6146403551101685,2.1195685863494873,4.292697429656982,0.8752227425575256,1.7793831825256348,604.8600463867188,1
14.230069160461426,1.8995647430419922,2.5623466968536377,18.181705474853516,130.95863342285156,3.801816463470459,3.459052801132202,0.20726631581783295,2.292681932449341,6.980609893798828,0.8174315690994263,3.0760691165924072,1467.8536376953125,0
13.820784568786621,1.9163517951965332,2.722977638244629,16.304718017578125,113.10845947265625,3.039504051208496,3.178760528564453,0.3181968331336975,1.7681379318237305,6.144820213317871,1.0432053804397583,2.742985248565674,1181.05029296875,0
13.392924308776855,3.3918657302856445,2.490178346633911,23.293434143066406,110.93006896972656,1.582831621170044,1.2549282312393188,0.46269482374191284,1.4927953481674194,8.289081573486328,0.6665358543395996,1.6440614461898804,545.5828247070312,2
12.725622177124023,5.524404525756836,2.3373773097991943,20.611907958984375,94.12374114990234,1.9617843627929688,0.6554205417633057,0.5507351756095886,1.2771254777908325,8.295583724975586,0.6419129371643066,1.5520875453948975,814.5686645507812,2
13.178571701049805,2.294222593307495,2.6755318641662598,24.853830337524414,94.514892578125,2.19437837600708,0.8870944976806641,0.5400663018226624,1.9691489934921265,10.18175983428955,0.6633806228637695,1.8813440799713135,742.3599853515625,2
13.65590763092041,1.8992571830749512,2.6574862003326416,16.799654006958008,116.99616241455078,3.744082450866699,3.8077094554901123,0.21633033454418182,1.779188632965088,6.598628997802734,0.7945968508720398,3.2345516681671143,1207.8521728515625,0
14.050100326538086,1.6033074855804443,2.5468862056732178,18.14989471435547,110.84899139404297,3.0143771171569824,3.1086692810058594,0.15304578840732574,2.0150251388549805,6.487643241882324,0.9091372489929199,3.3803114891052246,1076.75146484375,0
13.221734046936035,2.9021308422088623,2.082641363143921,18.42769432067871,87.17166900634766,2.004239559173584,0.6480588912963867,0.5518196225166321,1.2203865051269531,5.434371471405029,0.761144757270813,1.590798258781433,599.9898681640625,2
12.564704895019531,1.2903742790222168,2.1322250366210938,19.077259063720703,154.0227813720703,2.0944089889526367,2.050870656967163,0.354758620262146,2.5767555236816406,3.273284912109375,1.0618778467178345,2.451340436935425,705.210693359375,1
12.250186920166016,1.110806941986084,2.2968924045562744,22.803489685058594,74.90009307861328,1.9648772478103638,1.9684540033340454,0.37332168221473694,1.6023167371749878,3.573330879211426,1.2387723922729492,3.444275140762329,637.2222900390625,1
12.286162376403809,1.2704095840454102,2.3091771602630615,19.395950317382812,92.99974822998047,3.7113423347473145,3.140349864959717,0.22330603003501892,1.5762450695037842,4.674234867095947,1.1243239641189575,3.0824413299560547,610.6803588867188,1
14.210880279541016,1.3763821125030518,2.384085178375244,14.392671585083008,104.66276550292969,3.2014360427856445,3.4457526206970215,0.2725023627281189,1.7747448682785034,6.220468997955322,0.9215670824050903,2.7376883029937744,1202.719482421875,0
11.437019348144531,2.0352203845977783,2.307833194732666,19.427778244018555,82.85639190673828,3.1511001586914062,2.9143738746643066,0.34792381525039673,1.7992923259735107,3.3803656101226807,0.8676143884658813,3.464911699295044,430.9610290527344,1
13.775182723999023,2.180403470993042,2.5365307331085205,17.619949340820312,103.41020202636719,2.7399702072143555,3.233529567718506,0.3055318593978882,1.7376151084899902,4.872549057006836,1.095015525817871,2.816784620285034,1097.489990234375,0
14.104364395141602,1.5542970895767212,2.566803216934204,15.665792465209961,117.17357635498047,3.3540167808532715,3.4451704025268555,0.2949802279472351,2.1039674282073975,6.97885799407959,0.9299488663673401,3.122781991958618,1098.716552734375,0
12.526697158813477,1.1737104654312134,1.6054573059082031,17.705646514892578,78.12230682373047,1.745666742324829,1.1276189088821411,0.2515212595462799,0.7756310105323792,2.5035059452056885,1.087140679359436,3.0714497566223145,534.314453125,1
13.92174243927002,1.5856378078460693,2.4857676029205322,16.4061279296875,116.36384582519531,3.03721022605896,3.5966405868530273,0.2786547541618347,1.923039436340332,6.398510456085205,0.9656075835227966,2.5693485736846924,1045.0081787109375,0
14.294052124023438,1.3149163722991943,2.2652933597564697,14.200984954833984,109.7012710571289,3.320253372192383,3.610077381134033,0.30250704288482666,2.307772636413574,6.524871349334717,1.040095329284668,3.0345256328582764,1162.35205078125,0
12.539048194885254,2.401843547821045,2.547193765640259,22.805673599243164,88.6100082397461,2.1524271965026855,0.7193950414657593,0.5680710673332214,1.338968276977539,6.746340751647949,0.702003002166748,1.990283727645874,654.1917114257812,2
13.761862754821777,1.7871928215026855,2.2407913208007812,14.303295135498047,99.5057601928711,2.8792781829833984,3.4303112030029297,0.226702019572258,3.1171140670776367,6.864379405975342,1.1846122741699219,2.8216378688812256,1349.224609375,0
12.137216567993164,0.4899582862854004,1.3938746452331543,10.138178825378418,93.87862396240234,2.2666707038879395,0.8702192306518555,0.4099036157131195,0.04637908935546875,4.070865631103516,0.9904963374137878,0.7736613750457764,274.1212158203125,1
12.323423385620117,0.6556367874145508,2.218127489089966,17.82650375366211,92.09474182128906,1.8696790933609009,1.5501964092254639,0.4406110644340515,1.0096724033355713,3.304123878479004,1.2260977029800415,2.0202901363372803,400.6643981933594,1
12.733614921569824,2.480623960494995,2.5929160118103027,24.447206497192383,94.5110092163086,1.972202181816101,0.5354231595993042,0.6396722793579102,1.1119132041931152,6.730454921722412,0.7514979243278503,1.7590761184692383,766.4608764648438,2
14.016789436340332,1.9635465145111084,2.5985851287841797,13.789762496948242,107.23474884033203,3.3560791015625,3.8627145290374756,0.3416753113269806,1.9646806716918945,6.656792163848877,1.0344641208648682,3.0376219749450684,1399.4285888671875,0
12.657703399658203,3.879336357116699,2.356677532196045,20.132579803466797,105.8181381225586,2.327126979827881,0.9689997434616089,0.5260885953903198,0.7502802014350891,8.70296859741211,0.5530438423156738,1.5212104320526123,562.2703857421875,2
13.426383018493652,3.162095785140991,2.4558067321777344,21.502809524536133,105.43318939208984,1.9562453031539917,1.1998836994171143,0.4279884397983551,1.4451314210891724,9.166439056396484,0.6406887769699097,1.5333491563796997,515.1727294921875,2
14.321771621704102,1.9507086277008057,2.429149627685547,18.793153762817383,121.86813354492188,3.3361542224884033,3.581325054168701,0.2411683201789856,2.564063549041748,6.349732398986816,1.2015588283538818,2.931766986846924,1634.7108154296875,0
11.954087257385254,2.7042083740234375,2.313119411468506,19.8102970123291,91.23472595214844,2.945462226867676,2.878063917160034,0.25027158856391907,1.7286704778671265,3.0352277755737305,0.7892723679542542,3.5830559730529785,545.3975219726562,1
13.600388526916504,1.8543717861175537,2.5907888412475586,16.740802764892578,104.69042205810547,3.093193531036377,3.808180809020996,0.301364004611969,2.046022415161133,6.239131927490234,1.153225302696228,2.827873468399048,1520.3873291015625,0
13.027043342590332,1.5350136756896973,2.1914453506469727,17.78411293029785,98.91862487792969,1.8711837530136108,0.6789822578430176,0.5642465353012085,1.7971866130828857,8.877721786499023,0.6502823233604431,1.8054845333099365,685.886962890625,2
14.553082466125488,1.7744404077529907,2.419994354248047,17.563213348388672,103.31840515136719,2.972877264022827,3.393878936767578,0.28577491641044617,2.111074447631836,6.321900367736816,1.0832633972167969,3.2965729236602783,1255.96337890625,0
13.997783660888672,1.6752334833145142,2.4518189430236816,15.224678993225098,107.07515716552734,2.86321759223938,3.4531965255737305,0.2649043798446655,2.1334595680236816,5.588654518127441,1.0877097845077515,3.0946311950683594,1098.0731201171875,0
11.883172035217285,5.181894302368164,2.493075132369995,20.83277130126953,81.14983367919922,2.4152474403381348,2.1741764545440674,0.44094371795654297,1.8679765462875366,3.586458206176758,0.5932538509368896,2.588866949081421,544.3796997070312,1
13.154138565063477,1.8976727724075317,2.8020572662353516,19.255958557128906,102.96827697753906,2.456143617630005,3.1704459190368652,0.2535899877548218,1.453479528427124,4.428296089172363,1.0495489835739136,3.3678054809570312,1058.376708984375,0
13.091547012329102,3.984480381011963,2.6031460762023926,23.4982967376709,97.99112701416016,2.083984851837158,0.5722649097442627,0.48275452852249146,0.7172632217407227,4.375317096710205,0.9721448421478271,2.2907116413116455,518.167236328125,2
13.967713356018066,2.0241737365722656,2.4072139263153076,13.934148788452148,105.49858856201172,3.4192471504211426,3.979808807373047,0.24794507026672363,1.9733364582061768,7.205434322357178,0.9732126593589783,3.205376625061035,1298.3846435546875,0
13.78146743774414,2.1901814937591553,2.4644720554351807,20.31669044494629,112.6243896484375,3.226672887802124,3.131946325302124,0.21920643746852875,2.0418388843536377,6.087684154510498,0.8763400316238403,3.0817580223083496,1111.76025390625,0
13.4320650100708,1.6008062362670898,2.420093059539795,18.83126449584961,100.74624633789062,2.4292056560516357,2.304536819458008,0.2274918407201767,1.4719843864440918,3.8997578620910645,1.0513662099838257,3.250272750854492,951.7882080078125,0
13.477773666381836,3.209468364715576,2.6963469982147217,25.19424819946289,107.47865295410156,1.51201593875885,0.5198476314544678,0.40901583433151245,1.2525883913040161,6.353471279144287,0.8755441904067993,2.096616268157959,762.4806518554688,2
11.763301849365234,0.8990297317504883,2.614238739013672,19.252378463745117,98.9914321899414,2.6124110221862793,1.8515706062316895,0.4324539005756378,1.1060757637023926,3.339181900024414,1.3447413444519043,2.240078926086426,338.8968200683594,1
13.750996589660645,2.0020885467529297,2.6650478839874268,18.453676223754883,104.61865997314453,2.446436643600464,2.576545238494873,0.31300783157348633,1.6592369079589844,4.747886657714844,1.049087405204773,2.5638089179992676,1153.77392578125,0
12.252492904663086,2.2096004486083984,2.18623685836792,20.881418228149414,81.9627456665039,2.1985678672790527,2.0300071239471436,0.3792453110218048,1.3497579097747803,2.496143341064453,1.0232583284378052,3.1831741333007812,543.5904541015625,1
12.090774536132812,3.114542245864868,2.435882091522217,22.631271362304688,87.05148315429688,2.3014190196990967,2.439784526824951,0.33886128664016724,1.5348782539367676,3.2026071548461914,0.8477669358253479,3.2682838439941406,561.7894287109375,1
12.428884506225586,1.0527360439300537,1.930159568786621,15.312943458557129,91.54273223876953,2.2263143062591553,1.879559874534607,0.30597883462905884,1.0784884691238403,3.2769529819488525,1.2937636375427246,2.4977433681488037,463.2603759765625,1
14.230700492858887,1.9494760036468506,2.3139400482177734,13.69235610961914,105.07587432861328,3.5556745529174805,3.771237850189209,0.24528396129608154,3.1678988933563232,7.368953704833984,1.2743830680847168,2.8780858516693115,1668.839599609375,0
14.97947883605957,1.785446286201477,2.4608142375946045,14.361599922180176,115.79918670654297,4.135871887207031,3.873263359069824,0.24118852615356445,2.301091194152832,7.713258743286133,0.9467542171478271,3.4902091026306152,1444.116455078125,0
12.041196823120117,1.522895097732544,2.2074759006500244,21.089336395263672,90.60196685791016,2.0730550289154053,2.1790924072265625,0.4041670262813568,1.4140524864196777,2.1871049404144287,0.9584735035896301,3.0727715492248535,463.50433349609375,1
12.21743106842041,0.9591708183288574,2.4760568141937256,21.795734405517578,103.2992172241211,3.203216314315796,2.996201992034912,0.24838458001613617,1.853000521659851,3.667369842529297,1.0777709484100342,2.822141647338867,529.717529296875,1
12.763606071472168,6.109304904937744,2.6547980308532715,24.959875106811523,98.36902618408203,1.9516026973724365,0.7037876844406128,0.6534385085105896,1.2953823804855347,5.3763885498046875,0.8346259593963623,1.5921837091445923,635.2578125,2
13.02647876739502,2.676558494567871,2.6367993354797363,24.742185592651367,106.8505859375,1.821212649345398,0.7675567865371704,0.4819805324077606,1.2147464752197266,7.51554012298584,0.7677109241485596,1.7789313793182373,811.274658203125,2
12.58006477355957,2.757002830505371,2.3595738410949707,21.711429595947266,96.65626525878906,2.0102131366729736,0.6056848764419556,0.6366395950317383,1.3026537895202637,7.738733768463135,0.6173665523529053,1.6493685245513916,686.7368774414062,2
11.628230094909668,2.67551326751709,2.317976713180542,21.944826126098633,87.72639465332031,2.403312921524048,2.2868494987487793,0.3180385231971741,1.458254337310791,2.39475679397583,0.8235554695129395,3.3522634506225586,609.3239135742188,1
13.969037055969238,1.8959686756134033,2.2056729793548584,16.66152000427246,116.9440689086914,3.3387811183929443,3.419046640396118,0.2366885095834732,2.27575945854187,6.71580696105957,0.9443569183349609,3.2664175033569336,1243.65771484375,0
12.03275203704834,1.1547893285751343,2.2376692295074463,18.357595443725586,116.18405151367188,1.889577865600586,1.7782353162765503,0.41558220982551575,1.973200798034668,3.235464334487915,1.1718850135803223,2.2007102966308594,713.2833862304688,1
12.771276473999023,1.6311535835266113,2.7796685695648193,24.91573715209961,92.73893737792969,1.914157509803772,0.7353166341781616,0.6251317262649536,1.581964373588562,7.826961517333984,0.6306697130203247,1.490241527557373,773.2317504882812,2
11.563539505004883,2.3980345726013184,2.433152675628662,21.898075103759766,96.19102478027344,2.7537970542907715,2.4898605346679688,0.3252973258495331,1.88520085811615,3.0647659301757812,0.7836657762527466,3.2213146686553955,661.033203125,1
13.642888069152832,1.555831789970398,2.6197121143341064,15.120599746704102,111.38375854492188,3.5124833583831787,4.227046966552734,0.25979673862457275,1.9594666957855225,7.257532119750977,0.8659338355064392,3.0279674530029297,1216.922607421875,0
14.080322265625,1.6691187620162964,2.411853313446045,15.946664810180664,115.20223999023438,3.6520602703094482,3.7578370571136475,0.26114949584007263,2.492189407348633,7.302833557128906,1.12577223777771,3.103956937789917,1568.5797119140625,0
12.86752700805664,4.617326736450195,2.1484198570251465,19.87872886657715,96.6663589477539,1.7210257053375244,1.0551533699035645,0.47953134775161743,1.0453109741210938,7.799308776855469,0.661400318145752,1.775955080986023,664.7913208007812,2
12.925887107849121,3.3977160453796387,2.5661957263946533,20.61482810974121,97.243896484375,2.381765127182007,1.323659896850586,0.36585891246795654,1.1355764865875244,10.316093444824219,0.589219331741333,1.6538958549499512,530.7210083007812,2
13.112398147583008,5.140581130981445,2.368882894515991,21.927976608276367,87.54615020751953,2.1502304077148438,0.7865047454833984,0.604926347732544,1.3787333965301514,7.115836143493652,0.6348762512207031,1.6141853332519531,496.3486022949219,2
12.363320350646973,0.9961347579956055,2.1550517082214355,17.126657485961914,95.22711944580078,3.363835096359253,2.9510574340820312,0.30748093128204346,1.3847267627716064,3.6127724647521973,1.1912579536437988,2.377666711807251,404.5982971191406,1
12.33867073059082,1.39308762550354,2.4263243675231934,22.661558151245117,87.8308334350586,2.3674185276031494,2.4303455352783203,0.36953750252723694,1.7335222959518433,3.0018577575683594,1.2065420150756836,2.875857353210449,461.73223876953125,1
12.200695037841797,3.773225784301758,2.425550699234009,24.94284439086914,87.00045013427734,2.2004551887512207,0.5884069204330444,0.7313312292098999,1.5913841724395752,8.89146614074707,0.5603846907615662,1.3406225442886353,761.3568115234375,2
13.961871147155762,1.5137221813201904,2.3844759464263916,16.757770538330078,104.31468200683594,2.970582962036133,3.260497570037842,0.25929000973701477,1.8491566181182861,4.811300277709961,1.0557726621627808,2.8010966777801514,1381.2864990234375,0
12.6693115234375,0.8238461017608643,1.6751999855041504,15.93144702911377,87.77769470214844,1.8929095268249512,1.2912132740020752,0.28877317905426025,0.9036062955856323,2.3728115558624268,1.0255018472671509,2.543668746948242,567.39794921875,1
12.765128135681152,2.7501745223999023,2.3088836669921875,19.728160858154297,96.12720489501953,1.9260787963867188,0.3589746952056885,0.5317918062210083,1.361256718635559,5.85362434387207,0.8482463359832764,2.1239914894104004,742.2493896484375,2
12.57707405090332,1.1518502235412598,2.116179943084717,17.11121940612793,88.2542724609375,2.7581191062927246,2.4648818969726562,0.238734632730484,1.5318553447723389,3.7212347984313965,1.2037432193756104,2.9356918334960938,485.75927734375,1
12.501090049743652,0.7660684585571289,2.111680507659912,18.15215492248535,86.91231536865234,2.290818691253662,2.451059103012085,0.3117685317993164,1.0096728801727295,3.0219473838806152,1.077092170715332,2.9241628646850586,352.70513916015625,1
11.97673511505127,1.018744707107544,2.0759546756744385,16.303905487060547,95.05529022216797,2.212214469909668,1.8742403984069824,0.36350736021995544,1.3755180835723877,2.633249282836914,1.073264241218567,2.4157660007476807,491.91424560546875,1
12.964789390563965,2.025291919708252,2.3750722408294678,24.172487258911133,87.46300506591797,1.866624355316162,1.3431732654571533,0.5496015548706055,1.4307024478912354,4.025513172149658,0.8788201212882996,2.2048962116241455,528.7069702148438,1
12.984169960021973,2.5530123710632324,2.3451805114746094,20.34315299987793,101.48799133300781,2.174809217453003,1.026994228363037,0.526297390460968,1.6310983896255493,9.997968673706055,0.5951188206672668,1.888330340385437,703.3690185546875,2
12.88623046875,2.3815901279449463,2.4272992610931396,22.521453857421875,105.34471893310547,1.889570951461792,0.7440402507781982,0.6008289456367493,1.5882514715194702,9.808778762817383,0.549526572227478,1.5359946489334106,909.0623779296875,2
11.755976676940918,5.547984600067139,2.463867664337158,20.61685562133789,83.40965270996094,2.2229528427124023,2.274190664291382,0.32057827711105347,1.6405208110809326,2.5195119380950928,0.663526177406311,3.1227941513061523,482.5481262207031,1
12.695507049560547,1.2224814891815186,1.7611666917800903,16.609272003173828,87.46556091308594,1.913896083831787,1.605899453163147,0.29114383459091187,1.044297695159912,3.1776673793792725,1.1241731643676758,2.8422653675079346,597.7694091796875,1
14.241679191589355,1.5693222284317017,2.4445972442626953,17.55123519897461,119.16768646240234,3.3963489532470703,3.2980804443359375,0.27530407905578613,1.9416310787200928,6.560384750366211,0.9862465858459473,3.1832828521728516,1175.7015380859375,0
11.87540054321289,3.4298558235168457,2.289281129837036,20.60641098022461,87.2142105102539,1.931228756904602,2.0574421882629395,0.3520437777042389,1.6961833238601685,2.534858226776123,0.7765523195266724,2.659278392791748,517.4313354492188,1
13.545096397399902,2.030489444732666,2.5096938610076904,17.723876953125,99.21683502197266,2.44594144821167,3.050457000732422,0.2938196659088135,1.6839470863342285,5.089786529541016,1.05586838722229,3.390385389328003,1111.76904296875,0
12.1688232421875,2.1656365394592285,2.399796724319458,23.21466827392578,108.3987045288086,1.935758352279663,1.9845298528671265,0.47332891821861267,1.8869235515594482,2.347019672393799,0.9435644745826721,2.492316484451294,448.7464294433594,1
12.540660858154297,2.6662278175354004,2.305741310119629,20.74153709411621,85.88349914550781,2.359212636947632,0.8158159255981445,0.5895834565162659,1.766017198562622,9.986038208007812,0.596104621887207,1.664041519165039,715.9889526367188,2
14.021608352661133,1.7503423690795898,2.4297220706939697,13.113468170166016,100.54203796386719,2.7983126640319824,3.4307656288146973,0.14003221690654755,2.9287753105163574,7.895517349243164,1.0774545669555664,3.044780731201172,1366.328125,0
11.859267234802246,2.4333174228668213,2.5367867946624756,23.22724723815918,90.29837799072266,2.2760894298553467,2.0166354179382324,0.4461122155189514,1.62549889087677,2.803321123123169,1.043279767036438,2.7972850799560547,595.595703125,1
13.713885307312012,1.7036333084106445,2.488567352294922,15.664379119873047,103.94195556640625,2.962775230407715,3.2667975425720215,0.28335151076316833,2.392848253250122,6.80289888381958,1.0678452253341675,2.7741305828094482,1414.4395751953125,0
13.369669914245605,1.62214994430542,2.3617007732391357,18.560665130615234,98.43952941894531,2.431046485900879,2.6814332008361816,0.2576807737350464,1.4742372035980225,3.753211498260498,1.1816730499267578,3.012159824371338,1114.5872802734375,0
12.394606590270996,3.831717014312744,2.250344753265381,19.832496643066406,113.22521209716797,1.566232681274414,0.7947890758514404,0.306861937046051,1.040884017944336,6.9435296058654785,0.7003875374794006,1.7492257356643677,688.1265869140625,2
11.759317398071289,2.8371224403381348,2.7847542762756348,27.275938034057617,92.47489166259766,2.1198885440826416,2.370129108428955,0.6130787134170532,1.507140040397644,3.4347686767578125,0.7489938735961914,2.422846794128418,610.7548828125,1
12.087116241455078,1.2582392692565918,2.3148210048675537,18.88578224182129,82.30908966064453,3.731534481048584,2.885720729827881,0.19122076034545898,2.1579370498657227,5.460132598876953,1.0837454795837402,2.6054434776306152,392.67108154296875,1
13.547050476074219,2.019592523574829,2.280825614929199,15.198131561279297,93.32743072509766,2.7552058696746826,3.7938222885131836,0.1815858781337738,2.8131494522094727,6.456926345825195,1.0278364419937134,3.3504204750061035,1164.7691650390625,0
14.19406509399414,2.208183526992798,2.6310930252075195,19.571435928344727,114.15034484863281,3.3107056617736816,3.346437931060791,0.23718783259391785,1.9575135707855225,6.509098052978516,0.883509635925293,3.1708357334136963,1533.25634765625,0
13.127882957458496,4.184388160705566,2.4392361640930176,22.026391983032227,99.56670379638672,1.8613137006759644,0.9736981391906738,0.4756592810153961,1.050470232963562,6.1759352684021,0.8555669784545898,1.8481742143630981,585.1871337890625,2
12.496292114257812,0.8984037637710571,1.9462579488754272,16.655542373657227,87.4078140258789,2.234025239944458,2.196206569671631,0.23457016050815582,1.4144586324691772,3.102355480194092,1.1151323318481445,2.863523483276367,436.9252014160156,1
11.839113235473633,2.0048978328704834,2.376532554626465,21.729360580444336,91.69852447509766,2.6150381565093994,2.400233507156372,0.35276198387145996,1.3904980421066284,1.8732831478118896,1.0833848714828491,3.290905237197876,500.2576904296875,1
11.632397651672363,1.541707992553711,1.8922603130340576,16.802860260009766,87.42691040039062,2.4522602558135986,2.208094596862793,0.2933718264102936,1.04036545753479,3.658627986907959,0.8642374277114868,3.3683853149414062,450.8827819824219,1
13.01834487915039,3.7982327938079834,2.421651840209961,22.631349563598633,100.77088165283203,1.8007986545562744,0.5550580024719238,0.5991412997245789,1.583383560180664,9.721063613891602,0.5758928060531616,1.4321156740188599,705.36865234375,2
13.505167007446289,2.4044127464294434,2.612267255783081,21.388023376464844,86.91542053222656,2.734938144683838,1.1188509464263916,0.47630175948143005,2.1132700443267822,10.264158248901367,0.6922817826271057,1.7024279832839966,532.5781860351562,2
13.753396034240723,1.8237961530685425,2.4642035961151123,19.285207748413086,112.35247039794922,2.857391357421875,3.340033531188965,0.2284712791442871,2.168200731277466,5.517275333404541,1.0174504518508911,2.97341251373291,1166.270263671875,0
14.495553016662598,1.9823517799377441,2.2597663402557373,14.808452606201172,105.60379028320312,3.192903995513916,3.605144500732422,0.3079511523246765,2.84728741645813,7.215088844299316,1.1749298572540283,3.024725914001465,1575.9638671875,0
12.731546401977539,1.715413212776184,2.368716239929199,22.213401794433594,99.43341064453125,2.016530752182007,0.5733547210693359,0.5193035006523132,1.3237992525100708,7.039973258972168,0.5994827747344971,1.5733850002288818,668.3721313476562,2
12.350244522094727,1.5008975267410278,2.4410276412963867,22.066194534301758,91.29817199707031,2.2753589153289795,2.465725898742676,0.36222341656684875,1.2836735248565674,3.51326322555542,1.1263933181762695,2.790003538131714,583.1140747070312,1
12.16236686706543,3.051138162612915,2.3478102684020996,21.74860954284668,86.94541931152344,2.0112059116363525,2.0400009155273438,0.44548237323760986,1.5165019035339355,2.6481194496154785,0.9105530381202698,2.9246182441711426,628.9370727539062,1
12.739432334899902,3.229783058166504,2.421067476272583,19.970369338989258,95.8036880493164,2.0068399906158447,0.4514690637588501,0.5311082601547241,1.4682971239089966,8.756359100341797,0.5856887698173523,1.6347885131835938,776.9710693359375,2
13.214073181152344,2.009796380996704,2.3400208950042725,17.72314453125,111.03363037109375,3.319028854370117,3.171841621398926,0.24890606105327606,2.031097650527954,6.188803672790527,0.9080895781517029,3.1746623516082764,1041.228759765625,0
13.535759925842285,2.1950418949127197,2.3997814655303955,20.759260177612305,102.21406555175781,2.4806597232818604,3.0447335243225098,0.28771939873695374,1.7108027935028076,4.910627841949463,1.0810225009918213,3.2875454425811768,1021.1773681640625,0
11.945920944213867,3.1950502395629883,2.3991355895996094,17.88713264465332,78.15730285644531,3.8553709983825684,4.0805277824401855,0.08865073323249817,3.321164131164551,4.571787357330322,0.8095461130142212,3.468834400177002,523.6944580078125,1
13.000042915344238,3.026700258255005,2.5759620666503906,24.577838897705078,108.52848815917969,1.7582108974456787,0.9999434947967529,0.4961414933204651,1.2363266944885254,8.260381698608398,0.6402695178985596,1.5890207290649414,754.3170166015625,2
13.863120079040527,1.4512426853179932,2.55971097946167,17.539405822753906,106.03997802734375,2.694902181625366,3.1499133110046387,0.24913382530212402,1.7806209325790405,4.307307243347168,0.9919437170028687,3.4193239212036133,644.339111328125,0
12.56551742553711,6.455869674682617,2.6569249629974365,27.293243408203125,77.79730224609375,1.532339096069336,1.2275688648223877,0.7788082361221313,1.6060398817062378,5.247051239013672,0.5475121140480042,1.4243792295455933,753.8257446289062,1
14.306272506713867,1.5831449031829834,2.4070799350738525,15.220683097839355,120.51542663574219,3.61281681060791,3.3143088817596436,0.26019638776779175,2.364555597305298,7.96804666519165,0.7779050469398499,3.495211124420166,1251.5087890625,0
12.909469604492188,2.758070945739746,2.221203565597534,20.719406127929688,95.0297622680664,1.6653220653533936,0.41119885444641113,0.4285251200199127,1.1561758518218994,7.324419021606445,0.8584904670715332,1.9189941883087158,676.55126953125,2
13.740137100219727,3.2420921325683594,2.6243176460266113,23.919876098632812,124.14599609375,1.64475679397583,1.5495655536651611,0.26611632108688354,1.3207571506500244,10.294187545776367,0.5628052949905396,1.4988055229187012,621.659912109375,2
12.198002815246582,1.3124158382415771,1.8843692541122437,15.34565544128418,90.7974624633789,2.5729126930236816,2.150482416152954,0.2259414792060852,1.224511981010437,3.050445079803467,1.0733392238616943,2.7065048217773438,462.20465087890625,1
14.228480339050293,1.7271175384521484,2.32126784324646,15.933527946472168,114.97810363769531,3.230349063873291,3.4301259517669678,0.2738932967185974,2.220673084259033,6.100274085998535,1.040196180343628,3.0126450061798096,1304.845458984375,0
13.878996849060059,1.7733898162841797,2.642653703689575,22.685195922851562,79.58837127685547,2.7500855922698975,1.1163382530212402,0.5919662714004517,2.3926799297332764,11.491172790527344,0.4899689257144928,1.8150482177734375,482.953857421875,2
11.67825984954834,5.901174545288086,2.6652770042419434,24.958267211914062,82.34547424316406,2.348127603530884,2.245964765548706,0.5060189962387085,1.4526962041854858,3.6755242347717285,0.5912651419639587,2.350952386856079,655.6221923828125,1
13.020447731018066,1.6748456954956055,2.5784738063812256,19.52001190185547,105.27210235595703,2.598385810852051,2.6402177810668945,0.31008440256118774,1.5337555408477783,4.631241798400879,1.0830838680267334,3.3922767639160156,1011.1483154296875,0
12.950196266174316,2.025754690170288,2.711841583251953,19.960323333740234,99.21961212158203,2.3164918422698975,3.132673978805542,0.33102619647979736,1.4682084321975708,4.747567176818848,1.0862311124801636,2.785456657409668,1080.4549560546875,0
13.413405418395996,2.011049509048462,2.49200177192688,22.46234130859375,113.41780853271484,1.5847156047821045,1.3073612451553345,0.4392510652542114,1.5615602731704712,9.05994987487793,0.552035927772522,1.5329104661941528,557.3977661132812,2
13.178274154663086,1.9178798198699951,2.600907802581787,17.9140567779541,98.97037506103516,2.6424856185913086,2.9166109561920166,0.26101741194725037,1.575408697128296,5.05101203918457,1.097054123878479,2.9155259132385254,1074.601318359375,0
12.584640502929688,3.1004815101623535,2.495100259780884,24.350082397460938,89.81415557861328,1.7461692094802856,1.602318286895752,0.5519253611564636,1.6166472434997559,3.0253446102142334,0.8666273355484009,1.9129841327667236,551.1588134765625,1
12.313714981079102,0.7621126174926758,1.9709059000015259,15.105573654174805,92.84098052978516,2.799713373184204,2.3397603034973145,0.29284223914146423,1.2721576690673828,3.7699344158172607,1.1268361806869507,2.418276309967041,273.7409362792969,1
13.196516036987305,4.30985689163208,2.3941943645477295,21.636226654052734,92.57432556152344,2.192821979522705,0.5907421112060547,0.573540449142456,1.1474947929382324,6.623183250427246,0.6738299131393433,1.5586789846420288,482.8559265136719,2
12.540656089782715,3.0880126953125,2.2961087226867676,22.718482971191406,81.45782470703125,1.7165050506591797,1.9040257930755615,0.4880233705043793,1.366870641708374,4.2524237632751465,0.8347105979919434,2.3193747997283936,521.427001953125,1
14.279424667358398,1.7391108274459839,2.5360677242279053,15.338817596435547,123.98068237304688,3.752779722213745,3.976963520050049,0.2675686776638031,2.1229970455169678,7.495899200439453,0.9226980209350586,3.13103985786438,1493.372802734375,0
14.104728698730469,1.904813289642334,2.556403636932373,18.93104362487793,123.10664367675781,3.8907551765441895,3.9513301849365234,0.12901584804058075,2.0178284645080566,6.835089206695557,0.7039198875427246,3.218006134033203,1307.995361328125,0
12.827286720275879,3.2466936111450195,2.155245780944824,19.744102478027344,118.76972198486328,1.0939857959747314,1.2550702095031738,0.22990703582763672,0.9714434742927551,8.778605461120605,0.6179437041282654,1.6819829940795898,381.63970947265625,2
11.736909866333008,2.3148293495178223,2.350273847579956,23.682716369628906,85.45982360839844,1.5481901168823242,1.3996284008026123,0.47659361362457275,1.4900109767913818,3.5241684913635254,0.9415872097015381,2.51922607421875,625.9215087890625,1
13.126465797424316,1.5567132234573364,2.4882240295410156,15.497625350952148,105.28118133544922,2.4008560180664062,2.7449731826782227,0.2984376549720764,1.357635736465454,4.505270004272461,1.0960643291473389,2.348897933959961,925.5071411132812,0
13.137188911437988,1.5835795402526855,2.3422446250915527,18.896881103515625,99.76213836669922,2.558903217315674,2.567955493927002,0.26432347297668457,1.55303955078125,3.752425193786621,1.077331781387329,3.6878228187561035,981.8016357421875,0
14.135403633117676,1.845444679260254,2.3817687034606934,14.25229263305664,98.77648162841797,3.1456921100616455,3.5633318424224854,0.17533698678016663,2.2121129035949707,6.74655818939209,0.9342232942581177,3.2895138263702393,1141.961181640625,0
12.428975105285645,1.2438256740570068,2.190796136856079,20.6894474029541,85.16732788085938,1.974919080734253,1.884230613708496,0.41282403469085693,1.3628432750701904,2.230764865875244,1.0366876125335693,2.743783950805664,441.48883056640625,1
12.572867393493652,0.1769120693206787,2.185382843017578,17.84568977355957,164.4605712890625,1.5527424812316895,2.2499256134033203,0.3468951880931854,2.768048048019409,3.5982134342193604,1.044490933418274,2.1836256980895996,732.9657592773438,1
13.012267112731934,2.294832944869995,2.3417418003082275,21.199382781982422,89.19395446777344,1.7962830066680908,0.7270748615264893,0.5988154411315918,1.2506842613220215,5.907574653625488,0.7624253034591675,1.6738379001617432,603.5982666015625,2
13.691676139831543,1.712902307510376,2.247002124786377,16.709857940673828,103.47774505615234,3.150122880935669,3.3557662963867188,0.26829075813293457,2.0724687576293945,6.014980792999268,1.0084893703460693,3.0454516410827637,1030.3983154296875,0
13.075109481811523,1.8299952745437622,2.625521183013916,20.10606575012207,99.30047607421875,2.7078769207000732,2.867847442626953,0.27148640155792236,1.6053401231765747,4.254390239715576,1.0847631692886353,3.210134506225586,941.5742797851562,0
13.11579704284668,1.9611300230026245,2.5409598350524902,23.619401931762695,107.47615814208984,1.6075758934020996,0.9184010028839111,0.45367228984832764,1.5954408645629883,7.580340385437012,0.7524493336677551,1.5736318826675415,732.7412719726562,2
14.108789443969727,2.076575517654419,2.595935821533203,16.410640716552734,117.32766723632812,3.731790065765381,3.6235251426696777,0.21904872357845306,2.323814868927002,7.644932746887207,0.8895494937896729,3.5212254524230957,1325.847900390625,0
11.708815574645996,2.269761323928833,2.3355207443237305,22.176822662353516,82.3125,2.1973397731781006,2.0080389976501465,0.423602819442749,1.5262022018432617,2.936232328414917,0.8793741464614868,2.902545690536499,567.8468017578125,1
12.208803176879883,0.8364070653915405,1.9419176578521729,15.05537223815918,102.60501098632812,2.264284372329712,1.7672879695892334,0.3274638056755066,1.2066179513931274,3.178318977355957,1.0879344940185547,2.291337013244629,431.06597900390625,1
12.264534950256348,3.831127405166626,2.383071184158325,21.196226119995117,87.75624084472656,1.753032922744751,1.3495609760284424,0.47546684741973877,1.376777172088623,4.160222053527832,0.8446110486984253,2.289628267288208,581.6490478515625,1
14.370664596557617,1.7728521823883057,2.485389232635498,14.427618026733398,108.88088989257812,3.498772621154785,3.822115898132324,0.2877296805381775,2.3583438396453857,7.436834335327148,0.9907808303833008,3.339912176132202,1457.427001953125,0
12.066167831420898,2.3852732181549072,2.1877670288085938,19.364072799682617,88.25106811523438,2.3126072883605957,0.7219661474227905,0.590869665145874,1.4339416027069092,7.580960750579834,0.5901790261268616,1.7954261302947998,696.3895263671875,2
12.37199878692627,0.9123048782348633,1.6899616718292236,15.521283149719238,89.48602294921875,1.858066439628601,1.5398623943328857,0.31815305352211,1.0628340244293213,2.4192023277282715,0.998661994934082,2.308648109436035,484.1312561035156,1
13.569927215576172,3.7063047885894775,2.4662046432495117,19.555139541625977,87.3565902709961,2.27900767326355,0.7161235809326172,0.5978785753250122,1.681947946548462,7.661243438720703,0.7735177874565125,1.6453864574432373,742.9490356445312,2
11.961228370666504,2.082552671432495,2.2272260189056396,19.75111961364746,91.11254119873047,2.460665225982666,2.237335443496704,0.38303837180137634,1.6028319597244263,2.6758463382720947,0.9575752019882202,2.5581252574920654,437.0430603027344,1
12.378494262695312,3.3065125942230225,2.4416556358337402,24.507400512695312,105.46430206298828,2.073434829711914,0.9392675161361694,0.4735903739929199,1.0694310665130615,8.489557266235352,0.6152600049972534,1.5756019353866577,657.8289184570312,2
12.384608268737793,2.5637686252593994,2.3410165309906006,20.28047752380371,85.98695373535156,2.110487222671509,1.9288371801376343,0.34971684217453003,1.6241530179977417,2.797010660171509,0.7718528509140015,2.7698230743408203,509.0833435058594,1
12.347545623779297,1.1948994398117065,2.5203499794006348,19.041385650634766,115.89337158203125,2.2311761379241943,1.7759218215942383,0.4758172333240509,1.2776118516921997,3.5058064460754395,1.2715015411376953,2.4233126640319824,377.6346130371094,1
13.39283561706543,3.8227291107177734,2.2692971229553223,19.411579132080078,93.93376922607422,2.027395009994507,0.727827787399292,0.523863673210144,1.6584454774856567,8.845290184020996,0.6626526117324829,1.8132190704345703,805.5861206054688,2
13.334941864013672,1.7482091188430786,2.4992525577545166,15.887679100036621,105.46977233886719,3.000126838684082,3.183499813079834,0.22319431602954865,1.9119905233383179,5.284771919250488,1.0695263147354126,3.267263412475586,942.702880859375,0
13.271574020385742,2.6090266704559326,2.506603479385376,21.72776985168457,100.92396545410156,2.246647834777832,0.8058681488037109,0.5567939877510071,1.753210186958313,10.228994369506836,0.5559589862823486,1.8575630187988281,780.1126708984375,2
13.3672513961792,2.702866554260254,2.6168322563171387,24.862817764282227,111.61329650878906,1.5438671112060547,1.0941818952560425,0.4169944226741791,0.835648238658905,6.70916223526001,0.8314110636711121,1.6421263217926025,561.0047607421875,2
12.62610149383545,1.0914212465286255,1.6621984243392944,16.92967414855957,90.03669738769531,1.4679665565490723,1.1451098918914795,0.34460559487342834,1.1447088718414307,2.3599510192871094,1.023396611213684,2.464632749557495,357.5836181640625,1
12.185568809509277,1.1987489461898804,2.228661298751831,16.1973819732666,91.64722442626953,3.7601468563079834,3.423330068588257,0.1815992295742035,2.729705810546875,4.325582027435303,1.1675944328308105,2.728134870529175,316.8286437988281,1
12.399374961853027,3.26693058013916,2.6417479515075684,24.071481704711914,91.29572296142578,2.094316244125366,0.4517780542373657,0.6101419925689697,0.6711130738258362,3.3601722717285156,1.048196792602539,2.0037410259246826,554.3826904296875,2
12.550716400146484,1.2057442665100098,1.9640469551086426,15.042076110839844,98.3520278930664,2.0699515342712402,1.5333521366119385,0.430706262588501,0.6633927822113037,3.5251657962799072,1.1651276350021362,1.5454531908035278,332.112548828125,1
12.532388687133789,3.063267707824707,2.396698236465454,22.2386474609375,106.15060424804688,1.6962223052978516,0.8420724868774414,0.43535271286964417,1.2780053615570068,8.80712604522705,0.7115611433982849,1.548403024673462,824.6990356445312,2
13.514211654663086,1.7580668926239014,2.5377495288848877,14.642980575561523,105.77376556396484,2.995772123336792,3.7119085788726807,0.23586249351501465,1.9897974729537964,6.7508440017700195,0.9855114817619324,2.879693031311035,1359.6865234375,0
12.917150497436523,2.866000175476074,2.633204936981201,24.667848587036133,99.89742279052734,1.848165512084961,0.7757898569107056,0.5475727319717407,0.8644523620605469,6.157208442687988,0.7561031579971313,1.8125593662261963,699.4598388671875,2
12.763153076171875,2.1736831665039062,2.4444289207458496,23.38928985595703,109.91439819335938,1.9748272895812988,0.7265468835830688,0.5113088488578796,1.1592224836349487,7.610249996185303,0.6893757581710815,1.9610466957092285,789.4392700195312,2
13.356653213500977,1.8580389022827148,2.7192060947418213,19.784704208374023,106.09410858154297,2.4557254314422607,2.55187726020813,0.3016728460788727,1.6033059358596802,4.1359171867370605,1.0566962957382202,2.78959321975708,1058.052978515625,0
11.583246231079102,1.9527703523635864,2.583740711212158,20.876798629760742,94.4168472290039,2.8484153747558594,2.3487401008605957,0.3505861759185791,1.6156983375549316,2.988840103149414,1.2543330192565918,3.076815366744995,477.9934387207031,1
14.630009651184082,2.00187611579895,2.401641845703125,16.03140640258789,119.2536392211914,3.3823580741882324,3.7545998096466064,0.1910080462694168,2.6867620944976807,6.22276496887207,1.0814682245254517,3.3548343181610107,1478.73876953125,0
13.069443702697754,2.1474311351776123,2.3939263820648193,21.023448944091797,111.93913269042969,1.6874319314956665,1.1332893371582031,0.45997434854507446,1.7812778949737549,9.421548843383789,0.6622515320777893,1.8699164390563965,708.5596313476562,2
12.496289253234863,3.6005401611328125,2.361243486404419,20.502727508544922,98.51951599121094,1.8481063842773438,0.6412283182144165,0.4504901170730591,1.102211594581604,8.617643356323242,0.5818274021148682,1.9252445697784424,720.0137939453125,2
12.604331016540527,6.476356506347656,2.396242141723633,24.173145294189453,77.49617004394531,1.456355333328247,1.4817755222320557,0.6471132040023804,1.794226884841919,4.091456413269043,0.71644127368927,1.9377692937850952,611.8386840820312,1
12.262763977050781,1.4017188549041748,2.19649076461792,21.114444732666016,90.50099182128906,2.5714962482452393,2.4265856742858887,0.3371475040912628,1.39710533618927,2.9757699966430664,1.1537673473358154,3.2975337505340576,495.10968017578125,1
12.626498222351074,2.472304344177246,2.2596261501312256,19.755146026611328,118.24507904052734,1.715031385421753,1.1685000658035278,0.40454086661338806,1.3754160404205322,9.578767776489258,0.5728567838668823,1.6666293144226074,658.2675170898438,2
12.416730880737305,0.803955078125,2.1429595947265625,16.648813247680664,100.51207733154297,2.2147064208984375,1.4815624952316284,0.4324122667312622,0.9584998488426208,3.9822046756744385,1.1764963865280151,2.1878669261932373,375.8069763183594,1
12.255313873291016,0.7946875095367432,1.506809949874878,11.957435607910156,82.65064239501953,2.3970136642456055,1.176743507385254,0.28082871437072754,0.6958516240119934,2.878129720687866,1.1452484130859375,1.9383916854858398,399.55328369140625,1
12.088244438171387,2.604775905609131,2.2933237552642822,21.31301498413086,93.4167709350586,2.592366933822632,2.707394599914551,0.34227466583251953,1.5641874074935913,2.52114200592041,0.7763794660568237,2.98572039604187,427.0022277832031,1
13.819035530090332,1.7427959442138672,2.5554630756378174,22.05669593811035,113.0880126953125,1.822219967842102,0.6372895240783691,0.5239859819412231,1.8385767936706543,10.260541915893555,0.6326562166213989,1.7425062656402588,755.62744140625,2
13.164454460144043,1.598339319229126,2.5239901542663574,15.986200332641602,106.58389282226562,3.3964123725891113,3.825406312942505,0.258452832698822,1.5670925378799438,6.046577453613281,0.9031239748001099,3.1048548221588135,1072.1082763671875,0
13.849218368530273,1.719914436340332,2.222059726715088,15.207124710083008,95.2877426147461,3.070545196533203,3.0802865028381348,0.2638464868068695,1.578442096710205,4.915318965911865,0.9657215476036072,3.369173526763916,928.534912109375,0
14.406999588012695,1.697220802307129,2.3237037658691406,13.027057647705078,106.80485534667969,3.0410103797912598,3.828565835952759,0.2709070146083832,2.6223936080932617,6.797590255737305,1.2851089239120483,3.0301709175109863,1565.682861328125,0
13.503814697265625,1.592383623123169,2.3716509342193604,14.6989164352417,102.05072784423828,2.885756015777588,3.4213500022888184,0.236467182636261,1.9660756587982178,5.664855003356934,0.9519491195678711,3.3691911697387695,1033.436767578125,0
12.474020957946777,1.401449203491211,2.2457776069641113,22.012584686279297,87.64418029785156,2.894472599029541,2.721630811691284,0.2817037105560303,1.8324495553970337,3.3830971717834473,1.176395058631897,3.0428590774536133,555.0525512695312,1
12.671000480651855,0.883204460144043,2.111483335494995,18.347742080688477,122.10816955566406,2.5055441856384277,1.8613489866256714,0.2463826686143875,2.0253171920776367,3.1415462493896484,1.0866038799285889,2.9863946437835693,471.4628601074219,1
13.28235149383545,1.3410277366638184,2.534210205078125,18.692026138305664,105.38819122314453,2.7501978874206543,3.017958879470825,0.19628460705280304,1.638833999633789,5.250172138214111,0.9214394688606262,3.2294774055480957,1110.0582275390625,0
13.051348686218262,1.3791216611862183,2.5162901878356934,14.913331985473633,100.05426788330078,2.5650107860565186,2.989492654800415,0.2710057199001312,1.5717227458953857,4.6480793952941895,1.0798234939575195,2.984593391418457,1058.9393310546875,0
12.882482528686523,1.9486606121063232,2.770792245864868,19.883607864379883,105.64444732666016,2.5323734283447266,2.957244396209717,0.2881050109863281,1.4733251333236694,4.692901134490967,1.0371754169464111,3.0052709579467773,960.9891357421875,0
14.137173652648926,1.865646243095398,2.3905789852142334,17.814836502075195,114.71154022216797,3.6596803665161133,3.407792091369629,0.16492097079753876,2.497333288192749,7.246920108795166,0.8055563569068909,3.338076591491699,1343.018798828125,0
13.684256553649902,1.670383095741272,2.5808475017547607,17.828956604003906,108.64056396484375,2.913268804550171,3.1860387325286865,0.2998957931995392,1.8540153503417969,5.995625019073486,1.0358526706695557,2.6748127937316895,1307.144287109375,0
14.051712989807129,1.762121319770813,2.6348447799682617,17.630929946899414,101.68555450439453,2.7770438194274902,3.2388105392456055,0.2561272382736206,2.4053919315338135,5.871325492858887,1.0669503211975098,3.13541841506958,1359.9320068359375,0
12.504435539245605,4.243567943572998,2.4108493328094482,22.998050689697266,93.4258041381836,2.2399635314941406,0.8087573051452637,0.5728965401649475,0.9918795824050903,5.620692729949951,0.7053354382514954,1.8501293659210205,496.544921875,2
13.977012634277344,1.286922574043274,2.4728596210479736,16.340566635131836,99.76689910888672,2.7499840259552,3.1845924854278564,0.17358750104904175,2.051811456680298,4.6245856285095215,0.9718185663223267,3.3363234996795654,858.6678466796875,0
11.325216293334961,1.6947354078292847,2.917365550994873,28.3215274810791,88.54823303222656,1.7482850551605225,1.319854736328125,0.48229387402534485,1.4064713716506958,2.0894057750701904,1.4220542907714844,2.4940435886383057,753.1298217773438,1
13.452325820922852,2.002220392227173,2.5857295989990234,15.736655235290527,102.80908966064453,2.8930680751800537,3.3497138023376465,0.31835731863975525,1.6484421491622925,5.9774980545043945,1.1156260967254639,2.525543451309204,1186.84033203125,0
13.943964958190918,2.0714235305786133,2.5497803688049316,14.442876815795898,113.19481658935547,3.7588720321655273,3.7685203552246094,0.2613159418106079,2.2632598876953125,7.659937858581543,1.0277099609375,3.1603856086730957,1438.0609130859375,0
13.215832710266113,2.8287410736083984,2.5795090198516846,24.473148345947266,109.59910583496094,1.5864453315734863,0.9947704076766968,0.3889736831188202,1.406787633895874,8.345202445983887,0.7021303176879883,1.5049738883972168,646.0709228515625,2
12.615262985229492,2.814037561416626,2.595670223236084,24.127105712890625,89.22908020019531,2.1516096591949463,0.6369020938873291,0.5552254319190979,1.1659386157989502,6.432366847991943,0.8091928958892822,1.9345346689224243,830.9478149414062,2
13.246707916259766,3.055384397506714,2.258211374282837,19.552526473999023,84.88817596435547,1.6626214981079102,0.37870895862579346,0.45074576139450073,0.796126127243042,5.3038859367370605,0.8052470684051514,1.6996755599975586,711.6607666015625,2
13.465129852294922,2.0478594303131104,2.639307975769043,14.723941802978516,106.20438385009766,3.1475908756256104,3.700540542602539,0.23940470814704895,1.8662368059158325,6.1014204025268555,0.917465090751648,3.2530291080474854,1166.3604736328125,0
13.187614440917969,1.916805386543274,2.630478858947754,17.085758209228516,105.51229095458984,2.6935408115386963,3.2134110927581787,0.2512461543083191,1.6035946607589722,6.059210777282715,0.9721330404281616,3.0926153659820557,1208.1868896484375,0
14.090003967285156,1.5509802103042603,2.402604103088379,16.61924934387207,116.03144836425781,3.3077824115753174,3.7470288276672363,0.2616254985332489,2.3191521167755127,6.797423839569092,0.9874729514122009,3.0141844749450684,1492.0592041015625,0
13.552607536315918,1.940748691558838,2.559520721435547,20.828594207763672,105.25121307373047,2.8244762420654297,2.914870262145996,0.1885593682527542,1.702722191810608,4.529061794281006,0.9306255578994751,3.9280974864959717,879.673095703125,0
12.581369400024414,1.567139983177185,2.5106892585754395,21.66836166381836,99.01941680908203,2.0142877101898193,1.9041039943695068,0.46016180515289307,1.2802975177764893,3.210358142852783,1.1704181432724,2.3445191383361816,468.8222351074219,1
13.066596031188965,1.5588034391403198,2.3588900566101074,12.487963676452637,104.49462890625,3.4018330574035645,3.5511598587036133,0.29652196168899536,1.7361359596252441,5.639636516571045,1.082434892654419,2.687883138656616,1068.64306640625,0
14.283446311950684,2.0170722007751465,2.4792847633361816,17.940786361694336,119.98823547363281,3.429307699203491,3.736868143081665,0.24527908861637115,2.2504653930664062,7.600667953491211,1.0232468843460083,3.316056489944458,1626.3858642578125,0
13.15986442565918,1.9159971475601196,2.4494898319244385,18.368820190429688,102.33534240722656,2.3137013912200928,2.5491583347320557,0.2917107939720154,1.2938668727874756,3.69342041015625,1.2251425981521606,2.7148869037628174,1062.1795654296875,0
13.932032585144043,1.9318647384643555,2.4554402828216553,18.706241607666016,117.6258773803711,3.0673580169677734,3.3264362812042236,0.30508530139923096,1.9204442501068115,6.022209644317627,1.0939549207687378,2.993466854095459,1308.7059326171875,0
12.654898643493652,3.8191704750061035,2.36063289642334,21.45841407775879,91.02632141113281,2.1737353801727295,0.6092761754989624,0.5972102284431458,1.217504858970642,6.094964504241943,0.71146559715271,1.7185313701629639,611.8253173828125,2
12.694812774658203,2.103163719177246,2.204118251800537,19.296876907348633,100.58604431152344,1.8104634284973145,0.44265496730804443,0.5391978621482849,1.195706844329834,7.950970649719238,0.5837328433990479,1.4082707166671753,705.552490234375,2
13.749852180480957,1.6284856796264648,2.5933992862701416,15.654903411865234,111.06950378417969,4.10398006439209,4.030246257781982,0.18275664746761322,1.792946696281433,7.915131568908691,0.8025011420249939,3.2912726402282715,1210.4239501953125,0
11.880462646484375,1.6586484909057617,2.123012065887451,16.17041778564453,94.91085052490234,3.4184207916259766,2.9328739643096924,0.28637856245040894,1.4796754121780396,4.122164249420166,1.0328269004821777,2.426625967025757,512.285888671875,1
12.97891616821289,2.4124817848205566,2.1400601863861084,18.250608444213867,95.89396667480469,2.5904619693756104,2.5970444679260254,0.3739233613014221,2.735776424407959,2.730923652648926,1.2777681350708008,3.2147886753082275,559.6254272460938,1
11.929730415344238,1.8898637294769287,2.312016487121582,18.233983993530273,102.73013305664062,3.0825932025909424,3.0332984924316406,0.21928521990776062,1.7764743566513062,2.864492177963257,0.8210605382919312,3.6750130653381348,467.01251220703125,1
13.368514060974121,0.6266926527023315,2.2461812496185303,20.971683502197266,165.2909393310547,1.8954616785049438,2.621096611022949,0.26039883494377136,2.4252171516418457,3.697584867477417,1.0413312911987305,2.5763661861419678,676.7081298828125,1
12.26672649383545,0.7248834371566772,1.0147435665130615,10.037246704101562,71.38977813720703,2.0207033157348633,0.7894314527511597,0.21037623286247253,0.06145143508911133,2.0585076808929443,1.0941765308380127,2.0424907207489014,475.462158203125,1
13.317691802978516,1.7426376342773438,2.4148082733154297,15.556004524230957,104.4322738647461,2.554503917694092,2.9586782455444336,0.3014924228191376,1.9381663799285889,5.356631278991699,1.0312427282333374,2.4304652214050293,1157.5731201171875,0
12.479400634765625,3.401561737060547,2.3342785835266113,21.041439056396484,86.68987274169922,2.3754963874816895,2.6827404499053955,0.42920631170272827,2.500924825668335,2.296515703201294,1.082566261291504,2.6572346687316895,352.2071533203125,1
13.30931282043457,2.047738552093506,2.682283639907837,16.620901107788086,111.485107421875,3.96223783493042,4.2554779052734375,0.15956734120845795,1.8310271501541138,7.902732849121094,0.7260215878486633,3.142590284347534,1436.9422607421875,0
12.045150756835938,2.0799648761749268,2.2054712772369385,20.999303817749023,87.69706726074219,2.3489439487457275,2.1848347187042236,0.3230893611907959,1.6726220846176147,2.7283382415771484,0.9244635701179504,3.1329212188720703,604.2662963867188,1
12.725164413452148,4.491598129272461,2.583124876022339,25.124347686767578,101.96182250976562,2.0875515937805176,0.8007742166519165,0.6324242949485779,1.043674349784851,6.077436923980713,0.7244499921798706,1.830005407333374,708.2861938476562,2
14.291520118713379,1.7467063665390015,2.635035276412964,14.965269088745117,105.90148162841797,3.2910492420196533,3.8234658241271973,0.3051375448703766,2.2549564838409424,6.724305152893066,1.0910875797271729,2.902378559112549,1671.685302734375,0
12.098878860473633,1.5352504253387451,2.0594911575317383,18.72593116760254,85.44390106201172,2.5056018829345703,2.38560152053833,0.3031845688819885,1.4743759632110596,3.2867889404296875,1.0223828554153442,3.2811086177825928,450.9427185058594,1
13.803354263305664,1.7298035621643066,2.6292126178741455,15.57235336303711,110.82598876953125,3.067305088043213,3.6390814781188965,0.24238234758377075,1.7942415475845337,5.8040571212768555,0.9020242691040039,3.2704226970672607,1100.7174072265625,0
13.26092529296875,3.4704275131225586,2.6781060695648193,25.49911880493164,123.4972915649414,1.466032862663269,1.3651378154754639,0.26033926010131836,1.3369097709655762,10.210400581359863,0.5886116027832031,1.2850315570831299,586.60302734375,2
13.079922676086426,0.8677078485488892,2.2263031005859375,16.171131134033203,116.16358947753906,1.9776496887207031,1.8708961009979248,0.5316479206085205,1.6267955303192139,5.095760345458984,1.0875682830810547,2.1378095149993896,496.36474609375,1
12.483898162841797,1.8286348581314087,2.1916019916534424,18.80364990234375,90.3579330444336,2.0988168716430664,0.810326337814331,0.6371493935585022,1.2374637126922607,6.428735256195068,0.6599493026733398,1.3762279748916626,700.3387451171875,2
12.100847244262695,2.920565605163574,2.49891996383667,25.148822784423828,90.52543640136719,3.1107521057128906,2.7013533115386963,0.4413144588470459,2.078012228012085,2.1073310375213623,1.1062021255493164,3.131369113922119,549.8966674804688,1
12.414787292480469,2.819310188293457,2.4337856769561768,22.33933448791504,90.654541015625,2.1335856914520264,2.0911519527435303,0.512290894985199,1.4944698810577393,3.1028661727905273,0.9955815672874451,2.1714975833892822,457.8756408691406,1
11.719198226928711,2.7157070636749268,2.512178897857666,19.962499618530273,86.1935806274414,3.1446399688720703,3.3323326110839844,0.10357019305229187,2.754519462585449,4.365965366363525,0.8911172747612,2.9599382877349854,385.1871337890625,1
13.37339973449707,2.5072569847106934,2.632732391357422,24.081941604614258,99.16371154785156,2.3109946250915527,0.7362070083618164,0.5516135692596436,1.686733365058899,10.078347206115723,0.5782763957977295,1.8038420677185059,706.9075927734375,2
12.187642097473145,0.8089114427566528,2.141002655029297,18.066593170166016,87.26091766357422,2.2361342906951904,1.7678459882736206,0.40818801522254944,0.8676471710205078,4.097098350524902,1.0113314390182495,2.34553861618042,362.7872314453125,1
12.440009117126465,2.781558036804199,2.291504144668579,19.16875648498535,100.0994873046875,2.0117592811584473,2.192309856414795,0.41314131021499634,1.6886961460113525,3.0349225997924805,0.7820582389831543,2.668961524963379,460.5171203613281,1
12.02202320098877,3.065460205078125,2.349722385406494,23.68126678466797,87.90332794189453,1.8125379085540771,1.9745845794677734,0.522434651851654,1.4537638425827026,2.9028122425079346,0.8872849941253662,2.3804798126220703,402.55096435546875,1
13.100224494934082,1.5390114784240723,2.354630947113037,17.03937530517578,95.49874877929688,2.3197944164276123,2.386439800262451,0.27904269099235535,1.466167688369751,3.631614923477173,1.1789491176605225,2.727564573287964,991.0919799804688,0
12.3369779586792,5.124826431274414,2.5072126388549805,22.6157169342041,85.68028259277344,1.9316999912261963,1.3987696170806885,0.6233886480331421,1.5100750923156738,5.480529308319092,0.7550591230392456,1.7551037073135376,585.5848388671875,1
13.412575721740723,1.2445425987243652,2.098663568496704,15.84707260131836,94.71678161621094,2.0967226028442383,2.984951972961426,0.2233327031135559,2.120312213897705,4.540351390838623,1.0475248098373413,2.714421272277832,972.4835205078125,0
13.103926658630371,3.843743324279785,2.3200039863586426,21.095645904541016,95.5732192993164,2.0197551250457764,0.5716880559921265,0.563340961933136,0.9754975438117981,5.66188383102417,0.841402530670166,1.8080053329467773,533.9813232421875,2
12.294211387634277,1.2802318334579468,1.8967210054397583,17.965967178344727,94.22004699707031,1.9408843517303467,0.40588855743408203,0.6595790386199951,1.3280516862869263,6.526432991027832,0.6036950349807739,1.475111484527588,676.2568359375,2
12.711402893066406,0.9171870946884155,1.8922815322875977,15.473379135131836,93.11219024658203,2.0367937088012695,1.6880505084991455,0.3333028554916382,1.1674147844314575,1.9780104160308838,1.253416895866394,2.5382204055786133,500.1899719238281,1
11.932942390441895,2.731569766998291,2.725768804550171,25.33493423461914,91.33586120605469,1.751825213432312,1.8028781414031982,0.6254502534866333,1.22318434715271,3.8049731254577637,1.0470954179763794,1.6300840377807617,446.1388854980469,1
13.524232864379883,1.7557883262634277,2.5406675338745117,18.587203979492188,116.80917358398438,3.275869369506836,3.085531711578369,0.21264511346817017,1.8264201879501343,5.919425010681152,0.9342727661132812,3.1539063453674316,1086.9869384765625,0
12.165674209594727,1.4899157285690308,2.30374813079834,18.575345993041992,100.93466186523438,2.7359631061553955,2.5640270709991455,0.32373303174972534,1.6995643377304077,3.05953311920166,1.115165114402771,2.966562032699585,498.1499328613281,1
13.162904739379883,1.8686389923095703,2.6023964881896973,18.350444793701172,103.4469985961914,2.7315616607666016,2.8830761909484863,0.2801000475883484,1.5677036046981812,4.725005149841309,1.106598138809204,3.202749490737915,1132.942626953125,0
12.32571029663086,1.4172401428222656,2.2706892490386963,18.6274471282959,75.93453979492188,4.1943182945251465,3.2284393310546875,0.14420628547668457,2.6527557373046875,5.882164001464844,1.2686634063720703,2.9878993034362793,261.97467041015625,1
13.694243431091309,6.108884811401367,2.4855682849884033,24.856704711914062,74.76878356933594,1.274878978729248,1.045384168624878,0.6814236640930176,1.7660987377166748,5.508418083190918,0.6327681541442871,1.380134105682373,620.708984375,1
12.27103328704834,2.230294942855835,2.3533613681793213,20.503061294555664,104.46953582763672,3.471416711807251,2.8777236938476562,0.3311738073825836,2.679373264312744,3.21781849861145,1.3836054801940918,2.596168279647827,757.9651489257812,1
13.378662109375,1.6920697689056396,2.4518494606018066,17.750391006469727,101.76316833496094,2.6292688846588135,2.9955546855926514,0.29884201288223267,1.851950764656067,4.81196928024292,0.9967644214630127,3.310637950897217,982.3685302734375,0
12.658037185668945,4.535051345825195,2.3578262329101562,21.419178009033203,84.56246948242188,2.0535500049591064,2.164346694946289,0.4653710722923279,2.292254686355591,3.325277328491211,0.8732641339302063,2.6433956623077393,381.7541198730469,1
12.105674743652344,2.076324939727783,2.5340611934661865,25.836332321166992,103.8121566772461,2.4460227489471436,2.1522932052612305,0.3869308829307556,1.8293534517288208,1.9649968147277832,1.1116769313812256,3.3620877265930176,659.0487670898438,1
12.334136962890625,1.7190974950790405,2.2503299713134766,18.09294891357422,95.41947174072266,2.0156893730163574,0.9279564619064331,0.5534867644309998,0.9574657082557678,7.062910079956055,0.6825848817825317,1.6790175437927246,600.0811767578125,2
12.099656105041504,3.0936684608459473,2.4819693565368652,21.931245803833008,87.57827758789062,2.134953737258911,2.1887991428375244,0.41532355546951294,1.649675965309143,3.667788028717041,0.8059166669845581,2.712642192840576,650.2022094726562,1
12.638382911682129,1.8025953769683838,2.3074474334716797,21.789735794067383,90.72552490234375,1.5781676769256592,1.4180467128753662,0.44707006216049194,1.3660356998443604,3.4093008041381836,0.980047881603241,2.436066150665283,532.4307250976562,1
14.047324180603027,2.102909803390503,2.6166491508483887,18.413795471191406,119.22752380371094,3.4155898094177246,3.508265733718872,0.22782838344573975,2.0982236862182617,6.462504863739014,0.9522449374198914,3.233403444290161,1283.5020751953125,0
12.124974250793457,0.8962615728378296,1.8517680168151855,18.524091720581055,85.6801528930664,2.3689112663269043,1.9112553596496582,0.2528400123119354,1.4000083208084106,3.67695951461792,1.1665657758712769,3.5436573028564453,501.8345947265625,1
12.319740295410156,1.0203332901000977,2.3870105743408203,20.668346405029297,94.3183364868164,3.7239246368408203,3.097431182861328,0.21707770228385925,2.1926558017730713,3.995999336242676,1.233713150024414,2.743206739425659,498.07373046875,1
13.663501739501953,1.4322128295898438,2.5908501148223877,15.572164535522461,108.69108581542969,3.144956111907959,3.564819574356079,0.2924267053604126,1.4604442119598389,5.9608378410339355,1.0130670070648193,2.9376111030578613,1206.153564453125,0
13.355134010314941,3.159299850463867,2.6922428607940674,21.70943260192871,106.96112060546875,1.9884517192840576,0.9499012231826782,0.4029695391654968,1.5507652759552002,8.72286319732666,0.7438019514083862,2.0130615234375,761.2305908203125,2
13.675471305847168,1.7233684062957764,2.5440402030944824,17.689170837402344,102.84331512451172,2.6545608043670654,2.808574914932251,0.28433313965797424,1.5478179454803467,5.135319232940674,1.1083617210388184,3.269138813018799,1020.484375,0
13.360633850097656,1.9374504089355469,2.4918253421783447,16.07588005065918,102.40089416503906,2.7514398097991943,3.469364643096924,0.21392492949962616,1.8323065042495728,5.066923141479492,0.9504519104957581,3.4240145683288574,1032.3192138671875,0
13.239471435546875,3.1660537719726562,2.6872503757476807,25.900300979614258,91.80136108398438,2.098095655441284,0.45434319972991943,0.5515981316566467,1.225394368171692,6.791802406311035,0.7875791192054749,2.0531511306762695,754.612548828125,2
14.267814636230469,1.5301976203918457,2.4410839080810547,16.04932403564453,108.61784362792969,3.264932870864868,3.7276718616485596,0.223661869764328,2.069624900817871,6.87905216217041,0.9807887673377991,2.9581894874572754,1440.8074951171875,0
12.566524505615234,0.8273634910583496,1.848883867263794,14.164376258850098,123.24877166748047,2.176684856414795,1.9556829929351807,0.3138029873371124,2.2669506072998047,2.691030502319336,1.1954655647277832,2.3706419467926025,568.3994140625,1
11.913243293762207,1.493086814880371,2.6204495429992676,19.080461502075195,111.88021850585938,2.428330183029175,1.7924368381500244,0.44996047019958496,1.0249435901641846,3.2996044158935547,1.381256341934204,1.855461835861206,420.3177490234375,1
11.989584922790527,1.4263577461242676,2.443028450012207,23.41555404663086,92.0972671508789,1.6545822620391846,1.834810495376587,0.4536721110343933,1.5626442432403564,2.659275770187378,0.9702714681625366,2.5574257373809814,393.2236328125,1
12.703424453735352,1.5237460136413574,2.2240514755249023,21.976083755493164,91.92117309570312,1.9865049123764038,1.8299453258514404,0.3652094006538391,1.5114697217941284,3.40464448928833,0.91197270154953,2.795593738555908,548.2310791015625,1
13.693511962890625,1.8427282571792603,2.65580415725708,17.490530014038086,112.38028717041016,3.040325164794922,3.019106388092041,0.29317089915275574,1.8002301454544067,6.316828727722168,0.9624889492988586,2.9628024101257324,1240.5584716796875,0
12.910304069519043,4.657438278198242,2.4948699474334717,23.283809661865234,97.20001220703125,1.5897893905639648,0.6626286506652832,0.5593793392181396,1.0120296478271484,6.019938945770264,0.830807089805603,1.5754424333572388,618.733154296875,2
13.424038887023926,1.741123914718628,2.815033435821533,13.983380317687988,105.38336181640625,2.7130908966064453,2.9147756099700928,0.3806772232055664,1.4379427433013916,5.502301216125488,1.0621075630187988,2.601086139678955,972.0626220703125,0
13.051169395446777,0.6942434310913086,2.0938167572021484,18.807870864868164,114.46346282958984,1.450847864151001,0.5764123201370239,0.5932565927505493,1.7725847959518433,8.552835464477539,0.5627853870391846,1.5274847745895386,601.1875610351562,2
13.79475212097168,1.7081595659255981,2.457759141921997,18.172679901123047,109.20623779296875,2.9770290851593018,3.0588767528533936,0.30453434586524963,1.814597487449646,5.311601161956787,1.0814647674560547,3.0498361587524414,1130.9146728515625,0
11.978866577148438,2.921283721923828,2.612091541290283,26.503725051879883,85.6938247680664,1.9391738176345825,1.9150092601776123,0.5505383014678955,1.5577300786972046,2.5313754081726074,0.9559868574142456,2.616863489151001,545.8021240234375,1
13.93911361694336,1.5058470964431763,2.4843997955322266,18.386505126953125,112.19464111328125,3.648293972015381,3.451584815979004,0.24132615327835083,2.0538699626922607,6.592477798461914,0.939595103263855,3.403655529022217,1366.13720703125,0
12.735016822814941,3.963839292526245,2.6264631748199463,26.437280654907227,99.91967010498047,1.7065527439117432,0.8127573728561401,0.691434383392334,1.5551687479019165,8.542329788208008,0.5844131708145142,1.3132330179214478,954.3402099609375,2
13.363116264343262,3.99113130569458,2.1206793785095215,18.904178619384766,80.16879272460938,1.898871898651123,1.546930193901062,0.49924004077911377,1.6721537113189697,3.0825743675231934,1.038763165473938,2.466106653213501,517.9475708007812,1
13.004631996154785,1.3497562408447266,2.455564022064209,26.263832092285156,137.80239868164062,2.886983871459961,2.675109624862671,0.28751373291015625,1.9283277988433838,3.1387717723846436,1.267133355140686,3.5042366981506348,776.7469482421875,1
13.591843605041504,1.5107486248016357,2.557286262512207,17.948068618774414,109.79912567138672,3.000248670578003,3.102996826171875,0.28944605588912964,1.7944445610046387,5.703193187713623,0.9491680264472961,2.874387741088867,1104.9798583984375,0
14.252345085144043,1.6957122087478638,2.3476333618164062,15.564502716064453,118.68231964111328,3.518228530883789,3.7265636920928955,0.3058493733406067,2.5346803665161133,7.085868835449219,1.0966904163360596,3.1188154220581055,1334.95703125,0
