["/opt/hostedtoolcache/Python/3.13.5/x64/bin/python", "-m", "unittest", "discover", "-s", "tests", "-v"]
test_all_neural_generators_change_weights_and_sample (test_contracts.ActualTrainingContracts.test_all_neural_generators_change_weights_and_sample) ... ok
test_baselines_are_real_fitted_samplers (test_contracts.ActualTrainingContracts.test_baselines_are_real_fitted_samplers) ... ok
test_sampling_budget_never_fabricates_requested_class (test_contracts.ActualTrainingContracts.test_sampling_budget_never_fabricates_requested_class) ... ok
test_student_equal_initialization_and_checkpoint_roundtrip (test_contracts.ActualTrainingContracts.test_student_equal_initialization_and_checkpoint_roundtrip) ... ok
test_array_hash_has_shape_and_dtype (test_contracts.DataContracts.test_array_hash_has_shape_and_dtype) ... ok
test_missing_seal_blocks_test (test_contracts.DataContracts.test_missing_seal_blocks_test) ... ok
test_nonfinite_rejected (test_contracts.DataContracts.test_nonfinite_rejected) ... ok
test_noninteger_labels_rejected (test_contracts.DataContracts.test_noninteger_labels_rejected) ... ok
test_seal_detects_mutation (test_contracts.DataContracts.test_seal_detects_mutation) ... ok
test_split_is_disjoint_and_immutable (test_contracts.DataContracts.test_split_is_disjoint_and_immutable) ... ok
test_wrong_shape_and_missing_class_rejected (test_contracts.DataContracts.test_wrong_shape_and_missing_class_rejected) ... ok
test_diffusion_posterior_at_zero_is_x0_without_noise (test_contracts.MathContracts.test_diffusion_posterior_at_zero_is_x0_without_noise) ... ok
test_diffusion_posterior_matches_hand_formula (test_contracts.MathContracts.test_diffusion_posterior_matches_hand_formula) ... ok
test_diffusion_terminal_distribution_is_close_to_noise (test_contracts.MathContracts.test_diffusion_terminal_distribution_is_close_to_noise) ... ok
test_mode_transform_column_order_and_constant (test_contracts.MathContracts.test_mode_transform_column_order_and_constant) ... ok
test_mode_transform_roundtrip (test_contracts.MathContracts.test_mode_transform_roundtrip) ... ok
test_packed_critic_rejects_remainder (test_contracts.MathContracts.test_packed_critic_rejects_remainder) ... ok
test_portfolio_exact_class_counts_and_source_identity (test_contracts.MathContracts.test_portfolio_exact_class_counts_and_source_identity) ... ok
test_support_gate_rejects_copy_and_extreme_outlier (test_contracts.MathContracts.test_support_gate_rejects_copy_and_extreme_outlier) ... ok
test_utility_weights_are_normalized_and_prior_shrunk (test_contracts.MathContracts.test_utility_weights_are_normalized_and_prior_shrunk) ... ok
test_portfolio_refuses_path_escape (test_delivery.DeliveryContracts.test_portfolio_refuses_path_escape) ... ok
test_portfolio_reload_and_reference_integrity (test_delivery.DeliveryContracts.test_portfolio_reload_and_reference_integrity) ... ok
test_publication_dry_run_has_no_external_calls (test_delivery.DeliveryContracts.test_publication_dry_run_has_no_external_calls) ... ok
test_publication_never_overwrites_or_copies_secret_files (test_delivery.DeliveryContracts.test_publication_never_overwrites_or_copies_secret_files) ... ok
test_publication_rejects_unrelated_or_unwritable_repositories (test_delivery.DeliveryContracts.test_publication_rejects_unrelated_or_unwritable_repositories) ... ok
test_schema_screen_preserves_valid_rows_and_reasons (test_delivery.DeliveryContracts.test_schema_screen_preserves_valid_rows_and_reasons) ... ok
test_schema_screen_rejects_ambiguous_headers (test_delivery.DeliveryContracts.test_schema_screen_rejects_ambiguous_headers) ... ok
test_all_saved_generators_reproduce_draws (test_execution.ExecutionContracts.test_all_saved_generators_reproduce_draws) ... ok
test_changed_candidate_refuses_before_loading_test (test_execution.ExecutionContracts.test_changed_candidate_refuses_before_loading_test) ... ok
test_conditioned_denoiser_changes_with_class (test_execution.ExecutionContracts.test_conditioned_denoiser_changes_with_class) ... ok
test_csv_reload_export_and_overwrite_refusal (test_execution.ExecutionContracts.test_csv_reload_export_and_overwrite_refusal) ... ok
test_evaluation_refuses_before_loading_test (test_execution.ExecutionContracts.test_evaluation_refuses_before_loading_test) ... ok
test_matched_class_counts_and_no_sampling_substitution (test_execution.ExecutionContracts.test_matched_class_counts_and_no_sampling_substitution) ... ok
test_unconditional_ablation_ignores_class_input (test_execution.ExecutionContracts.test_unconditional_ablation_ignores_class_input) ... ok
test_analysis_requires_matching_candidate_and_evaluation_provenance (test_review_contracts.ReviewValidationTests.test_analysis_requires_matching_candidate_and_evaluation_provenance) ... ok
test_boolean_evaluation_labels_are_not_silently_reinterpreted (test_review_contracts.ReviewValidationTests.test_boolean_evaluation_labels_are_not_silently_reinterpreted) ... ok
test_complex_features_are_not_silently_projected_to_real (test_review_contracts.ReviewValidationTests.test_complex_features_are_not_silently_projected_to_real) ... ok
test_evaluation_labels_must_be_one_dimensional (test_review_contracts.ReviewValidationTests.test_evaluation_labels_must_be_one_dimensional) ... ok
test_fractional_evaluation_labels_are_not_silently_truncated (test_review_contracts.ReviewValidationTests.test_fractional_evaluation_labels_are_not_silently_truncated) ... ok
test_metrics_match_hand_counted_confusion_matrix (test_review_contracts.ReviewValidationTests.test_metrics_match_hand_counted_confusion_matrix) ... ok
test_portfolio_prior_must_be_finite (test_review_contracts.ReviewValidationTests.test_portfolio_prior_must_be_finite) ... ok
test_portfolio_temperature_must_be_finite (test_review_contracts.ReviewValidationTests.test_portfolio_temperature_must_be_finite) ... ok
test_prediction_csv_duplicate_names_are_rejected_before_output (test_review_contracts.ReviewValidationTests.test_prediction_csv_duplicate_names_are_rejected_before_output) ... ok
test_ragged_schema_csv_leaves_no_partial_screen (test_review_contracts.ReviewValidationTests.test_ragged_schema_csv_leaves_no_partial_screen) ... ok
test_support_threshold_must_be_finite (test_review_contracts.ReviewValidationTests.test_support_threshold_must_be_finite) ... ok
test_unknown_evaluation_class_is_rejected (test_review_contracts.ReviewValidationTests.test_unknown_evaluation_class_is_rejected) ... ok

----------------------------------------------------------------------
Ran 46 tests in 1.568s

OK
{
  "upstream": "Arhaan2/synthetic-data-lab",
  "pinned_commit": "039fe33a2a9aad00ca9fed3f7f0733be8a912732",
  "destination": "LinLee10/synthetic-data-lab",
  "branch": "research/executed-tabular-pilot-v1",
  "overlay": "extensions/executed_tabular",
  "publish_requested": false
}
["/opt/hostedtoolcache/Python/3.13.5/x64/bin/python", "-m", "synthlab_next.cli", "train", "--config", "configs/pilot.json", "--output", "results/pilot_v1"]
{"time_utc": "2026-09-11T23:27:48.426628+00:00", "event": "generator_started", "replicate": "runs/wine/split_17/generation_101", "method": "bootstrap"}
{"time_utc": "2026-09-11T23:27:48.433811+00:00", "event": "generator_completed", "replicate": "runs/wine/split_17/generation_101", "method": "bootstrap", "seconds": 0.003, "generated": 1536}
{"time_utc": "2026-09-11T23:27:48.433911+00:00", "event": "generator_started", "replicate": "runs/wine/split_17/generation_101", "method": "smote"}
{"time_utc": "2026-09-11T23:27:48.463124+00:00", "event": "generator_completed", "replicate": "runs/wine/split_17/generation_101", "method": "smote", "seconds": 0.022, "generated": 1536}
{"time_utc": "2026-09-11T23:27:48.463216+00:00", "event": "generator_started", "replicate": "runs/wine/split_17/generation_101", "method": "copula"}
{"time_utc": "2026-09-11T23:27:48.512462+00:00", "event": "generator_completed", "replicate": "runs/wine/split_17/generation_101", "method": "copula", "seconds": 0.012, "generated": 1536}
{"time_utc": "2026-09-11T23:27:48.512570+00:00", "event": "generator_started", "replicate": "runs/wine/split_17/generation_101", "method": "ctgan"}
{"time_utc": "2026-09-11T23:27:55.184867+00:00", "event": "generator_completed", "replicate": "runs/wine/split_17/generation_101", "method": "ctgan", "seconds": 6.668, "generated": 3072}
{"time_utc": "2026-09-11T23:27:55.184978+00:00", "event": "generator_started", "replicate": "runs/wine/split_17/generation_101", "method": "tvae"}
{"time_utc": "2026-09-11T23:27:59.152455+00:00", "event": "generator_completed", "replicate": "runs/wine/split_17/generation_101", "method": "tvae", "seconds": 3.963, "generated": 4690}
{"time_utc": "2026-09-11T23:27:59.152563+00:00", "event": "generator_started", "replicate": "runs/wine/split_17/generation_101", "method": "ddpm"}
{"time_utc": "2026-09-11T23:28:01.266001+00:00", "event": "generator_completed", "replicate": "runs/wine/split_17/generation_101", "method": "ddpm", "seconds": 2.109, "generated": 1536}
{"time_utc": "2026-09-11T23:28:01.266109+00:00", "event": "generator_started", "replicate": "runs/wine/split_17/generation_101", "method": "ctgan_unpacked"}
{"time_utc": "2026-09-11T23:28:09.109609+00:00", "event": "generator_completed", "replicate": "runs/wine/split_17/generation_101", "method": "ctgan_unpacked", "seconds": 7.835, "generated": 3072}
{"time_utc": "2026-09-11T23:28:09.109720+00:00", "event": "generator_started", "replicate": "runs/wine/split_17/generation_101", "method": "ctgan_one_mode"}
{"time_utc": "2026-09-11T23:28:15.194189+00:00", "event": "generator_completed", "replicate": "runs/wine/split_17/generation_101", "method": "ctgan_one_mode", "seconds": 6.08, "generated": 3072}
{"time_utc": "2026-09-11T23:28:15.194296+00:00", "event": "generator_started", "replicate": "runs/wine/split_17/generation_101", "method": "ddpm_unconditional"}
{"time_utc": "2026-09-11T23:28:17.228261+00:00", "event": "generator_completed", "replicate": "runs/wine/split_17/generation_101", "method": "ddpm_unconditional", "seconds": 2.03, "generated": 1536}
{"time_utc": "2026-09-11T23:28:17.228368+00:00", "event": "generator_started", "replicate": "runs/wine/split_17/generation_101", "method": "ddpm_standardized"}
{"time_utc": "2026-09-11T23:28:19.364567+00:00", "event": "generator_completed", "replicate": "runs/wine/split_17/generation_101", "method": "ddpm_standardized", "seconds": 2.132, "generated": 1536}
{"time_utc": "2026-09-11T23:28:21.229930+00:00", "event": "students_completed", "replicate": "runs/wine/split_17/generation_101", "method": "real_only", "regime": "real_only"}
{"time_utc": "2026-09-11T23:28:21.577882+00:00", "event": "students_completed", "replicate": "runs/wine/split_17/generation_101", "method": "bootstrap", "regime": "synthetic_only"}
{"time_utc": "2026-09-11T23:28:21.944557+00:00", "event": "students_completed", "replicate": "runs/wine/split_17/generation_101", "method": "bootstrap", "regime": "augment"}
{"time_utc": "2026-09-11T23:28:22.302127+00:00", "event": "students_completed", "replicate": "runs/wine/split_17/generation_101", "method": "smote", "regime": "synthetic_only"}
{"time_utc": "2026-09-11T23:28:22.708521+00:00", "event": "students_completed", "replicate": "runs/wine/split_17/generation_101", "method": "smote", "regime": "augment"}
{"time_utc": "2026-09-11T23:28:23.054385+00:00", "event": "students_completed", "replicate": "runs/wine/split_17/generation_101", "method": "copula", "regime": "synthetic_only"}
{"time_utc": "2026-09-11T23:28:23.408650+00:00", "event": "students_completed", "replicate": "runs/wine/split_17/generation_101", "method": "copula", "regime": "augment"}
{"time_utc": "2026-09-11T23:28:23.750508+00:00", "event": "students_completed", "replicate": "runs/wine/split_17/generation_101", "method": "ctgan", "regime": "synthetic_only"}
{"time_utc": "2026-09-11T23:28:24.104717+00:00", "event": "students_completed", "replicate": "runs/wine/split_17/generation_101", "method": "ctgan", "regime": "augment"}
{"time_utc": "2026-09-11T23:28:24.518344+00:00", "event": "students_completed", "replicate": "runs/wine/split_17/generation_101", "method": "tvae", "regime": "synthetic_only"}
{"time_utc": "2026-09-11T23:28:24.871619+00:00", "event": "students_completed", "replicate": "runs/wine/split_17/generation_101", "method": "tvae", "regime": "augment"}
{"time_utc": "2026-09-11T23:28:25.297296+00:00", "event": "students_completed", "replicate": "runs/wine/split_17/generation_101", "method": "ddpm", "regime": "synthetic_only"}
{"time_utc": "2026-09-11T23:28:25.653219+00:00", "event": "students_completed", "replicate": "runs/wine/split_17/generation_101", "method": "ddpm", "regime": "augment"}
{"time_utc": "2026-09-11T23:28:26.008450+00:00", "event": "students_completed", "replicate": "runs/wine/split_17/generation_101", "method": "ctgan_unpacked", "regime": "synthetic_only"}
{"time_utc": "2026-09-11T23:28:26.372947+00:00", "event": "students_completed", "replicate": "runs/wine/split_17/generation_101", "method": "ctgan_unpacked", "regime": "augment"}
{"time_utc": "2026-09-11T23:28:26.717486+00:00", "event": "students_completed", "replicate": "runs/wine/split_17/generation_101", "method": "ctgan_one_mode", "regime": "synthetic_only"}
{"time_utc": "2026-09-11T23:28:27.082221+00:00", "event": "students_completed", "replicate": "runs/wine/split_17/generation_101", "method": "ctgan_one_mode", "regime": "augment"}
{"time_utc": "2026-09-11T23:28:27.493324+00:00", "event": "students_completed", "replicate": "runs/wine/split_17/generation_101", "method": "ddpm_unconditional", "regime": "synthetic_only"}
{"time_utc": "2026-09-11T23:28:27.847589+00:00", "event": "students_completed", "replicate": "runs/wine/split_17/generation_101", "method": "ddpm_unconditional", "regime": "augment"}
{"time_utc": "2026-09-11T23:28:28.192402+00:00", "event": "students_completed", "replicate": "runs/wine/split_17/generation_101", "method": "ddpm_standardized", "regime": "synthetic_only"}
{"time_utc": "2026-09-11T23:28:28.550856+00:00", "event": "students_completed", "replicate": "runs/wine/split_17/generation_101", "method": "ddpm_standardized", "regime": "augment"}
{"time_utc": "2026-09-11T23:28:28.894059+00:00", "event": "students_completed", "replicate": "runs/wine/split_17/generation_101", "method": "mixture_uniform", "regime": "synthetic_only"}
{"time_utc": "2026-09-11T23:28:29.351960+00:00", "event": "students_completed", "replicate": "runs/wine/split_17/generation_101", "method": "mixture_uniform", "regime": "augment"}
{"time_utc": "2026-09-11T23:28:29.702106+00:00", "event": "students_completed", "replicate": "runs/wine/split_17/generation_101", "method": "mixture_utility", "regime": "synthetic_only"}
{"time_utc": "2026-09-11T23:28:30.063805+00:00", "event": "students_completed", "replicate": "runs/wine/split_17/generation_101", "method": "mixture_utility", "regime": "augment"}
{"time_utc": "2026-09-11T23:28:30.494593+00:00", "event": "students_completed", "replicate": "runs/wine/split_17/generation_101", "method": "mixture_support", "regime": "synthetic_only"}
{"time_utc": "2026-09-11T23:28:30.949137+00:00", "event": "students_completed", "replicate": "runs/wine/split_17/generation_101", "method": "mixture_support", "regime": "augment"}
{"time_utc": "2026-09-11T23:28:31.392435+00:00", "event": "students_completed", "replicate": "runs/wine/split_17/generation_101", "method": "mixture_utility_support", "regime": "synthetic_only"}
{"time_utc": "2026-09-11T23:28:31.752653+00:00", "event": "students_completed", "replicate": "runs/wine/split_17/generation_101", "method": "mixture_utility_support", "regime": "augment"}
{"time_utc": "2026-09-11T23:28:31.758098+00:00", "event": "generator_started", "replicate": "runs/wine/split_17/generation_202", "method": "bootstrap"}
{"time_utc": "2026-09-11T23:28:31.765000+00:00", "event": "generator_completed", "replicate": "runs/wine/split_17/generation_202", "method": "bootstrap", "seconds": 0.003, "generated": 1536}
{"time_utc": "2026-09-11T23:28:31.765096+00:00", "event": "generator_started", "replicate": "runs/wine/split_17/generation_202", "method": "smote"}
{"time_utc": "2026-09-11T23:28:31.904125+00:00", "event": "generator_completed", "replicate": "runs/wine/split_17/generation_202", "method": "smote", "seconds": 0.022, "generated": 1536}
{"time_utc": "2026-09-11T23:28:31.904228+00:00", "event": "generator_started", "replicate": "runs/wine/split_17/generation_202", "method": "copula"}
{"time_utc": "2026-09-11T23:28:31.922868+00:00", "event": "generator_completed", "replicate": "runs/wine/split_17/generation_202", "method": "copula", "seconds": 0.015, "generated": 1536}
{"time_utc": "2026-09-11T23:28:31.922962+00:00", "event": "generator_started", "replicate": "runs/wine/split_17/generation_202", "method": "ctgan"}
{"time_utc": "2026-09-11T23:28:38.570355+00:00", "event": "generator_completed", "replicate": "runs/wine/split_17/generation_202", "method": "ctgan", "seconds": 6.643, "generated": 3072}
{"time_utc": "2026-09-11T23:28:38.570464+00:00", "event": "generator_started", "replicate": "runs/wine/split_17/generation_202", "method": "tvae"}
{"time_utc": "2026-09-11T23:28:42.553541+00:00", "event": "generator_completed", "replicate": "runs/wine/split_17/generation_202", "method": "tvae", "seconds": 3.979, "generated": 4720}
{"time_utc": "2026-09-11T23:28:42.553641+00:00", "event": "generator_started", "replicate": "runs/wine/split_17/generation_202", "method": "ddpm"}
{"time_utc": "2026-09-11T23:28:44.663237+00:00", "event": "generator_completed", "replicate": "runs/wine/split_17/generation_202", "method": "ddpm", "seconds": 2.101, "generated": 1536}
{"time_utc": "2026-09-11T23:28:44.663345+00:00", "event": "generator_started", "replicate": "runs/wine/split_17/generation_202", "method": "ctgan_unpacked"}
{"time_utc": "2026-09-11T23:28:52.472930+00:00", "event": "generator_completed", "replicate": "runs/wine/split_17/generation_202", "method": "ctgan_unpacked", "seconds": 7.805, "generated": 3072}
{"time_utc": "2026-09-11T23:28:52.473034+00:00", "event": "generator_started", "replicate": "runs/wine/split_17/generation_202", "method": "ctgan_one_mode"}
{"time_utc": "2026-09-11T23:28:58.631745+00:00", "event": "generator_completed", "replicate": "runs/wine/split_17/generation_202", "method": "ctgan_one_mode", "seconds": 6.145, "generated": 3072}
{"time_utc": "2026-09-11T23:28:58.631871+00:00", "event": "generator_started", "replicate": "runs/wine/split_17/generation_202", "method": "ddpm_unconditional"}
{"time_utc": "2026-09-11T23:29:00.812570+00:00", "event": "generator_completed", "replicate": "runs/wine/split_17/generation_202", "method": "ddpm_unconditional", "seconds": 2.051, "generated": 1536}
{"time_utc": "2026-09-11T23:29:00.812695+00:00", "event": "generator_started", "replicate": "runs/wine/split_17/generation_202", "method": "ddpm_standardized"}
{"time_utc": "2026-09-11T23:29:02.946050+00:00", "event": "generator_completed", "replicate": "runs/wine/split_17/generation_202", "method": "ddpm_standardized", "seconds": 2.129, "generated": 1536}
{"time_utc": "2026-09-11T23:29:04.492150+00:00", "event": "students_completed", "replicate": "runs/wine/split_17/generation_202", "method": "real_only", "regime": "real_only"}
{"time_utc": "2026-09-11T23:29:04.858162+00:00", "event": "students_completed", "replicate": "runs/wine/split_17/generation_202", "method": "bootstrap", "regime": "synthetic_only"}
{"time_utc": "2026-09-11T23:29:05.276162+00:00", "event": "students_completed", "replicate": "runs/wine/split_17/generation_202", "method": "bootstrap", "regime": "augment"}
{"time_utc": "2026-09-11T23:29:05.620564+00:00", "event": "students_completed", "replicate": "runs/wine/split_17/generation_202", "method": "smote", "regime": "synthetic_only"}
{"time_utc": "2026-09-11T23:29:06.095617+00:00", "event": "students_completed", "replicate": "runs/wine/split_17/generation_202", "method": "smote", "regime": "augment"}
{"time_utc": "2026-09-11T23:29:06.553749+00:00", "event": "students_completed", "replicate": "runs/wine/split_17/generation_202", "method": "copula", "regime": "synthetic_only"}
{"time_utc": "2026-09-11T23:29:06.931338+00:00", "event": "students_completed", "replicate": "runs/wine/split_17/generation_202", "method": "copula", "regime": "augment"}
{"time_utc": "2026-09-11T23:29:07.287885+00:00", "event": "students_completed", "replicate": "runs/wine/split_17/generation_202", "method": "ctgan", "regime": "synthetic_only"}
{"time_utc": "2026-09-11T23:29:07.772612+00:00", "event": "students_completed", "replicate": "runs/wine/split_17/generation_202", "method": "ctgan", "regime": "augment"}
{"time_utc": "2026-09-11T23:29:08.232888+00:00", "event": "students_completed", "replicate": "runs/wine/split_17/generation_202", "method": "tvae", "regime": "synthetic_only"}
{"time_utc": "2026-09-11T23:29:08.712059+00:00", "event": "students_completed", "replicate": "runs/wine/split_17/generation_202", "method": "tvae", "regime": "augment"}
{"time_utc": "2026-09-11T23:29:09.068766+00:00", "event": "students_completed", "replicate": "runs/wine/split_17/generation_202", "method": "ddpm", "regime": "synthetic_only"}
{"time_utc": "2026-09-11T23:29:09.425905+00:00", "event": "students_completed", "replicate": "runs/wine/split_17/generation_202", "method": "ddpm", "regime": "augment"}
{"time_utc": "2026-09-11T23:29:10.068296+00:00", "event": "students_completed", "replicate": "runs/wine/split_17/generation_202", "method": "ctgan_unpacked", "regime": "synthetic_only"}
{"time_utc": "2026-09-11T23:29:10.467673+00:00", "event": "students_completed", "replicate": "runs/wine/split_17/generation_202", "method": "ctgan_unpacked", "regime": "augment"}
{"time_utc": "2026-09-11T23:29:10.813442+00:00", "event": "students_completed", "replicate": "runs/wine/split_17/generation_202", "method": "ctgan_one_mode", "regime": "synthetic_only"}
{"time_utc": "2026-09-11T23:29:11.169815+00:00", "event": "students_completed", "replicate": "runs/wine/split_17/generation_202", "method": "ctgan_one_mode", "regime": "augment"}
{"time_utc": "2026-09-11T23:29:11.540478+00:00", "event": "students_completed", "replicate": "runs/wine/split_17/generation_202", "method": "ddpm_unconditional", "regime": "synthetic_only"}
{"time_utc": "2026-09-11T23:29:11.896096+00:00", "event": "students_completed", "replicate": "runs/wine/split_17/generation_202", "method": "ddpm_unconditional", "regime": "augment"}
{"time_utc": "2026-09-11T23:29:12.243274+00:00", "event": "students_completed", "replicate": "runs/wine/split_17/generation_202", "method": "ddpm_standardized", "regime": "synthetic_only"}
{"time_utc": "2026-09-11T23:29:12.598458+00:00", "event": "students_completed", "replicate": "runs/wine/split_17/generation_202", "method": "ddpm_standardized", "regime": "augment"}
{"time_utc": "2026-09-11T23:29:12.940883+00:00", "event": "students_completed", "replicate": "runs/wine/split_17/generation_202", "method": "mixture_uniform", "regime": "synthetic_only"}
{"time_utc": "2026-09-11T23:29:13.338257+00:00", "event": "students_completed", "replicate": "runs/wine/split_17/generation_202", "method": "mixture_uniform", "regime": "augment"}
{"time_utc": "2026-09-11T23:29:13.684394+00:00", "event": "students_completed", "replicate": "runs/wine/split_17/generation_202", "method": "mixture_utility", "regime": "synthetic_only"}
{"time_utc": "2026-09-11T23:29:14.086642+00:00", "event": "students_completed", "replicate": "runs/wine/split_17/generation_202", "method": "mixture_utility", "regime": "augment"}
{"time_utc": "2026-09-11T23:29:14.485481+00:00", "event": "students_completed", "replicate": "runs/wine/split_17/generation_202", "method": "mixture_support", "regime": "synthetic_only"}
{"time_utc": "2026-09-11T23:29:14.939304+00:00", "event": "students_completed", "replicate": "runs/wine/split_17/generation_202", "method": "mixture_support", "regime": "augment"}
{"time_utc": "2026-09-11T23:29:15.375948+00:00", "event": "students_completed", "replicate": "runs/wine/split_17/generation_202", "method": "mixture_utility_support", "regime": "synthetic_only"}
{"time_utc": "2026-09-11T23:29:15.730048+00:00", "event": "students_completed", "replicate": "runs/wine/split_17/generation_202", "method": "mixture_utility_support", "regime": "augment"}
{"time_utc": "2026-09-11T23:29:15.768923+00:00", "event": "generator_started", "replicate": "runs/wine/split_29/generation_101", "method": "bootstrap"}
{"time_utc": "2026-09-11T23:29:15.775371+00:00", "event": "generator_completed", "replicate": "runs/wine/split_29/generation_101", "method": "bootstrap", "seconds": 0.003, "generated": 1536}
{"time_utc": "2026-09-11T23:29:15.775462+00:00", "event": "generator_started", "replicate": "runs/wine/split_29/generation_101", "method": "smote"}
{"time_utc": "2026-09-11T23:29:15.800662+00:00", "event": "generator_completed", "replicate": "runs/wine/split_29/generation_101", "method": "smote", "seconds": 0.022, "generated": 1536}
{"time_utc": "2026-09-11T23:29:15.800746+00:00", "event": "generator_started", "replicate": "runs/wine/split_29/generation_101", "method": "copula"}
{"time_utc": "2026-09-11T23:29:15.909151+00:00", "event": "generator_completed", "replicate": "runs/wine/split_29/generation_101", "method": "copula", "seconds": 0.105, "generated": 1536}
{"time_utc": "2026-09-11T23:29:15.909253+00:00", "event": "generator_started", "replicate": "runs/wine/split_29/generation_101", "method": "ctgan"}
{"time_utc": "2026-09-11T23:29:22.505028+00:00", "event": "generator_completed", "replicate": "runs/wine/split_29/generation_101", "method": "ctgan", "seconds": 6.591, "generated": 3072}
{"time_utc": "2026-09-11T23:29:22.505131+00:00", "event": "generator_started", "replicate": "runs/wine/split_29/generation_101", "method": "tvae"}
{"time_utc": "2026-09-11T23:29:26.513076+00:00", "event": "generator_completed", "replicate": "runs/wine/split_29/generation_101", "method": "tvae", "seconds": 4.003, "generated": 4720}
{"time_utc": "2026-09-11T23:29:26.513181+00:00", "event": "generator_started", "replicate": "runs/wine/split_29/generation_101", "method": "ddpm"}
{"time_utc": "2026-09-11T23:29:28.647447+00:00", "event": "generator_completed", "replicate": "runs/wine/split_29/generation_101", "method": "ddpm", "seconds": 2.13, "generated": 1536}
{"time_utc": "2026-09-11T23:29:28.647555+00:00", "event": "generator_started", "replicate": "runs/wine/split_29/generation_101", "method": "ctgan_unpacked"}
{"time_utc": "2026-09-11T23:29:36.451765+00:00", "event": "generator_completed", "replicate": "runs/wine/split_29/generation_101", "method": "ctgan_unpacked", "seconds": 7.8, "generated": 3072}
{"time_utc": "2026-09-11T23:29:36.451873+00:00", "event": "generator_started", "replicate": "runs/wine/split_29/generation_101", "method": "ctgan_one_mode"}
{"time_utc": "2026-09-11T23:29:42.490510+00:00", "event": "generator_completed", "replicate": "runs/wine/split_29/generation_101", "method": "ctgan_one_mode", "seconds": 6.024, "generated": 3072}
{"time_utc": "2026-09-11T23:29:42.490617+00:00", "event": "generator_started", "replicate": "runs/wine/split_29/generation_101", "method": "ddpm_unconditional"}
{"time_utc": "2026-09-11T23:29:44.581573+00:00", "event": "generator_completed", "replicate": "runs/wine/split_29/generation_101", "method": "ddpm_unconditional", "seconds": 2.086, "generated": 1536}
{"time_utc": "2026-09-11T23:29:44.581677+00:00", "event": "generator_started", "replicate": "runs/wine/split_29/generation_101", "method": "ddpm_standardized"}
{"time_utc": "2026-09-11T23:29:46.707522+00:00", "event": "generator_completed", "replicate": "runs/wine/split_29/generation_101", "method": "ddpm_standardized", "seconds": 2.114, "generated": 1536}
{"time_utc": "2026-09-11T23:29:50.029780+00:00", "event": "students_completed", "replicate": "runs/wine/split_29/generation_101", "method": "real_only", "regime": "real_only"}
{"time_utc": "2026-09-11T23:29:50.425911+00:00", "event": "students_completed", "replicate": "runs/wine/split_29/generation_101", "method": "bootstrap", "regime": "synthetic_only"}
{"time_utc": "2026-09-11T23:29:50.793355+00:00", "event": "students_completed", "replicate": "runs/wine/split_29/generation_101", "method": "bootstrap", "regime": "augment"}
{"time_utc": "2026-09-11T23:29:51.189692+00:00", "event": "students_completed", "replicate": "runs/wine/split_29/generation_101", "method": "smote", "regime": "synthetic_only"}
{"time_utc": "2026-09-11T23:29:51.581837+00:00", "event": "students_completed", "replicate": "runs/wine/split_29/generation_101", "method": "smote", "regime": "augment"}
{"time_utc": "2026-09-11T23:29:51.936043+00:00", "event": "students_completed", "replicate": "runs/wine/split_29/generation_101", "method": "copula", "regime": "synthetic_only"}
{"time_utc": "2026-09-11T23:29:52.291274+00:00", "event": "students_completed", "replicate": "runs/wine/split_29/generation_101", "method": "copula", "regime": "augment"}
{"time_utc": "2026-09-11T23:29:52.766131+00:00", "event": "students_completed", "replicate": "runs/wine/split_29/generation_101", "method": "ctgan", "regime": "synthetic_only"}
{"time_utc": "2026-09-11T23:29:53.136279+00:00", "event": "students_completed", "replicate": "runs/wine/split_29/generation_101", "method": "ctgan", "regime": "augment"}
{"time_utc": "2026-09-11T23:29:53.671328+00:00", "event": "students_completed", "replicate": "runs/wine/split_29/generation_101", "method": "tvae", "regime": "synthetic_only"}
{"time_utc": "2026-09-11T23:29:54.037558+00:00", "event": "students_completed", "replicate": "runs/wine/split_29/generation_101", "method": "tvae", "regime": "augment"}
{"time_utc": "2026-09-11T23:29:54.414849+00:00", "event": "students_completed", "replicate": "runs/wine/split_29/generation_101", "method": "ddpm", "regime": "synthetic_only"}
{"time_utc": "2026-09-11T23:29:54.782216+00:00", "event": "students_completed", "replicate": "runs/wine/split_29/generation_101", "method": "ddpm", "regime": "augment"}
{"time_utc": "2026-09-11T23:29:55.130586+00:00", "event": "students_completed", "replicate": "runs/wine/split_29/generation_101", "method": "ctgan_unpacked", "regime": "synthetic_only"}
{"time_utc": "2026-09-11T23:29:55.528488+00:00", "event": "students_completed", "replicate": "runs/wine/split_29/generation_101", "method": "ctgan_unpacked", "regime": "augment"}
{"time_utc": "2026-09-11T23:29:56.050989+00:00", "event": "students_completed", "replicate": "runs/wine/split_29/generation_101", "method": "ctgan_one_mode", "regime": "synthetic_only"}
{"time_utc": "2026-09-11T23:29:56.707015+00:00", "event": "students_completed", "replicate": "runs/wine/split_29/generation_101", "method": "ctgan_one_mode", "regime": "augment"}
{"time_utc": "2026-09-11T23:29:57.048787+00:00", "event": "students_completed", "replicate": "runs/wine/split_29/generation_101", "method": "ddpm_unconditional", "regime": "synthetic_only"}
{"time_utc": "2026-09-11T23:29:57.403691+00:00", "event": "students_completed", "replicate": "runs/wine/split_29/generation_101", "method": "ddpm_unconditional", "regime": "augment"}
{"time_utc": "2026-09-11T23:29:57.764324+00:00", "event": "students_completed", "replicate": "runs/wine/split_29/generation_101", "method": "ddpm_standardized", "regime": "synthetic_only"}
{"time_utc": "2026-09-11T23:29:58.303710+00:00", "event": "students_completed", "replicate": "runs/wine/split_29/generation_101", "method": "ddpm_standardized", "regime": "augment"}
{"time_utc": "2026-09-11T23:29:59.167586+00:00", "event": "students_completed", "replicate": "runs/wine/split_29/generation_101", "method": "mixture_uniform", "regime": "synthetic_only"}
{"time_utc": "2026-09-11T23:29:59.602289+00:00", "event": "students_completed", "replicate": "runs/wine/split_29/generation_101", "method": "mixture_uniform", "regime": "augment"}
{"time_utc": "2026-09-11T23:29:59.952252+00:00", "event": "students_completed", "replicate": "runs/wine/split_29/generation_101", "method": "mixture_utility", "regime": "synthetic_only"}
{"time_utc": "2026-09-11T23:30:00.304309+00:00", "event": "students_completed", "replicate": "runs/wine/split_29/generation_101", "method": "mixture_utility", "regime": "augment"}
{"time_utc": "2026-09-11T23:30:00.755266+00:00", "event": "students_completed", "replicate": "runs/wine/split_29/generation_101", "method": "mixture_support", "regime": "synthetic_only"}
{"time_utc": "2026-09-11T23:30:01.229321+00:00", "event": "students_completed", "replicate": "runs/wine/split_29/generation_101", "method": "mixture_support", "regime": "augment"}
{"time_utc": "2026-09-11T23:30:01.775183+00:00", "event": "students_completed", "replicate": "runs/wine/split_29/generation_101", "method": "mixture_utility_support", "regime": "synthetic_only"}
{"time_utc": "2026-09-11T23:30:02.152792+00:00", "event": "students_completed", "replicate": "runs/wine/split_29/generation_101", "method": "mixture_utility_support", "regime": "augment"}
{"time_utc": "2026-09-11T23:30:02.158504+00:00", "event": "generator_started", "replicate": "runs/wine/split_29/generation_202", "method": "bootstrap"}
{"time_utc": "2026-09-11T23:30:02.164963+00:00", "event": "generator_completed", "replicate": "runs/wine/split_29/generation_202", "method": "bootstrap", "seconds": 0.003, "generated": 1536}
{"time_utc": "2026-09-11T23:30:02.165055+00:00", "event": "generator_started", "replicate": "runs/wine/split_29/generation_202", "method": "smote"}
{"time_utc": "2026-09-11T23:30:02.190240+00:00", "event": "generator_completed", "replicate": "runs/wine/split_29/generation_202", "method": "smote", "seconds": 0.022, "generated": 1536}
{"time_utc": "2026-09-11T23:30:02.190328+00:00", "event": "generator_started", "replicate": "runs/wine/split_29/generation_202", "method": "copula"}
{"time_utc": "2026-09-11T23:30:02.223124+00:00", "event": "generator_completed", "replicate": "runs/wine/split_29/generation_202", "method": "copula", "seconds": 0.03, "generated": 1536}
{"time_utc": "2026-09-11T23:30:02.223212+00:00", "event": "generator_started", "replicate": "runs/wine/split_29/generation_202", "method": "ctgan"}
{"time_utc": "2026-09-11T23:30:08.825825+00:00", "event": "generator_completed", "replicate": "runs/wine/split_29/generation_202", "method": "ctgan", "seconds": 6.598, "generated": 3072}
{"time_utc": "2026-09-11T23:30:08.825937+00:00", "event": "generator_started", "replicate": "runs/wine/split_29/generation_202", "method": "tvae"}
{"time_utc": "2026-09-11T23:30:13.015622+00:00", "event": "generator_completed", "replicate": "runs/wine/split_29/generation_202", "method": "tvae", "seconds": 4.018, "generated": 4786}
{"time_utc": "2026-09-11T23:30:13.015783+00:00", "event": "generator_started", "replicate": "runs/wine/split_29/generation_202", "method": "ddpm"}
{"time_utc": "2026-09-11T23:30:15.129589+00:00", "event": "generator_completed", "replicate": "runs/wine/split_29/generation_202", "method": "ddpm", "seconds": 2.109, "generated": 1536}
{"time_utc": "2026-09-11T23:30:15.129696+00:00", "event": "generator_started", "replicate": "runs/wine/split_29/generation_202", "method": "ctgan_unpacked"}
{"time_utc": "2026-09-11T23:30:22.898880+00:00", "event": "generator_completed", "replicate": "runs/wine/split_29/generation_202", "method": "ctgan_unpacked", "seconds": 7.75, "generated": 3072}
{"time_utc": "2026-09-11T23:30:22.898996+00:00", "event": "generator_started", "replicate": "runs/wine/split_29/generation_202", "method": "ctgan_one_mode"}
{"time_utc": "2026-09-11T23:30:28.858518+00:00", "event": "generator_completed", "replicate": "runs/wine/split_29/generation_202", "method": "ctgan_one_mode", "seconds": 5.955, "generated": 3072}
{"time_utc": "2026-09-11T23:30:28.858626+00:00", "event": "generator_started", "replicate": "runs/wine/split_29/generation_202", "method": "ddpm_unconditional"}
{"time_utc": "2026-09-11T23:30:30.763284+00:00", "event": "generator_completed", "replicate": "runs/wine/split_29/generation_202", "method": "ddpm_unconditional", "seconds": 1.9, "generated": 1536}
{"time_utc": "2026-09-11T23:30:30.763395+00:00", "event": "generator_started", "replicate": "runs/wine/split_29/generation_202", "method": "ddpm_standardized"}
{"time_utc": "2026-09-11T23:30:32.895965+00:00", "event": "generator_completed", "replicate": "runs/wine/split_29/generation_202", "method": "ddpm_standardized", "seconds": 2.107, "generated": 1536}
{"time_utc": "2026-09-11T23:30:34.205312+00:00", "event": "students_completed", "replicate": "runs/wine/split_29/generation_202", "method": "real_only", "regime": "real_only"}
{"time_utc": "2026-09-11T23:30:34.566355+00:00", "event": "students_completed", "replicate": "runs/wine/split_29/generation_202", "method": "bootstrap", "regime": "synthetic_only"}
{"time_utc": "2026-09-11T23:30:34.919007+00:00", "event": "students_completed", "replicate": "runs/wine/split_29/generation_202", "method": "bootstrap", "regime": "augment"}
{"time_utc": "2026-09-11T23:30:35.303322+00:00", "event": "students_completed", "replicate": "runs/wine/split_29/generation_202", "method": "smote", "regime": "synthetic_only"}
{"time_utc": "2026-09-11T23:30:35.661885+00:00", "event": "students_completed", "replicate": "runs/wine/split_29/generation_202", "method": "smote", "regime": "augment"}
{"time_utc": "2026-09-11T23:30:36.182569+00:00", "event": "students_completed", "replicate": "runs/wine/split_29/generation_202", "method": "copula", "regime": "synthetic_only"}
{"time_utc": "2026-09-11T23:30:36.637221+00:00", "event": "students_completed", "replicate": "runs/wine/split_29/generation_202", "method": "copula", "regime": "augment"}
{"time_utc": "2026-09-11T23:30:37.245679+00:00", "event": "students_completed", "replicate": "runs/wine/split_29/generation_202", "method": "ctgan", "regime": "synthetic_only"}
{"time_utc": "2026-09-11T23:30:37.621944+00:00", "event": "students_completed", "replicate": "runs/wine/split_29/generation_202", "method": "ctgan", "regime": "augment"}
{"time_utc": "2026-09-11T23:30:37.998282+00:00", "event": "students_completed", "replicate": "runs/wine/split_29/generation_202", "method": "tvae", "regime": "synthetic_only"}
{"time_utc": "2026-09-11T23:30:38.541186+00:00", "event": "students_completed", "replicate": "runs/wine/split_29/generation_202", "method": "tvae", "regime": "augment"}
{"time_utc": "2026-09-11T23:30:38.933692+00:00", "event": "students_completed", "replicate": "runs/wine/split_29/generation_202", "method": "ddpm", "regime": "synthetic_only"}
{"time_utc": "2026-09-11T23:30:39.728995+00:00", "event": "students_completed", "replicate": "runs/wine/split_29/generation_202", "method": "ddpm", "regime": "augment"}
{"time_utc": "2026-09-11T23:30:40.329302+00:00", "event": "students_completed", "replicate": "runs/wine/split_29/generation_202", "method": "ctgan_unpacked", "regime": "synthetic_only"}
{"time_utc": "2026-09-11T23:30:40.695281+00:00", "event": "students_completed", "replicate": "runs/wine/split_29/generation_202", "method": "ctgan_unpacked", "regime": "augment"}
{"time_utc": "2026-09-11T23:30:41.072424+00:00", "event": "students_completed", "replicate": "runs/wine/split_29/generation_202", "method": "ctgan_one_mode", "regime": "synthetic_only"}
{"time_utc": "2026-09-11T23:30:41.468376+00:00", "event": "students_completed", "replicate": "runs/wine/split_29/generation_202", "method": "ctgan_one_mode", "regime": "augment"}
{"time_utc": "2026-09-11T23:30:41.975793+00:00", "event": "students_completed", "replicate": "runs/wine/split_29/generation_202", "method": "ddpm_unconditional", "regime": "synthetic_only"}
{"time_utc": "2026-09-11T23:30:42.530559+00:00", "event": "students_completed", "replicate": "runs/wine/split_29/generation_202", "method": "ddpm_unconditional", "regime": "augment"}
{"time_utc": "2026-09-11T23:30:42.869606+00:00", "event": "students_completed", "replicate": "runs/wine/split_29/generation_202", "method": "ddpm_standardized", "regime": "synthetic_only"}
{"time_utc": "2026-09-11T23:30:43.219051+00:00", "event": "students_completed", "replicate": "runs/wine/split_29/generation_202", "method": "ddpm_standardized", "regime": "augment"}
{"time_utc": "2026-09-11T23:30:43.555155+00:00", "event": "students_completed", "replicate": "runs/wine/split_29/generation_202", "method": "mixture_uniform", "regime": "synthetic_only"}
{"time_utc": "2026-09-11T23:30:43.930471+00:00", "event": "students_completed", "replicate": "runs/wine/split_29/generation_202", "method": "mixture_uniform", "regime": "augment"}
{"time_utc": "2026-09-11T23:30:44.269035+00:00", "event": "students_completed", "replicate": "runs/wine/split_29/generation_202", "method": "mixture_utility", "regime": "synthetic_only"}
{"time_utc": "2026-09-11T23:30:44.752412+00:00", "event": "students_completed", "replicate": "runs/wine/split_29/generation_202", "method": "mixture_utility", "regime": "augment"}
{"time_utc": "2026-09-11T23:30:45.087482+00:00", "event": "students_completed", "replicate": "runs/wine/split_29/generation_202", "method": "mixture_support", "regime": "synthetic_only"}
{"time_utc": "2026-09-11T23:30:45.432082+00:00", "event": "students_completed", "replicate": "runs/wine/split_29/generation_202", "method": "mixture_support", "regime": "augment"}
{"time_utc": "2026-09-11T23:30:45.800732+00:00", "event": "students_completed", "replicate": "runs/wine/split_29/generation_202", "method": "mixture_utility_support", "regime": "synthetic_only"}
{"time_utc": "2026-09-11T23:30:46.753722+00:00", "event": "students_completed", "replicate": "runs/wine/split_29/generation_202", "method": "mixture_utility_support", "regime": "augment"}
{"time_utc": "2026-09-11T23:30:47.073743+00:00", "event": "generator_started", "replicate": "runs/wine/split_41/generation_101", "method": "bootstrap"}
{"time_utc": "2026-09-11T23:30:47.126986+00:00", "event": "generator_completed", "replicate": "runs/wine/split_41/generation_101", "method": "bootstrap", "seconds": 0.003, "generated": 1536}
{"time_utc": "2026-09-11T23:30:47.127097+00:00", "event": "generator_started", "replicate": "runs/wine/split_41/generation_101", "method": "smote"}
{"time_utc": "2026-09-11T23:30:47.162858+00:00", "event": "generator_completed", "replicate": "runs/wine/split_41/generation_101", "method": "smote", "seconds": 0.029, "generated": 1536}
{"time_utc": "2026-09-11T23:30:47.162951+00:00", "event": "generator_started", "replicate": "runs/wine/split_41/generation_101", "method": "copula"}
{"time_utc": "2026-09-11T23:30:47.178120+00:00", "event": "generator_completed", "replicate": "runs/wine/split_41/generation_101", "method": "copula", "seconds": 0.012, "generated": 1536}
{"time_utc": "2026-09-11T23:30:47.178214+00:00", "event": "generator_started", "replicate": "runs/wine/split_41/generation_101", "method": "ctgan"}
{"time_utc": "2026-09-11T23:30:54.027679+00:00", "event": "generator_completed", "replicate": "runs/wine/split_41/generation_101", "method": "ctgan", "seconds": 6.443, "generated": 3072}
{"time_utc": "2026-09-11T23:30:54.027899+00:00", "event": "generator_started", "replicate": "runs/wine/split_41/generation_101", "method": "tvae"}
{"time_utc": "2026-09-11T23:30:57.904811+00:00", "event": "generator_completed", "replicate": "runs/wine/split_41/generation_101", "method": "tvae", "seconds": 3.871, "generated": 4500}
{"time_utc": "2026-09-11T23:30:57.904926+00:00", "event": "generator_started", "replicate": "runs/wine/split_41/generation_101", "method": "ddpm"}
{"time_utc": "2026-09-11T23:30:59.956679+00:00", "event": "generator_completed", "replicate": "runs/wine/split_41/generation_101", "method": "ddpm", "seconds": 2.047, "generated": 1536}
{"time_utc": "2026-09-11T23:30:59.956795+00:00", "event": "generator_started", "replicate": "runs/wine/split_41/generation_101", "method": "ctgan_unpacked"}
{"time_utc": "2026-09-11T23:31:07.585010+00:00", "event": "generator_completed", "replicate": "runs/wine/split_41/generation_101", "method": "ctgan_unpacked", "seconds": 7.624, "generated": 3072}
{"time_utc": "2026-09-11T23:31:07.585129+00:00", "event": "generator_started", "replicate": "runs/wine/split_41/generation_101", "method": "ctgan_one_mode"}
{"time_utc": "2026-09-11T23:31:13.645940+00:00", "event": "generator_completed", "replicate": "runs/wine/split_41/generation_101", "method": "ctgan_one_mode", "seconds": 5.863, "generated": 3072}
{"time_utc": "2026-09-11T23:31:13.646078+00:00", "event": "generator_started", "replicate": "runs/wine/split_41/generation_101", "method": "ddpm_unconditional"}
{"time_utc": "2026-09-11T23:31:15.624931+00:00", "event": "generator_completed", "replicate": "runs/wine/split_41/generation_101", "method": "ddpm_unconditional", "seconds": 1.974, "generated": 1536}
{"time_utc": "2026-09-11T23:31:15.625037+00:00", "event": "generator_started", "replicate": "runs/wine/split_41/generation_101", "method": "ddpm_standardized"}
{"time_utc": "2026-09-11T23:31:17.697521+00:00", "event": "generator_completed", "replicate": "runs/wine/split_41/generation_101", "method": "ddpm_standardized", "seconds": 2.068, "generated": 1536}
{"time_utc": "2026-09-11T23:31:19.033367+00:00", "event": "students_completed", "replicate": "runs/wine/split_41/generation_101", "method": "real_only", "regime": "real_only"}
{"time_utc": "2026-09-11T23:31:19.533230+00:00", "event": "students_completed", "replicate": "runs/wine/split_41/generation_101", "method": "bootstrap", "regime": "synthetic_only"}
{"time_utc": "2026-09-11T23:31:19.999930+00:00", "event": "students_completed", "replicate": "runs/wine/split_41/generation_101", "method": "bootstrap", "regime": "augment"}
{"time_utc": "2026-09-11T23:31:20.383592+00:00", "event": "students_completed", "replicate": "runs/wine/split_41/generation_101", "method": "smote", "regime": "synthetic_only"}
{"time_utc": "2026-09-11T23:31:20.760507+00:00", "event": "students_completed", "replicate": "runs/wine/split_41/generation_101", "method": "smote", "regime": "augment"}
{"time_utc": "2026-09-11T23:31:21.104680+00:00", "event": "students_completed", "replicate": "runs/wine/split_41/generation_101", "method": "copula", "regime": "synthetic_only"}
{"time_utc": "2026-09-11T23:31:21.607808+00:00", "event": "students_completed", "replicate": "runs/wine/split_41/generation_101", "method": "copula", "regime": "augment"}
{"time_utc": "2026-09-11T23:31:21.977457+00:00", "event": "students_completed", "replicate": "runs/wine/split_41/generation_101", "method": "ctgan", "regime": "synthetic_only"}
{"time_utc": "2026-09-11T23:31:22.326043+00:00", "event": "students_completed", "replicate": "runs/wine/split_41/generation_101", "method": "ctgan", "regime": "augment"}
{"time_utc": "2026-09-11T23:31:22.784933+00:00", "event": "students_completed", "replicate": "runs/wine/split_41/generation_101", "method": "tvae", "regime": "synthetic_only"}
{"time_utc": "2026-09-11T23:31:23.128243+00:00", "event": "students_completed", "replicate": "runs/wine/split_41/generation_101", "method": "tvae", "regime": "augment"}
{"time_utc": "2026-09-11T23:31:23.527497+00:00", "event": "students_completed", "replicate": "runs/wine/split_41/generation_101", "method": "ddpm", "regime": "synthetic_only"}
{"time_utc": "2026-09-11T23:31:23.904094+00:00", "event": "students_completed", "replicate": "runs/wine/split_41/generation_101", "method": "ddpm", "regime": "augment"}
{"time_utc": "2026-09-11T23:31:24.236350+00:00", "event": "students_completed", "replicate": "runs/wine/split_41/generation_101", "method": "ctgan_unpacked", "regime": "synthetic_only"}
{"time_utc": "2026-09-11T23:31:24.578988+00:00", "event": "students_completed", "replicate": "runs/wine/split_41/generation_101", "method": "ctgan_unpacked", "regime": "augment"}
{"time_utc": "2026-09-11T23:31:24.952324+00:00", "event": "students_completed", "replicate": "runs/wine/split_41/generation_101", "method": "ctgan_one_mode", "regime": "synthetic_only"}
{"time_utc": "2026-09-11T23:31:25.307694+00:00", "event": "students_completed", "replicate": "runs/wine/split_41/generation_101", "method": "ctgan_one_mode", "regime": "augment"}
{"time_utc": "2026-09-11T23:31:25.638792+00:00", "event": "students_completed", "replicate": "runs/wine/split_41/generation_101", "method": "ddpm_unconditional", "regime": "synthetic_only"}
{"time_utc": "2026-09-11T23:31:26.019782+00:00", "event": "students_completed", "replicate": "runs/wine/split_41/generation_101", "method": "ddpm_unconditional", "regime": "augment"}
{"time_utc": "2026-09-11T23:31:26.440877+00:00", "event": "students_completed", "replicate": "runs/wine/split_41/generation_101", "method": "ddpm_standardized", "regime": "synthetic_only"}
{"time_utc": "2026-09-11T23:31:26.793277+00:00", "event": "students_completed", "replicate": "runs/wine/split_41/generation_101", "method": "ddpm_standardized", "regime": "augment"}
{"time_utc": "2026-09-11T23:31:27.206611+00:00", "event": "students_completed", "replicate": "runs/wine/split_41/generation_101", "method": "mixture_uniform", "regime": "synthetic_only"}
{"time_utc": "2026-09-11T23:31:27.563072+00:00", "event": "students_completed", "replicate": "runs/wine/split_41/generation_101", "method": "mixture_uniform", "regime": "augment"}
{"time_utc": "2026-09-11T23:31:27.892330+00:00", "event": "students_completed", "replicate": "runs/wine/split_41/generation_101", "method": "mixture_utility", "regime": "synthetic_only"}
{"time_utc": "2026-09-11T23:31:28.252253+00:00", "event": "students_completed", "replicate": "runs/wine/split_41/generation_101", "method": "mixture_utility", "regime": "augment"}
{"time_utc": "2026-09-11T23:31:28.582143+00:00", "event": "students_completed", "replicate": "runs/wine/split_41/generation_101", "method": "mixture_support", "regime": "synthetic_only"}
{"time_utc": "2026-09-11T23:31:28.941616+00:00", "event": "students_completed", "replicate": "runs/wine/split_41/generation_101", "method": "mixture_support", "regime": "augment"}
{"time_utc": "2026-09-11T23:31:29.281067+00:00", "event": "students_completed", "replicate": "runs/wine/split_41/generation_101", "method": "mixture_utility_support", "regime": "synthetic_only"}
{"time_utc": "2026-09-11T23:31:29.642658+00:00", "event": "students_completed", "replicate": "runs/wine/split_41/generation_101", "method": "mixture_utility_support", "regime": "augment"}
{"time_utc": "2026-09-11T23:31:29.674994+00:00", "event": "generator_started", "replicate": "runs/wine/split_41/generation_202", "method": "bootstrap"}
{"time_utc": "2026-09-11T23:31:29.681144+00:00", "event": "generator_completed", "replicate": "runs/wine/split_41/generation_202", "method": "bootstrap", "seconds": 0.003, "generated": 1536}
{"time_utc": "2026-09-11T23:31:29.681234+00:00", "event": "generator_started", "replicate": "runs/wine/split_41/generation_202", "method": "smote"}
{"time_utc": "2026-09-11T23:31:29.706047+00:00", "event": "generator_completed", "replicate": "runs/wine/split_41/generation_202", "method": "smote", "seconds": 0.022, "generated": 1536}
{"time_utc": "2026-09-11T23:31:29.706134+00:00", "event": "generator_started", "replicate": "runs/wine/split_41/generation_202", "method": "copula"}
{"time_utc": "2026-09-11T23:31:29.724550+00:00", "event": "generator_completed", "replicate": "runs/wine/split_41/generation_202", "method": "copula", "seconds": 0.015, "generated": 1536}
{"time_utc": "2026-09-11T23:31:29.724639+00:00", "event": "generator_started", "replicate": "runs/wine/split_41/generation_202", "method": "ctgan"}
{"time_utc": "2026-09-11T23:31:36.228606+00:00", "event": "generator_completed", "replicate": "runs/wine/split_41/generation_202", "method": "ctgan", "seconds": 6.5, "generated": 3072}
{"time_utc": "2026-09-11T23:31:36.228710+00:00", "event": "generator_started", "replicate": "runs/wine/split_41/generation_202", "method": "tvae"}
{"time_utc": "2026-09-11T23:31:40.128212+00:00", "event": "generator_completed", "replicate": "runs/wine/split_41/generation_202", "method": "tvae", "seconds": 3.894, "generated": 4612}
{"time_utc": "2026-09-11T23:31:40.128332+00:00", "event": "generator_started", "replicate": "runs/wine/split_41/generation_202", "method": "ddpm"}
{"time_utc": "2026-09-11T23:31:42.381910+00:00", "event": "generator_completed", "replicate": "runs/wine/split_41/generation_202", "method": "ddpm", "seconds": 2.249, "generated": 1536}
{"time_utc": "2026-09-11T23:31:42.382028+00:00", "event": "generator_started", "replicate": "runs/wine/split_41/generation_202", "method": "ctgan_unpacked"}
{"time_utc": "2026-09-11T23:31:50.057086+00:00", "event": "generator_completed", "replicate": "runs/wine/split_41/generation_202", "method": "ctgan_unpacked", "seconds": 7.67, "generated": 3072}
{"time_utc": "2026-09-11T23:31:50.057190+00:00", "event": "generator_started", "replicate": "runs/wine/split_41/generation_202", "method": "ctgan_one_mode"}
{"time_utc": "2026-09-11T23:31:55.881009+00:00", "event": "generator_completed", "replicate": "runs/wine/split_41/generation_202", "method": "ctgan_one_mode", "seconds": 5.82, "generated": 3072}
{"time_utc": "2026-09-11T23:31:55.881118+00:00", "event": "generator_started", "replicate": "runs/wine/split_41/generation_202", "method": "ddpm_unconditional"}
{"time_utc": "2026-09-11T23:31:57.828876+00:00", "event": "generator_completed", "replicate": "runs/wine/split_41/generation_202", "method": "ddpm_unconditional", "seconds": 1.943, "generated": 1536}
{"time_utc": "2026-09-11T23:31:57.829015+00:00", "event": "generator_started", "replicate": "runs/wine/split_41/generation_202", "method": "ddpm_standardized"}
{"time_utc": "2026-09-11T23:31:59.873937+00:00", "event": "generator_completed", "replicate": "runs/wine/split_41/generation_202", "method": "ddpm_standardized", "seconds": 2.041, "generated": 1536}
{"time_utc": "2026-09-11T23:32:01.362424+00:00", "event": "students_completed", "replicate": "runs/wine/split_41/generation_202", "method": "real_only", "regime": "real_only"}
{"time_utc": "2026-09-11T23:32:01.689602+00:00", "event": "students_completed", "replicate": "runs/wine/split_41/generation_202", "method": "bootstrap", "regime": "synthetic_only"}
{"time_utc": "2026-09-11T23:32:02.040777+00:00", "event": "students_completed", "replicate": "runs/wine/split_41/generation_202", "method": "bootstrap", "regime": "augment"}
{"time_utc": "2026-09-11T23:32:02.368419+00:00", "event": "students_completed", "replicate": "runs/wine/split_41/generation_202", "method": "smote", "regime": "synthetic_only"}
{"time_utc": "2026-09-11T23:32:02.707403+00:00", "event": "students_completed", "replicate": "runs/wine/split_41/generation_202", "method": "smote", "regime": "augment"}
{"time_utc": "2026-09-11T23:32:03.036560+00:00", "event": "students_completed", "replicate": "runs/wine/split_41/generation_202", "method": "copula", "regime": "synthetic_only"}
{"time_utc": "2026-09-11T23:32:03.445395+00:00", "event": "students_completed", "replicate": "runs/wine/split_41/generation_202", "method": "copula", "regime": "augment"}
{"time_utc": "2026-09-11T23:32:03.775816+00:00", "event": "students_completed", "replicate": "runs/wine/split_41/generation_202", "method": "ctgan", "regime": "synthetic_only"}
{"time_utc": "2026-09-11T23:32:04.116560+00:00", "event": "students_completed", "replicate": "runs/wine/split_41/generation_202", "method": "ctgan", "regime": "augment"}
{"time_utc": "2026-09-11T23:32:04.511786+00:00", "event": "students_completed", "replicate": "runs/wine/split_41/generation_202", "method": "tvae", "regime": "synthetic_only"}
{"time_utc": "2026-09-11T23:32:04.942033+00:00", "event": "students_completed", "replicate": "runs/wine/split_41/generation_202", "method": "tvae", "regime": "augment"}
{"time_utc": "2026-09-11T23:32:05.285602+00:00", "event": "students_completed", "replicate": "runs/wine/split_41/generation_202", "method": "ddpm", "regime": "synthetic_only"}
{"time_utc": "2026-09-11T23:32:05.686277+00:00", "event": "students_completed", "replicate": "runs/wine/split_41/generation_202", "method": "ddpm", "regime": "augment"}
{"time_utc": "2026-09-11T23:32:06.022146+00:00", "event": "students_completed", "replicate": "runs/wine/split_41/generation_202", "method": "ctgan_unpacked", "regime": "synthetic_only"}
{"time_utc": "2026-09-11T23:32:06.368376+00:00", "event": "students_completed", "replicate": "runs/wine/split_41/generation_202", "method": "ctgan_unpacked", "regime": "augment"}
{"time_utc": "2026-09-11T23:32:06.776955+00:00", "event": "students_completed", "replicate": "runs/wine/split_41/generation_202", "method": "ctgan_one_mode", "regime": "synthetic_only"}
{"time_utc": "2026-09-11T23:32:07.216421+00:00", "event": "students_completed", "replicate": "runs/wine/split_41/generation_202", "method": "ctgan_one_mode", "regime": "augment"}
{"time_utc": "2026-09-11T23:32:07.734441+00:00", "event": "students_completed", "replicate": "runs/wine/split_41/generation_202", "method": "ddpm_unconditional", "regime": "synthetic_only"}
{"time_utc": "2026-09-11T23:32:08.118479+00:00", "event": "students_completed", "replicate": "runs/wine/split_41/generation_202", "method": "ddpm_unconditional", "regime": "augment"}
{"time_utc": "2026-09-11T23:32:08.585709+00:00", "event": "students_completed", "replicate": "runs/wine/split_41/generation_202", "method": "ddpm_standardized", "regime": "synthetic_only"}
{"time_utc": "2026-09-11T23:32:08.935350+00:00", "event": "students_completed", "replicate": "runs/wine/split_41/generation_202", "method": "ddpm_standardized", "regime": "augment"}
{"time_utc": "2026-09-11T23:32:09.284855+00:00", "event": "students_completed", "replicate": "runs/wine/split_41/generation_202", "method": "mixture_uniform", "regime": "synthetic_only"}
{"time_utc": "2026-09-11T23:32:09.626487+00:00", "event": "students_completed", "replicate": "runs/wine/split_41/generation_202", "method": "mixture_uniform", "regime": "augment"}
{"time_utc": "2026-09-11T23:32:09.953829+00:00", "event": "students_completed", "replicate": "runs/wine/split_41/generation_202", "method": "mixture_utility", "regime": "synthetic_only"}
{"time_utc": "2026-09-11T23:32:10.325792+00:00", "event": "students_completed", "replicate": "runs/wine/split_41/generation_202", "method": "mixture_utility", "regime": "augment"}
{"time_utc": "2026-09-11T23:32:10.747425+00:00", "event": "students_completed", "replicate": "runs/wine/split_41/generation_202", "method": "mixture_support", "regime": "synthetic_only"}
{"time_utc": "2026-09-11T23:32:11.089822+00:00", "event": "students_completed", "replicate": "runs/wine/split_41/generation_202", "method": "mixture_support", "regime": "augment"}
{"time_utc": "2026-09-11T23:32:11.420802+00:00", "event": "students_completed", "replicate": "runs/wine/split_41/generation_202", "method": "mixture_utility_support", "regime": "synthetic_only"}
{"time_utc": "2026-09-11T23:32:11.763937+00:00", "event": "students_completed", "replicate": "runs/wine/split_41/generation_202", "method": "mixture_utility_support", "regime": "augment"}
{"time_utc": "2026-09-11T23:32:11.783488+00:00", "event": "generator_started", "replicate": "runs/breast_cancer/split_17/generation_101", "method": "bootstrap"}
{"time_utc": "2026-09-11T23:32:11.795258+00:00", "event": "generator_completed", "replicate": "runs/breast_cancer/split_17/generation_101", "method": "bootstrap", "seconds": 0.007, "generated": 1536}
{"time_utc": "2026-09-11T23:32:11.795354+00:00", "event": "generator_started", "replicate": "runs/breast_cancer/split_17/generation_101", "method": "smote"}
{"time_utc": "2026-09-11T23:32:11.827926+00:00", "event": "generator_completed", "replicate": "runs/breast_cancer/split_17/generation_101", "method": "smote", "seconds": 0.028, "generated": 1536}
{"time_utc": "2026-09-11T23:32:11.828018+00:00", "event": "generator_started", "replicate": "runs/breast_cancer/split_17/generation_101", "method": "copula"}
{"time_utc": "2026-09-11T23:32:11.852788+00:00", "event": "generator_completed", "replicate": "runs/breast_cancer/split_17/generation_101", "method": "copula", "seconds": 0.021, "generated": 1536}
{"time_utc": "2026-09-11T23:32:11.852880+00:00", "event": "generator_started", "replicate": "runs/breast_cancer/split_17/generation_101", "method": "ctgan"}
{"time_utc": "2026-09-11T23:32:21.576968+00:00", "event": "generator_completed", "replicate": "runs/breast_cancer/split_17/generation_101", "method": "ctgan", "seconds": 9.719, "generated": 3072}
{"time_utc": "2026-09-11T23:32:21.577084+00:00", "event": "generator_started", "replicate": "runs/breast_cancer/split_17/generation_101", "method": "tvae"}
{"time_utc": "2026-09-11T23:32:28.218074+00:00", "event": "generator_completed", "replicate": "runs/breast_cancer/split_17/generation_101", "method": "tvae", "seconds": 6.542, "generated": 3478}
{"time_utc": "2026-09-11T23:32:28.218205+00:00", "event": "generator_started", "replicate": "runs/breast_cancer/split_17/generation_101", "method": "ddpm"}
{"time_utc": "2026-09-11T23:32:30.250818+00:00", "event": "generator_completed", "replicate": "runs/breast_cancer/split_17/generation_101", "method": "ddpm", "seconds": 2.027, "generated": 1536}
{"time_utc": "2026-09-11T23:32:30.250923+00:00", "event": "generator_started", "replicate": "runs/breast_cancer/split_17/generation_101", "method": "ctgan_unpacked"}
{"time_utc": "2026-09-11T23:32:40.610776+00:00", "event": "generator_completed", "replicate": "runs/breast_cancer/split_17/generation_101", "method": "ctgan_unpacked", "seconds": 10.355, "generated": 3072}
{"time_utc": "2026-09-11T23:32:40.610888+00:00", "event": "generator_started", "replicate": "runs/breast_cancer/split_17/generation_101", "method": "ctgan_one_mode"}
{"time_utc": "2026-09-11T23:32:48.403055+00:00", "event": "generator_completed", "replicate": "runs/breast_cancer/split_17/generation_101", "method": "ctgan_one_mode", "seconds": 7.787, "generated": 3072}
{"time_utc": "2026-09-11T23:32:48.403165+00:00", "event": "generator_started", "replicate": "runs/breast_cancer/split_17/generation_101", "method": "ddpm_unconditional"}
{"time_utc": "2026-09-11T23:32:50.435743+00:00", "event": "generator_completed", "replicate": "runs/breast_cancer/split_17/generation_101", "method": "ddpm_unconditional", "seconds": 2.027, "generated": 1536}
{"time_utc": "2026-09-11T23:32:50.435866+00:00", "event": "generator_started", "replicate": "runs/breast_cancer/split_17/generation_101", "method": "ddpm_standardized"}
{"time_utc": "2026-09-11T23:32:52.504268+00:00", "event": "generator_completed", "replicate": "runs/breast_cancer/split_17/generation_101", "method": "ddpm_standardized", "seconds": 2.063, "generated": 1536}
{"time_utc": "2026-09-11T23:32:53.788852+00:00", "event": "students_completed", "replicate": "runs/breast_cancer/split_17/generation_101", "method": "real_only", "regime": "real_only"}
{"time_utc": "2026-09-11T23:32:54.125857+00:00", "event": "students_completed", "replicate": "runs/breast_cancer/split_17/generation_101", "method": "bootstrap", "regime": "synthetic_only"}
{"time_utc": "2026-09-11T23:32:54.470868+00:00", "event": "students_completed", "replicate": "runs/breast_cancer/split_17/generation_101", "method": "bootstrap", "regime": "augment"}
{"time_utc": "2026-09-11T23:32:54.806327+00:00", "event": "students_completed", "replicate": "runs/breast_cancer/split_17/generation_101", "method": "smote", "regime": "synthetic_only"}
{"time_utc": "2026-09-11T23:32:55.150315+00:00", "event": "students_completed", "replicate": "runs/breast_cancer/split_17/generation_101", "method": "smote", "regime": "augment"}
{"time_utc": "2026-09-11T23:32:55.484273+00:00", "event": "students_completed", "replicate": "runs/breast_cancer/split_17/generation_101", "method": "copula", "regime": "synthetic_only"}
{"time_utc": "2026-09-11T23:32:55.827696+00:00", "event": "students_completed", "replicate": "runs/breast_cancer/split_17/generation_101", "method": "copula", "regime": "augment"}
{"time_utc": "2026-09-11T23:32:56.159216+00:00", "event": "students_completed", "replicate": "runs/breast_cancer/split_17/generation_101", "method": "ctgan", "regime": "synthetic_only"}
{"time_utc": "2026-09-11T23:32:56.582303+00:00", "event": "students_completed", "replicate": "runs/breast_cancer/split_17/generation_101", "method": "ctgan", "regime": "augment"}
{"time_utc": "2026-09-11T23:32:56.945163+00:00", "event": "students_completed", "replicate": "runs/breast_cancer/split_17/generation_101", "method": "tvae", "regime": "synthetic_only"}
{"time_utc": "2026-09-11T23:32:57.292541+00:00", "event": "students_completed", "replicate": "runs/breast_cancer/split_17/generation_101", "method": "tvae", "regime": "augment"}
{"time_utc": "2026-09-11T23:32:57.626123+00:00", "event": "students_completed", "replicate": "runs/breast_cancer/split_17/generation_101", "method": "ddpm", "regime": "synthetic_only"}
{"time_utc": "2026-09-11T23:32:57.969062+00:00", "event": "students_completed", "replicate": "runs/breast_cancer/split_17/generation_101", "method": "ddpm", "regime": "augment"}
{"time_utc": "2026-09-11T23:32:58.317780+00:00", "event": "students_completed", "replicate": "runs/breast_cancer/split_17/generation_101", "method": "ctgan_unpacked", "regime": "synthetic_only"}
{"time_utc": "2026-09-11T23:32:58.660289+00:00", "event": "students_completed", "replicate": "runs/breast_cancer/split_17/generation_101", "method": "ctgan_unpacked", "regime": "augment"}
{"time_utc": "2026-09-11T23:32:59.113195+00:00", "event": "students_completed", "replicate": "runs/breast_cancer/split_17/generation_101", "method": "ctgan_one_mode", "regime": "synthetic_only"}
{"time_utc": "2026-09-11T23:32:59.457939+00:00", "event": "students_completed", "replicate": "runs/breast_cancer/split_17/generation_101", "method": "ctgan_one_mode", "regime": "augment"}
{"time_utc": "2026-09-11T23:32:59.791661+00:00", "event": "students_completed", "replicate": "runs/breast_cancer/split_17/generation_101", "method": "ddpm_unconditional", "regime": "synthetic_only"}
{"time_utc": "2026-09-11T23:33:00.185040+00:00", "event": "students_completed", "replicate": "runs/breast_cancer/split_17/generation_101", "method": "ddpm_unconditional", "regime": "augment"}
{"time_utc": "2026-09-11T23:33:00.568705+00:00", "event": "students_completed", "replicate": "runs/breast_cancer/split_17/generation_101", "method": "ddpm_standardized", "regime": "synthetic_only"}
{"time_utc": "2026-09-11T23:33:00.910667+00:00", "event": "students_completed", "replicate": "runs/breast_cancer/split_17/generation_101", "method": "ddpm_standardized", "regime": "augment"}
{"time_utc": "2026-09-11T23:33:01.241085+00:00", "event": "students_completed", "replicate": "runs/breast_cancer/split_17/generation_101", "method": "mixture_uniform", "regime": "synthetic_only"}
{"time_utc": "2026-09-11T23:33:01.581429+00:00", "event": "students_completed", "replicate": "runs/breast_cancer/split_17/generation_101", "method": "mixture_uniform", "regime": "augment"}
{"time_utc": "2026-09-11T23:33:01.913311+00:00", "event": "students_completed", "replicate": "runs/breast_cancer/split_17/generation_101", "method": "mixture_utility", "regime": "synthetic_only"}
{"time_utc": "2026-09-11T23:33:02.254436+00:00", "event": "students_completed", "replicate": "runs/breast_cancer/split_17/generation_101", "method": "mixture_utility", "regime": "augment"}
{"time_utc": "2026-09-11T23:33:02.595352+00:00", "event": "students_completed", "replicate": "runs/breast_cancer/split_17/generation_101", "method": "mixture_support", "regime": "synthetic_only"}
{"time_utc": "2026-09-11T23:33:02.974428+00:00", "event": "students_completed", "replicate": "runs/breast_cancer/split_17/generation_101", "method": "mixture_support", "regime": "augment"}
{"time_utc": "2026-09-11T23:33:03.428410+00:00", "event": "students_completed", "replicate": "runs/breast_cancer/split_17/generation_101", "method": "mixture_utility_support", "regime": "synthetic_only"}
{"time_utc": "2026-09-11T23:33:03.769019+00:00", "event": "students_completed", "replicate": "runs/breast_cancer/split_17/generation_101", "method": "mixture_utility_support", "regime": "augment"}
{"time_utc": "2026-09-11T23:33:03.774302+00:00", "event": "generator_started", "replicate": "runs/breast_cancer/split_17/generation_202", "method": "bootstrap"}
{"time_utc": "2026-09-11T23:33:03.785647+00:00", "event": "generator_completed", "replicate": "runs/breast_cancer/split_17/generation_202", "method": "bootstrap", "seconds": 0.007, "generated": 1536}
{"time_utc": "2026-09-11T23:33:03.785738+00:00", "event": "generator_started", "replicate": "runs/breast_cancer/split_17/generation_202", "method": "smote"}
{"time_utc": "2026-09-11T23:33:03.823352+00:00", "event": "generator_completed", "replicate": "runs/breast_cancer/split_17/generation_202", "method": "smote", "seconds": 0.033, "generated": 1536}
{"time_utc": "2026-09-11T23:33:03.823443+00:00", "event": "generator_started", "replicate": "runs/breast_cancer/split_17/generation_202", "method": "copula"}
{"time_utc": "2026-09-11T23:33:03.847934+00:00", "event": "generator_completed", "replicate": "runs/breast_cancer/split_17/generation_202", "method": "copula", "seconds": 0.02, "generated": 1536}
{"time_utc": "2026-09-11T23:33:03.848022+00:00", "event": "generator_started", "replicate": "runs/breast_cancer/split_17/generation_202", "method": "ctgan"}
{"time_utc": "2026-09-11T23:33:13.674681+00:00", "event": "generator_completed", "replicate": "runs/breast_cancer/split_17/generation_202", "method": "ctgan", "seconds": 9.813, "generated": 3072}
{"time_utc": "2026-09-11T23:33:13.674804+00:00", "event": "generator_started", "replicate": "runs/breast_cancer/split_17/generation_202", "method": "tvae"}
{"time_utc": "2026-09-11T23:33:20.370185+00:00", "event": "generator_completed", "replicate": "runs/breast_cancer/split_17/generation_202", "method": "tvae", "seconds": 6.69, "generated": 3388}
{"time_utc": "2026-09-11T23:33:20.370292+00:00", "event": "generator_started", "replicate": "runs/breast_cancer/split_17/generation_202", "method": "ddpm"}
{"time_utc": "2026-09-11T23:33:22.435214+00:00", "event": "generator_completed", "replicate": "runs/breast_cancer/split_17/generation_202", "method": "ddpm", "seconds": 2.059, "generated": 1536}
{"time_utc": "2026-09-11T23:33:22.435318+00:00", "event": "generator_started", "replicate": "runs/breast_cancer/split_17/generation_202", "method": "ctgan_unpacked"}
{"time_utc": "2026-09-11T23:33:32.771222+00:00", "event": "generator_completed", "replicate": "runs/breast_cancer/split_17/generation_202", "method": "ctgan_unpacked", "seconds": 10.327, "generated": 3072}
{"time_utc": "2026-09-11T23:33:32.771329+00:00", "event": "generator_started", "replicate": "runs/breast_cancer/split_17/generation_202", "method": "ctgan_one_mode"}
{"time_utc": "2026-09-11T23:33:40.577074+00:00", "event": "generator_completed", "replicate": "runs/breast_cancer/split_17/generation_202", "method": "ctgan_one_mode", "seconds": 7.8, "generated": 3072}
{"time_utc": "2026-09-11T23:33:40.577190+00:00", "event": "generator_started", "replicate": "runs/breast_cancer/split_17/generation_202", "method": "ddpm_unconditional"}
{"time_utc": "2026-09-11T23:33:42.531661+00:00", "event": "generator_completed", "replicate": "runs/breast_cancer/split_17/generation_202", "method": "ddpm_unconditional", "seconds": 1.949, "generated": 1536}
{"time_utc": "2026-09-11T23:33:42.531780+00:00", "event": "generator_started", "replicate": "runs/breast_cancer/split_17/generation_202", "method": "ddpm_standardized"}
{"time_utc": "2026-09-11T23:33:44.629324+00:00", "event": "generator_completed", "replicate": "runs/breast_cancer/split_17/generation_202", "method": "ddpm_standardized", "seconds": 2.092, "generated": 1536}
{"time_utc": "2026-09-11T23:33:46.195127+00:00", "event": "students_completed", "replicate": "runs/breast_cancer/split_17/generation_202", "method": "real_only", "regime": "real_only"}
{"time_utc": "2026-09-11T23:33:46.544623+00:00", "event": "students_completed", "replicate": "runs/breast_cancer/split_17/generation_202", "method": "bootstrap", "regime": "synthetic_only"}
{"time_utc": "2026-09-11T23:33:46.884948+00:00", "event": "students_completed", "replicate": "runs/breast_cancer/split_17/generation_202", "method": "bootstrap", "regime": "augment"}
{"time_utc": "2026-09-11T23:33:47.216402+00:00", "event": "students_completed", "replicate": "runs/breast_cancer/split_17/generation_202", "method": "smote", "regime": "synthetic_only"}
{"time_utc": "2026-09-11T23:33:47.558305+00:00", "event": "students_completed", "replicate": "runs/breast_cancer/split_17/generation_202", "method": "smote", "regime": "augment"}
{"time_utc": "2026-09-11T23:33:47.885575+00:00", "event": "students_completed", "replicate": "runs/breast_cancer/split_17/generation_202", "method": "copula", "regime": "synthetic_only"}
{"time_utc": "2026-09-11T23:33:48.233896+00:00", "event": "students_completed", "replicate": "runs/breast_cancer/split_17/generation_202", "method": "copula", "regime": "augment"}
{"time_utc": "2026-09-11T23:33:48.592417+00:00", "event": "students_completed", "replicate": "runs/breast_cancer/split_17/generation_202", "method": "ctgan", "regime": "synthetic_only"}
{"time_utc": "2026-09-11T23:33:48.934803+00:00", "event": "students_completed", "replicate": "runs/breast_cancer/split_17/generation_202", "method": "ctgan", "regime": "augment"}
{"time_utc": "2026-09-11T23:33:49.264225+00:00", "event": "students_completed", "replicate": "runs/breast_cancer/split_17/generation_202", "method": "tvae", "regime": "synthetic_only"}
{"time_utc": "2026-09-11T23:33:49.608874+00:00", "event": "students_completed", "replicate": "runs/breast_cancer/split_17/generation_202", "method": "tvae", "regime": "augment"}
{"time_utc": "2026-09-11T23:33:49.943313+00:00", "event": "students_completed", "replicate": "runs/breast_cancer/split_17/generation_202", "method": "ddpm", "regime": "synthetic_only"}
{"time_utc": "2026-09-11T23:33:50.283863+00:00", "event": "students_completed", "replicate": "runs/breast_cancer/split_17/generation_202", "method": "ddpm", "regime": "augment"}
{"time_utc": "2026-09-11T23:33:50.615468+00:00", "event": "students_completed", "replicate": "runs/breast_cancer/split_17/generation_202", "method": "ctgan_unpacked", "regime": "synthetic_only"}
{"time_utc": "2026-09-11T23:33:50.985628+00:00", "event": "students_completed", "replicate": "runs/breast_cancer/split_17/generation_202", "method": "ctgan_unpacked", "regime": "augment"}
{"time_utc": "2026-09-11T23:33:51.318898+00:00", "event": "students_completed", "replicate": "runs/breast_cancer/split_17/generation_202", "method": "ctgan_one_mode", "regime": "synthetic_only"}
{"time_utc": "2026-09-11T23:33:51.668659+00:00", "event": "students_completed", "replicate": "runs/breast_cancer/split_17/generation_202", "method": "ctgan_one_mode", "regime": "augment"}
{"time_utc": "2026-09-11T23:33:51.998032+00:00", "event": "students_completed", "replicate": "runs/breast_cancer/split_17/generation_202", "method": "ddpm_unconditional", "regime": "synthetic_only"}
{"time_utc": "2026-09-11T23:33:52.376131+00:00", "event": "students_completed", "replicate": "runs/breast_cancer/split_17/generation_202", "method": "ddpm_unconditional", "regime": "augment"}
{"time_utc": "2026-09-11T23:33:52.708471+00:00", "event": "students_completed", "replicate": "runs/breast_cancer/split_17/generation_202", "method": "ddpm_standardized", "regime": "synthetic_only"}
{"time_utc": "2026-09-11T23:33:53.048191+00:00", "event": "students_completed", "replicate": "runs/breast_cancer/split_17/generation_202", "method": "ddpm_standardized", "regime": "augment"}
{"time_utc": "2026-09-11T23:33:53.427026+00:00", "event": "students_completed", "replicate": "runs/breast_cancer/split_17/generation_202", "method": "mixture_uniform", "regime": "synthetic_only"}
{"time_utc": "2026-09-11T23:33:53.767921+00:00", "event": "students_completed", "replicate": "runs/breast_cancer/split_17/generation_202", "method": "mixture_uniform", "regime": "augment"}
{"time_utc": "2026-09-11T23:33:54.244586+00:00", "event": "students_completed", "replicate": "runs/breast_cancer/split_17/generation_202", "method": "mixture_utility", "regime": "synthetic_only"}
{"time_utc": "2026-09-11T23:33:54.652857+00:00", "event": "students_completed", "replicate": "runs/breast_cancer/split_17/generation_202", "method": "mixture_utility", "regime": "augment"}
{"time_utc": "2026-09-11T23:33:54.985926+00:00", "event": "students_completed", "replicate": "runs/breast_cancer/split_17/generation_202", "method": "mixture_support", "regime": "synthetic_only"}
{"time_utc": "2026-09-11T23:33:55.336872+00:00", "event": "students_completed", "replicate": "runs/breast_cancer/split_17/generation_202", "method": "mixture_support", "regime": "augment"}
{"time_utc": "2026-09-11T23:33:55.675426+00:00", "event": "students_completed", "replicate": "runs/breast_cancer/split_17/generation_202", "method": "mixture_utility_support", "regime": "synthetic_only"}
{"time_utc": "2026-09-11T23:33:56.021907+00:00", "event": "students_completed", "replicate": "runs/breast_cancer/split_17/generation_202", "method": "mixture_utility_support", "regime": "augment"}
{"time_utc": "2026-09-11T23:33:56.328695+00:00", "event": "generator_started", "replicate": "runs/breast_cancer/split_29/generation_101", "method": "bootstrap"}
{"time_utc": "2026-09-11T23:33:56.340660+00:00", "event": "generator_completed", "replicate": "runs/breast_cancer/split_29/generation_101", "method": "bootstrap", "seconds": 0.007, "generated": 1536}
{"time_utc": "2026-09-11T23:33:56.340791+00:00", "event": "generator_started", "replicate": "runs/breast_cancer/split_29/generation_101", "method": "smote"}
{"time_utc": "2026-09-11T23:33:56.372424+00:00", "event": "generator_completed", "replicate": "runs/breast_cancer/split_29/generation_101", "method": "smote", "seconds": 0.027, "generated": 1536}
{"time_utc": "2026-09-11T23:33:56.372536+00:00", "event": "generator_started", "replicate": "runs/breast_cancer/split_29/generation_101", "method": "copula"}
{"time_utc": "2026-09-11T23:33:56.397188+00:00", "event": "generator_completed", "replicate": "runs/breast_cancer/split_29/generation_101", "method": "copula", "seconds": 0.021, "generated": 1536}
{"time_utc": "2026-09-11T23:33:56.397275+00:00", "event": "generator_started", "replicate": "runs/breast_cancer/split_29/generation_101", "method": "ctgan"}
{"time_utc": "2026-09-11T23:34:06.509981+00:00", "event": "generator_completed", "replicate": "runs/breast_cancer/split_29/generation_101", "method": "ctgan", "seconds": 10.107, "generated": 3072}
{"time_utc": "2026-09-11T23:34:06.510083+00:00", "event": "generator_started", "replicate": "runs/breast_cancer/split_29/generation_101", "method": "tvae"}
{"time_utc": "2026-09-11T23:34:13.396963+00:00", "event": "generator_completed", "replicate": "runs/breast_cancer/split_29/generation_101", "method": "tvae", "seconds": 6.882, "generated": 3370}
{"time_utc": "2026-09-11T23:34:13.397068+00:00", "event": "generator_started", "replicate": "runs/breast_cancer/split_29/generation_101", "method": "ddpm"}
{"time_utc": "2026-09-11T23:34:15.459819+00:00", "event": "generator_completed", "replicate": "runs/breast_cancer/split_29/generation_101", "method": "ddpm", "seconds": 2.057, "generated": 1536}
{"time_utc": "2026-09-11T23:34:15.459920+00:00", "event": "generator_started", "replicate": "runs/breast_cancer/split_29/generation_101", "method": "ctgan_unpacked"}
{"time_utc": "2026-09-11T23:34:26.088828+00:00", "event": "generator_completed", "replicate": "runs/breast_cancer/split_29/generation_101", "method": "ctgan_unpacked", "seconds": 10.624, "generated": 3072}
{"time_utc": "2026-09-11T23:34:26.088943+00:00", "event": "generator_started", "replicate": "runs/breast_cancer/split_29/generation_101", "method": "ctgan_one_mode"}
{"time_utc": "2026-09-11T23:34:33.787722+00:00", "event": "generator_completed", "replicate": "runs/breast_cancer/split_29/generation_101", "method": "ctgan_one_mode", "seconds": 7.692, "generated": 3072}
{"time_utc": "2026-09-11T23:34:33.787845+00:00", "event": "generator_started", "replicate": "runs/breast_cancer/split_29/generation_101", "method": "ddpm_unconditional"}
{"time_utc": "2026-09-11T23:34:35.751102+00:00", "event": "generator_completed", "replicate": "runs/breast_cancer/split_29/generation_101", "method": "ddpm_unconditional", "seconds": 1.936, "generated": 1536}
{"time_utc": "2026-09-11T23:34:35.751205+00:00", "event": "generator_started", "replicate": "runs/breast_cancer/split_29/generation_101", "method": "ddpm_standardized"}
{"time_utc": "2026-09-11T23:34:37.784701+00:00", "event": "generator_completed", "replicate": "runs/breast_cancer/split_29/generation_101", "method": "ddpm_standardized", "seconds": 2.028, "generated": 1536}
{"time_utc": "2026-09-11T23:34:39.480031+00:00", "event": "students_completed", "replicate": "runs/breast_cancer/split_29/generation_101", "method": "real_only", "regime": "real_only"}
{"time_utc": "2026-09-11T23:34:39.822314+00:00", "event": "students_completed", "replicate": "runs/breast_cancer/split_29/generation_101", "method": "bootstrap", "regime": "synthetic_only"}
{"time_utc": "2026-09-11T23:34:40.165325+00:00", "event": "students_completed", "replicate": "runs/breast_cancer/split_29/generation_101", "method": "bootstrap", "regime": "augment"}
{"time_utc": "2026-09-11T23:34:40.497308+00:00", "event": "students_completed", "replicate": "runs/breast_cancer/split_29/generation_101", "method": "smote", "regime": "synthetic_only"}
{"time_utc": "2026-09-11T23:34:40.883643+00:00", "event": "students_completed", "replicate": "runs/breast_cancer/split_29/generation_101", "method": "smote", "regime": "augment"}
{"time_utc": "2026-09-11T23:34:41.217633+00:00", "event": "students_completed", "replicate": "runs/breast_cancer/split_29/generation_101", "method": "copula", "regime": "synthetic_only"}
{"time_utc": "2026-09-11T23:34:41.560334+00:00", "event": "students_completed", "replicate": "runs/breast_cancer/split_29/generation_101", "method": "copula", "regime": "augment"}
{"time_utc": "2026-09-11T23:34:41.898790+00:00", "event": "students_completed", "replicate": "runs/breast_cancer/split_29/generation_101", "method": "ctgan", "regime": "synthetic_only"}
{"time_utc": "2026-09-11T23:34:42.238474+00:00", "event": "students_completed", "replicate": "runs/breast_cancer/split_29/generation_101", "method": "ctgan", "regime": "augment"}
{"time_utc": "2026-09-11T23:34:42.576114+00:00", "event": "students_completed", "replicate": "runs/breast_cancer/split_29/generation_101", "method": "tvae", "regime": "synthetic_only"}
{"time_utc": "2026-09-11T23:34:42.919323+00:00", "event": "students_completed", "replicate": "runs/breast_cancer/split_29/generation_101", "method": "tvae", "regime": "augment"}
{"time_utc": "2026-09-11T23:34:43.249195+00:00", "event": "students_completed", "replicate": "runs/breast_cancer/split_29/generation_101", "method": "ddpm", "regime": "synthetic_only"}
{"time_utc": "2026-09-11T23:34:43.591104+00:00", "event": "students_completed", "replicate": "runs/breast_cancer/split_29/generation_101", "method": "ddpm", "regime": "augment"}
{"time_utc": "2026-09-11T23:34:43.932562+00:00", "event": "students_completed", "replicate": "runs/breast_cancer/split_29/generation_101", "method": "ctgan_unpacked", "regime": "synthetic_only"}
{"time_utc": "2026-09-11T23:34:44.287785+00:00", "event": "students_completed", "replicate": "runs/breast_cancer/split_29/generation_101", "method": "ctgan_unpacked", "regime": "augment"}
{"time_utc": "2026-09-11T23:34:44.625619+00:00", "event": "students_completed", "replicate": "runs/breast_cancer/split_29/generation_101", "method": "ctgan_one_mode", "regime": "synthetic_only"}
{"time_utc": "2026-09-11T23:34:44.969675+00:00", "event": "students_completed", "replicate": "runs/breast_cancer/split_29/generation_101", "method": "ctgan_one_mode", "regime": "augment"}
{"time_utc": "2026-09-11T23:34:45.300595+00:00", "event": "students_completed", "replicate": "runs/breast_cancer/split_29/generation_101", "method": "ddpm_unconditional", "regime": "synthetic_only"}
{"time_utc": "2026-09-11T23:34:45.645612+00:00", "event": "students_completed", "replicate": "runs/breast_cancer/split_29/generation_101", "method": "ddpm_unconditional", "regime": "augment"}
{"time_utc": "2026-09-11T23:34:46.034792+00:00", "event": "students_completed", "replicate": "runs/breast_cancer/split_29/generation_101", "method": "ddpm_standardized", "regime": "synthetic_only"}
{"time_utc": "2026-09-11T23:34:46.375943+00:00", "event": "students_completed", "replicate": "runs/breast_cancer/split_29/generation_101", "method": "ddpm_standardized", "regime": "augment"}
{"time_utc": "2026-09-11T23:34:46.710498+00:00", "event": "students_completed", "replicate": "runs/breast_cancer/split_29/generation_101", "method": "mixture_uniform", "regime": "synthetic_only"}
{"time_utc": "2026-09-11T23:34:47.066145+00:00", "event": "students_completed", "replicate": "runs/breast_cancer/split_29/generation_101", "method": "mixture_uniform", "regime": "augment"}
{"time_utc": "2026-09-11T23:34:47.395191+00:00", "event": "students_completed", "replicate": "runs/breast_cancer/split_29/generation_101", "method": "mixture_utility", "regime": "synthetic_only"}
{"time_utc": "2026-09-11T23:34:47.739021+00:00", "event": "students_completed", "replicate": "runs/breast_cancer/split_29/generation_101", "method": "mixture_utility", "regime": "augment"}
{"time_utc": "2026-09-11T23:34:48.087768+00:00", "event": "students_completed", "replicate": "runs/breast_cancer/split_29/generation_101", "method": "mixture_support", "regime": "synthetic_only"}
{"time_utc": "2026-09-11T23:34:48.435429+00:00", "event": "students_completed", "replicate": "runs/breast_cancer/split_29/generation_101", "method": "mixture_support", "regime": "augment"}
{"time_utc": "2026-09-11T23:34:48.774177+00:00", "event": "students_completed", "replicate": "runs/breast_cancer/split_29/generation_101", "method": "mixture_utility_support", "regime": "synthetic_only"}
{"time_utc": "2026-09-11T23:34:49.133363+00:00", "event": "students_completed", "replicate": "runs/breast_cancer/split_29/generation_101", "method": "mixture_utility_support", "regime": "augment"}
{"time_utc": "2026-09-11T23:34:49.140326+00:00", "event": "generator_started", "replicate": "runs/breast_cancer/split_29/generation_202", "method": "bootstrap"}
{"time_utc": "2026-09-11T23:34:49.152095+00:00", "event": "generator_completed", "replicate": "runs/breast_cancer/split_29/generation_202", "method": "bootstrap", "seconds": 0.007, "generated": 1536}
{"time_utc": "2026-09-11T23:34:49.152183+00:00", "event": "generator_started", "replicate": "runs/breast_cancer/split_29/generation_202", "method": "smote"}
{"time_utc": "2026-09-11T23:34:49.184317+00:00", "event": "generator_completed", "replicate": "runs/breast_cancer/split_29/generation_202", "method": "smote", "seconds": 0.028, "generated": 1536}
{"time_utc": "2026-09-11T23:34:49.184403+00:00", "event": "generator_started", "replicate": "runs/breast_cancer/split_29/generation_202", "method": "copula"}
{"time_utc": "2026-09-11T23:34:49.210015+00:00", "event": "generator_completed", "replicate": "runs/breast_cancer/split_29/generation_202", "method": "copula", "seconds": 0.021, "generated": 1536}
{"time_utc": "2026-09-11T23:34:49.210105+00:00", "event": "generator_started", "replicate": "runs/breast_cancer/split_29/generation_202", "method": "ctgan"}
{"time_utc": "2026-09-11T23:34:59.061448+00:00", "event": "generator_completed", "replicate": "runs/breast_cancer/split_29/generation_202", "method": "ctgan", "seconds": 9.846, "generated": 3072}
{"time_utc": "2026-09-11T23:34:59.061568+00:00", "event": "generator_started", "replicate": "runs/breast_cancer/split_29/generation_202", "method": "tvae"}
{"time_utc": "2026-09-11T23:35:05.746458+00:00", "event": "generator_completed", "replicate": "runs/breast_cancer/split_29/generation_202", "method": "tvae", "seconds": 6.68, "generated": 3502}
{"time_utc": "2026-09-11T23:35:05.746564+00:00", "event": "generator_started", "replicate": "runs/breast_cancer/split_29/generation_202", "method": "ddpm"}
{"time_utc": "2026-09-11T23:35:07.811141+00:00", "event": "generator_completed", "replicate": "runs/breast_cancer/split_29/generation_202", "method": "ddpm", "seconds": 2.059, "generated": 1536}
{"time_utc": "2026-09-11T23:35:07.811240+00:00", "event": "generator_started", "replicate": "runs/breast_cancer/split_29/generation_202", "method": "ctgan_unpacked"}
{"time_utc": "2026-09-11T23:35:18.186287+00:00", "event": "generator_completed", "replicate": "runs/breast_cancer/split_29/generation_202", "method": "ctgan_unpacked", "seconds": 10.364, "generated": 3072}
{"time_utc": "2026-09-11T23:35:18.186391+00:00", "event": "generator_started", "replicate": "runs/breast_cancer/split_29/generation_202", "method": "ctgan_one_mode"}
{"time_utc": "2026-09-11T23:35:25.856236+00:00", "event": "generator_completed", "replicate": "runs/breast_cancer/split_29/generation_202", "method": "ctgan_one_mode", "seconds": 7.664, "generated": 3072}
{"time_utc": "2026-09-11T23:35:25.856379+00:00", "event": "generator_started", "replicate": "runs/breast_cancer/split_29/generation_202", "method": "ddpm_unconditional"}
{"time_utc": "2026-09-11T23:35:27.806613+00:00", "event": "generator_completed", "replicate": "runs/breast_cancer/split_29/generation_202", "method": "ddpm_unconditional", "seconds": 1.945, "generated": 1536}
{"time_utc": "2026-09-11T23:35:27.806721+00:00", "event": "generator_started", "replicate": "runs/breast_cancer/split_29/generation_202", "method": "ddpm_standardized"}
{"time_utc": "2026-09-11T23:35:29.807466+00:00", "event": "generator_completed", "replicate": "runs/breast_cancer/split_29/generation_202", "method": "ddpm_standardized", "seconds": 1.995, "generated": 1536}
{"time_utc": "2026-09-11T23:35:31.463356+00:00", "event": "students_completed", "replicate": "runs/breast_cancer/split_29/generation_202", "method": "real_only", "regime": "real_only"}
{"time_utc": "2026-09-11T23:35:31.840805+00:00", "event": "students_completed", "replicate": "runs/breast_cancer/split_29/generation_202", "method": "bootstrap", "regime": "synthetic_only"}
{"time_utc": "2026-09-11T23:35:32.259557+00:00", "event": "students_completed", "replicate": "runs/breast_cancer/split_29/generation_202", "method": "bootstrap", "regime": "augment"}
{"time_utc": "2026-09-11T23:35:32.591490+00:00", "event": "students_completed", "replicate": "runs/breast_cancer/split_29/generation_202", "method": "smote", "regime": "synthetic_only"}
{"time_utc": "2026-09-11T23:35:33.028569+00:00", "event": "students_completed", "replicate": "runs/breast_cancer/split_29/generation_202", "method": "smote", "regime": "augment"}
{"time_utc": "2026-09-11T23:35:33.358962+00:00", "event": "students_completed", "replicate": "runs/breast_cancer/split_29/generation_202", "method": "copula", "regime": "synthetic_only"}
{"time_utc": "2026-09-11T23:35:33.700868+00:00", "event": "students_completed", "replicate": "runs/breast_cancer/split_29/generation_202", "method": "copula", "regime": "augment"}
{"time_utc": "2026-09-11T23:35:34.067144+00:00", "event": "students_completed", "replicate": "runs/breast_cancer/split_29/generation_202", "method": "ctgan", "regime": "synthetic_only"}
{"time_utc": "2026-09-11T23:35:34.408720+00:00", "event": "students_completed", "replicate": "runs/breast_cancer/split_29/generation_202", "method": "ctgan", "regime": "augment"}
{"time_utc": "2026-09-11T23:35:34.755328+00:00", "event": "students_completed", "replicate": "runs/breast_cancer/split_29/generation_202", "method": "tvae", "regime": "synthetic_only"}
{"time_utc": "2026-09-11T23:35:35.142171+00:00", "event": "students_completed", "replicate": "runs/breast_cancer/split_29/generation_202", "method": "tvae", "regime": "augment"}
{"time_utc": "2026-09-11T23:35:35.565485+00:00", "event": "students_completed", "replicate": "runs/breast_cancer/split_29/generation_202", "method": "ddpm", "regime": "synthetic_only"}
{"time_utc": "2026-09-11T23:35:35.939628+00:00", "event": "students_completed", "replicate": "runs/breast_cancer/split_29/generation_202", "method": "ddpm", "regime": "augment"}
{"time_utc": "2026-09-11T23:35:36.278512+00:00", "event": "students_completed", "replicate": "runs/breast_cancer/split_29/generation_202", "method": "ctgan_unpacked", "regime": "synthetic_only"}
{"time_utc": "2026-09-11T23:35:36.631394+00:00", "event": "students_completed", "replicate": "runs/breast_cancer/split_29/generation_202", "method": "ctgan_unpacked", "regime": "augment"}
{"time_utc": "2026-09-11T23:35:37.033465+00:00", "event": "students_completed", "replicate": "runs/breast_cancer/split_29/generation_202", "method": "ctgan_one_mode", "regime": "synthetic_only"}
{"time_utc": "2026-09-11T23:35:37.387873+00:00", "event": "students_completed", "replicate": "runs/breast_cancer/split_29/generation_202", "method": "ctgan_one_mode", "regime": "augment"}
{"time_utc": "2026-09-11T23:35:37.721155+00:00", "event": "students_completed", "replicate": "runs/breast_cancer/split_29/generation_202", "method": "ddpm_unconditional", "regime": "synthetic_only"}
{"time_utc": "2026-09-11T23:35:38.110500+00:00", "event": "students_completed", "replicate": "runs/breast_cancer/split_29/generation_202", "method": "ddpm_unconditional", "regime": "augment"}
{"time_utc": "2026-09-11T23:35:38.538471+00:00", "event": "students_completed", "replicate": "runs/breast_cancer/split_29/generation_202", "method": "ddpm_standardized", "regime": "synthetic_only"}
{"time_utc": "2026-09-11T23:35:39.139678+00:00", "event": "students_completed", "replicate": "runs/breast_cancer/split_29/generation_202", "method": "ddpm_standardized", "regime": "augment"}
{"time_utc": "2026-09-11T23:35:39.556164+00:00", "event": "students_completed", "replicate": "runs/breast_cancer/split_29/generation_202", "method": "mixture_uniform", "regime": "synthetic_only"}
{"time_utc": "2026-09-11T23:35:39.913225+00:00", "event": "students_completed", "replicate": "runs/breast_cancer/split_29/generation_202", "method": "mixture_uniform", "regime": "augment"}
{"time_utc": "2026-09-11T23:35:40.648041+00:00", "event": "students_completed", "replicate": "runs/breast_cancer/split_29/generation_202", "method": "mixture_utility", "regime": "synthetic_only"}
{"time_utc": "2026-09-11T23:35:41.116781+00:00", "event": "students_completed", "replicate": "runs/breast_cancer/split_29/generation_202", "method": "mixture_utility", "regime": "augment"}
{"time_utc": "2026-09-11T23:35:41.520656+00:00", "event": "students_completed", "replicate": "runs/breast_cancer/split_29/generation_202", "method": "mixture_support", "regime": "synthetic_only"}
{"time_utc": "2026-09-11T23:35:41.865526+00:00", "event": "students_completed", "replicate": "runs/breast_cancer/split_29/generation_202", "method": "mixture_support", "regime": "augment"}
{"time_utc": "2026-09-11T23:35:42.264980+00:00", "event": "students_completed", "replicate": "runs/breast_cancer/split_29/generation_202", "method": "mixture_utility_support", "regime": "synthetic_only"}
{"time_utc": "2026-09-11T23:35:42.758650+00:00", "event": "students_completed", "replicate": "runs/breast_cancer/split_29/generation_202", "method": "mixture_utility_support", "regime": "augment"}
{"time_utc": "2026-09-11T23:35:42.914818+00:00", "event": "generator_started", "replicate": "runs/breast_cancer/split_41/generation_101", "method": "bootstrap"}
{"time_utc": "2026-09-11T23:35:42.933201+00:00", "event": "generator_completed", "replicate": "runs/breast_cancer/split_41/generation_101", "method": "bootstrap", "seconds": 0.007, "generated": 1536}
{"time_utc": "2026-09-11T23:35:42.933306+00:00", "event": "generator_started", "replicate": "runs/breast_cancer/split_41/generation_101", "method": "smote"}
{"time_utc": "2026-09-11T23:35:43.044249+00:00", "event": "generator_completed", "replicate": "runs/breast_cancer/split_41/generation_101", "method": "smote", "seconds": 0.105, "generated": 1536}
{"time_utc": "2026-09-11T23:35:43.044355+00:00", "event": "generator_started", "replicate": "runs/breast_cancer/split_41/generation_101", "method": "copula"}
{"time_utc": "2026-09-11T23:35:43.070500+00:00", "event": "generator_completed", "replicate": "runs/breast_cancer/split_41/generation_101", "method": "copula", "seconds": 0.021, "generated": 1536}
{"time_utc": "2026-09-11T23:35:43.070601+00:00", "event": "generator_started", "replicate": "runs/breast_cancer/split_41/generation_101", "method": "ctgan"}
{"time_utc": "2026-09-11T23:35:53.302864+00:00", "event": "generator_completed", "replicate": "runs/breast_cancer/split_41/generation_101", "method": "ctgan", "seconds": 10.227, "generated": 3072}
{"time_utc": "2026-09-11T23:35:53.302969+00:00", "event": "generator_started", "replicate": "runs/breast_cancer/split_41/generation_101", "method": "tvae"}
{"time_utc": "2026-09-11T23:36:00.128300+00:00", "event": "generator_completed", "replicate": "runs/breast_cancer/split_41/generation_101", "method": "tvae", "seconds": 6.82, "generated": 3498}
{"time_utc": "2026-09-11T23:36:00.128413+00:00", "event": "generator_started", "replicate": "runs/breast_cancer/split_41/generation_101", "method": "ddpm"}
{"time_utc": "2026-09-11T23:36:02.281000+00:00", "event": "generator_completed", "replicate": "runs/breast_cancer/split_41/generation_101", "method": "ddpm", "seconds": 2.09, "generated": 1536}
{"time_utc": "2026-09-11T23:36:02.281121+00:00", "event": "generator_started", "replicate": "runs/breast_cancer/split_41/generation_101", "method": "ctgan_unpacked"}
{"time_utc": "2026-09-11T23:36:13.015678+00:00", "event": "generator_completed", "replicate": "runs/breast_cancer/split_41/generation_101", "method": "ctgan_unpacked", "seconds": 10.729, "generated": 3072}
{"time_utc": "2026-09-11T23:36:13.015828+00:00", "event": "generator_started", "replicate": "runs/breast_cancer/split_41/generation_101", "method": "ctgan_one_mode"}
{"time_utc": "2026-09-11T23:36:20.708080+00:00", "event": "generator_completed", "replicate": "runs/breast_cancer/split_41/generation_101", "method": "ctgan_one_mode", "seconds": 7.687, "generated": 3072}
{"time_utc": "2026-09-11T23:36:20.708181+00:00", "event": "generator_started", "replicate": "runs/breast_cancer/split_41/generation_101", "method": "ddpm_unconditional"}
{"time_utc": "2026-09-11T23:36:22.638166+00:00", "event": "generator_completed", "replicate": "runs/breast_cancer/split_41/generation_101", "method": "ddpm_unconditional", "seconds": 1.924, "generated": 1536}
{"time_utc": "2026-09-11T23:36:22.638264+00:00", "event": "generator_started", "replicate": "runs/breast_cancer/split_41/generation_101", "method": "ddpm_standardized"}
{"time_utc": "2026-09-11T23:36:24.671031+00:00", "event": "generator_completed", "replicate": "runs/breast_cancer/split_41/generation_101", "method": "ddpm_standardized", "seconds": 2.027, "generated": 1536}
{"time_utc": "2026-09-11T23:36:26.133555+00:00", "event": "students_completed", "replicate": "runs/breast_cancer/split_41/generation_101", "method": "real_only", "regime": "real_only"}
{"time_utc": "2026-09-11T23:36:26.628331+00:00", "event": "students_completed", "replicate": "runs/breast_cancer/split_41/generation_101", "method": "bootstrap", "regime": "synthetic_only"}
{"time_utc": "2026-09-11T23:36:27.000888+00:00", "event": "students_completed", "replicate": "runs/breast_cancer/split_41/generation_101", "method": "bootstrap", "regime": "augment"}
{"time_utc": "2026-09-11T23:36:27.338938+00:00", "event": "students_completed", "replicate": "runs/breast_cancer/split_41/generation_101", "method": "smote", "regime": "synthetic_only"}
{"time_utc": "2026-09-11T23:36:27.702960+00:00", "event": "students_completed", "replicate": "runs/breast_cancer/split_41/generation_101", "method": "smote", "regime": "augment"}
{"time_utc": "2026-09-11T23:36:28.114948+00:00", "event": "students_completed", "replicate": "runs/breast_cancer/split_41/generation_101", "method": "copula", "regime": "synthetic_only"}
{"time_utc": "2026-09-11T23:36:28.478036+00:00", "event": "students_completed", "replicate": "runs/breast_cancer/split_41/generation_101", "method": "copula", "regime": "augment"}
{"time_utc": "2026-09-11T23:36:28.811501+00:00", "event": "students_completed", "replicate": "runs/breast_cancer/split_41/generation_101", "method": "ctgan", "regime": "synthetic_only"}
{"time_utc": "2026-09-11T23:36:29.164875+00:00", "event": "students_completed", "replicate": "runs/breast_cancer/split_41/generation_101", "method": "ctgan", "regime": "augment"}
{"time_utc": "2026-09-11T23:36:29.598945+00:00", "event": "students_completed", "replicate": "runs/breast_cancer/split_41/generation_101", "method": "tvae", "regime": "synthetic_only"}
{"time_utc": "2026-09-11T23:36:30.059191+00:00", "event": "students_completed", "replicate": "runs/breast_cancer/split_41/generation_101", "method": "tvae", "regime": "augment"}
{"time_utc": "2026-09-11T23:36:30.553428+00:00", "event": "students_completed", "replicate": "runs/breast_cancer/split_41/generation_101", "method": "ddpm", "regime": "synthetic_only"}
{"time_utc": "2026-09-11T23:36:30.892918+00:00", "event": "students_completed", "replicate": "runs/breast_cancer/split_41/generation_101", "method": "ddpm", "regime": "augment"}
{"time_utc": "2026-09-11T23:36:31.221555+00:00", "event": "students_completed", "replicate": "runs/breast_cancer/split_41/generation_101", "method": "ctgan_unpacked", "regime": "synthetic_only"}
{"time_utc": "2026-09-11T23:36:31.624387+00:00", "event": "students_completed", "replicate": "runs/breast_cancer/split_41/generation_101", "method": "ctgan_unpacked", "regime": "augment"}
{"time_utc": "2026-09-11T23:36:31.954556+00:00", "event": "students_completed", "replicate": "runs/breast_cancer/split_41/generation_101", "method": "ctgan_one_mode", "regime": "synthetic_only"}
{"time_utc": "2026-09-11T23:36:32.293477+00:00", "event": "students_completed", "replicate": "runs/breast_cancer/split_41/generation_101", "method": "ctgan_one_mode", "regime": "augment"}
{"time_utc": "2026-09-11T23:36:32.721773+00:00", "event": "students_completed", "replicate": "runs/breast_cancer/split_41/generation_101", "method": "ddpm_unconditional", "regime": "synthetic_only"}
{"time_utc": "2026-09-11T23:36:33.066765+00:00", "event": "students_completed", "replicate": "runs/breast_cancer/split_41/generation_101", "method": "ddpm_unconditional", "regime": "augment"}
{"time_utc": "2026-09-11T23:36:33.571162+00:00", "event": "students_completed", "replicate": "runs/breast_cancer/split_41/generation_101", "method": "ddpm_standardized", "regime": "synthetic_only"}
{"time_utc": "2026-09-11T23:36:33.917422+00:00", "event": "students_completed", "replicate": "runs/breast_cancer/split_41/generation_101", "method": "ddpm_standardized", "regime": "augment"}
{"time_utc": "2026-09-11T23:36:34.273024+00:00", "event": "students_completed", "replicate": "runs/breast_cancer/split_41/generation_101", "method": "mixture_uniform", "regime": "synthetic_only"}
{"time_utc": "2026-09-11T23:36:34.630352+00:00", "event": "students_completed", "replicate": "runs/breast_cancer/split_41/generation_101", "method": "mixture_uniform", "regime": "augment"}
{"time_utc": "2026-09-11T23:36:35.070849+00:00", "event": "students_completed", "replicate": "runs/breast_cancer/split_41/generation_101", "method": "mixture_utility", "regime": "synthetic_only"}
{"time_utc": "2026-09-11T23:36:35.412281+00:00", "event": "students_completed", "replicate": "runs/breast_cancer/split_41/generation_101", "method": "mixture_utility", "regime": "augment"}
{"time_utc": "2026-09-11T23:36:35.741072+00:00", "event": "students_completed", "replicate": "runs/breast_cancer/split_41/generation_101", "method": "mixture_support", "regime": "synthetic_only"}
{"time_utc": "2026-09-11T23:36:36.132083+00:00", "event": "students_completed", "replicate": "runs/breast_cancer/split_41/generation_101", "method": "mixture_support", "regime": "augment"}
{"time_utc": "2026-09-11T23:36:36.596147+00:00", "event": "students_completed", "replicate": "runs/breast_cancer/split_41/generation_101", "method": "mixture_utility_support", "regime": "synthetic_only"}
{"time_utc": "2026-09-11T23:36:36.935795+00:00", "event": "students_completed", "replicate": "runs/breast_cancer/split_41/generation_101", "method": "mixture_utility_support", "regime": "augment"}
{"time_utc": "2026-09-11T23:36:36.971015+00:00", "event": "generator_started", "replicate": "runs/breast_cancer/split_41/generation_202", "method": "bootstrap"}
{"time_utc": "2026-09-11T23:36:36.982738+00:00", "event": "generator_completed", "replicate": "runs/breast_cancer/split_41/generation_202", "method": "bootstrap", "seconds": 0.007, "generated": 1536}
{"time_utc": "2026-09-11T23:36:36.982870+00:00", "event": "generator_started", "replicate": "runs/breast_cancer/split_41/generation_202", "method": "smote"}
{"time_utc": "2026-09-11T23:36:37.025811+00:00", "event": "generator_completed", "replicate": "runs/breast_cancer/split_41/generation_202", "method": "smote", "seconds": 0.039, "generated": 1536}
{"time_utc": "2026-09-11T23:36:37.025915+00:00", "event": "generator_started", "replicate": "runs/breast_cancer/split_41/generation_202", "method": "copula"}
{"time_utc": "2026-09-11T23:36:37.066693+00:00", "event": "generator_completed", "replicate": "runs/breast_cancer/split_41/generation_202", "method": "copula", "seconds": 0.026, "generated": 1536}
{"time_utc": "2026-09-11T23:36:37.066802+00:00", "event": "generator_started", "replicate": "runs/breast_cancer/split_41/generation_202", "method": "ctgan"}
{"time_utc": "2026-09-11T23:36:47.048478+00:00", "event": "generator_completed", "replicate": "runs/breast_cancer/split_41/generation_202", "method": "ctgan", "seconds": 9.946, "generated": 3072}
{"time_utc": "2026-09-11T23:36:47.048598+00:00", "event": "generator_started", "replicate": "runs/breast_cancer/split_41/generation_202", "method": "tvae"}
{"time_utc": "2026-09-11T23:36:53.665428+00:00", "event": "generator_completed", "replicate": "runs/breast_cancer/split_41/generation_202", "method": "tvae", "seconds": 6.603, "generated": 3506}
{"time_utc": "2026-09-11T23:36:53.665530+00:00", "event": "generator_started", "replicate": "runs/breast_cancer/split_41/generation_202", "method": "ddpm"}
{"time_utc": "2026-09-11T23:36:55.774939+00:00", "event": "generator_completed", "replicate": "runs/breast_cancer/split_41/generation_202", "method": "ddpm", "seconds": 2.102, "generated": 1536}
{"time_utc": "2026-09-11T23:36:55.775041+00:00", "event": "generator_started", "replicate": "runs/breast_cancer/split_41/generation_202", "method": "ctgan_unpacked"}
{"time_utc": "2026-09-11T23:37:06.184765+00:00", "event": "generator_completed", "replicate": "runs/breast_cancer/split_41/generation_202", "method": "ctgan_unpacked", "seconds": 10.404, "generated": 3072}
{"time_utc": "2026-09-11T23:37:06.184896+00:00", "event": "generator_started", "replicate": "runs/breast_cancer/split_41/generation_202", "method": "ctgan_one_mode"}
{"time_utc": "2026-09-11T23:37:13.839845+00:00", "event": "generator_completed", "replicate": "runs/breast_cancer/split_41/generation_202", "method": "ctgan_one_mode", "seconds": 7.65, "generated": 3072}
{"time_utc": "2026-09-11T23:37:13.839949+00:00", "event": "generator_started", "replicate": "runs/breast_cancer/split_41/generation_202", "method": "ddpm_unconditional"}
{"time_utc": "2026-09-11T23:37:15.824194+00:00", "event": "generator_completed", "replicate": "runs/breast_cancer/split_41/generation_202", "method": "ddpm_unconditional", "seconds": 1.979, "generated": 1536}
{"time_utc": "2026-09-11T23:37:15.824296+00:00", "event": "generator_started", "replicate": "runs/breast_cancer/split_41/generation_202", "method": "ddpm_standardized"}
{"time_utc": "2026-09-11T23:37:17.826750+00:00", "event": "generator_completed", "replicate": "runs/breast_cancer/split_41/generation_202", "method": "ddpm_standardized", "seconds": 1.99, "generated": 1536}
{"time_utc": "2026-09-11T23:37:19.198022+00:00", "event": "students_completed", "replicate": "runs/breast_cancer/split_41/generation_202", "method": "real_only", "regime": "real_only"}
{"time_utc": "2026-09-11T23:37:19.533462+00:00", "event": "students_completed", "replicate": "runs/breast_cancer/split_41/generation_202", "method": "bootstrap", "regime": "synthetic_only"}
{"time_utc": "2026-09-11T23:37:19.884284+00:00", "event": "students_completed", "replicate": "runs/breast_cancer/split_41/generation_202", "method": "bootstrap", "regime": "augment"}
{"time_utc": "2026-09-11T23:37:20.216064+00:00", "event": "students_completed", "replicate": "runs/breast_cancer/split_41/generation_202", "method": "smote", "regime": "synthetic_only"}
{"time_utc": "2026-09-11T23:37:20.559873+00:00", "event": "students_completed", "replicate": "runs/breast_cancer/split_41/generation_202", "method": "smote", "regime": "augment"}
{"time_utc": "2026-09-11T23:37:20.894982+00:00", "event": "students_completed", "replicate": "runs/breast_cancer/split_41/generation_202", "method": "copula", "regime": "synthetic_only"}
{"time_utc": "2026-09-11T23:37:21.253332+00:00", "event": "students_completed", "replicate": "runs/breast_cancer/split_41/generation_202", "method": "copula", "regime": "augment"}
{"time_utc": "2026-09-11T23:37:21.593096+00:00", "event": "students_completed", "replicate": "runs/breast_cancer/split_41/generation_202", "method": "ctgan", "regime": "synthetic_only"}
{"time_utc": "2026-09-11T23:37:21.936964+00:00", "event": "students_completed", "replicate": "runs/breast_cancer/split_41/generation_202", "method": "ctgan", "regime": "augment"}
{"time_utc": "2026-09-11T23:37:22.267239+00:00", "event": "students_completed", "replicate": "runs/breast_cancer/split_41/generation_202", "method": "tvae", "regime": "synthetic_only"}
{"time_utc": "2026-09-11T23:37:22.623719+00:00", "event": "students_completed", "replicate": "runs/breast_cancer/split_41/generation_202", "method": "tvae", "regime": "augment"}
{"time_utc": "2026-09-11T23:37:22.954485+00:00", "event": "students_completed", "replicate": "runs/breast_cancer/split_41/generation_202", "method": "ddpm", "regime": "synthetic_only"}
{"time_utc": "2026-09-11T23:37:23.294241+00:00", "event": "students_completed", "replicate": "runs/breast_cancer/split_41/generation_202", "method": "ddpm", "regime": "augment"}
{"time_utc": "2026-09-11T23:37:23.626704+00:00", "event": "students_completed", "replicate": "runs/breast_cancer/split_41/generation_202", "method": "ctgan_unpacked", "regime": "synthetic_only"}
{"time_utc": "2026-09-11T23:37:24.006823+00:00", "event": "students_completed", "replicate": "runs/breast_cancer/split_41/generation_202", "method": "ctgan_unpacked", "regime": "augment"}
{"time_utc": "2026-09-11T23:37:24.390981+00:00", "event": "students_completed", "replicate": "runs/breast_cancer/split_41/generation_202", "method": "ctgan_one_mode", "regime": "synthetic_only"}
{"time_utc": "2026-09-11T23:37:24.752670+00:00", "event": "students_completed", "replicate": "runs/breast_cancer/split_41/generation_202", "method": "ctgan_one_mode", "regime": "augment"}
{"time_utc": "2026-09-11T23:37:25.099337+00:00", "event": "students_completed", "replicate": "runs/breast_cancer/split_41/generation_202", "method": "ddpm_unconditional", "regime": "synthetic_only"}
{"time_utc": "2026-09-11T23:37:25.439462+00:00", "event": "students_completed", "replicate": "runs/breast_cancer/split_41/generation_202", "method": "ddpm_unconditional", "regime": "augment"}
{"time_utc": "2026-09-11T23:37:25.769437+00:00", "event": "students_completed", "replicate": "runs/breast_cancer/split_41/generation_202", "method": "ddpm_standardized", "regime": "synthetic_only"}
{"time_utc": "2026-09-11T23:37:26.124066+00:00", "event": "students_completed", "replicate": "runs/breast_cancer/split_41/generation_202", "method": "ddpm_standardized", "regime": "augment"}
{"time_utc": "2026-09-11T23:37:26.451387+00:00", "event": "students_completed", "replicate": "runs/breast_cancer/split_41/generation_202", "method": "mixture_uniform", "regime": "synthetic_only"}
{"time_utc": "2026-09-11T23:37:26.837702+00:00", "event": "students_completed", "replicate": "runs/breast_cancer/split_41/generation_202", "method": "mixture_uniform", "regime": "augment"}
{"time_utc": "2026-09-11T23:37:27.305534+00:00", "event": "students_completed", "replicate": "runs/breast_cancer/split_41/generation_202", "method": "mixture_utility", "regime": "synthetic_only"}
{"time_utc": "2026-09-11T23:37:27.782968+00:00", "event": "students_completed", "replicate": "runs/breast_cancer/split_41/generation_202", "method": "mixture_utility", "regime": "augment"}
{"time_utc": "2026-09-11T23:37:28.116087+00:00", "event": "students_completed", "replicate": "runs/breast_cancer/split_41/generation_202", "method": "mixture_support", "regime": "synthetic_only"}
{"time_utc": "2026-09-11T23:37:28.455851+00:00", "event": "students_completed", "replicate": "runs/breast_cancer/split_41/generation_202", "method": "mixture_support", "regime": "augment"}
{"time_utc": "2026-09-11T23:37:28.783497+00:00", "event": "students_completed", "replicate": "runs/breast_cancer/split_41/generation_202", "method": "mixture_utility_support", "regime": "synthetic_only"}
{"time_utc": "2026-09-11T23:37:29.233305+00:00", "event": "students_completed", "replicate": "runs/breast_cancer/split_41/generation_202", "method": "mixture_utility_support", "regime": "augment"}
{"event": "frozen", "manifest_sha256": "34d69efb3f9311f68c4cfaa4a1585f998f6504d449a53cf78b0717c9c8090095", "replicates": 12}
{
  "schema_version": 1,
  "files": {
    "INDEX.json": "8c1500aff66ac6ebfa9a09d6931ef52844ede65186b6e2276236471a128dc166",
    "code_snapshot/__init__.py": "48ecb41bb241acf027fc27ff60504d4bc3e7791d2015392e5af8101d832382d6",
    "code_snapshot/analysis.py": "bd38b1743da62ba36b2c08f2d441dd8afc79469126eac2491cb9fe803620a081",
    "code_snapshot/cli.py": "e08694690ff5b0d95a155bc9a0b7c1b41401a3ed0951f0f807bed8f1b1051f8c",
    "code_snapshot/common.py": "5aed9650a05ff9ac1359a311046b09cc8e2bdca6b9a996839550f583dffb1124",
    "code_snapshot/data.py": "60fb9630eed45605b1b2bb4f658fefd7c9b2e67dfa508e150406939394ce2330",
    "code_snapshot/diagnostics.py": "b86efb204dbfd394e8d3894e551ad85e3880ff4f1190a5a973201b00c608c78a",
    "code_snapshot/experiment.py": "7dd61cb254397516dba3ad45e11d6c5ea98a9f84c4c250c93b78d3f7f574b1cc",
    "code_snapshot/generators.py": "7b5864a8aad0ebc37c042fc40ee234c0cc2e7c078b2a5eb5b201520e9f3b34c0",
    "code_snapshot/inference.py": "ba4370254ff08ef0bf1dcb97cee648b5198d355a79c6a2b121b9cecc28fc7d6a",
    "code_snapshot/portfolio.py": "e47d02f94de8ac5d35636590019b3fe0c4d6e6ce9364a9619a2d08b2603ef9a0",
    "code_snapshot/quality.py": "de63e03718b1d52d174b2bd1dc27b13a32464fa85e59157f15cce71e552bf4ec",
    "code_snapshot/students.py": "e54260030eec8c5e9718e10cbc5b229120ed081733e31a900dd2b62c48f0aa62",
    "code_snapshot/transforms.py": "fefb5066dcad1a0686a7de3548edad3348f55f4b0c7f1050fb4cf56200b96890",
    "environment.json": "05b48341d47273651b306af4a80baf04f0f8d073e6f0e9e862a80bceb16c8f59",
    "events.jsonl": "e4f6becd337f02681c7385fd7497ced992c008a442e2620ea445a3381953a16f",
    "protocol.json": "8c95d2fc98d18b27ffe9744af8cc376f9e7e13b7bda4a7d91a304f14caf8deda",
    "runs/breast_cancer/split_17/generation_101/datasets/bootstrap/manifest.json": "dd5946c962477b2f01eefe5e1f7a50f236d12c2aa835b1376fe2c1d9b1344aae",
    "runs/breast_cancer/split_17/generation_101/datasets/bootstrap/training.npz": "6778e93b53604ea0d796c844b55b84e94a67951920fd65b9472e8a213095f1c9",
    "runs/breast_cancer/split_17/generation_101/datasets/copula/manifest.json": "501b15a2655e8d220704f3477aa502814d77dca57c928fa68495706ca026d7d7",
    "runs/breast_cancer/split_17/generation_101/datasets/copula/training.npz": "d4a4bc1ae3f8659ccd73882320f731b6c8a5475154ff204da5b46df5a2e55f51",
    "runs/breast_cancer/split_17/generation_101/datasets/ctgan/manifest.json": "6a0d4a2989bd13704aefae21e94f0e6da5c20b190062bc2faa7d74ffde45c28c",
    "runs/breast_cancer/split_17/generation_101/datasets/ctgan/training.npz": "06f02284ba13c53e19af90645581f0a748ac7fec3efd7dff81c17b675c4daa7c",
    "runs/breast_cancer/split_17/generation_101/datasets/ctgan_one_mode/manifest.json": "0d589528d42a74c777fc67a31c48e04c6d7e772e2ae0b94a55397bba463c9b0b",
    "runs/breast_cancer/split_17/generation_101/datasets/ctgan_one_mode/training.npz": "a048e5a1d44b6a99b2d230da4f5e879c01af063214b605341ab7225d896f0a26",
    "runs/breast_cancer/split_17/generation_101/datasets/ctgan_unpacked/manifest.json": "12b2202f0ca9a7c1ff153923b8ed19769ad7cfc466e65b55278a517420dc1320",
    "runs/breast_cancer/split_17/generation_101/datasets/ctgan_unpacked/training.npz": "91f3ecf3e9853a4d5f51abd68c6e5917bc4b0396192466174334a6c07f923f39",
    "runs/breast_cancer/split_17/generation_101/datasets/ddpm/manifest.json": "fad8560e793cda1306ac9ec9cd6016aad90a5330d5d752c691e6fa3480c0af2f",
    "runs/breast_cancer/split_17/generation_101/datasets/ddpm/training.npz": "8cb61bcabf0be9420174490e53f8eb367d8c69326a1d7ae9c06214683dcd05c7",
    "runs/breast_cancer/split_17/generation_101/datasets/ddpm_standardized/manifest.json": "26a54d9c7452354efd83818f9cc7e6743dbdf5290eab82020aea067ead7d313c",
    "runs/breast_cancer/split_17/generation_101/datasets/ddpm_standardized/training.npz": "4ac75407d9dbcb8cb99b1447d500c91812fafe0cd39b1da5f39a0948a11a443d",
    "runs/breast_cancer/split_17/generation_101/datasets/ddpm_unconditional/manifest.json": "c84aed572bb603a328ee4c059d6bfa7327f49167a3edd8bcf8c4664209a9cc63",
    "runs/breast_cancer/split_17/generation_101/datasets/ddpm_unconditional/training.npz": "15b5674da94f11bef960961f955bfb372531aeac3ffd252f3e720b0fa1ccc1a7",
    "runs/breast_cancer/split_17/generation_101/datasets/mixture_support/manifest.json": "96ce7025a21e1894e4ceb35bb848d8930c5a81aba2a40bd921639a65346dfb73",
    "runs/breast_cancer/split_17/generation_101/datasets/mixture_support/training.npz": "83b0e6e3bca74a5b9d34ad33af39dff1940d4db3b2245d9832440c32abef1dca",
    "runs/breast_cancer/split_17/generation_101/datasets/mixture_uniform/manifest.json": "cf5b168c859eb1f6199fb1cb4ddff5b1edcc92121a3ffccaa6c94d6bc7d94f6a",
    "runs/breast_cancer/split_17/generation_101/datasets/mixture_uniform/training.npz": "4329f02923171fd1fd00b07aa920c7d0ddb630c35d848319e9e7c36958cf29c7",
    "runs/breast_cancer/split_17/generation_101/datasets/mixture_utility/manifest.json": "8d7e3e94d4e422642a4da72f9732c5de4d25e18057fb5444b7c0fef1e5c9a966",
    "runs/breast_cancer/split_17/generation_101/datasets/mixture_utility/training.npz": "c2ef3a6f32d166cae6d176f5d3dd0f64b1faccb03665094753fea870630d8654",
    "runs/breast_cancer/split_17/generation_101/datasets/mixture_utility_support/manifest.json": "efc664c557ad4decdbe881b0e8ebc4cac04e9916e0cbeb32088e5cdd8574a197",
    "runs/breast_cancer/split_17/generation_101/datasets/mixture_utility_support/training.npz": "2fe8bd86b595a86f93db011ef81cf7643334883db6525bc9801940a0dc6e12b2",
    "runs/breast_cancer/split_17/generation_101/datasets/smote/manifest.json": "e23db6af90b11ee4c9d67b821110f509f8e24e82fc72c603869aacaa74037c69",
    "runs/breast_cancer/split_17/generation_101/datasets/smote/training.npz": "c02ef3c0a679f3ba65a9af9b70a573dac75d1d7c9c92a8ef619f736424dc5dbf",
    "runs/breast_cancer/split_17/generation_101/datasets/tvae/manifest.json": "5ee7d34f2eb07153692970eaf0a535fb3400438946bb235e26d92dd08664fe98",
    "runs/breast_cancer/split_17/generation_101/datasets/tvae/training.npz": "0b53741286799cde40db6b53808ae9156f2c00ff512773cca3097b46f0ac6778",
    "runs/breast_cancer/split_17/generation_101/development_selection.json": "913e40cdfa3b7a60e0a0eb224c9d1a1905513fc715806ca06f61cb6e1afc3f03",
    "runs/breast_cancer/split_17/generation_101/generators/bootstrap/audit.json": "e460c7630a9a1727ceae2d0fbd20cefdac9dd28483213776a2268df36d03c962",
    "runs/breast_cancer/split_17/generation_101/generators/bootstrap/model.json": "4a55c5fcabae02bb23357512638a58272797c13a943b5a304e91b224f97439c1",
    "runs/breast_cancer/split_17/generation_101/generators/bootstrap/pool.npz": "ade06c34e5e7380d29d6044c037bd6f409cf4683caf2daf6ed8c3b2a4289669f",
    "runs/breast_cancer/split_17/generation_101/generators/copula/audit.json": "e6982f53f44fbdcf9659c85fe84eff7b83ad004d39948325ba6396f6c325ff41",
    "runs/breast_cancer/split_17/generation_101/generators/copula/model.json": "2b4d70fd87fc8039fdce52091d1b4b51dae6b497b06a164df170ca121d7de020",
    "runs/breast_cancer/split_17/generation_101/generators/copula/model_arrays.npz": "3b1da939a5650c305cd5d3cc6dde261ec5108319c31736fcbcf329ba18e02643",
    "runs/breast_cancer/split_17/generation_101/generators/copula/pool.npz": "ba4c3454795b84a03e4520b43b637211a90c72c652522d186ea33ef8d0730e60",
    "runs/breast_cancer/split_17/generation_101/generators/ctgan/audit.json": "9c5caee101d6f8bfd473a51ba2cd0d10dea62c52cbdb4593d457743d7035a0e7",
    "runs/breast_cancer/split_17/generation_101/generators/ctgan/model.json": "dc27952beee733d7df35e0edcf1e03038583bfdd09db5876edd55f3ceec7b840",
    "runs/breast_cancer/split_17/generation_101/generators/ctgan/pool.npz": "30e787286e2af75520b9d976b8c1864d718a5f406ec261f77e4abe39a8ab5633",
    "runs/breast_cancer/split_17/generation_101/generators/ctgan/weights.pt": "3709610ddba5453b70fc76cf28803b0630f9c34737a95aa638ea1671a32a7822",
    "runs/breast_cancer/split_17/generation_101/generators/ctgan_one_mode/audit.json": "fb88042ff30af36a2921e26176a60aebaa40e22853b9a0b77fbd31da84aca0f3",
    "runs/breast_cancer/split_17/generation_101/generators/ctgan_one_mode/model.json": "8ac21331729e027311ee7461cbcb142d96d69ebd91b56791351317f392183e82",
    "runs/breast_cancer/split_17/generation_101/generators/ctgan_one_mode/pool.npz": "30a3cd5567efdc4cccd8025981fc4baf738b93b5391bd2e2d2576991927496dd",
    "runs/breast_cancer/split_17/generation_101/generators/ctgan_one_mode/weights.pt": "4bb95f3accfea0de5b048728b38e37c3fafa8a0cec114e65c141c8d8673658fa",
    "runs/breast_cancer/split_17/generation_101/generators/ctgan_unpacked/audit.json": "6b45dde1d4ab9e97efcffd248dc973a059cd2f97df32e7701ca22a2b0212af66",
    "runs/breast_cancer/split_17/generation_101/generators/ctgan_unpacked/model.json": "e9bbca1397b21be846e5dc4e302c3b51b92eb12cac3927b59d2de026f885ea40",
    "runs/breast_cancer/split_17/generation_101/generators/ctgan_unpacked/pool.npz": "83953bb4f351326731de9d65353dc45dc7d013e7e18ade8458e2fdc1b0cadc1c",
    "runs/breast_cancer/split_17/generation_101/generators/ctgan_unpacked/weights.pt": "ef1449adaee50be7dfb1b429bfd6e2c6fa9f6bd5869962eef584c0433cdd0c35",
    "runs/breast_cancer/split_17/generation_101/generators/ddpm/audit.json": "85e19b655608403d669d3e4bd6900cd5f636cfa455df923d5543c9c8ac99c5da",
    "runs/breast_cancer/split_17/generation_101/generators/ddpm/model.json": "aa02d233eed2bad52b010d8628fb50054b99930805a418c05634e9a86425f32c",
    "runs/breast_cancer/split_17/generation_101/generators/ddpm/pool.npz": "e97f6226fae00db98d1e6223e65c89a5da987922441586d2e03ad7cf4ed2ab6e",
    "runs/breast_cancer/split_17/generation_101/generators/ddpm/quantiles.npz": "ea5f851d5af4467ac94707372afdc1cdc3dbf2921bcbc21e9a6e2ba530e44197",
    "runs/breast_cancer/split_17/generation_101/generators/ddpm/weights.pt": "f7c9f8bd51d7d1f48ad947627dfc8dd0016bc8ba9ec457b6823d1759d31aa98d",
    "runs/breast_cancer/split_17/generation_101/generators/ddpm_standardized/audit.json": "be21e2465ea825a56d796513c106f21550d79897d25e2b04720cd987c296010a",
    "runs/breast_cancer/split_17/generation_101/generators/ddpm_standardized/model.json": "5c1894b1b35d12ed0c3f6a0b23384b188b268ba0339bf1c2b7a6431c34d72307",
    "runs/breast_cancer/split_17/generation_101/generators/ddpm_standardized/pool.npz": "e0aabfceeb2db09c350d947b1857d07e1789e896a8f5c34922267a9248b43cdf",
    "runs/breast_cancer/split_17/generation_101/generators/ddpm_standardized/quantiles.npz": "1dac2b7f340f41d8dec725278b851a00e0dfc9dbb235fcd77c14da134b35cb04",
    "runs/breast_cancer/split_17/generation_101/generators/ddpm_standardized/weights.pt": "66c5e4aaf700c2e7ec4777bba0cd94e17fc49a4a6d42a02590c76c88061c2927",
    "runs/breast_cancer/split_17/generation_101/generators/ddpm_unconditional/audit.json": "106c705508e80deb8c85cf044835cb2e98b2bad916e1b10d7ded4c50bab3b136",
    "runs/breast_cancer/split_17/generation_101/generators/ddpm_unconditional/model.json": "7371c383264513664089f189850711e71db0c4a085d94554f62d0ee68170cce2",
    "runs/breast_cancer/split_17/generation_101/generators/ddpm_unconditional/pool.npz": "492c17ab19e41e158874e34c5a3ba5e0b95804e95e3768bdb2bf9bebd3eda75b",
    "runs/breast_cancer/split_17/generation_101/generators/ddpm_unconditional/quantiles.npz": "ea5f851d5af4467ac94707372afdc1cdc3dbf2921bcbc21e9a6e2ba530e44197",
    "runs/breast_cancer/split_17/generation_101/generators/ddpm_unconditional/weights.pt": "62416e27236eeecc613004ca36764611ce356ffc5d8d9e1c8fc1df4c150f6333",
    "runs/breast_cancer/split_17/generation_101/generators/mixture_support/audit.json": "bc927adcee1063dce2914e7be5c5559a1422d86fdcec89b6eebad4c6bf0aff14",
    "runs/breast_cancer/split_17/generation_101/generators/mixture_uniform/audit.json": "296d88d3610ef4266a625c8008b3d15bab18941cdd2d8c5f46b9b4a99e2c0c67",
    "runs/breast_cancer/split_17/generation_101/generators/mixture_utility/audit.json": "0901fe36b7bc4589cc8aa0064400333ee6ca27b58260a3d93c604a0dac71da6c",
    "runs/breast_cancer/split_17/generation_101/generators/mixture_utility_support/audit.json": "c43eac2e2ef75c3da07bac5c64364c065ac1ccd3e187652e1e537a20f99d8d93",
    "runs/breast_cancer/split_17/generation_101/generators/smote/audit.json": "a6e245c43ae50d5a14137ad717de2d9abe303149fea66375e8023cb1cd4bc9a8",
    "runs/breast_cancer/split_17/generation_101/generators/smote/model.json": "04ad60d47088acea0db75bd690183d34371889b52686e5fe6fdaece1c6a54124",
    "runs/breast_cancer/split_17/generation_101/generators/smote/model_arrays.npz": "304017497598ab07be005a169845e994e8e7ee14c815ec4dcd099937bc3ce55c",
    "runs/breast_cancer/split_17/generation_101/generators/smote/pool.npz": "681ae59b6bea689065ab549e1ee1268f2204edc5b170d835cfa3e78eb5e5f4c7",
    "runs/breast_cancer/split_17/generation_101/generators/tvae/audit.json": "0fc0a449afc47ac80794b4106d53f7d89a41ae4c684cbf86168d91772134a695",
    "runs/breast_cancer/split_17/generation_101/generators/tvae/model.json": "4c6b76020743ce8bdeb04f6f59c0a0692aa940af880954e8f250529ad1e51d9b",
    "runs/breast_cancer/split_17/generation_101/generators/tvae/pool.npz": "1fed913c80dda4f01cc6fb43121d20c36639f257527d85f76c7b1e417c165ff6",
    "runs/breast_cancer/split_17/generation_101/generators/tvae/weights.pt": "5bad015f72e35accd374b3b8558107a83cfc885882bd908b29ef14724997c9e7",
    "runs/breast_cancer/split_17/generation_101/index.json": "1982f0f34af03562e50bd1f0e25dc620e78ea54d2f2883809f2c310c4450c2e4",
    "runs/breast_cancer/split_17/generation_101/portfolio_inputs.json": "076f3a1e4d1a95869f1624f0ce3ccaf0de61a2fb6c8a807e5acde06092444c05",
    "runs/breast_cancer/split_17/generation_101/probes/copula/11/development.json": "c8679555c149ad0e1afba405a3c56453e48f373359b719822166e45600705886",
    "runs/breast_cancer/split_17/generation_101/probes/copula/11/model.json": "54d1fdb82d1fb6646a11b5cf74dc1989ddb63fec3f3f3498f4bcd81e4ff4764b",
    "runs/breast_cancer/split_17/generation_101/probes/copula/11/weights.pt": "b58ccd7fc7cee2a5ff897d4a944686560e1f01f11e181bf792d2a437946848be",
    "runs/breast_cancer/split_17/generation_101/probes/copula/7/development.json": "bb27895dbe9ddc1183c56fc87f44de556769142c1940c39cf80b0e654b95beb3",
    "runs/breast_cancer/split_17/generation_101/probes/copula/7/model.json": "7806ff3502508e0caccc3b9ab774d5e74652371609119151a92d0983ed1d3795",
    "runs/breast_cancer/split_17/generation_101/probes/copula/7/weights.pt": "0a22ccba66db3c2d2f98f080518dcf5fa338fd77e50dce7c284150a395c80b42",
    "runs/breast_cancer/split_17/generation_101/probes/ctgan/11/development.json": "074049e46546753e8a5362ae40cc49fd1ae9f8b1e1ab7fedc01ef845222be3cc",
    "runs/breast_cancer/split_17/generation_101/probes/ctgan/11/model.json": "0ce2534d95619980abdaa42a611e5c4a9bc3aad4df65acf37256ac7b9f785ae6",
    "runs/breast_cancer/split_17/generation_101/probes/ctgan/11/weights.pt": "bf92eb42337acacc655e56e0b4248a733404c78463ead428d507827ef3611129",
    "runs/breast_cancer/split_17/generation_101/probes/ctgan/7/development.json": "506d3ba610d87299d1cad3efef0a4faaec62dc8a0d50681d26507c28289468e5",
    "runs/breast_cancer/split_17/generation_101/probes/ctgan/7/model.json": "f451b865d09d850f7370aa681c62d4afa38781cf9fbd2bcfc932100efe9c4ad3",
    "runs/breast_cancer/split_17/generation_101/probes/ctgan/7/weights.pt": "714016240a40f9a25cb7c981082707344ebc38e0406dedd1dce132bf47bc33b2",
    "runs/breast_cancer/split_17/generation_101/probes/ddpm/11/development.json": "fda388658c88cf38901e3db78d69dc30c24c689697d91f39d64662a9e6447ffa",
    "runs/breast_cancer/split_17/generation_101/probes/ddpm/11/model.json": "79b7910cde909d06047b47a05a3d3d95b006bb02de7b1cd36ab587acf4df4ff9",
    "runs/breast_cancer/split_17/generation_101/probes/ddpm/11/weights.pt": "8cc39a547b95c1945b3f47c9c2b4685d494edc8691afbcc4d21ebf2169753c79",
    "runs/breast_cancer/split_17/generation_101/probes/ddpm/7/development.json": "67d0b70a7d9e0b35dcf639d8f0912a5261aaf66cf087ade69934d878e5ade6df",
    "runs/breast_cancer/split_17/generation_101/probes/ddpm/7/model.json": "32d8068058ef37ada9e0a11d036e8b8821262b62820f9af8aa1cbf69688b0008",
    "runs/breast_cancer/split_17/generation_101/probes/ddpm/7/weights.pt": "525a9dfd8fc0a57949b5ddd8498d1f53eeaa5234cfc37a5b3f53b5754d286653",
    "runs/breast_cancer/split_17/generation_101/probes/tvae/11/development.json": "74376a1b87ddaf8af10bb958ba8e8325cef6221630ce97721baaf74f00de3c33",
    "runs/breast_cancer/split_17/generation_101/probes/tvae/11/model.json": "3e02f8a3bfde3379a31d6499d8794baa74dc43ae350e5562b2f27634d6f4a0d0",
    "runs/breast_cancer/split_17/generation_101/probes/tvae/11/weights.pt": "cfde29c23c7598cf71b95dcfa4700b370f6d2d574d3b47b9dcd64ba97b48b039",
    "runs/breast_cancer/split_17/generation_101/probes/tvae/7/development.json": "c13cb4bd63a677fcd19dc6c42f333063fc0207cc638a46dd916e81d05385196d",
    "runs/breast_cancer/split_17/generation_101/probes/tvae/7/model.json": "dfc694bd11217dec16469df62b68d4cb7b4b35f4e23417e3b6e0c67334bdfddd",
    "runs/breast_cancer/split_17/generation_101/probes/tvae/7/weights.pt": "afa190b620eb7a7659b86d650d2cbe72b736ee7db0aec52d46346f6b11fd4c61",
    "runs/breast_cancer/split_17/generation_101/students/bootstrap/augment/11/development_predictions.npz": "c5a229d7600c4a44425cf423a417d71571f43212aeed18ecf9e2d55e98e739b7",
    "runs/breast_cancer/split_17/generation_101/students/bootstrap/augment/11/model.json": "143aad1c275d2e03342464603d74382725e318369136b6750f8ee33710b4b930",
    "runs/breast_cancer/split_17/generation_101/students/bootstrap/augment/11/weights.pt": "47394f79785208213d18c36592a8c32b28c40403957866e8a024557108253f3b",
    "runs/breast_cancer/split_17/generation_101/students/bootstrap/augment/7/development_predictions.npz": "0ef6d29fa99c5c52d35737ba8068d913db5848e878e2c466adcf768e3e919881",
    "runs/breast_cancer/split_17/generation_101/students/bootstrap/augment/7/model.json": "3e30a3bca707ca0853f4754dda78cf9536f941f565694aa8bf01f0af2ddf5036",
    "runs/breast_cancer/split_17/generation_101/students/bootstrap/augment/7/weights.pt": "23c1400a1943881e2bc75ecaaacfdbd506c797708eaf1f465841f11e3ac69a0f",
    "runs/breast_cancer/split_17/generation_101/students/bootstrap/augment/logistic/model.json": "24a26c6f1044ec83b19adae2fc05c3f28cee8a7c129c00540f877c8b94658fc0",
    "runs/breast_cancer/split_17/generation_101/students/bootstrap/synthetic_only/11/development_predictions.npz": "985f7ccf86b07b84f59eb4353eee8a5fa4bd84e91a7201e2fba1e85249719b11",
    "runs/breast_cancer/split_17/generation_101/students/bootstrap/synthetic_only/11/model.json": "72d0aa39853cef6357d60eeae82d363a74303e26c31a465ba00df88795524fc2",
    "runs/breast_cancer/split_17/generation_101/students/bootstrap/synthetic_only/11/weights.pt": "5623a58ad072e5724f13c9481e9cfa453aac228876d608539a64011a5894e4b4",
    "runs/breast_cancer/split_17/generation_101/students/bootstrap/synthetic_only/7/development_predictions.npz": "ad8d68ccdc4b2262e92a2c3ca5c285081d70d390de532a4bddf8c217b5280865",
    "runs/breast_cancer/split_17/generation_101/students/bootstrap/synthetic_only/7/model.json": "5de4e20e23bb19201ff9a9a2ae90576b6b7f28ba8efa364587580bd02178e7b2",
    "runs/breast_cancer/split_17/generation_101/students/bootstrap/synthetic_only/7/weights.pt": "d609cab6013ec1c1ba9b0819611ca4e5de3d0a4214ca3c3160fb8729cfca55a4",
    "runs/breast_cancer/split_17/generation_101/students/bootstrap/synthetic_only/logistic/model.json": "922c4a1fe61b1f695188192dd5293f7dae6072e5381fded3bb88a0a7e6818763",
    "runs/breast_cancer/split_17/generation_101/students/copula/augment/11/development_predictions.npz": "2c6de432bfdeeafa18b0f5923bfa65951ba9e63f89bf966300169c827fd66a0c",
    "runs/breast_cancer/split_17/generation_101/students/copula/augment/11/model.json": "198f2a320338df2c383e9c9f850a85031f41bbbab74e7357035f1b514266286f",
    "runs/breast_cancer/split_17/generation_101/students/copula/augment/11/weights.pt": "1d969b4d3c630e71f418407a3981971585473f9b8bdac7513fd0133636c9badf",
    "runs/breast_cancer/split_17/generation_101/students/copula/augment/7/development_predictions.npz": "5cbd3d0d012f4107d42c2a55aaafaf7a237e0a1edcfcfa90f4460ae575c99cf8",
    "runs/breast_cancer/split_17/generation_101/students/copula/augment/7/model.json": "51af3979fefac99b57792906b6e1810df9659b6ff1a4e008859ad23eedbbfe29",
    "runs/breast_cancer/split_17/generation_101/students/copula/augment/7/weights.pt": "4064025871c65bf74451644c56c628a76cffb04de21b0d7baa4c0b4d1e6d45fa",
    "runs/breast_cancer/split_17/generation_101/students/copula/augment/logistic/model.json": "9f0469a7754b08eed779fa4c00aa38c67ec823b38953c14ceb8839a9773943d5",
    "runs/breast_cancer/split_17/generation_101/students/copula/synthetic_only/11/development_predictions.npz": "f133b28e19328e3341b7a42a38aee101c071679e37b82c0e26285d8373cea829",
    "runs/breast_cancer/split_17/generation_101/students/copula/synthetic_only/11/model.json": "2e39779d17a55aff72200d23cc5d7ab6c51584f7f88e5beb1b1f7599e0de53d3",
    "runs/breast_cancer/split_17/generation_101/students/copula/synthetic_only/11/weights.pt": "ca2fe9bde5fbd68bd4a0e48c3d017fcd60657d2d331d475fa4b5c63bf6af234d",
    "runs/breast_cancer/split_17/generation_101/students/copula/synthetic_only/7/development_predictions.npz": "98ad19fc67c47f0ae874b3f1c78ffea029a0688fa246215f853e0a9a5a5cc9f2",
    "runs/breast_cancer/split_17/generation_101/students/copula/synthetic_only/7/model.json": "75210013af986d520dda3b0fd674f552430bd2869bf5565a399a6bcaa18e19df",
    "runs/breast_cancer/split_17/generation_101/students/copula/synthetic_only/7/weights.pt": "e1c207ab02d278f621cbb5e0b173d9153e705ea41159bdc3bec97fd162af0ac9",
    "runs/breast_cancer/split_17/generation_101/students/copula/synthetic_only/logistic/model.json": "4bd3632959daf70bbc4ad3a25caac7cca2e12b205bb7370ab57206b8edd81f43",
    "runs/breast_cancer/split_17/generation_101/students/ctgan/augment/11/development_predictions.npz": "c32ead86ef532fb1d7187165e04d96857a746fa5762617bbd97cf574b7d778c0",
    "runs/breast_cancer/split_17/generation_101/students/ctgan/augment/11/model.json": "f1ab05912fe978382f96ce52d5836efa0c9f43ce23c02d3004366c5ab5d1aad3",
    "runs/breast_cancer/split_17/generation_101/students/ctgan/augment/11/weights.pt": "41fa5896a45395c8bee235daf2029f9efaf64153d656b4c75d453c2bf23250f1",
    "runs/breast_cancer/split_17/generation_101/students/ctgan/augment/7/development_predictions.npz": "fade2ac394d524dc6beac23c927dd52db46bf3846751f6651fbd57528a5aa6e1",
    "runs/breast_cancer/split_17/generation_101/students/ctgan/augment/7/model.json": "8994b30d1dd58cbee9ba22e53d639dacfb342c0caf600528f06361cd6622b569",
    "runs/breast_cancer/split_17/generation_101/students/ctgan/augment/7/weights.pt": "fb724293ecad1e7807065040c9c58ff5b8a518b295c31f8a00b31924bc011301",
    "runs/breast_cancer/split_17/generation_101/students/ctgan/augment/logistic/model.json": "57621b5822a6691ffbe0b18d4544b466637df7bd69c6a92f7823f3353bf7ec15",
    "runs/breast_cancer/split_17/generation_101/students/ctgan/synthetic_only/11/development_predictions.npz": "09c8f826486fab3a300b777f05e2c6376e10fefba0f25b87ce44f729abee443c",
    "runs/breast_cancer/split_17/generation_101/students/ctgan/synthetic_only/11/model.json": "07fa1d54a7648cf9babb6d4f91e4c25fac912bab094492b9bb62286f027bdf63",
    "runs/breast_cancer/split_17/generation_101/students/ctgan/synthetic_only/11/weights.pt": "15d7511eee9b447c75868abf271499e5e4d3d3ea64b2514971d20d23901e9d46",
    "runs/breast_cancer/split_17/generation_101/students/ctgan/synthetic_only/7/development_predictions.npz": "166e31bf1df688ebc58007dc8d298c9ba85b30703724ad66d6e72b260a3672a0",
    "runs/breast_cancer/split_17/generation_101/students/ctgan/synthetic_only/7/model.json": "fc616b2acb94201697c2a0cd66a2c1f80cd392744a8f8546b03ec374631058c8",
    "runs/breast_cancer/split_17/generation_101/students/ctgan/synthetic_only/7/weights.pt": "c1e1b3afe949bf89abbbfd4a5cf1b2dcfd75e7acae59cd01b463412625342017",
    "runs/breast_cancer/split_17/generation_101/students/ctgan/synthetic_only/logistic/model.json": "8548552208f48d7f518ef190bc43f980b2e5f2b46d1450efd98cf5626dc81cd6",
    "runs/breast_cancer/split_17/generation_101/students/ctgan_one_mode/augment/11/development_predictions.npz": "98fde8fd1658c959ef34e3d269318c76838a354b6bb92c6537e561917123d41e",
    "runs/breast_cancer/split_17/generation_101/students/ctgan_one_mode/augment/11/model.json": "e75d6b261719d36e1669663b02e7edb0632d18da9beef9a812797c92bdc99fe8",
    "runs/breast_cancer/split_17/generation_101/students/ctgan_one_mode/augment/11/weights.pt": "205f887840a25c85d296a64f09fe4ad7c1ed2adca207df5e2915c17e4052ca29",
    "runs/breast_cancer/split_17/generation_101/students/ctgan_one_mode/augment/7/development_predictions.npz": "0a055ace843859c4413c4ea792797899e349a1f9acac059b230c83c4548186be",
    "runs/breast_cancer/split_17/generation_101/students/ctgan_one_mode/augment/7/model.json": "50b7471d151adca220b745d3ae027fe6422b0f16c2b0b0c8c95d8ffb68c79283",
    "runs/breast_cancer/split_17/generation_101/students/ctgan_one_mode/augment/7/weights.pt": "55ee673e8ba38ec6cee2c8fc26603c96c6b9ef7e54281874073ed39a796e98e5",
    "runs/breast_cancer/split_17/generation_101/students/ctgan_one_mode/augment/logistic/model.json": "59b1fd606dbdc2a64dfeb6597ab705e3316b8bb7c19abdba07d0f235987486dc",
    "runs/breast_cancer/split_17/generation_101/students/ctgan_one_mode/synthetic_only/11/development_predictions.npz": "2d286b535feb8d9f9f787d37663037b9e8999e5957711ab7ebcef2d3829eba11",
    "runs/breast_cancer/split_17/generation_101/students/ctgan_one_mode/synthetic_only/11/model.json": "f3c62319f7fe32688676b411abf9373637b54c89367e00629266f5c3c23ae04f",
    "runs/breast_cancer/split_17/generation_101/students/ctgan_one_mode/synthetic_only/11/weights.pt": "ec08fce710e3dff038dc07801e61b4a529d63a1148218d5f5f395171a4c586bb",
    "runs/breast_cancer/split_17/generation_101/students/ctgan_one_mode/synthetic_only/7/development_predictions.npz": "f12696efa7ac07aa06c561544d900480e8a44a1dee2dff1bc1390d4d44d91a96",
    "runs/breast_cancer/split_17/generation_101/students/ctgan_one_mode/synthetic_only/7/model.json": "f947bd91cdffb702eec318e5bc6422929f379d59f3150f0b5211f92cc2d72f67",
    "runs/breast_cancer/split_17/generation_101/students/ctgan_one_mode/synthetic_only/7/weights.pt": "8c5d1affff9548ce7d4097575dacc18e1b032c3630dd2a1672064d44f732e1e4",
    "runs/breast_cancer/split_17/generation_101/students/ctgan_one_mode/synthetic_only/logistic/model.json": "85d4c77dfccd3ac01f5dbb8b7249047d2798e9d0bb335859b0a1960419d524ea",
    "runs/breast_cancer/split_17/generation_101/students/ctgan_unpacked/augment/11/development_predictions.npz": "82bb9bcdb1e58f190d23f27076189dae0cdcf1ecbdf572d56dd78ea83869fe85",
    "runs/breast_cancer/split_17/generation_101/students/ctgan_unpacked/augment/11/model.json": "a0e6e7745664c24c06b4df1dd76e0e6d0e301fd8252af490c21bf3596f2d115a",
    "runs/breast_cancer/split_17/generation_101/students/ctgan_unpacked/augment/11/weights.pt": "c1466c48e119ba996f95b79676873dee93ed51f2d716f02c45c23c8e4fea8108",
    "runs/breast_cancer/split_17/generation_101/students/ctgan_unpacked/augment/7/development_predictions.npz": "684eab2a1d2f3d40cba13ec080963984dc4dbf99044bffe75fb7748e74d47b25",
    "runs/breast_cancer/split_17/generation_101/students/ctgan_unpacked/augment/7/model.json": "f50ddfeb7df2a6add9b332e60fcb371ede696bbb4046eb329a6805b5e0dba223",
    "runs/breast_cancer/split_17/generation_101/students/ctgan_unpacked/augment/7/weights.pt": "771b3a68d1ccb6490b41aab774b6ae5696fd3f6b69f646a47a126d6f927b3227",
    "runs/breast_cancer/split_17/generation_101/students/ctgan_unpacked/augment/logistic/model.json": "70662d566548a498f417c22cefed13e55a771d82192c6b9f5bd2600aac79046a",
    "runs/breast_cancer/split_17/generation_101/students/ctgan_unpacked/synthetic_only/11/development_predictions.npz": "bf0d3d8ca728760f8ffd41c567c5973e66677e6772b86cc77fb59628c5bb7056",
    "runs/breast_cancer/split_17/generation_101/students/ctgan_unpacked/synthetic_only/11/model.json": "1b3a0c4e50e22cf5adc519f9da8f8ea2ab2e01f3e7709f8f49ee0df97c896acd",
    "runs/breast_cancer/split_17/generation_101/students/ctgan_unpacked/synthetic_only/11/weights.pt": "22179181af3399063ebe7ba7933856671cde348aa5ec152d14dccfc8c82265f5",
    "runs/breast_cancer/split_17/generation_101/students/ctgan_unpacked/synthetic_only/7/development_predictions.npz": "9d2a8e573ea6a699204a6711bb0a0ed89014d71936ce3b6d252bae6c9c9df4d9",
    "runs/breast_cancer/split_17/generation_101/students/ctgan_unpacked/synthetic_only/7/model.json": "8e3a66b246c23c5dd98a3e7fbe8a217fbd3c328117a223b308b0cecdbd761410",
    "runs/breast_cancer/split_17/generation_101/students/ctgan_unpacked/synthetic_only/7/weights.pt": "92ed147bf80cb138bc6a641757483c312e2ebf2aa5efda1f5a5e759afb0df8ab",
    "runs/breast_cancer/split_17/generation_101/students/ctgan_unpacked/synthetic_only/logistic/model.json": "36b136709fc2b8baf0eec3e1e1410512f0a3a1e269def2d064e487dcac95ed43",
    "runs/breast_cancer/split_17/generation_101/students/ddpm/augment/11/development_predictions.npz": "3a9cd01532939e9c9da975e54690cabfd78d87e5fa7b6b243698bfcc134fbfaf",
    "runs/breast_cancer/split_17/generation_101/students/ddpm/augment/11/model.json": "5ae85909ec9d1c3f137ba2a998e1b163da59cab060ea10afbfb544f075d5486e",
    "runs/breast_cancer/split_17/generation_101/students/ddpm/augment/11/weights.pt": "6e62a17d3054ad353b7a2e67c487ca41d00aadab8fa8acf8e3cc739347f42be7",
    "runs/breast_cancer/split_17/generation_101/students/ddpm/augment/7/development_predictions.npz": "d4865f4b9d83c09eedc590b9c3597d4254d33d60cde23d24b483ab756ef45e9d",
    "runs/breast_cancer/split_17/generation_101/students/ddpm/augment/7/model.json": "1bf5dc45cb556f972442998f7d9fe00582cdb12ebfea50623d98107d192d32f6",
    "runs/breast_cancer/split_17/generation_101/students/ddpm/augment/7/weights.pt": "ebae9e998638ed81744617d04ce30b0102f265a75e5bf35725f6ef5d60220016",
    "runs/breast_cancer/split_17/generation_101/students/ddpm/augment/logistic/model.json": "2e41c79278a36bd4974d773c30fa873e47dd24b7cbdf0cf473be2081c56b6b70",
    "runs/breast_cancer/split_17/generation_101/students/ddpm/synthetic_only/11/development_predictions.npz": "03126a140854ed6e59608c2c47ce3e143621489892d83f90afe095ea24c3b4e9",
    "runs/breast_cancer/split_17/generation_101/students/ddpm/synthetic_only/11/model.json": "ba8ecc2e619aa9647e5add5228187f983ea42c7677e44bebe6a98220c8917117",
    "runs/breast_cancer/split_17/generation_101/students/ddpm/synthetic_only/11/weights.pt": "341577423177c8ae46829b20713b5ef9d10944e5ccb74c0272bef063caaea2d3",
    "runs/breast_cancer/split_17/generation_101/students/ddpm/synthetic_only/7/development_predictions.npz": "a33e64032719258b5e123b00644efe7199685eed7e1ca5cd5fbffbffd4f0b621",
    "runs/breast_cancer/split_17/generation_101/students/ddpm/synthetic_only/7/model.json": "2f2f92549c5b564f85fa209188206b62a5817cefd76f9ed35ee8741b9ae98b54",
    "runs/breast_cancer/split_17/generation_101/students/ddpm/synthetic_only/7/weights.pt": "d14c1a9c95ce40803145fa0db6fb87ddb723a668347472a97826474fdf0c0ac9",
    "runs/breast_cancer/split_17/generation_101/students/ddpm/synthetic_only/logistic/model.json": "97f46127c4f9f40f1b8c0dc43d62f69f6b8b4799a6687bd0f71fd5b164d790cb",
    "runs/breast_cancer/split_17/generation_101/students/ddpm_standardized/augment/11/development_predictions.npz": "18a40139962cad0ab521b8c4a0d675161212eb091df068f35d0486f13e3c2e09",
    "runs/breast_cancer/split_17/generation_101/students/ddpm_standardized/augment/11/model.json": "1413d844ba03cac720b8a2429fd74a26742c8513c8f5e5f16881532e008246c6",
    "runs/breast_cancer/split_17/generation_101/students/ddpm_standardized/augment/11/weights.pt": "92a58f872b398f6ab4f85a3adb884b538ef72a496bbb9cc1e13b5872592e0025",
    "runs/breast_cancer/split_17/generation_101/students/ddpm_standardized/augment/7/development_predictions.npz": "394aa6cda56a8b930e00f7287d2faec2d45118daed1aa4d165e337fbef8ec82e",
    "runs/breast_cancer/split_17/generation_101/students/ddpm_standardized/augment/7/model.json": "34839eaaf8c5280e7269075719167a18052f46da4a307f2ee4fab4c673424604",
    "runs/breast_cancer/split_17/generation_101/students/ddpm_standardized/augment/7/weights.pt": "038cae1d0c03baa3c810492429755c11992e4bd1ac80e97a65815e293900c867",
    "runs/breast_cancer/split_17/generation_101/students/ddpm_standardized/augment/logistic/model.json": "57838b3dde5979c09e265f9d5263ce81c31b464b3f4de3521b8ccd57aeb0b6f8",
    "runs/breast_cancer/split_17/generation_101/students/ddpm_standardized/synthetic_only/11/development_predictions.npz": "c72fe4f7af8855c3dbbf04d41377479ec05426a87a7f39a69ab2e3494b41b638",
    "runs/breast_cancer/split_17/generation_101/students/ddpm_standardized/synthetic_only/11/model.json": "edc975c66d3c2f0b82eb8ab0126b7096f8e1174a9daf23afb5472dc0fbcc31f9",
    "runs/breast_cancer/split_17/generation_101/students/ddpm_standardized/synthetic_only/11/weights.pt": "4dd65993ad5be838adda59eb060fe4136846899844c192fbe6f404c408e27ef1",
    "runs/breast_cancer/split_17/generation_101/students/ddpm_standardized/synthetic_only/7/development_predictions.npz": "c7f6efd3f2e36360628a7ee402492fcc2bf565ef99ba422e6c5754887560b637",
    "runs/breast_cancer/split_17/generation_101/students/ddpm_standardized/synthetic_only/7/model.json": "c4201c654904544e99f725ea7a45706e874229531270325a379abff4b386bda0",
    "runs/breast_cancer/split_17/generation_101/students/ddpm_standardized/synthetic_only/7/weights.pt": "5c3276ec1ab8a576faaf9eebf06af11c9acc30d62098c0e1c1a0d8138a81f4ce",
    "runs/breast_cancer/split_17/generation_101/students/ddpm_standardized/synthetic_only/logistic/model.json": "997d664968b43a4d57a372a8e18721b7ee3673bc306e045189526359c21027af",
    "runs/breast_cancer/split_17/generation_101/students/ddpm_unconditional/augment/11/development_predictions.npz": "87e23cfbdcf128ad6fcbda374b16053768a79267464052ac7744a8a4a351be60",
    "runs/breast_cancer/split_17/generation_101/students/ddpm_unconditional/augment/11/model.json": "7e6621d666dc96933e9668933893250cb4951d82cb5101be2d2b4032c8aca5f6",
    "runs/breast_cancer/split_17/generation_101/students/ddpm_unconditional/augment/11/weights.pt": "85950314dd686dfffbdade72b0a2977cf3a8749cae54fe73f199ccc86092917f",
    "runs/breast_cancer/split_17/generation_101/students/ddpm_unconditional/augment/7/development_predictions.npz": "e1c4f41343bdb8de6a7f5f17a8265e40b545bdcc9364c1c1461899f0c480e31f",
    "runs/breast_cancer/split_17/generation_101/students/ddpm_unconditional/augment/7/model.json": "3053d130576a608f51247ebd43363e450ea10abf340dc934d5f65cd1fd21a623",
    "runs/breast_cancer/split_17/generation_101/students/ddpm_unconditional/augment/7/weights.pt": "21672d15be2333de1721c9a13ad3c3b02b400ae5753cd3c4eaac7340426d627a",
    "runs/breast_cancer/split_17/generation_101/students/ddpm_unconditional/augment/logistic/model.json": "9eba8dd86971d6c1ace6a7082e742880e1a133be049fc0dc113b0e3f0732069a",
    "runs/breast_cancer/split_17/generation_101/students/ddpm_unconditional/synthetic_only/11/development_predictions.npz": "029861fa0479827645f16732d1092cc74ee6185c80574d662832d57f86d2addc",
    "runs/breast_cancer/split_17/generation_101/students/ddpm_unconditional/synthetic_only/11/model.json": "6b7a56ba72b136c5090b3c5dcb513f43443b82259a3689b2bf622e970574405a",
    "runs/breast_cancer/split_17/generation_101/students/ddpm_unconditional/synthetic_only/11/weights.pt": "96b7c3a5b57f75d573310ee6f5b0909d4e8d4cdcc983ebeedfb84d7501c51566",
    "runs/breast_cancer/split_17/generation_101/students/ddpm_unconditional/synthetic_only/7/development_predictions.npz": "036a93fa32391421378e04d7b7c5aec9f67e31eb50a6f0daa5d59aaaa15074a6",
    "runs/breast_cancer/split_17/generation_101/students/ddpm_unconditional/synthetic_only/7/model.json": "c399c7d5b4301bee68d841c5cc37a96eae8bc7ce5ce26c7b2886d028a90c7e37",
    "runs/breast_cancer/split_17/generation_101/students/ddpm_unconditional/synthetic_only/7/weights.pt": "acd41b4b61ce4b92c60cea6ff8a4c2f683c339b40cb729c0cbb61c2c8cd5e420",
    "runs/breast_cancer/split_17/generation_101/students/ddpm_unconditional/synthetic_only/logistic/model.json": "4d57717ae29d4cfa9443a7f2d6fdca630d2e7074d574a6d2387fae43b68a3ac1",
    "runs/breast_cancer/split_17/generation_101/students/mixture_support/augment/11/development_predictions.npz": "da3eeecfc77d7fe207c0f161c786673ce694644d5e515c28913d8a3dc0c38d3d",
    "runs/breast_cancer/split_17/generation_101/students/mixture_support/augment/11/model.json": "580de1166f9430d78d0cff36a03b53aea2bf64adc68fb9261203148af747d55a",
    "runs/breast_cancer/split_17/generation_101/students/mixture_support/augment/11/weights.pt": "4b06b9ee6ad1d27b0a2014ba3ca6fc186f60a0445b3ddffd5fe5dee059f179e7",
    "runs/breast_cancer/split_17/generation_101/students/mixture_support/augment/7/development_predictions.npz": "e5044b4378087881fec6a771dab8ec990328a10004c21bdd8a47c960fd1e7a68",
    "runs/breast_cancer/split_17/generation_101/students/mixture_support/augment/7/model.json": "62d5d36ff56b9a84b4f0eb5295e47e710d14f73437610ebec2cfdf35282b66a7",
    "runs/breast_cancer/split_17/generation_101/students/mixture_support/augment/7/weights.pt": "bf4359c87cd0c6e379315987b5fd4daaf9309d03cca87c97f2bc4c6deaadcc5f",
    "runs/breast_cancer/split_17/generation_101/students/mixture_support/augment/logistic/model.json": "5588d23971342b764cbfb469540e2cdc4d82d665b67db458b7c9371f12415d54",
    "runs/breast_cancer/split_17/generation_101/students/mixture_support/synthetic_only/11/development_predictions.npz": "641386f5676f29ecd9fc4a2ed1b2f91b93e913c651b6361d10138df78526cdf4",
    "runs/breast_cancer/split_17/generation_101/students/mixture_support/synthetic_only/11/model.json": "805d5cb648ea96b43b8d264cc3e05f58f52681e2f7e0b6cd037e6c5dfa6bcb2c",
    "runs/breast_cancer/split_17/generation_101/students/mixture_support/synthetic_only/11/weights.pt": "e01ed9ea7e0f2a9488f02612174dd7432841945d80d24c8d69181cb3125f826d",
    "runs/breast_cancer/split_17/generation_101/students/mixture_support/synthetic_only/7/development_predictions.npz": "d0351b321c03379216ef5b9d9f171dee37530069ea12691e3071013cd047ea0c",
    "runs/breast_cancer/split_17/generation_101/students/mixture_support/synthetic_only/7/model.json": "9b226888f2ec123333e32f9135340806cb48dd4bc35b9f604f32d3203107eba2",
    "runs/breast_cancer/split_17/generation_101/students/mixture_support/synthetic_only/7/weights.pt": "5a641e8fcb95b7e02fa706395aad1651fd15fc0582174d3e8a77efc834a56882",
    "runs/breast_cancer/split_17/generation_101/students/mixture_support/synthetic_only/logistic/model.json": "8787f15929e09de9f78b04d93c03b385f41a10baa823551df489d4ec9c828617",
    "runs/breast_cancer/split_17/generation_101/students/mixture_uniform/augment/11/development_predictions.npz": "b1a12f702a308e63a98caf8eae6f376038c8ea212981fb45b493f4c247fccb0c",
    "runs/breast_cancer/split_17/generation_101/students/mixture_uniform/augment/11/model.json": "a1760847e3b94697925b96d9eea233607defa443c20b0da88d07fa923e352923",
    "runs/breast_cancer/split_17/generation_101/students/mixture_uniform/augment/11/weights.pt": "c4247da41c69572760228d3220e274b112fe9532ee642f75abba31dbe6bd5beb",
    "runs/breast_cancer/split_17/generation_101/students/mixture_uniform/augment/7/development_predictions.npz": "7a5abc6da61ed278670a85591b0ece74c42bed07451d62af0ea7ec784fe94988",
    "runs/breast_cancer/split_17/generation_101/students/mixture_uniform/augment/7/model.json": "d711a8168ca7abfdeeb20a41ef67a1e5e97c3ff19661a7872ac2d1c2188fd08a",
    "runs/breast_cancer/split_17/generation_101/students/mixture_uniform/augment/7/weights.pt": "b45eee93b74aad69faa7e4d1d1e53f19dea8b5a78c2515b76912e7c64cd71b2a",
    "runs/breast_cancer/split_17/generation_101/students/mixture_uniform/augment/logistic/model.json": "6de840c32a6f062b66c7aa2699237b32cdf859e4115e5b0aa3c2086800d74de5",
    "runs/breast_cancer/split_17/generation_101/students/mixture_uniform/synthetic_only/11/development_predictions.npz": "bd195f56f21c9703a271e1fea4b756dac550fb0fd60378a02a996faeab9d96f8",
    "runs/breast_cancer/split_17/generation_101/students/mixture_uniform/synthetic_only/11/model.json": "1985ff4312997a0e390259522add5e2ea1942068668247c3dd2014cd224e28d8",
    "runs/breast_cancer/split_17/generation_101/students/mixture_uniform/synthetic_only/11/weights.pt": "69f3ff2a1190b2d831f75e2183539d53463463c8f47d0161250972ccb0776daa",
    "runs/breast_cancer/split_17/generation_101/students/mixture_uniform/synthetic_only/7/development_predictions.npz": "66059e9cadb90c6a9d7385282051902a534ec6f3575771d14a65a5340702054a",
    "runs/breast_cancer/split_17/generation_101/students/mixture_uniform/synthetic_only/7/model.json": "9c0f9e993ce26f89d1c424433f55de91a2249fd2c050650aba87069189b5042d",
    "runs/breast_cancer/split_17/generation_101/students/mixture_uniform/synthetic_only/7/weights.pt": "3a424637725095db104f557b6437b6aac23f1777777e0ea747db76dbe58b1351",
    "runs/breast_cancer/split_17/generation_101/students/mixture_uniform/synthetic_only/logistic/model.json": "93bcf374641ccf55c4503819510987d28d284a1dc286c0d7dae4b13853bcfefa",
    "runs/breast_cancer/split_17/generation_101/students/mixture_utility/augment/11/development_predictions.npz": "dfb7ff808655ee1d530f28c9295282738f8066579d6500ca857bee499b3535ec",
    "runs/breast_cancer/split_17/generation_101/students/mixture_utility/augment/11/model.json": "d2c4cbfc4adaba4046cb3efdf72eb0443376fcf3a140f2133241c26b595ec91e",
    "runs/breast_cancer/split_17/generation_101/students/mixture_utility/augment/11/weights.pt": "9624965712b845eb039eb18c842b859ce13bc6972b47b4c73a3808cc2d661008",
    "runs/breast_cancer/split_17/generation_101/students/mixture_utility/augment/7/development_predictions.npz": "83407308fdabd67716af5fb2d1edc87c225d2a0f5edec6e12df611e3cb140f1f",
    "runs/breast_cancer/split_17/generation_101/students/mixture_utility/augment/7/model.json": "e72841a24d2c317fcdce1d5051f13501056bada9a0b7e5226aaa2cdb8d3a3ead",
    "runs/breast_cancer/split_17/generation_101/students/mixture_utility/augment/7/weights.pt": "f4a01be4bf1ea223153aa24fdd91b0ff21c1369befd4b9c9174b8de3bc68fe94",
    "runs/breast_cancer/split_17/generation_101/students/mixture_utility/augment/logistic/model.json": "5c658a2adf831512d3a7e1cac454c02c9275606832ce984aaefc494e1a64f861",
    "runs/breast_cancer/split_17/generation_101/students/mixture_utility/synthetic_only/11/development_predictions.npz": "705998f199eee5c23b0aede03a2ac5f912de5236a99535bfdc3ae19eee67b03c",
    "runs/breast_cancer/split_17/generation_101/students/mixture_utility/synthetic_only/11/model.json": "1778cdbb6b1a2e935882d542e4df607e9e0890c17833d3ef2bd18ea668d0e92b",
    "runs/breast_cancer/split_17/generation_101/students/mixture_utility/synthetic_only/11/weights.pt": "17bb28f02739e2beae5d8a94f516816d3e55b7148f5afb24af2dec41ef02e8ae",
    "runs/breast_cancer/split_17/generation_101/students/mixture_utility/synthetic_only/7/development_predictions.npz": "7abafa8c333c33caf99d89a1d47c77834d25cf78c403f17e8ba72781ec9d89c9",
    "runs/breast_cancer/split_17/generation_101/students/mixture_utility/synthetic_only/7/model.json": "1e46f3a0229cc908a1a54e290832e6cf38231651d2e37cce1733eb43cfc8e72a",
    "runs/breast_cancer/split_17/generation_101/students/mixture_utility/synthetic_only/7/weights.pt": "6230a3467e5db365227220e58174ecaa1f6199f91c27c5b4cc7408ae34dd6b66",
    "runs/breast_cancer/split_17/generation_101/students/mixture_utility/synthetic_only/logistic/model.json": "a481b5c38c16f9411c89735890f1f3f2a44ea8b449d29cf3d944cbfe437367e0",
    "runs/breast_cancer/split_17/generation_101/students/mixture_utility_support/augment/11/development_predictions.npz": "6330b8e698fe0157d1e852350bad4c2b9e159c91ca950ce7facb0c56b2f571c3",
    "runs/breast_cancer/split_17/generation_101/students/mixture_utility_support/augment/11/model.json": "07d115c0a4396ff661774fa98472159ef8ff4d969368c9c5cd72c9129386624e",
    "runs/breast_cancer/split_17/generation_101/students/mixture_utility_support/augment/11/weights.pt": "2c058bfe6163c48b36256fcc926328d41c77feb20a8d7ccbef9e9214f9b28f40",
    "runs/breast_cancer/split_17/generation_101/students/mixture_utility_support/augment/7/development_predictions.npz": "967029682e5bf12aa47a4b1cd1b3e5bc0796f99233fde218cf2fe14c136e885a",
    "runs/breast_cancer/split_17/generation_101/students/mixture_utility_support/augment/7/model.json": "fa6a51b0ceb05867100825bc1ad320944c9b413c3ab8b90e109ea0c2c7b3945e",
    "runs/breast_cancer/split_17/generation_101/students/mixture_utility_support/augment/7/weights.pt": "fd5767a5cce60cb43fd7c56964bde8a3300183ed206e439e2e65ebc435031c0a",
    "runs/breast_cancer/split_17/generation_101/students/mixture_utility_support/augment/logistic/model.json": "f468189e1c8d603a5a5c703ebc4e62f837840bdb711394401414ff1d60011946",
    "runs/breast_cancer/split_17/generation_101/students/mixture_utility_support/synthetic_only/11/development_predictions.npz": "f0a14bdcc8c8b1ae1b6f1a1e899cfeaa3d21ec3e7f5ceb36fdd6fdb2a432e51a",
    "runs/breast_cancer/split_17/generation_101/students/mixture_utility_support/synthetic_only/11/model.json": "99c4e7370d62a768bcbaffe795ac293d7f868687db5a5ea6078bd80535e1c4f9",
    "runs/breast_cancer/split_17/generation_101/students/mixture_utility_support/synthetic_only/11/weights.pt": "1f1820a306b98196530a0bb425e761d2166a6bc99cd544684da63969e9dcd3d8",
    "runs/breast_cancer/split_17/generation_101/students/mixture_utility_support/synthetic_only/7/development_predictions.npz": "43f09e3577b385beae7e2e83364c6c54139acba37732ff77ed42a3c554d50452",
    "runs/breast_cancer/split_17/generation_101/students/mixture_utility_support/synthetic_only/7/model.json": "a69f94b4204b1022f1c4fd4ec853d704304f6fbf818f765ef50cee4141d68709",
    "runs/breast_cancer/split_17/generation_101/students/mixture_utility_support/synthetic_only/7/weights.pt": "d01c9fe037c17d609cdf8f695242ab32cbb528f17ab3b07648ad76d55561dcb4",
    "runs/breast_cancer/split_17/generation_101/students/mixture_utility_support/synthetic_only/logistic/model.json": "11b792d951215a9fb43980751c4b4098704ca4c15390c0570dca097c44c7f876",
    "runs/breast_cancer/split_17/generation_101/students/real_only/real_only/11/development_predictions.npz": "53d13ec5195c37449d6ed6c45aabd498ccf45446e1812c7d5db90273ea290eab",
    "runs/breast_cancer/split_17/generation_101/students/real_only/real_only/11/model.json": "496e300ae643c138b3fd70ea5c74287d0ae593fb1634d2fa90fef7e901b92054",
    "runs/breast_cancer/split_17/generation_101/students/real_only/real_only/11/weights.pt": "20e9e0634443a703ddfc9817155de88432dd0ad351c5dc93bd8cb8c161692eb4",
    "runs/breast_cancer/split_17/generation_101/students/real_only/real_only/7/development_predictions.npz": "b8e34fbc2085aedb005344bdd6dfec1e31b9d83c83b285ea4c4cc8b23dccd34e",
    "runs/breast_cancer/split_17/generation_101/students/real_only/real_only/7/model.json": "b8e685ca70fb8ae80df926fd8b9975f4458f4b1c42fcf2a38d6aece922efc349",
    "runs/breast_cancer/split_17/generation_101/students/real_only/real_only/7/weights.pt": "389bf137a878096b3393d31ec9f35b0785f01c93d40eca6dd94c1dd1c057d137",
    "runs/breast_cancer/split_17/generation_101/students/real_only/real_only/logistic/model.json": "6a472a705120d558b8de2929250a22ee7137d7756cae40462848e5ee2ac3b8e9",
    "runs/breast_cancer/split_17/generation_101/students/smote/augment/11/development_predictions.npz": "48a7ecac7d55ff55d8f8bb3a61dd65fd16a7abc17ee5aef6808897be05d964c3",
    "runs/breast_cancer/split_17/generation_101/students/smote/augment/11/model.json": "d36068a651b145f5f849bc7d93e21cb25d2fcad08761519b7a44933b1553b1da",
    "runs/breast_cancer/split_17/generation_101/students/smote/augment/11/weights.pt": "08007d9e760e90a77774fa27cadf372fd667166d6c1df335089754ed82b762ef",
    "runs/breast_cancer/split_17/generation_101/students/smote/augment/7/development_predictions.npz": "02fd8e147b4ca302fc9ee0983afbcbc43e9db0a544ce693b2d0eb771175eef94",
    "runs/breast_cancer/split_17/generation_101/students/smote/augment/7/model.json": "11d5bb412a9cec417020d7f3eda06ef7a569483d3f78e1abbc47449676320291",
    "runs/breast_cancer/split_17/generation_101/students/smote/augment/7/weights.pt": "6f25d302a7dd434d6e20389409c844d7e1a938d913cbb8e7f24fd873f778beac",
    "runs/breast_cancer/split_17/generation_101/students/smote/augment/logistic/model.json": "e53858b228bb932320ed81ae408dfe50973f1c5e72aeefc3b3688c7fd5f5d992",
    "runs/breast_cancer/split_17/generation_101/students/smote/synthetic_only/11/development_predictions.npz": "b7f89c6064a5ff582832de566e424ca65f158d3d1968d41385f7cadb63c39e9b",
    "runs/breast_cancer/split_17/generation_101/students/smote/synthetic_only/11/model.json": "3795031cdeefcc6f54fe752921c0da2359930b82c7454f40394ff4195963f443",
    "runs/breast_cancer/split_17/generation_101/students/smote/synthetic_only/11/weights.pt": "c48d9ea00d6f77f38ac60dfc52b01d7c53a243769666d1236b4eb6d5972fb2d3",
    "runs/breast_cancer/split_17/generation_101/students/smote/synthetic_only/7/development_predictions.npz": "c03bc8038717ce4e7ef12e3315cafedaa383364d4db6fb4b5743411d5aa4660e",
    "runs/breast_cancer/split_17/generation_101/students/smote/synthetic_only/7/model.json": "70cabce8731be8396bf981699f8daa95a63c2d6611a170730f14b4ae910a7f2c",
    "runs/breast_cancer/split_17/generation_101/students/smote/synthetic_only/7/weights.pt": "567bba59ec7a3e125c533b9ab17110b128151038a8bece2b7f82ea0182480c8e",
    "runs/breast_cancer/split_17/generation_101/students/smote/synthetic_only/logistic/model.json": "aabeb91b2b903967aef5e5aff7f4cff3b03c1e8f4db6aee9c7c231957042aea0",
    "runs/breast_cancer/split_17/generation_101/students/tvae/augment/11/development_predictions.npz": "8574f07b95730c96c18d6c486feeaa4b1b8d9b05135100f0b215d450eb01836b",
    "runs/breast_cancer/split_17/generation_101/students/tvae/augment/11/model.json": "a63e4aed1ae5915a71194b4209e7c6b352bb821fc6b7d5d286cff7cb144147ca",
    "runs/breast_cancer/split_17/generation_101/students/tvae/augment/11/weights.pt": "71debe61720d499e50dd1828adf945bdccf237f0705f164663d5e28c49c9fa1e",
    "runs/breast_cancer/split_17/generation_101/students/tvae/augment/7/development_predictions.npz": "f9f74e43d1f2a38116671316e008ad739a30faf6233e5702606437d2cda40563",
    "runs/breast_cancer/split_17/generation_101/students/tvae/augment/7/model.json": "f8f2a67e0b7869201a29158551259ac7bf8eac259077a53d738f8569d4d37489",
    "runs/breast_cancer/split_17/generation_101/students/tvae/augment/7/weights.pt": "428c036c1008f44f6b2fba2da5629b38233c8aa14d181324dfba8a4e25aa76bf",
    "runs/breast_cancer/split_17/generation_101/students/tvae/augment/logistic/model.json": "ade8add70253ade805844484e964fab670ee9dd05622f4636642948dd62530ec",
    "runs/breast_cancer/split_17/generation_101/students/tvae/synthetic_only/11/development_predictions.npz": "9d5a2315fb2d8ddbcf0a821e18f7a46da7ae6495588708c7156c770aae23ff76",
    "runs/breast_cancer/split_17/generation_101/students/tvae/synthetic_only/11/model.json": "8082f3dc38787f5057a57341bdfcbe1e2d6096d7466961a3e6fa2c70bdf8a455",
    "runs/breast_cancer/split_17/generation_101/students/tvae/synthetic_only/11/weights.pt": "75616fb90631baa5d232f440141df251af52a56b1a90bd3e0d933abc4dc674cc",
    "runs/breast_cancer/split_17/generation_101/students/tvae/synthetic_only/7/development_predictions.npz": "4a6ca1ad0c553fdb73d10d925eab7bdd4a71eb4db9b16fc6f05a8917fe0596f3",
    "runs/breast_cancer/split_17/generation_101/students/tvae/synthetic_only/7/model.json": "0478460d81d087d6bc3581cd9cb0546fc80103d9d1926ae5e01be1151dac6ec5",
    "runs/breast_cancer/split_17/generation_101/students/tvae/synthetic_only/7/weights.pt": "841629360dc1a3e76f8af103cce1f14f586215343a5a7fdfed999bce10f01e0f",
    "runs/breast_cancer/split_17/generation_101/students/tvae/synthetic_only/logistic/model.json": "d6a6b4ee6333e7d616257c9a5f39cbb63a4ebd8ae8593b451cceac9afa3b7d62",
    "runs/breast_cancer/split_17/generation_202/datasets/bootstrap/manifest.json": "788232b1a4a372dd02c03de13ed0432bac808523f5234d8d4b9b900d75658b2f",
    "runs/breast_cancer/split_17/generation_202/datasets/bootstrap/training.npz": "d42bc85a6e2a8a3d680edaf9f64c3534a6f9e82a6a1a0ff5fc243bbb3fdec3aa",
    "runs/breast_cancer/split_17/generation_202/datasets/copula/manifest.json": "69a3ba790aa59e7605ff665a43bb5d7115be87b0529f730c9b0cf1b8ab752e41",
    "runs/breast_cancer/split_17/generation_202/datasets/copula/training.npz": "c1e02f64a47d26e2a600d2d59957db9de92611efe51e4ef38c49fa007b43cfef",
    "runs/breast_cancer/split_17/generation_202/datasets/ctgan/manifest.json": "c333ae75ee118f2148db5be0b14f6f1dc4648dabbe0e6cf27173595d9b32416c",
    "runs/breast_cancer/split_17/generation_202/datasets/ctgan/training.npz": "bf5e620d4beb3b82a7d47a87502dd9c4d11c0371f53c6df3114aea558565bb06",
    "runs/breast_cancer/split_17/generation_202/datasets/ctgan_one_mode/manifest.json": "1b568f8a0fe7a8695fcfa1282599e9abbbd5f1d71b94c4582b2a23ffbcd16869",
    "runs/breast_cancer/split_17/generation_202/datasets/ctgan_one_mode/training.npz": "e3e974c8f536c08cf387b1b79efea2bea5ea73ced0a6b4b2cd11a1bafb9ca73f",
    "runs/breast_cancer/split_17/generation_202/datasets/ctgan_unpacked/manifest.json": "986a9ecb3f7e09267c05917785fae3e3038759700af054d9fff5898afa981fac",
    "runs/breast_cancer/split_17/generation_202/datasets/ctgan_unpacked/training.npz": "4f69708c94278bb7c326f047d08df4b18c8c9a2bead8bcc04b522423e6e913cc",
    "runs/breast_cancer/split_17/generation_202/datasets/ddpm/manifest.json": "7bb959143b360cc8357eeb818a2fd6d4010b07040fbcf9e3f46c9483c3dbc814",
    "runs/breast_cancer/split_17/generation_202/datasets/ddpm/training.npz": "06c79a363a0b5c4046dd1c7b00a950383321648733e46d6c873e8d6ee3b54759",
    "runs/breast_cancer/split_17/generation_202/datasets/ddpm_standardized/manifest.json": "2fc26d16b283f7c47638834c45864046600420eff5bc7c70f8a975cfcd462241",
    "runs/breast_cancer/split_17/generation_202/datasets/ddpm_standardized/training.npz": "0a36f8aa9c3970cad0cc4a2abcb229fe90fb9dd88ea1ede4df0259cc07f4885e",
    "runs/breast_cancer/split_17/generation_202/datasets/ddpm_unconditional/manifest.json": "98aaad55e202f3dba45e1f9db593167dde3f4a742ba86c6e2632ad7bb3fcb19c",
    "runs/breast_cancer/split_17/generation_202/datasets/ddpm_unconditional/training.npz": "80ff72b777b1820f98bd33905d688a572ffbe4d7e44d07699fa44fb76064460b",
    "runs/breast_cancer/split_17/generation_202/datasets/mixture_support/manifest.json": "8556d69c21f7ad96d58ea4d8051eade1dfba452d51aaa49ccf6906130d8b3f55",
    "runs/breast_cancer/split_17/generation_202/datasets/mixture_support/training.npz": "5522e11eb15e648735cb55ea7fe8325330944531d67bd8e641f4aef09b87a270",
    "runs/breast_cancer/split_17/generation_202/datasets/mixture_uniform/manifest.json": "a9065c765c3e47b0452d461eb5a5381c849c4240bd513d6e85d5a843bfd5825e",
    "runs/breast_cancer/split_17/generation_202/datasets/mixture_uniform/training.npz": "a09fe3b216e8b83a0aee683315200cbc3992411ef2288e6498e13cdb8fb674ae",
    "runs/breast_cancer/split_17/generation_202/datasets/mixture_utility/manifest.json": "1c438a3e42dcbe4a8d9ff3bb4e59f9a47adcc822feda8aa6521277bdc15f2577",
    "runs/breast_cancer/split_17/generation_202/datasets/mixture_utility/training.npz": "b14824d2372019f0277c1ac9627f04976021b3e729b64b9ebef4d250794321eb",
    "runs/breast_cancer/split_17/generation_202/datasets/mixture_utility_support/manifest.json": "1da574a1fb51b7323c48f5f78ae21c31ade3b82ec0e5cceb8656ec2e5bdd2261",
    "runs/breast_cancer/split_17/generation_202/datasets/mixture_utility_support/training.npz": "49a1d325dafb5b14700a058bb6372d4394a6247089ad87d1696df1772e01f52b",
    "runs/breast_cancer/split_17/generation_202/datasets/smote/manifest.json": "0680ac071d304cdf02c6544b7b4867577f3705d31aaa09f7e4ef34b3a936526f",
    "runs/breast_cancer/split_17/generation_202/datasets/smote/training.npz": "e0fcccb3123485f2ee0f5f63811d7cdb7e85e30fabf5738870067fe04a840ab6",
    "runs/breast_cancer/split_17/generation_202/datasets/tvae/manifest.json": "93c276b303b0dded79d951206cefdd3b7e1aea8bc176c330251196f27551f163",
    "runs/breast_cancer/split_17/generation_202/datasets/tvae/training.npz": "9a68be64caeca11e025c78fccab8c511dc1721f0d4ff59dd3e2f71ed23eb5d5f",
    "runs/breast_cancer/split_17/generation_202/development_selection.json": "43ba2bcda8b607711bec4da3ea922aaabf2950bf8f7403407e3ebfe68b8b360f",
    "runs/breast_cancer/split_17/generation_202/generators/bootstrap/audit.json": "f5035706dd29733f1abec46a5a3300e2403c1ada1cb43143cba1d5582e5d6fca",
    "runs/breast_cancer/split_17/generation_202/generators/bootstrap/model.json": "4a55c5fcabae02bb23357512638a58272797c13a943b5a304e91b224f97439c1",
    "runs/breast_cancer/split_17/generation_202/generators/bootstrap/pool.npz": "a7722bb7a31b4e33031996cf9ac3758b41f0b0b55a7460e2130f73d37192a7e4",
    "runs/breast_cancer/split_17/generation_202/generators/copula/audit.json": "cf759e0c33fdc028bb6e7cc5bc682eceb9f7a9abdff847ce7236c67450dd9b9d",
    "runs/breast_cancer/split_17/generation_202/generators/copula/model.json": "c4fe383a8d03fcbb50e2dededf65a691807a35ea8731f37ae601172f324a31f8",
    "runs/breast_cancer/split_17/generation_202/generators/copula/model_arrays.npz": "3b1da939a5650c305cd5d3cc6dde261ec5108319c31736fcbcf329ba18e02643",
    "runs/breast_cancer/split_17/generation_202/generators/copula/pool.npz": "fd28b6c01aa4d1d4d50c717db097b7139cfda498223391393843971e669595de",
    "runs/breast_cancer/split_17/generation_202/generators/ctgan/audit.json": "5f42ea0bbd47e782828c56244a9c32d4bc4138fe46803ddbaabaf36cb591d9fd",
    "runs/breast_cancer/split_17/generation_202/generators/ctgan/model.json": "467de7bec779f60a520b7349c9a7d8ed63dff1fd3f9276f271d1d15dc937e2db",
    "runs/breast_cancer/split_17/generation_202/generators/ctgan/pool.npz": "9ec701623d62458e52965ddc9208212c410f3f47724c77c22db79089f77e77e6",
    "runs/breast_cancer/split_17/generation_202/generators/ctgan/weights.pt": "389e5c3a0b9f50a168cdbda60df024bdfb2ff2d52586d3610918c859af20919e",
    "runs/breast_cancer/split_17/generation_202/generators/ctgan_one_mode/audit.json": "4ccdd71466ac04d0ada1ab5ca04aa827987321579166a4a71b2e520bdc29148d",
    "runs/breast_cancer/split_17/generation_202/generators/ctgan_one_mode/model.json": "03d02b8ca86c50400740ed35344a1c94b5cf1a75f0b55a6c19436f20ea3912b7",
    "runs/breast_cancer/split_17/generation_202/generators/ctgan_one_mode/pool.npz": "3cd8bb9182177eea5b1250328b3acf1e617929eace6446ce5d879988c2c0d413",
    "runs/breast_cancer/split_17/generation_202/generators/ctgan_one_mode/weights.pt": "00125d5f066bd8ccc235b4f828d1eb7e76a2afa2177b6a22c5776a1f642de600",
    "runs/breast_cancer/split_17/generation_202/generators/ctgan_unpacked/audit.json": "fd3de4b0be4a8d806d50bed62f2bdbbc5ec084286d7563ffa78ae6e742fb02c4",
    "runs/breast_cancer/split_17/generation_202/generators/ctgan_unpacked/model.json": "e3ef042b7a086b727b30602b04ef32d65eaf56a6d178dd9839f4725e2f21398b",
    "runs/breast_cancer/split_17/generation_202/generators/ctgan_unpacked/pool.npz": "0349ee3c1140827e40b7389d8f9178b1c28c7b2bf7884a1891d3c80e626c511e",
    "runs/breast_cancer/split_17/generation_202/generators/ctgan_unpacked/weights.pt": "adf168be0503a8cdbc5e1d5eec8a78cbcefe777559cbabca579b8cbc71318e9f",
    "runs/breast_cancer/split_17/generation_202/generators/ddpm/audit.json": "0f861753aa527f5562573e19297b021305c81d4867905682d79a6fead130fede",
    "runs/breast_cancer/split_17/generation_202/generators/ddpm/model.json": "2f8002534e2266860da67dcc7ae6b3b7430b1813a0b43a67f5c0cbabe7ea6960",
    "runs/breast_cancer/split_17/generation_202/generators/ddpm/pool.npz": "7250922d298fa26c37d2aa95576053eca2c88d58534bed1d43e726314794463e",
    "runs/breast_cancer/split_17/generation_202/generators/ddpm/quantiles.npz": "ea5f851d5af4467ac94707372afdc1cdc3dbf2921bcbc21e9a6e2ba530e44197",
    "runs/breast_cancer/split_17/generation_202/generators/ddpm/weights.pt": "e1ced7972382ef2056f0a60aec5574f5f7b9448f23ac22426dc127e90ba1543b",
    "runs/breast_cancer/split_17/generation_202/generators/ddpm_standardized/audit.json": "460b96b6d5772da5a36551a085a40a685675760de7c8fbf67532ea3dbf9d4a3a",
    "runs/breast_cancer/split_17/generation_202/generators/ddpm_standardized/model.json": "7d07cf5d192f92221e77e15d45dbb4a5c9b8a5b3bb23330a9a18b3f52bd26cb6",
    "runs/breast_cancer/split_17/generation_202/generators/ddpm_standardized/pool.npz": "2db8171390ac8b8357a86e6433eb0fe03a9453748983da6680c1cd9a1d0f16df",
    "runs/breast_cancer/split_17/generation_202/generators/ddpm_standardized/quantiles.npz": "1dac2b7f340f41d8dec725278b851a00e0dfc9dbb235fcd77c14da134b35cb04",
    "runs/breast_cancer/split_17/generation_202/generators/ddpm_standardized/weights.pt": "02dd4b9bdbc0aad1e01e2e6756c24c236e47a11a80bb5e635a65640aa8325eaa",
    "runs/breast_cancer/split_17/generation_202/generators/ddpm_unconditional/audit.json": "a1425a4a5a7c6ac4e040a8082e9e14a5098e08d09378eb4e9246fa1a303ac76a",
    "runs/breast_cancer/split_17/generation_202/generators/ddpm_unconditional/model.json": "b7d100d03040b6fd0ba5bf507376aa0fb1a6e6aed49d20e61abc0f016545122f",
    "runs/breast_cancer/split_17/generation_202/generators/ddpm_unconditional/pool.npz": "3bbe517ef5803c94e38f688f44913b785970ddf803198d85686a0f7605efbaf9",
    "runs/breast_cancer/split_17/generation_202/generators/ddpm_unconditional/quantiles.npz": "ea5f851d5af4467ac94707372afdc1cdc3dbf2921bcbc21e9a6e2ba530e44197",
    "runs/breast_cancer/split_17/generation_202/generators/ddpm_unconditional/weights.pt": "67249ccb7642ea58e7c1c3d097007ee16e9d6b12b6c2c7619ec2da8e063f1da7",
    "runs/breast_cancer/split_17/generation_202/generators/mixture_support/audit.json": "45142594df8579e4c63ecc230070e81be527c19395a5427e114ab1607c8fc082",
    "runs/breast_cancer/split_17/generation_202/generators/mixture_uniform/audit.json": "97c84a58fb2bf959e5c8ad460495ca3b03f1edde53a0b62f29d4f6dffaadfa2d",
    "runs/breast_cancer/split_17/generation_202/generators/mixture_utility/audit.json": "b604843e8eb5b13be650dc2906fb338f4ed241eaaa6eb8d34fffc43c418c9a03",
    "runs/breast_cancer/split_17/generation_202/generators/mixture_utility_support/audit.json": "9217497f527c95dff823a5fc2514a2565dbc014e0e729d5fa288975238b3a82c",
    "runs/breast_cancer/split_17/generation_202/generators/smote/audit.json": "c4bb969b7f198c92142b8ed81ed84c45e98ed6eefdf11200092cc3c17587e811",
    "runs/breast_cancer/split_17/generation_202/generators/smote/model.json": "16efa0592027ce1b99170c09a91c98a74ce794a6bacc6c484c0d30cddf1be487",
    "runs/breast_cancer/split_17/generation_202/generators/smote/model_arrays.npz": "304017497598ab07be005a169845e994e8e7ee14c815ec4dcd099937bc3ce55c",
    "runs/breast_cancer/split_17/generation_202/generators/smote/pool.npz": "9585922b5e73b4df54c8bec0e573c30630d23ed90f40793d2a313a79bc86b89c",
    "runs/breast_cancer/split_17/generation_202/generators/tvae/audit.json": "209fe4eee4706ce364fa4732d2372bc6dbf7335ec0c59cbb99dde831b65daeb5",
    "runs/breast_cancer/split_17/generation_202/generators/tvae/model.json": "f902ac7c00bb4bec7a54a73bbf9021bcfdb339c3ce6b7c069e43ce59491c3b00",
    "runs/breast_cancer/split_17/generation_202/generators/tvae/pool.npz": "3a5776195d3850d7ddaa33f9ab73edd22d2d2d2f5c246dc3ba46396f9bbe444c",
    "runs/breast_cancer/split_17/generation_202/generators/tvae/weights.pt": "346622093bc94b3a17c7305467a67c26d660330ece985c3fb6448da94efe9153",
    "runs/breast_cancer/split_17/generation_202/index.json": "a82550f7e9c43aed47f6d45e43fc034c32b526a17176991c8fcb7d7302ab40e4",
    "runs/breast_cancer/split_17/generation_202/portfolio_inputs.json": "db626bc53d874974d4e8d69bc460541f33768a6d19c4401f60103aa2cd7b050e",
    "runs/breast_cancer/split_17/generation_202/probes/copula/11/development.json": "4b8dc2515a4aaa241a8c11946b31ac5f1d42879e1b13452fb89df5a4cc63629b",
    "runs/breast_cancer/split_17/generation_202/probes/copula/11/model.json": "cfbe07d658aead36a6a3a8103d1b0a31a6aa266936b7d3e544911183583c00d3",
    "runs/breast_cancer/split_17/generation_202/probes/copula/11/weights.pt": "e05ce571ccf792ae10bec5b7c82510c3f077e561b5a85f071721772af3cd0b1f",
    "runs/breast_cancer/split_17/generation_202/probes/copula/7/development.json": "cee889a94040b110fdeff7be840a8a497a6b032df335858dcf8f8af2fabb7b30",
    "runs/breast_cancer/split_17/generation_202/probes/copula/7/model.json": "a588d5a27fe1afc9588b99c2f0e17e92728cd0c1be5a88b90200acee406f111d",
    "runs/breast_cancer/split_17/generation_202/probes/copula/7/weights.pt": "bcb14f0c12ee0c906ad40c6cd1d9ea9fadf10a7b286c9727f736b496a3777e31",
    "runs/breast_cancer/split_17/generation_202/probes/ctgan/11/development.json": "539ea9a72abb5a94a1a4a64702971b05afcc127b5e642c23abd68b857242e12b",
    "runs/breast_cancer/split_17/generation_202/probes/ctgan/11/model.json": "15ce75c8edaa4a3fc99d59a6ebac3002ea88e045a8a21eec51313f0cd5f1da74",
    "runs/breast_cancer/split_17/generation_202/probes/ctgan/11/weights.pt": "bc352d44d13c4ce01a0dc56fae008d7e832d797af3c7865d7e2f370b0ccc2d3a",
    "runs/breast_cancer/split_17/generation_202/probes/ctgan/7/development.json": "36d48646a992357df61da372892de57ec5c587b52754888719e2cf916d468f44",
    "runs/breast_cancer/split_17/generation_202/probes/ctgan/7/model.json": "dc00b0b807ed08001bb7b77e0470e8853adcf6c9026ca63f659edd46d36f0e47",
    "runs/breast_cancer/split_17/generation_202/probes/ctgan/7/weights.pt": "7b112885922822171f69e80acc96cbd41bd03d7e217b066fa4ddba338c1697ca",
    "runs/breast_cancer/split_17/generation_202/probes/ddpm/11/development.json": "26cb7300b2e3cfb39478c344b79eb6c94cc49fb89fcf3fb467a16967c8dcd471",
    "runs/breast_cancer/split_17/generation_202/probes/ddpm/11/model.json": "5a124182cfe362582ded5d6c2e6a7969ee0ff653b5905aa9597489e75e829a74",
    "runs/breast_cancer/split_17/generation_202/probes/ddpm/11/weights.pt": "f3579c8c8b59f7ad1103b6651bb69db7a71236599d372bce5655f8e8a4aaa60f",
    "runs/breast_cancer/split_17/generation_202/probes/ddpm/7/development.json": "b846f074680738d613069f32b971098f7183757b06b3cf911c83c0001272ad6a",
    "runs/breast_cancer/split_17/generation_202/probes/ddpm/7/model.json": "feede0a0d2a5ebff4c549cd0dcabf94673b787dab708ec9a7d3652c9d38975f6",
    "runs/breast_cancer/split_17/generation_202/probes/ddpm/7/weights.pt": "6f7f552025ee72ec328691d32721dc94fab83c0333da4f15cfd63ab6eca6a743",
    "runs/breast_cancer/split_17/generation_202/probes/tvae/11/development.json": "9c5e850469ebc54a15f99d0a5d1804a2a18b5f653aa9b9422ecb43faa6f6fbdd",
    "runs/breast_cancer/split_17/generation_202/probes/tvae/11/model.json": "d75a6e4fbc36b9c518461903f727961875a263007b765e36f03fa712ec251d04",
    "runs/breast_cancer/split_17/generation_202/probes/tvae/11/weights.pt": "0492c310f7b6aec9990f0a53e66cf5b2be291f23df5122b1f2c2f4015e74e91e",
    "runs/breast_cancer/split_17/generation_202/probes/tvae/7/development.json": "c7a4bdb6dd7cc7e3469bff9a1649451243adb549e6e56314cd60780cea1c0a45",
    "runs/breast_cancer/split_17/generation_202/probes/tvae/7/model.json": "23f61444037552b86df8ffcf7a63b3cb72534e66eee3a5f83736bfeeb3d47fb4",
    "runs/breast_cancer/split_17/generation_202/probes/tvae/7/weights.pt": "00d83a7708429078dfa689c93917d181e1f8c8071aa7331983a2eb7f16023491",
    "runs/breast_cancer/split_17/generation_202/students/bootstrap/augment/11/development_predictions.npz": "0ccd370e81c8dd2aff0888279c26302a4f0842078b70de53d29810cd45eaf21f",
    "runs/breast_cancer/split_17/generation_202/students/bootstrap/augment/11/model.json": "c979a5ef581778ea3338bf22de45de9d1af4238972b19f5dfbfe4887553df505",
    "runs/breast_cancer/split_17/generation_202/students/bootstrap/augment/11/weights.pt": "7343e70139010c2bf0eb8aba3d8b6a3a20c8400542a0c61600b85bdeeceaf5d8",
    "runs/breast_cancer/split_17/generation_202/students/bootstrap/augment/7/development_predictions.npz": "58964236530b1c6714f50f7c19d91bee61c879cca149a6148a9da4473d4c64eb",
    "runs/breast_cancer/split_17/generation_202/students/bootstrap/augment/7/model.json": "c2bbe60c1973a0bfeb233f8380ec9af0979cb9f7f8c0eb0d784925b9f81adaa1",
    "runs/breast_cancer/split_17/generation_202/students/bootstrap/augment/7/weights.pt": "50510f74e61fec64906649f91cb497ae00c39f7cccd3faca2f4da76ddea2a2db",
    "runs/breast_cancer/split_17/generation_202/students/bootstrap/augment/logistic/model.json": "9f79c8b80a2d6a4cd98b0ce2c03ba2933d8c67cdb6704357a2c2ea3bce4da47d",
    "runs/breast_cancer/split_17/generation_202/students/bootstrap/synthetic_only/11/development_predictions.npz": "20c5f8ead45533f17b1f104a76d001f3b0624de3c1ea3082b2730c69e0e5d9ac",
    "runs/breast_cancer/split_17/generation_202/students/bootstrap/synthetic_only/11/model.json": "598655ab650d21386a0f3a17b7f76f974b5eeaf8affc227013231453fa6804d9",
    "runs/breast_cancer/split_17/generation_202/students/bootstrap/synthetic_only/11/weights.pt": "9c9e13891d1c0cb4c4d8bc07a55a38b6a18a935369b607e18aa4ad7ebcc0c0dc",
    "runs/breast_cancer/split_17/generation_202/students/bootstrap/synthetic_only/7/development_predictions.npz": "94a49343c7807847b7e105ebc8c50961435737529b5e14c9f6070a4e2bbd2dc7",
    "runs/breast_cancer/split_17/generation_202/students/bootstrap/synthetic_only/7/model.json": "aa0e4dccc28e18a5431eb702fe86d32055774b70326be949212689f8398e3686",
    "runs/breast_cancer/split_17/generation_202/students/bootstrap/synthetic_only/7/weights.pt": "7ed5994d999283db69eb2b424504a237c8a79214f4d55430a195ce4ca93d26b7",
    "runs/breast_cancer/split_17/generation_202/students/bootstrap/synthetic_only/logistic/model.json": "86f81a6054203eef0aba74dab775187602e90999e385196937932500ed058832",
    "runs/breast_cancer/split_17/generation_202/students/copula/augment/11/development_predictions.npz": "45884d3310ae7c520a9f284e23ce90943b613f475fdd6bb975884f053c306136",
    "runs/breast_cancer/split_17/generation_202/students/copula/augment/11/model.json": "11e257623620b7530bcde9eae8763ee1562a3e03559474bb740f70f41c432b2f",
    "runs/breast_cancer/split_17/generation_202/students/copula/augment/11/weights.pt": "a5e13efc783f3dde479fcabb521de16f4a081d8c4b0695b9fb9ee71bfdadefe3",
    "runs/breast_cancer/split_17/generation_202/students/copula/augment/7/development_predictions.npz": "46a7060e2a50959e01dc1e924e026dc41b0f1791de9af38024b61a3243b4cd83",
    "runs/breast_cancer/split_17/generation_202/students/copula/augment/7/model.json": "daa91ca44d2b35d3273f8418f5d9ab02cbf41fa17454f11f2109858fe9223692",
    "runs/breast_cancer/split_17/generation_202/students/copula/augment/7/weights.pt": "e32a480499fbee8a8a1c5d78ab0c09de3628cd22f319a1946ce3241ec0511492",
    "runs/breast_cancer/split_17/generation_202/students/copula/augment/logistic/model.json": "c0cfc61f05a80d91eee0412b16ca0febebe5f52ceb102754aa3a65eafbf258b6",
    "runs/breast_cancer/split_17/generation_202/students/copula/synthetic_only/11/development_predictions.npz": "b159db10856fe8143eb199b2e243bb80dd3ce007e2bf5e0b1b783df0be8e759a",
    "runs/breast_cancer/split_17/generation_202/students/copula/synthetic_only/11/model.json": "22c6ff407fc619701a22b8e51eab3edac223070b0400ec1360c236cbb840e816",
    "runs/breast_cancer/split_17/generation_202/students/copula/synthetic_only/11/weights.pt": "e394e857e1a95127b690349d1f9fa6cf5cdfb39b48e09c3ed9ab9c27b43af5ce",
    "runs/breast_cancer/split_17/generation_202/students/copula/synthetic_only/7/development_predictions.npz": "c9f867a668b864dab4e922a8c1ca0f0c42dd34b9acac585d950c3beb2576d174",
    "runs/breast_cancer/split_17/generation_202/students/copula/synthetic_only/7/model.json": "2098f07cdb205b147e70b8c304099cc902b9728423eafb30a59ab8af94362e10",
    "runs/breast_cancer/split_17/generation_202/students/copula/synthetic_only/7/weights.pt": "bb80d94fd1dacb9d38cbdead45b4f19c2dbbd4f8a13283588485912ab6e218ed",
    "runs/breast_cancer/split_17/generation_202/students/copula/synthetic_only/logistic/model.json": "7e71ab1129f6f9ff0a31522d6fb0691d9d89a24ce23d653f8a3a1b890c106687",
    "runs/breast_cancer/split_17/generation_202/students/ctgan/augment/11/development_predictions.npz": "6e808f8982e29cecc87ee8fe9317a8c434ce6f206f95ea70b05ca9210e9a74d2",
    "runs/breast_cancer/split_17/generation_202/students/ctgan/augment/11/model.json": "ec925c6ceaeeafd0939c084d7ef5b1caf301700911c5c9b22063d1bd416f0e5f",
    "runs/breast_cancer/split_17/generation_202/students/ctgan/augment/11/weights.pt": "992d5cf9bac6ba6e6688ba208872e9500b3d642605bd4699fef0d03fbdabcab2",
    "runs/breast_cancer/split_17/generation_202/students/ctgan/augment/7/development_predictions.npz": "7784f86f2be2664eecfe5d7033af19a6fd0e6e57e7dcfea42c510a500a49edef",
    "runs/breast_cancer/split_17/generation_202/students/ctgan/augment/7/model.json": "37a0f44e2a141f7bec1391acc30a15d95bf8daca492a7138d534726bb7e6cea4",
    "runs/breast_cancer/split_17/generation_202/students/ctgan/augment/7/weights.pt": "c5cfcaacbced43e47c4ecbc406acb29c66af5def072a7c23313ad60447c08aea",
    "runs/breast_cancer/split_17/generation_202/students/ctgan/augment/logistic/model.json": "5e4543102aecfe2d01d413f43b7e19cb54883ce20db6b616ec6c512f89d9da3a",
    "runs/breast_cancer/split_17/generation_202/students/ctgan/synthetic_only/11/development_predictions.npz": "1cb72103d20e363b4cf7afa5c92803a901ba63d1b14139e4f81039e14885a291",
    "runs/breast_cancer/split_17/generation_202/students/ctgan/synthetic_only/11/model.json": "9d331dfecca28c757f736bf03fa1658c4b9e4fcbc18fdfaa203bcfd9cd57e0f5",
    "runs/breast_cancer/split_17/generation_202/students/ctgan/synthetic_only/11/weights.pt": "bb90b9a8397af1606d65effb67bf4cdb49d1b64b058b49316f4cc8f03de8c0bf",
    "runs/breast_cancer/split_17/generation_202/students/ctgan/synthetic_only/7/development_predictions.npz": "794e7049082d84a3220220ca381144e00c33e2c97695c720b174d523047f698a",
    "runs/breast_cancer/split_17/generation_202/students/ctgan/synthetic_only/7/model.json": "147117517b85fa84772b58d90ac927625b6fe8f03099d0178739dd264c33d4bf",
    "runs/breast_cancer/split_17/generation_202/students/ctgan/synthetic_only/7/weights.pt": "d3167fe4aa898d71b66ac71a863c5aa8f0a7ccdff8f9292aa5a48b22777d868d",
    "runs/breast_cancer/split_17/generation_202/students/ctgan/synthetic_only/logistic/model.json": "466fdb34c556f8f7e20585d0d05628b8c7c3757e69b7de129923ac62c90ec478",
    "runs/breast_cancer/split_17/generation_202/students/ctgan_one_mode/augment/11/development_predictions.npz": "6f64aa0ea876aa54626e8245e3daa5da118169e2425efe130babaf70baad55d5",
    "runs/breast_cancer/split_17/generation_202/students/ctgan_one_mode/augment/11/model.json": "22192b2bf9567da90a8e21d33f82ad6fc40bb02c35ba20706cf5442f8d567ea3",
    "runs/breast_cancer/split_17/generation_202/students/ctgan_one_mode/augment/11/weights.pt": "f0a33ef2c37e472cb4cd5dd17ed97b7f02e00b391e2656fc0ab4672b4697f4e5",
    "runs/breast_cancer/split_17/generation_202/students/ctgan_one_mode/augment/7/development_predictions.npz": "53e2afc6d6f4a787f3f655cca8874c460a22c8ec239acb4a4ff18dce1c48d42d",
    "runs/breast_cancer/split_17/generation_202/students/ctgan_one_mode/augment/7/model.json": "250a0bfa86e6d16289140f0de01608b2955862155acbc50b0bfcfcb0182f34e2",
    "runs/breast_cancer/split_17/generation_202/students/ctgan_one_mode/augment/7/weights.pt": "d99593e35a3d5915b58cf281d78c78a1902ae4290ac26379ad63b36b873a1024",
    "runs/breast_cancer/split_17/generation_202/students/ctgan_one_mode/augment/logistic/model.json": "e855160066fe5d1cad0a44d23935e24b6698f665b141887b61a5e393d5548893",
    "runs/breast_cancer/split_17/generation_202/students/ctgan_one_mode/synthetic_only/11/development_predictions.npz": "abdb107c4d3d60609712e3b19ef12a3ffd24fde4b7f22e2f86e45a1c5cc50cdb",
    "runs/breast_cancer/split_17/generation_202/students/ctgan_one_mode/synthetic_only/11/model.json": "28c7b27d1d79c790f5305aec21acfa62aa8c628b3abfacac03f56b1e47f5245e",
    "runs/breast_cancer/split_17/generation_202/students/ctgan_one_mode/synthetic_only/11/weights.pt": "8108f27f0b4a3a940d04499b15c5328aa998b2b41f3104744a15de95b41ef702",
    "runs/breast_cancer/split_17/generation_202/students/ctgan_one_mode/synthetic_only/7/development_predictions.npz": "e1333acc39114a8423729a25a34df04807ab44126d0f623cc10ca29f5359c1ff",
    "runs/breast_cancer/split_17/generation_202/students/ctgan_one_mode/synthetic_only/7/model.json": "deccf3f127a885dc241d0e6cb6334689b437ed00cab7796f9a8d8b610056ce04",
    "runs/breast_cancer/split_17/generation_202/students/ctgan_one_mode/synthetic_only/7/weights.pt": "09f77129889ef983f170ee298634543e88f9d25311c91cb58098737c06ea2bc9",
    "runs/breast_cancer/split_17/generation_202/students/ctgan_one_mode/synthetic_only/logistic/model.json": "69fcef93b130508c7cbf974294703dc62fdd1d72df6dff3be6c05904e3c22d39",
    "runs/breast_cancer/split_17/generation_202/students/ctgan_unpacked/augment/11/development_predictions.npz": "1ed4c2e02285774cb6901b7506d53794d346cef2efca5b81bbd93f0535c20edd",
    "runs/breast_cancer/split_17/generation_202/students/ctgan_unpacked/augment/11/model.json": "9b887dcc173ae68d6277f86f425a25a362dffb5f2943f193fc8ea5b75c2d7634",
    "runs/breast_cancer/split_17/generation_202/students/ctgan_unpacked/augment/11/weights.pt": "c4a1e8e20207a3a0005a33b222898502a7d8da2d4ceab4d83598d5e365cf3667",
    "runs/breast_cancer/split_17/generation_202/students/ctgan_unpacked/augment/7/development_predictions.npz": "0a83db4fcbc724bcb47f369270ea21b88c0c1e364bc35e8ed858f4c41a4f5a2a",
    "runs/breast_cancer/split_17/generation_202/students/ctgan_unpacked/augment/7/model.json": "56f884b87eacbe3754d16f6257b617b979fe2b6888dee27d61daec691940e7e6",
    "runs/breast_cancer/split_17/generation_202/students/ctgan_unpacked/augment/7/weights.pt": "1d9fa318db2baedf6d84a99432d1fdf9b04866f5ba92c8ac34f93305cb4a43d7",
    "runs/breast_cancer/split_17/generation_202/students/ctgan_unpacked/augment/logistic/model.json": "fe523458339d735709ea52773cbe86c5ec42c1afce3ebfc9110d14478eabebf7",
    "runs/breast_cancer/split_17/generation_202/students/ctgan_unpacked/synthetic_only/11/development_predictions.npz": "ae90da628cc461ae3a053fcc48ed302b8c7cee76ded81c80d3e88f9f3c0041d9",
    "runs/breast_cancer/split_17/generation_202/students/ctgan_unpacked/synthetic_only/11/model.json": "ea8d26920e0dac71a79c4e992874fea4ebdfee7246c2198caa38bc07dd458174",
    "runs/breast_cancer/split_17/generation_202/students/ctgan_unpacked/synthetic_only/11/weights.pt": "df04a24d13f6bbb93bd8b289a642c0c30a7e994d0d7f30edb51c8c0d3f513143",
    "runs/breast_cancer/split_17/generation_202/students/ctgan_unpacked/synthetic_only/7/development_predictions.npz": "b6f2c2ac8a024326f6d40a48dadd0bc05ee6bfc901e6d5b608804503740ed209",
    "runs/breast_cancer/split_17/generation_202/students/ctgan_unpacked/synthetic_only/7/model.json": "dcd6f6b07c806b954404ed4aa02ed3df85b69b7a67cb0e8babdefd1ee8bef86b",
    "runs/breast_cancer/split_17/generation_202/students/ctgan_unpacked/synthetic_only/7/weights.pt": "55cb4a1fb4764ce96804c4d3acf8df482b88504ef7abceeb8a162f23c7863317",
    "runs/breast_cancer/split_17/generation_202/students/ctgan_unpacked/synthetic_only/logistic/model.json": "c04990842baf41595bd53370dfbdd7870e7363b2a52a4ace3b242c1c96714854",
    "runs/breast_cancer/split_17/generation_202/students/ddpm/augment/11/development_predictions.npz": "e8a5b3e03a7bb44b656f84963c0505ca750ba457be9ab936a5b8fede4796dc5b",
    "runs/breast_cancer/split_17/generation_202/students/ddpm/augment/11/model.json": "39170a69007a04ef7225a7a0f538253ea9283f4d9d4c8622329586df7c1e6c00",
    "runs/breast_cancer/split_17/generation_202/students/ddpm/augment/11/weights.pt": "59c99f4c0e718b3a8bf929e0d61ecc82d70b61be87fc9c700d7eab520aad7857",
    "runs/breast_cancer/split_17/generation_202/students/ddpm/augment/7/development_predictions.npz": "bebcacbaebd28f8e05a82f0a9b0c760747688ea8a5c914898507104d4d9dabbc",
    "runs/breast_cancer/split_17/generation_202/students/ddpm/augment/7/model.json": "be2b58a33835d876424e775f0a265b731e56275ce3bacc3913e016996a576198",
    "runs/breast_cancer/split_17/generation_202/students/ddpm/augment/7/weights.pt": "a4d31aae6fc77ec2ac0c764c4374b406d3a25d925ace1b8cf9bcbee1e69e2c1a",
    "runs/breast_cancer/split_17/generation_202/students/ddpm/augment/logistic/model.json": "6ba9004c72b6329e0a670a1697c0fdc421bb645fbbfc37a11677eb895f17465a",
    "runs/breast_cancer/split_17/generation_202/students/ddpm/synthetic_only/11/development_predictions.npz": "476e8b9c0f6d8002492f55e65cee6c622202ebe23f26e290e5961a6031bb939e",
    "runs/breast_cancer/split_17/generation_202/students/ddpm/synthetic_only/11/model.json": "fd2318cc029db35c4b02b015ee1477773dc39721c6a4a4f73ea2a61e3e1bb97c",
    "runs/breast_cancer/split_17/generation_202/students/ddpm/synthetic_only/11/weights.pt": "b5cf2b0238e36a303385ccd16bb516e4e66f197a6febb22432a963caf24e20a2",
    "runs/breast_cancer/split_17/generation_202/students/ddpm/synthetic_only/7/development_predictions.npz": "1dab898446bcf6f372c18e5074bbe76a0a1d76d5a18dc87bc5667546c1f7ab93",
    "runs/breast_cancer/split_17/generation_202/students/ddpm/synthetic_only/7/model.json": "f16a2601ecaeab091a76759b6959ee31779a946a45c24882a7f9cfb415dbe1a8",
    "runs/breast_cancer/split_17/generation_202/students/ddpm/synthetic_only/7/weights.pt": "4efe5b13141ad5b168375f645f18e542a5796fa3bba2e030753bfb018e0647d3",
    "runs/breast_cancer/split_17/generation_202/students/ddpm/synthetic_only/logistic/model.json": "c4e9dd047f45d35b8a4a4e25af6b511d348b741ec814eaf4e9b355a608ad042e",
    "runs/breast_cancer/split_17/generation_202/students/ddpm_standardized/augment/11/development_predictions.npz": "7d4a32cddf57a3bd51bec5bfac8b45b351a57d5fc2a73d4cbf05f1acd67cd8be",
    "runs/breast_cancer/split_17/generation_202/students/ddpm_standardized/augment/11/model.json": "e1e6534b7b9161f2480c4fb084c527cf9ee879ae896a643b2cf9c9d0352242be",
    "runs/breast_cancer/split_17/generation_202/students/ddpm_standardized/augment/11/weights.pt": "d707122b3280e00138ee64689fb70d86ecd230b9b87c21b6b69f06054a1d8ff3",
    "runs/breast_cancer/split_17/generation_202/students/ddpm_standardized/augment/7/development_predictions.npz": "dcaf386dd023514f0d4684a92e40984e2018b83610a7be316faf6e69fc4d31e3",
    "runs/breast_cancer/split_17/generation_202/students/ddpm_standardized/augment/7/model.json": "eaf630b13fb65f85e8373214d170b4ddc1405df7ce0f8e84d497a5b99c719e15",
    "runs/breast_cancer/split_17/generation_202/students/ddpm_standardized/augment/7/weights.pt": "29aa606eb632c3055d50688201120b67771d6fc29f503e1b4a24374f38032bff",
    "runs/breast_cancer/split_17/generation_202/students/ddpm_standardized/augment/logistic/model.json": "f7b448ea1ec6d3c17fa720185bd17fbbf0bc921edaafca68e9ee03472268e270",
    "runs/breast_cancer/split_17/generation_202/students/ddpm_standardized/synthetic_only/11/development_predictions.npz": "f29987d7ea61a74fcca5a596d06ae7524de194a963c0e24da951c12ed27a2ae8",
    "runs/breast_cancer/split_17/generation_202/students/ddpm_standardized/synthetic_only/11/model.json": "81e2f04979cbf16cb7ffba7dc53823395a3d136a00b55fd3fe9f8c14043642fe",
    "runs/breast_cancer/split_17/generation_202/students/ddpm_standardized/synthetic_only/11/weights.pt": "fea7ba3d639ba0a1412edefc311a12a55ff8c581d16c4a6c9ca854ac095a7161",
    "runs/breast_cancer/split_17/generation_202/students/ddpm_standardized/synthetic_only/7/development_predictions.npz": "743a0cd8f6bd9b282136ddc97f1a0ea244a932bbe47dd300136889d4b0be317e",
    "runs/breast_cancer/split_17/generation_202/students/ddpm_standardized/synthetic_only/7/model.json": "a259c0d802c6cbf9952ca33e3053b59f8354f890852ef3d11b2194bd13a81627",
    "runs/breast_cancer/split_17/generation_202/students/ddpm_standardized/synthetic_only/7/weights.pt": "9d2b020624bc18da9ec989f5ebefc684292983d70fac459f9dcc9eaa5838ae73",
    "runs/breast_cancer/split_17/generation_202/students/ddpm_standardized/synthetic_only/logistic/model.json": "40a9b978aefc8239aa96ac51650bcacba6964661c22f48a19e119644d6628d00",
    "runs/breast_cancer/split_17/generation_202/students/ddpm_unconditional/augment/11/development_predictions.npz": "551fb9af79937edd60545a65e9acfaccd65b7c9f87f1c3858093fc63d9e5b6b3",
    "runs/breast_cancer/split_17/generation_202/students/ddpm_unconditional/augment/11/model.json": "7f3150d6e834f512852ddb019e45aa25fdd99df7805fe2b574c7b230a1e32495",
    "runs/breast_cancer/split_17/generation_202/students/ddpm_unconditional/augment/11/weights.pt": "278fa8851839b2bcf3a28efb72e2f42cd636060183081db261736560c43e7af5",
    "runs/breast_cancer/split_17/generation_202/students/ddpm_unconditional/augment/7/development_predictions.npz": "934c156b00706adb77c2aefaf3fd76267815ed6a9dd69d9324298a57276a80db",
    "runs/breast_cancer/split_17/generation_202/students/ddpm_unconditional/augment/7/model.json": "d58d5747cbe8392fb7b7123105776452c698af86fd0c5935068368b4b71515aa",
    "runs/breast_cancer/split_17/generation_202/students/ddpm_unconditional/augment/7/weights.pt": "9eb390d23703e62d6f4d5d6503cde4038c02b52d81647810c1c93961e754e39a",
    "runs/breast_cancer/split_17/generation_202/students/ddpm_unconditional/augment/logistic/model.json": "44da84b5b705ec0a4c2b47e881d1ebdd49c42e6afb054f1d1b67209b771f66ae",
    "runs/breast_cancer/split_17/generation_202/students/ddpm_unconditional/synthetic_only/11/development_predictions.npz": "49e8d848b317d9cb4437e3cf40c61116bcad43225ea2166044895c010f7c182b",
    "runs/breast_cancer/split_17/generation_202/students/ddpm_unconditional/synthetic_only/11/model.json": "1b241a275d8393d29e6493f7775500bf304b10c37080f6214d65ac11a93d09f6",
    "runs/breast_cancer/split_17/generation_202/students/ddpm_unconditional/synthetic_only/11/weights.pt": "6af2da5e90ca593fccfcb441499f57959ae2f7328940036d01ea0367b0c94160",
    "runs/breast_cancer/split_17/generation_202/students/ddpm_unconditional/synthetic_only/7/development_predictions.npz": "ef343d272ec1b95a72d306e178e233ac91f80c5fa50d31871fb4583b65fcd98e",
    "runs/breast_cancer/split_17/generation_202/students/ddpm_unconditional/synthetic_only/7/model.json": "083b395325a60ac45b9edf4da393d6d24f31bdeeb0488314a288245345a46c54",
    "runs/breast_cancer/split_17/generation_202/students/ddpm_unconditional/synthetic_only/7/weights.pt": "da0080d2e254096ccb533ce59943d3795592cab81cf27b730a0e7a5402f4320e",
    "runs/breast_cancer/split_17/generation_202/students/ddpm_unconditional/synthetic_only/logistic/model.json": "f476724dac386830d6876c07d115aee3cc22eeaf2fa1767585507467102215d8",
    "runs/breast_cancer/split_17/generation_202/students/mixture_support/augment/11/development_predictions.npz": "155c977489589e974e7f2d76428195d40aa00f136b3a442c310ecec774d0de6a",
    "runs/breast_cancer/split_17/generation_202/students/mixture_support/augment/11/model.json": "1dbca4c822296032a499bfb3fdfbcdf3b7beffc4cacef452c43acebe92cf3c60",
    "runs/breast_cancer/split_17/generation_202/students/mixture_support/augment/11/weights.pt": "09912f452aa02346606953314b5823ddaecf8ae7053456b29714ea7c7922b53d",
    "runs/breast_cancer/split_17/generation_202/students/mixture_support/augment/7/development_predictions.npz": "dd2986061f3391372ea7c54067832961cd0f7f55e89a8695650149801ffa0ee2",
    "runs/breast_cancer/split_17/generation_202/students/mixture_support/augment/7/model.json": "79635de9f128d0484adc539d7d2ba1a50295f8206dbc9cea4359ed74873957c1",
    "runs/breast_cancer/split_17/generation_202/students/mixture_support/augment/7/weights.pt": "4f6bf877b7da6445218c9cc9d7db6bd0c61be120756ef90ef357bd65e26133e4",
    "runs/breast_cancer/split_17/generation_202/students/mixture_support/augment/logistic/model.json": "195fbf764c851f4faee24e1edf071d25b1fa10f24582f7d5ca8ac9ce68307ba8",
    "runs/breast_cancer/split_17/generation_202/students/mixture_support/synthetic_only/11/development_predictions.npz": "76004ad40d569c9f67e59706043ad513987e9e4cca467082d5d63c182291cd5a",
    "runs/breast_cancer/split_17/generation_202/students/mixture_support/synthetic_only/11/model.json": "3664e0b2636004ef5f8a2d6c39d3202a3d2cf834cd156390b153123eadabfa94",
    "runs/breast_cancer/split_17/generation_202/students/mixture_support/synthetic_only/11/weights.pt": "07f6d1bf08e123bc22d8519d3342eac5d7dae2f5354ae140db3d0eb2937ff28e",
    "runs/breast_cancer/split_17/generation_202/students/mixture_support/synthetic_only/7/development_predictions.npz": "28817e7055b88b30fd4f5b3557d5d721a2b7bc9caa62eed1f8d350ce3f3acbdb",
    "runs/breast_cancer/split_17/generation_202/students/mixture_support/synthetic_only/7/model.json": "be46f61e3abff37e0125be1bab4093c74b34cbbdf283fe4c66509b435f568ca3",
    "runs/breast_cancer/split_17/generation_202/students/mixture_support/synthetic_only/7/weights.pt": "714c5e95ffd2ad0192222d23bd46b1b02045670726e820f422a6b8c0f5190656",
    "runs/breast_cancer/split_17/generation_202/students/mixture_support/synthetic_only/logistic/model.json": "721a6ca71aee2a847ed46f4fdf92b235207a811b421d9c63074021da8c2fded5",
    "runs/breast_cancer/split_17/generation_202/students/mixture_uniform/augment/11/development_predictions.npz": "d891215bb0d25ec2106b8f5c8040f5ea8d4ea4d9f1fccf71a5bdd48be1f2ce2d",
    "runs/breast_cancer/split_17/generation_202/students/mixture_uniform/augment/11/model.json": "7176b846873f3bc6e89aec2976da3b22ee1693355f81485f62ddd80e6d0fe689",
    "runs/breast_cancer/split_17/generation_202/students/mixture_uniform/augment/11/weights.pt": "bdf6bf62acd286088186f37cfab957c67b52119cb8823b16c3f7714ae273065f",
    "runs/breast_cancer/split_17/generation_202/students/mixture_uniform/augment/7/development_predictions.npz": "45f5fd0da4423d6479466245ad49f2dd4359b728ddb1986975f667450a31253e",
    "runs/breast_cancer/split_17/generation_202/students/mixture_uniform/augment/7/model.json": "e115cd97de296a47129286eafa0cf464c753a84150701b3e9d6f0d6d6711ef4d",
    "runs/breast_cancer/split_17/generation_202/students/mixture_uniform/augment/7/weights.pt": "8973af5a663f41d8c90945467c0cae89c2ea34c700c39071d7c432949e4facb0",
    "runs/breast_cancer/split_17/generation_202/students/mixture_uniform/augment/logistic/model.json": "4b79fd3cbdfd28bef3d5169cf7f04345bb33228fd05ff28ba7f493916292c98e",
    "runs/breast_cancer/split_17/generation_202/students/mixture_uniform/synthetic_only/11/development_predictions.npz": "9c315f53b4deda834f318e60212fa9bb38c0b09a9cdf4f8107fd2f99cd7af439",
    "runs/breast_cancer/split_17/generation_202/students/mixture_uniform/synthetic_only/11/model.json": "8c4318166a1a2803fbf6ce80bbea407013f666ba0ad5c16fe796db024e2c4d1a",
    "runs/breast_cancer/split_17/generation_202/students/mixture_uniform/synthetic_only/11/weights.pt": "f4fc8795480dbeff96d47f9d623a2f46d9e2373a8ddce07dc5540cadd10068b8",
    "runs/breast_cancer/split_17/generation_202/students/mixture_uniform/synthetic_only/7/development_predictions.npz": "632e337aeb2c20711a4b6f50007a5979acc440b7e9d63260b299e6e8d327052e",
    "runs/breast_cancer/split_17/generation_202/students/mixture_uniform/synthetic_only/7/model.json": "7fa9d412385b8439a426ea19a73d29d8e04b845987b3cd2f0e633e15fb05c5bd",
    "runs/breast_cancer/split_17/generation_202/students/mixture_uniform/synthetic_only/7/weights.pt": "ca8c3a9296edb956cf109a441bbf499a36e6fb9cdceaef23f7f97aebf7450bd9",
    "runs/breast_cancer/split_17/generation_202/students/mixture_uniform/synthetic_only/logistic/model.json": "ee2d45ce04d6ebaeb0cc20b819b4a32564e335fac53fc3199b1b273fb98ba6b6",
    "runs/breast_cancer/split_17/generation_202/students/mixture_utility/augment/11/development_predictions.npz": "9b82e8d63aaeb6f2a47294c87945af84ee27aad1304707157dc20b3595eaa83d",
    "runs/breast_cancer/split_17/generation_202/students/mixture_utility/augment/11/model.json": "1973280a7191e26acfae28d7e9cee3cad960ffd8e72ba1d394fa88d303a834fc",
    "runs/breast_cancer/split_17/generation_202/students/mixture_utility/augment/11/weights.pt": "489f6add8bd883fe5172febe4cdc8958050cdeec6c331c07a2afadab2123d9bc",
    "runs/breast_cancer/split_17/generation_202/students/mixture_utility/augment/7/development_predictions.npz": "fd7d46373c96fb93aeb7d674bbd90048420864ee317c557a38c8a8d427c18f00",
    "runs/breast_cancer/split_17/generation_202/students/mixture_utility/augment/7/model.json": "9ded64a34deb1143d60747a443a6afed14cff044f8a7506854f67bce5a885160",
    "runs/breast_cancer/split_17/generation_202/students/mixture_utility/augment/7/weights.pt": "192d5c7249b68078bcb583656e177a02343fcacf090f252dde0695b583b4fd2e",
    "runs/breast_cancer/split_17/generation_202/students/mixture_utility/augment/logistic/model.json": "d3f23db32de7556dbcd6fd963461826b44b9cce98de76b95855d6159b7f2a4f9",
    "runs/breast_cancer/split_17/generation_202/students/mixture_utility/synthetic_only/11/development_predictions.npz": "1c2fc0f8056f34757a74533759e5e4e4e67845b6856dfdd5133629327cdec0ec",
    "runs/breast_cancer/split_17/generation_202/students/mixture_utility/synthetic_only/11/model.json": "fa0a62da46dcba53965343880169719d6fee5cd3e16aa1160c58d375753239b0",
    "runs/breast_cancer/split_17/generation_202/students/mixture_utility/synthetic_only/11/weights.pt": "c772e92662a8c6eb0d812576d0648ac136cefe2182f8dfeb1c8ab9617836031f",
    "runs/breast_cancer/split_17/generation_202/students/mixture_utility/synthetic_only/7/development_predictions.npz": "7c8562f4e662bed68dad7934993f8a93701439d2dbd72e3f3727a537a9f54b96",
    "runs/breast_cancer/split_17/generation_202/students/mixture_utility/synthetic_only/7/model.json": "5f321a0a85c1c6c9d6bcd28bba08b541ddd8eba4dce92d780d0ea37f25d5aefa",
    "runs/breast_cancer/split_17/generation_202/students/mixture_utility/synthetic_only/7/weights.pt": "854b2c8f42c5bfa7a50da906ec0e95b488065cae5249dac340880c4c066dba17",
    "runs/breast_cancer/split_17/generation_202/students/mixture_utility/synthetic_only/logistic/model.json": "dbfdb3be617b60a4e9f9633789b436431da635ad7c0b5455e72a30767740c46b",
    "runs/breast_cancer/split_17/generation_202/students/mixture_utility_support/augment/11/development_predictions.npz": "c3d785d7a3bc3a822334f456c3b2e541f4b8c308335c2ab1f24f733752b1e742",
    "runs/breast_cancer/split_17/generation_202/students/mixture_utility_support/augment/11/model.json": "01a3b3b4bf4f35aa83f9232c030bd35a2d242c7de9563b61ed2fccb6158c40fd",
    "runs/breast_cancer/split_17/generation_202/students/mixture_utility_support/augment/11/weights.pt": "1c394ebc346ccc06bfaaeb378f2dc7221d8d4aa08ca59a8dd0215d3f054b3972",
    "runs/breast_cancer/split_17/generation_202/students/mixture_utility_support/augment/7/development_predictions.npz": "2d74a4c216762c953d56dd4fad9d84830d33544bb837e4773a65ae2270172b2c",
    "runs/breast_cancer/split_17/generation_202/students/mixture_utility_support/augment/7/model.json": "47a45e545f800211cfdcc4515b2d628390fb29fdc8b0f40f8978def4b3523b13",
    "runs/breast_cancer/split_17/generation_202/students/mixture_utility_support/augment/7/weights.pt": "02beeb3a02a6f3bc8463d3db31806309b10865b335274eaf8c4eb41de5090b1c",
    "runs/breast_cancer/split_17/generation_202/students/mixture_utility_support/augment/logistic/model.json": "8a8d5f13c5eaebb92cd668d7eb46f02144f0f3c7cb3f8378948d151ea65eb00f",
    "runs/breast_cancer/split_17/generation_202/students/mixture_utility_support/synthetic_only/11/development_predictions.npz": "0f6575f8a22d8048c992bd5f77c8b1deb8ba108e7323ce18e09d09acf6222e19",
    "runs/breast_cancer/split_17/generation_202/students/mixture_utility_support/synthetic_only/11/model.json": "9af3a67266be67cad35edda0b8fd4f0e338eb04bd82b23f5710a24ece01cc10b",
    "runs/breast_cancer/split_17/generation_202/students/mixture_utility_support/synthetic_only/11/weights.pt": "b9136e549c38acde958c03a2778e6d76a42cf2a48f196f69ab8a7a37de778a50",
    "runs/breast_cancer/split_17/generation_202/students/mixture_utility_support/synthetic_only/7/development_predictions.npz": "50371c8eb558aa0ca1169693e394bfef84d8d544bc509c1297ddd9c709442c53",
    "runs/breast_cancer/split_17/generation_202/students/mixture_utility_support/synthetic_only/7/model.json": "25928c01fb7a496762889ebb4c4916c2d1bd551abf00da13ffcf7b4e06d86421",
    "runs/breast_cancer/split_17/generation_202/students/mixture_utility_support/synthetic_only/7/weights.pt": "8f15eaa86fd434310a60f0c8a17db9f85e8516aa8378f7446cb8dbb9bee16285",
    "runs/breast_cancer/split_17/generation_202/students/mixture_utility_support/synthetic_only/logistic/model.json": "1214e32bd847b8356c151565e40dd3e3cbcc1ac7e5fd9648603b2a8fb5168c61",
    "runs/breast_cancer/split_17/generation_202/students/real_only/real_only/11/development_predictions.npz": "53d13ec5195c37449d6ed6c45aabd498ccf45446e1812c7d5db90273ea290eab",
    "runs/breast_cancer/split_17/generation_202/students/real_only/real_only/11/model.json": "658bceafa07bad93eba5158b39311242a1a3c26a4f9f5eb5ca0e6fb6b4a38873",
    "runs/breast_cancer/split_17/generation_202/students/real_only/real_only/11/weights.pt": "20e9e0634443a703ddfc9817155de88432dd0ad351c5dc93bd8cb8c161692eb4",
    "runs/breast_cancer/split_17/generation_202/students/real_only/real_only/7/development_predictions.npz": "b8e34fbc2085aedb005344bdd6dfec1e31b9d83c83b285ea4c4cc8b23dccd34e",
    "runs/breast_cancer/split_17/generation_202/students/real_only/real_only/7/model.json": "92ab460624bf4cba196ea9f7520d95a35b7891aae7e12b0b77e9dfd16a429143",
    "runs/breast_cancer/split_17/generation_202/students/real_only/real_only/7/weights.pt": "389bf137a878096b3393d31ec9f35b0785f01c93d40eca6dd94c1dd1c057d137",
    "runs/breast_cancer/split_17/generation_202/students/real_only/real_only/logistic/model.json": "6a472a705120d558b8de2929250a22ee7137d7756cae40462848e5ee2ac3b8e9",
    "runs/breast_cancer/split_17/generation_202/students/smote/augment/11/development_predictions.npz": "0570c866c31e281359b2b3a8c962e350423f9762ab67feccf3eb0117a0c341a2",
    "runs/breast_cancer/split_17/generation_202/students/smote/augment/11/model.json": "ace20911d981752028ef57ce41bde6444ae27a5e12241edafe702b000108d344",
    "runs/breast_cancer/split_17/generation_202/students/smote/augment/11/weights.pt": "2212581635e30d8babc1ddbfdba72cad917cfbfe9800c5690c0b385fbb66313d",
    "runs/breast_cancer/split_17/generation_202/students/smote/augment/7/development_predictions.npz": "bb2f2e9893af333c8dc3483074fa369c50ea0e3d41c81fde2e8ec0be8675f6fe",
    "runs/breast_cancer/split_17/generation_202/students/smote/augment/7/model.json": "d11dda27a6c6081978672027e8f9d8a2981433b77a3e44d65e14c90426a4568f",
    "runs/breast_cancer/split_17/generation_202/students/smote/augment/7/weights.pt": "3c2d3fe01f63eec99ece0cae0c1cf9c5bb55d310f5859d1c7f6c36906a72883a",
    "runs/breast_cancer/split_17/generation_202/students/smote/augment/logistic/model.json": "2be235358cfec8886cf099721342032cd29818c9d183218262e3b44739fc5bc6",
    "runs/breast_cancer/split_17/generation_202/students/smote/synthetic_only/11/development_predictions.npz": "c0c0c6e758a07d77fb5ba0c5bff66cb49aff1d970d29599e9b77ba9b45e96947",
    "runs/breast_cancer/split_17/generation_202/students/smote/synthetic_only/11/model.json": "9cc4baff7ce977c0f9b2faad03ac4747692a614a24fc2d3654416560f8b289d1",
    "runs/breast_cancer/split_17/generation_202/students/smote/synthetic_only/11/weights.pt": "33c245002ede7425eeb6b636e8bb543ec70e8204491a5b7f6b3bae17ed7e0231",
    "runs/breast_cancer/split_17/generation_202/students/smote/synthetic_only/7/development_predictions.npz": "0dd42226e2d9ea404e1a5320ca9b82f1eeca3d6525bfd2374396a5cf8df702a3",
    "runs/breast_cancer/split_17/generation_202/students/smote/synthetic_only/7/model.json": "c1ba2b3b208bc6d5f1d357328672c1a4d772c2bdd89dc40b51ce3bfe359b9ed4",
    "runs/breast_cancer/split_17/generation_202/students/smote/synthetic_only/7/weights.pt": "af0d3e7f06b5a14c8c58af44d3d6a44edcdc9fc4eaec93b95f6fbc04119d2902",
    "runs/breast_cancer/split_17/generation_202/students/smote/synthetic_only/logistic/model.json": "0f4c64e96b36e67be02e226aa75bc881fb9d1b5dfd7d02a41982b33ddd76e1c2",
    "runs/breast_cancer/split_17/generation_202/students/tvae/augment/11/development_predictions.npz": "35cf451c75d419df7a58251a32b69b568a2d4d306b1f91b068e5e67df49ba7c1",
    "runs/breast_cancer/split_17/generation_202/students/tvae/augment/11/model.json": "9f82f17b9265c9f34bf1a4a6b9e49cd3e32fa86c62516d51dca1a1d9e8a6c37f",
    "runs/breast_cancer/split_17/generation_202/students/tvae/augment/11/weights.pt": "5c43843ae20b7f293bb4be486b23b8ef575fe4e2644a89dfce0b99f790f63f7d",
    "runs/breast_cancer/split_17/generation_202/students/tvae/augment/7/development_predictions.npz": "980d39461bb8c5081ed8480551cfb3d6e76567e7c8cb1b732016eac132b134fe",
    "runs/breast_cancer/split_17/generation_202/students/tvae/augment/7/model.json": "83ad0a825d010972e2d105f2816944d8dee8c3955060889292d59289b21bf4c5",
    "runs/breast_cancer/split_17/generation_202/students/tvae/augment/7/weights.pt": "9cdf46d38aead8770d7d40c6696e2bec1be056167c3506004a390e2ad6da1f35",
    "runs/breast_cancer/split_17/generation_202/students/tvae/augment/logistic/model.json": "db103b72a5b627eb9df07714b1537db21267c3f6f62b899864cd26b5e58eb1bd",
    "runs/breast_cancer/split_17/generation_202/students/tvae/synthetic_only/11/development_predictions.npz": "8f968fa883f924e95f4c8e4f76ce37be68d9b2dcc13e6ad2f783d862bbd21a7f",
    "runs/breast_cancer/split_17/generation_202/students/tvae/synthetic_only/11/model.json": "fa62462d0af261d08133ecffe7da908e16ceda4a2887f9dce1b000360d56bdab",
    "runs/breast_cancer/split_17/generation_202/students/tvae/synthetic_only/11/weights.pt": "ff891259f7c00c77517adc13a5640b6c4df9fa8ae5d3b1987c8d3b1ac607bddb",
    "runs/breast_cancer/split_17/generation_202/students/tvae/synthetic_only/7/development_predictions.npz": "381822da3f0edaca7f42b901d80c882630c79e2ecb6f8ec70886bc0e43682083",
    "runs/breast_cancer/split_17/generation_202/students/tvae/synthetic_only/7/model.json": "2f50d7ba564f6574f2f991e8686059c4ca1a54d7f4a534a73c601dd62122d554",
    "runs/breast_cancer/split_17/generation_202/students/tvae/synthetic_only/7/weights.pt": "b7c30d7dca2c6fb07bde20e9562c6c8bb6ee5c0dc7f9bee706b396c5ec917be4",
    "runs/breast_cancer/split_17/generation_202/students/tvae/synthetic_only/logistic/model.json": "141f313fcd353810cbe7d4a7e464d055d40d5d06e3c3ea75a24b2db0806724f0",
    "runs/breast_cancer/split_29/generation_101/datasets/bootstrap/manifest.json": "8adb12c3873a2e6f17b85611839977a104a138dd1a41e9a512c0a235ca277cbe",
    "runs/breast_cancer/split_29/generation_101/datasets/bootstrap/training.npz": "752bed817854a9391b2da1ccae32b0f7b0dd3d8f6ba80d22c52d5ff365b3ff63",
    "runs/breast_cancer/split_29/generation_101/datasets/copula/manifest.json": "feddd0e30a930c3a7ebfcbfba2a1dc3665d2e5dc0ea22012bc7893d1b79f05c5",
    "runs/breast_cancer/split_29/generation_101/datasets/copula/training.npz": "9695b1abdc0dcb0eb14e2b8233209e11aaf4f86dc04dc7307e00b1affa05a12d",
    "runs/breast_cancer/split_29/generation_101/datasets/ctgan/manifest.json": "cdc158fb7dcde5a0d001da78e791f9899d0466eee3396c925c56d3f8e76b56ab",
    "runs/breast_cancer/split_29/generation_101/datasets/ctgan/training.npz": "7a2fa1a7c9d510c3c47be674020cf06cc7ddc06834d9b46347c9a554e9bfa711",
    "runs/breast_cancer/split_29/generation_101/datasets/ctgan_one_mode/manifest.json": "85224e7847c79d4eb948f7bb2de9da78516822969768e18cd3592c751da3119a",
    "runs/breast_cancer/split_29/generation_101/datasets/ctgan_one_mode/training.npz": "f2540582174f7e2432255eafc5c3ef9052a272c9fd4cb76de6e9a0c0aefd8579",
    "runs/breast_cancer/split_29/generation_101/datasets/ctgan_unpacked/manifest.json": "9cf939d7398daf8765b0d22300efd0083369fa4c14e5109f4e78d1a583fa28e7",
    "runs/breast_cancer/split_29/generation_101/datasets/ctgan_unpacked/training.npz": "63c7810f0856977b91f09795cadae448e043b8a4d9ab3ca7f65e3b1bbc5d2f78",
    "runs/breast_cancer/split_29/generation_101/datasets/ddpm/manifest.json": "349eb8b14682c89e4b7912985e08ee71114a40a5fac60f2c51367590cca2adb9",
    "runs/breast_cancer/split_29/generation_101/datasets/ddpm/training.npz": "52cb8fda726539bd60e5c0dad17d76ec5a73899d1fe0922303271972e804b66e",
    "runs/breast_cancer/split_29/generation_101/datasets/ddpm_standardized/manifest.json": "a1dce0bb0f2661cb0e94ccadcbcb06b2b01086353d2f73d5b5f07378ece43681",
    "runs/breast_cancer/split_29/generation_101/datasets/ddpm_standardized/training.npz": "d7bd98a4086a7122af5cc66e194d2309b323840d84d3ab462ae29d0248b681c9",
    "runs/breast_cancer/split_29/generation_101/datasets/ddpm_unconditional/manifest.json": "87c6881901dbf3e13230ec79fc4342d9f397db1f914bc8fd3b9cf84783c0d509",
    "runs/breast_cancer/split_29/generation_101/datasets/ddpm_unconditional/training.npz": "6d4a189ac3a1cb94825b8cc87188d93fdb4df5d580513a235d27963d61637587",
    "runs/breast_cancer/split_29/generation_101/datasets/mixture_support/manifest.json": "085e09200d84ea328983c9ff7d48c574920fb8b4b948f088b18077d095c43f93",
    "runs/breast_cancer/split_29/generation_101/datasets/mixture_support/training.npz": "35f87403c6161fd1e9231972a28ecc69afa7f8a3501702b64528f2e8bbc25a02",
    "runs/breast_cancer/split_29/generation_101/datasets/mixture_uniform/manifest.json": "264129db2f4f15202bba06809ceb933d5ab64c0ddddd7c150cc3f7427988726e",
    "runs/breast_cancer/split_29/generation_101/datasets/mixture_uniform/training.npz": "495ad6d8cb1c4614b53b32015b16a3c20a1b841951056a6f1aaabe3033024c4f",
    "runs/breast_cancer/split_29/generation_101/datasets/mixture_utility/manifest.json": "a83d604f8eedc8bac3102b47869443d078c079a0c8763d2dfb68bae9229aaba7",
    "runs/breast_cancer/split_29/generation_101/datasets/mixture_utility/training.npz": "3116546f1416bf2859c311875988c3ae21399a38ad3d8cb141cc2d0ab13352b6",
    "runs/breast_cancer/split_29/generation_101/datasets/mixture_utility_support/manifest.json": "8f176e6afa922849a417256f14fe684d0f85a7184a616ea1c01e202df4a0bc14",
    "runs/breast_cancer/split_29/generation_101/datasets/mixture_utility_support/training.npz": "1db1d4581aa855fb197c93970fa91daa97e211b78650e8e0563b8d109c3f92d1",
    "runs/breast_cancer/split_29/generation_101/datasets/smote/manifest.json": "75c32fc63508aacbb8da43321e7ce52b2da730e9f16a4b4700ee2b54d6292def",
    "runs/breast_cancer/split_29/generation_101/datasets/smote/training.npz": "d7ab9096847cd8894eecf722804932dcbbecd0fe8903e361ee6e86351e044c4a",
    "runs/breast_cancer/split_29/generation_101/datasets/tvae/manifest.json": "abe8d2a679d87ece56f335cd1b27b1964dfaffe17d7fb09764cb40c5c81c0235",
    "runs/breast_cancer/split_29/generation_101/datasets/tvae/training.npz": "de3842750f0ef107d41d33e2e13e01abba9aa832845782de7a8500af8204d6bb",
    "runs/breast_cancer/split_29/generation_101/development_selection.json": "1f14851dd29cac5f51c5a85ac592d8ed345b91f91571ac2d87977d0a4acddda0",
    "runs/breast_cancer/split_29/generation_101/generators/bootstrap/audit.json": "8cb0b7e75bf011d95fc4b3f1d97b658083d728363e5640b2d316e79d449a8f42",
    "runs/breast_cancer/split_29/generation_101/generators/bootstrap/model.json": "ce2f6e3a0239da2cc77d7b55c4bcd8ab89bb6108f56d4966d517df26be44262e",
    "runs/breast_cancer/split_29/generation_101/generators/bootstrap/pool.npz": "03444011f4968ae967255190ca21f3430a765400ab3b7e6bcfcf0d95ca183e24",
    "runs/breast_cancer/split_29/generation_101/generators/copula/audit.json": "9c4a501fe11fed205bb8309a1e04d95f18de1ad754eaa3a1a21ac76afffa97db",
    "runs/breast_cancer/split_29/generation_101/generators/copula/model.json": "70a3edef5190d7407c0dd9974bca6d197b2ac00132c72aae20fa8e175e1546a4",
    "runs/breast_cancer/split_29/generation_101/generators/copula/model_arrays.npz": "daa630b3536f4a51cac767d3ce4bd85415ec2b01466e1f64deaf4b01498c60ea",
    "runs/breast_cancer/split_29/generation_101/generators/copula/pool.npz": "51ea792c6347fd9159f60d10ad6cfd64bf23f7591f50974957439292d203e990",
    "runs/breast_cancer/split_29/generation_101/generators/ctgan/audit.json": "ac64c624edf48a1ae104870182e3a484271c4784fad511be8180947ef7c629bb",
    "runs/breast_cancer/split_29/generation_101/generators/ctgan/model.json": "1818ea2529f346b509293c878b8c8bb9429e6d8abbb2921b2ee2131975e1a420",
    "runs/breast_cancer/split_29/generation_101/generators/ctgan/pool.npz": "9585fd58af9ef9ab3b631d2a3408fd195dda2900f39ed43f3770e09f4db399ad",
    "runs/breast_cancer/split_29/generation_101/generators/ctgan/weights.pt": "0677c20d79ab325c640ffcf169dacbbdd5b434a5738d19b81198d5878b6db923",
    "runs/breast_cancer/split_29/generation_101/generators/ctgan_one_mode/audit.json": "f96ab94f7db77c2cec145c1a514b15e6652c2790189ea29115874737b1ba39d4",
    "runs/breast_cancer/split_29/generation_101/generators/ctgan_one_mode/model.json": "72551563d1c981acfeea4269f219539da869e3bf397f300ae4e4a89cebc3c414",
    "runs/breast_cancer/split_29/generation_101/generators/ctgan_one_mode/pool.npz": "1882ef4d47e8fb7c05ca2d3896a5b4996ccb6c610ce051e02e8b0273a06c6779",
    "runs/breast_cancer/split_29/generation_101/generators/ctgan_one_mode/weights.pt": "531dfe5f5f33da0dd6d9dae822787b6b1d312ad95f09cf62ebe1e8ad011f2c7b",
    "runs/breast_cancer/split_29/generation_101/generators/ctgan_unpacked/audit.json": "66b7e3d51ea595876876668f455838b8779c0b95f514b9dfa4568fb8070f91e1",
    "runs/breast_cancer/split_29/generation_101/generators/ctgan_unpacked/model.json": "3f136f4e81b9c45a2f05dabd503ae2a46ba1dd110261dc706a0829f9bc07c249",
    "runs/breast_cancer/split_29/generation_101/generators/ctgan_unpacked/pool.npz": "423ee8587dccc360140be806da3d75cccbe1591630774136cc4af367aa34afce",
    "runs/breast_cancer/split_29/generation_101/generators/ctgan_unpacked/weights.pt": "85caa4dd0b0ed9f189eacfe23ec730389b8400ffd358b6558d8d0314059ac37c",
    "runs/breast_cancer/split_29/generation_101/generators/ddpm/audit.json": "1fc30f1f2ee5066f4b9ce06fc9ce138b5d89161ce183e28e9ecb1e037673cd2a",
    "runs/breast_cancer/split_29/generation_101/generators/ddpm/model.json": "d872c5ebc76412be6ab1118d68fbac7a8a1abf7e1159d68bb4e1b55062fcee46",
    "runs/breast_cancer/split_29/generation_101/generators/ddpm/pool.npz": "633c7a4cda75341cd213ad232a4b43744806910e4ea8f427f75f42bcbb1d5891",
    "runs/breast_cancer/split_29/generation_101/generators/ddpm/quantiles.npz": "36291bcc4606bdbc8a65f82ef035df2f323c6fcf36d5d82d8279f3aa8404b3a4",
    "runs/breast_cancer/split_29/generation_101/generators/ddpm/weights.pt": "097598197369940f1d48699ee3fc2971c3e28f964f3cd9e1135658cbd2b13060",
    "runs/breast_cancer/split_29/generation_101/generators/ddpm_standardized/audit.json": "6d1eacb18650db58f91a9c7e44999c3e4d1cf56fb7593821ac751bd9ec3aeaeb",
    "runs/breast_cancer/split_29/generation_101/generators/ddpm_standardized/model.json": "a990c48fd87ee1ac16ae8771c6ada9354263da53ce01a03612374c9c261e4c5f",
    "runs/breast_cancer/split_29/generation_101/generators/ddpm_standardized/pool.npz": "aeff5ff45cc45023936c63d6dfc80fdaeb4dc043172652984a69e1c34994cee2",
    "runs/breast_cancer/split_29/generation_101/generators/ddpm_standardized/quantiles.npz": "102722859768e908d35c3374727f7f3315ebd19e2b0865d1612f8762aefaa108",
    "runs/breast_cancer/split_29/generation_101/generators/ddpm_standardized/weights.pt": "b4de11ab746534460f692e730f0588176b9886f0130877e6a548c4c206702a2b",
    "runs/breast_cancer/split_29/generation_101/generators/ddpm_unconditional/audit.json": "1a36ac0132eb2c7a3b5a238f7c7b23f40a58f962839ef894c7e96d1b2c21a62d",
    "runs/breast_cancer/split_29/generation_101/generators/ddpm_unconditional/model.json": "36356c42b75a0935f247c318afea9fffa1130457c616d0b05ee9c12bc313477a",
    "runs/breast_cancer/split_29/generation_101/generators/ddpm_unconditional/pool.npz": "e917e94ae2c13efb296aacf1d57517acec079237837333c3c4c2c7f9cf825a67",
    "runs/breast_cancer/split_29/generation_101/generators/ddpm_unconditional/quantiles.npz": "36291bcc4606bdbc8a65f82ef035df2f323c6fcf36d5d82d8279f3aa8404b3a4",
    "runs/breast_cancer/split_29/generation_101/generators/ddpm_unconditional/weights.pt": "85f24107e639c86c189ec39ab507152f476637f18cdbb7627f4b163e87e6b647",
    "runs/breast_cancer/split_29/generation_101/generators/mixture_support/audit.json": "7771e3a43e2dd995bab10ec67485e3430cde722da120e6af24e0eb1e7edba685",
    "runs/breast_cancer/split_29/generation_101/generators/mixture_uniform/audit.json": "98f737cd39429088aaf6b321c6524bf6c49e10fda06301c6676331dd5440bbe4",
    "runs/breast_cancer/split_29/generation_101/generators/mixture_utility/audit.json": "e74fdac59d057a637fa529c4f5128402d5bee24e611cbfb6273f2788e8f9b210",
    "runs/breast_cancer/split_29/generation_101/generators/mixture_utility_support/audit.json": "f3b0c4837bb63546e87c1726870c797bade3abf387d7e94068cca17d4734925e",
    "runs/breast_cancer/split_29/generation_101/generators/smote/audit.json": "8f3e8b6cfaf5e6a091cc284e6099697844cb0ab1704942df521bafd28105fb06",
    "runs/breast_cancer/split_29/generation_101/generators/smote/model.json": "3a4a034537301c9e380122073301c27c190b4b01cd90289ef95ebac10f2b24ed",
    "runs/breast_cancer/split_29/generation_101/generators/smote/model_arrays.npz": "fcad6ab64cfb50cd30110b350b71f42912735ffd0e625b616c4afebe8a1c5163",
    "runs/breast_cancer/split_29/generation_101/generators/smote/pool.npz": "1fccd73a78902059fce30ff29489605e4fbbe234958d514cb0f22d8a5700409b",
    "runs/breast_cancer/split_29/generation_101/generators/tvae/audit.json": "7456c51e25a8514f3b6725bb7abde1a000d1b0e520528b7b19642654068753d9",
    "runs/breast_cancer/split_29/generation_101/generators/tvae/model.json": "333e8269b7bc9e6c7784ff27b04c38acc0e7c50c63b5811cc085f2da8b0af2eb",
    "runs/breast_cancer/split_29/generation_101/generators/tvae/pool.npz": "e8e404edc64265635c110d9a261158225a8ddbfa799d894e6e634d9c71a3e0ca",
    "runs/breast_cancer/split_29/generation_101/generators/tvae/weights.pt": "b85b6ab28c325cbb36192aec5d0b7eabfab39162784b9ffb565e434e5f1b2a6e",
    "runs/breast_cancer/split_29/generation_101/index.json": "1dd56ace32e856a87286bb1df877c7b8ef09f3a13901eccfecfacf5be9fc50ac",
    "runs/breast_cancer/split_29/generation_101/portfolio_inputs.json": "3685ac970a1f083e0f1cf4fc01e06ee18cc29f62c14324072faa9ab07b7939f3",
    "runs/breast_cancer/split_29/generation_101/probes/copula/11/development.json": "f147f48e75bbd9f2db12dbb652cdf84fed4a841194a4079f5b4969b4b32e1700",
    "runs/breast_cancer/split_29/generation_101/probes/copula/11/model.json": "cb5330bf5c5ebc7656c22fd66a3fbcf50252416b11c70148f511dcbd4f208882",
    "runs/breast_cancer/split_29/generation_101/probes/copula/11/weights.pt": "8827f9053e67a8b40383b3a5777007a3e75f44102ea699ed5abdaeb3db6ac1f9",
    "runs/breast_cancer/split_29/generation_101/probes/copula/7/development.json": "65e55ac5276dbdc3f72963e70e852e0632e54f076f40e184f6547366435089d7",
    "runs/breast_cancer/split_29/generation_101/probes/copula/7/model.json": "3f05e9cd4ca7482f838d5b6e9217c0784b18e899952e0a3230008997631e16cd",
    "runs/breast_cancer/split_29/generation_101/probes/copula/7/weights.pt": "68f22f0912c7e989840dba62a37799faca1f13193a2654d6d44057d2d17f825f",
    "runs/breast_cancer/split_29/generation_101/probes/ctgan/11/development.json": "c43bbf1c1e71cc583190782377e816b0638e38ca9d2faf93fce10e7b634ab1b2",
    "runs/breast_cancer/split_29/generation_101/probes/ctgan/11/model.json": "851c1b8f2bcf47fa555520d21aa3e75ac81fbdb37b68854578a12e6e14d31736",
    "runs/breast_cancer/split_29/generation_101/probes/ctgan/11/weights.pt": "8f11f838e0175887e21e0e99a6b160181b7596725d628e5614d52bfd8571a5e6",
    "runs/breast_cancer/split_29/generation_101/probes/ctgan/7/development.json": "b08ec2d2885715d6870d8dfff6ec89eb392727dbd9169d6dfc3b8c15ec897de9",
    "runs/breast_cancer/split_29/generation_101/probes/ctgan/7/model.json": "378f7f3180ec77050a1fcbef452f29a255efe8f97780e82699be650fd7066be1",
    "runs/breast_cancer/split_29/generation_101/probes/ctgan/7/weights.pt": "a4f7f67e293b1768f21435d12db36402ba8fa52c98708d97ecfba33b81e5c3dc",
    "runs/breast_cancer/split_29/generation_101/probes/ddpm/11/development.json": "ca1267cd21f6faef1ca89a8407e1037ff9d49f4dc41bf139699bc41c7fa55eb6",
    "runs/breast_cancer/split_29/generation_101/probes/ddpm/11/model.json": "777f30544ea0e82224c847ed6359a1003a2974d4076473e3234025f59c719190",
    "runs/breast_cancer/split_29/generation_101/probes/ddpm/11/weights.pt": "db1dc0a39bee44149463533e0fee5b65697e826b904570a73e005e155cf8da7d",
    "runs/breast_cancer/split_29/generation_101/probes/ddpm/7/development.json": "127546cf4e4c7e505a166acbd065c68fd7eb9d6a4afada1273feba75b28ec761",
    "runs/breast_cancer/split_29/generation_101/probes/ddpm/7/model.json": "f132da6651fe87255b8d151b9c37de3f90aaa8b4cdeda6193246038a1e1a051b",
    "runs/breast_cancer/split_29/generation_101/probes/ddpm/7/weights.pt": "fef1cd73247a5cedeee305fff5b2236d608fa8594df9a05d94534789ae13b1a3",
    "runs/breast_cancer/split_29/generation_101/probes/tvae/11/development.json": "289921034a33523a6cd1429ef209538edb6ebc47b3c54c088bf6a63752604eb2",
    "runs/breast_cancer/split_29/generation_101/probes/tvae/11/model.json": "820ab51f863913ad9e39ce57104ddd784802f575ae73e62f888e544515f69d62",
    "runs/breast_cancer/split_29/generation_101/probes/tvae/11/weights.pt": "cbc7db82fd0668a215c69fe57888e1e758ac34975f1d077771369d78582be7e4",
    "runs/breast_cancer/split_29/generation_101/probes/tvae/7/development.json": "88e750f53bb0c18a28db0bd497fb02453db0e3c89717c6c61c8ffd82d8288a3b",
    "runs/breast_cancer/split_29/generation_101/probes/tvae/7/model.json": "cac3c922c019c60427567935e20685e7d52929bd5f23c13cdbbbb68339fcd3b1",
    "runs/breast_cancer/split_29/generation_101/probes/tvae/7/weights.pt": "25b2d75066e02a2487890ec8e4f719b2df6edb447619b213d726d8b0f144448e",
    "runs/breast_cancer/split_29/generation_101/students/bootstrap/augment/11/development_predictions.npz": "2203e1c256530fde6827410dbca4844174f2840b52cb40bf2efb533e4a83009a",
    "runs/breast_cancer/split_29/generation_101/students/bootstrap/augment/11/model.json": "a95bdabed83da49d1e340d7111260f2f233ff46f5620b559d2f537f0e6266a88",
    "runs/breast_cancer/split_29/generation_101/students/bootstrap/augment/11/weights.pt": "ea280db73c9b3075ecd63720a62c914563d3b90b7b5d0b7f0b30ee306353b3e3",
    "runs/breast_cancer/split_29/generation_101/students/bootstrap/augment/7/development_predictions.npz": "99ddec5f496dfe6e46e2a37b4b52a3e0feb87445717857f6d1e19a471ab12a04",
    "runs/breast_cancer/split_29/generation_101/students/bootstrap/augment/7/model.json": "ae6863965abf018bbd6c68f940ce8545cc7103a6eb978712c843adf206271166",
    "runs/breast_cancer/split_29/generation_101/students/bootstrap/augment/7/weights.pt": "e2254f45da54e4a7feddda74c84343a8e7dec7a073804c651c869e1d23f246ee",
    "runs/breast_cancer/split_29/generation_101/students/bootstrap/augment/logistic/model.json": "a618c8d70fb89ad2eaeaf617a039acabe2c8dfaa1cb50b8c6d121e029b94ac25",
    "runs/breast_cancer/split_29/generation_101/students/bootstrap/synthetic_only/11/development_predictions.npz": "31140309030209616372ae478369d61f45cfc00f7aafa73513762725bdb52535",
    "runs/breast_cancer/split_29/generation_101/students/bootstrap/synthetic_only/11/model.json": "5d426f1a5195a6cdec80ab87e6c3409a5cdb754cbe08005e24a57705c0d37b7f",
    "runs/breast_cancer/split_29/generation_101/students/bootstrap/synthetic_only/11/weights.pt": "da53ad77692380c5f90f4e77a428e1e7b3b6a15f9ed6bbc479275ca5e16251c1",
    "runs/breast_cancer/split_29/generation_101/students/bootstrap/synthetic_only/7/development_predictions.npz": "a0a2aa27ea953de8be12fe56bf9d3784aebaafb0717efae08de3d6f334233900",
    "runs/breast_cancer/split_29/generation_101/students/bootstrap/synthetic_only/7/model.json": "ccb2710a47817c734b4b3cc96e3dd4079883ef4fea61de0e824228868b333582",
    "runs/breast_cancer/split_29/generation_101/students/bootstrap/synthetic_only/7/weights.pt": "9252780458d439cbda3f6325172e073871c02afd46bf44972ee2d6fd2dc8ae55",
    "runs/breast_cancer/split_29/generation_101/students/bootstrap/synthetic_only/logistic/model.json": "243b2ff8fccd976fe4a7e1757656ce07e04a64d61a99b26db1f97d5fa0c33325",
    "runs/breast_cancer/split_29/generation_101/students/copula/augment/11/development_predictions.npz": "caa466bcda4abe1a8e1b932dd2ddf2316650044462a289a41af6a1628838eaa4",
    "runs/breast_cancer/split_29/generation_101/students/copula/augment/11/model.json": "1fccb5c81a81e4b7ecd73c9e22a3f0eab37e3f7df471cb804415a54084f56e87",
    "runs/breast_cancer/split_29/generation_101/students/copula/augment/11/weights.pt": "f80d296a5227de54700fc306912822b337412cf0afe96540271464e4c0803f37",
    "runs/breast_cancer/split_29/generation_101/students/copula/augment/7/development_predictions.npz": "96bafb6b6ff7bbaf2953e6688767938672ff13b776507d69f1968878f2ad6527",
    "runs/breast_cancer/split_29/generation_101/students/copula/augment/7/model.json": "94e16b0d60aecc674ea9e4b48a4aad6b3249ceb0ec730b7bc2aed28342cb6f83",
    "runs/breast_cancer/split_29/generation_101/students/copula/augment/7/weights.pt": "0907f32f6b067cdea45f2d46b95daf6b5522bb2a5abbdc39c1c0ab76b1b6f58c",
    "runs/breast_cancer/split_29/generation_101/students/copula/augment/logistic/model.json": "17dc67f3ce17aba7c208c638b8ceaa73478ad2a1bb22f5bcd8ecba733f6cf248",
    "runs/breast_cancer/split_29/generation_101/students/copula/synthetic_only/11/development_predictions.npz": "72ea7a74b681703ebb9b75ac92b36d07d334ed1dcdcd60a1d9e12c846a8fccf6",
    "runs/breast_cancer/split_29/generation_101/students/copula/synthetic_only/11/model.json": "fde07875ce8a24bc3e34d3cc860a006765d47e35b8eac89fe24a73425feeb5dd",
    "runs/breast_cancer/split_29/generation_101/students/copula/synthetic_only/11/weights.pt": "f1b3d1842e2aa2750c8fb22080ddf70678838f4dc0ad3a73d6ad93f4b1b95499",
    "runs/breast_cancer/split_29/generation_101/students/copula/synthetic_only/7/development_predictions.npz": "e0dee574c72b79136efd3cac0ad6f71dd339d79eab9fbdf55ba49caf80b7bea5",
    "runs/breast_cancer/split_29/generation_101/students/copula/synthetic_only/7/model.json": "ea8989a188d28c967a74a2c9219ff54db9eb1697c59a89323c7a8dc039d230aa",
    "runs/breast_cancer/split_29/generation_101/students/copula/synthetic_only/7/weights.pt": "2ce43ae91a75221967de2a312eab8ee1583f201ecd2817878d530e5e23fedaf1",
    "runs/breast_cancer/split_29/generation_101/students/copula/synthetic_only/logistic/model.json": "932eb202c00f09ffed826184418079c4c9806c90c2b047fbcfd799fdd473504f",
    "runs/breast_cancer/split_29/generation_101/students/ctgan/augment/11/development_predictions.npz": "463404942aa0b2d0cf099dbfc5b73600d1d1ad464b48baceda64d77d97c5a220",
    "runs/breast_cancer/split_29/generation_101/students/ctgan/augment/11/model.json": "20882fc16c2a75396facafb70023ec0a71d3388ccdca21e45b1465937f368c0d",
    "runs/breast_cancer/split_29/generation_101/students/ctgan/augment/11/weights.pt": "f0dc60f1c0e4862d3de3d9976de6f9921c6cd8fe24dd580dfffe2cf48691a639",
    "runs/breast_cancer/split_29/generation_101/students/ctgan/augment/7/development_predictions.npz": "d8117ae54d0c3286811094f321e05a1a27844cf5016d9a53199ee9b8ba7f6b2f",
    "runs/breast_cancer/split_29/generation_101/students/ctgan/augment/7/model.json": "6d45017893ab1e3ea194e8f22be4e981ba7a537a2562e0705b2fb7367a4514f3",
    "runs/breast_cancer/split_29/generation_101/students/ctgan/augment/7/weights.pt": "727b050861d9f138a9f04d347f106c5e3b9c13ed99da945719c2df33d37b7d4e",
    "runs/breast_cancer/split_29/generation_101/students/ctgan/augment/logistic/model.json": "2bc28850ce2eacadcb3bff6badda312d5824f4eb2c9e11a376fa2449d18a5320",
    "runs/breast_cancer/split_29/generation_101/students/ctgan/synthetic_only/11/development_predictions.npz": "d5977399cdd5be410a37ee81673d835d313cdbd5a9e3d0bd466046e9a34551a7",
    "runs/breast_cancer/split_29/generation_101/students/ctgan/synthetic_only/11/model.json": "99a7fb6e4c9a22d3d41f453b78199d59ee5e3923c7dd8112c03dd1ac9c76b858",
    "runs/breast_cancer/split_29/generation_101/students/ctgan/synthetic_only/11/weights.pt": "e3e0e3e1ce7d421d66bd806810ce31e0cfc49b4bc6b52b77ccec961eea43ab0f",
    "runs/breast_cancer/split_29/generation_101/students/ctgan/synthetic_only/7/development_predictions.npz": "2d76dfdace47eebb1250822020fc4a831bad4d5724bf16547adc557a241734cd",
    "runs/breast_cancer/split_29/generation_101/students/ctgan/synthetic_only/7/model.json": "e64967bf9bf6e60e8fdb97358ff72f1386bdfb6ea5d21c9345d5e50ab40b0a8d",
    "runs/breast_cancer/split_29/generation_101/students/ctgan/synthetic_only/7/weights.pt": "1b548a7ee543cf2e70d72467a71b6455b42b02515c157cdb56ca9ab1a8b98b71",
    "runs/breast_cancer/split_29/generation_101/students/ctgan/synthetic_only/logistic/model.json": "50a049a259cd23162bd4d96d9012145d79bc7e6a6524c36e6d9ccde5dc133bdc",
    "runs/breast_cancer/split_29/generation_101/students/ctgan_one_mode/augment/11/development_predictions.npz": "c01d582778cfc7b5491c9868306a0076df8336271375189cc129b6ced2e72f85",
    "runs/breast_cancer/split_29/generation_101/students/ctgan_one_mode/augment/11/model.json": "98dca1b3764a62ea9fb49e8b6cc72cfc20e08056bf17b27844afe15ffcf8d960",
    "runs/breast_cancer/split_29/generation_101/students/ctgan_one_mode/augment/11/weights.pt": "bbeae20205ef27f8241704b1cb545e49b3f0132e54f12296df427195302e8fb5",
    "runs/breast_cancer/split_29/generation_101/students/ctgan_one_mode/augment/7/development_predictions.npz": "2c82700cf74494d9e38ccdbf9341a32f56f48634833dfaaf002e7556f718b9bd",
    "runs/breast_cancer/split_29/generation_101/students/ctgan_one_mode/augment/7/model.json": "fdced805efbf33d707cc7f7c64dd6e8601fdc115d3b41785b052ea282533dcbb",
    "runs/breast_cancer/split_29/generation_101/students/ctgan_one_mode/augment/7/weights.pt": "e7a9b2a571a0364a4ad2927d18878a03645f90a4408d0aee358d01f1f48dd044",
    "runs/breast_cancer/split_29/generation_101/students/ctgan_one_mode/augment/logistic/model.json": "4fe973cd627795c8191d5ba1f4b3ef87506b26cbdb9f27d44aff42b61fe94149",
    "runs/breast_cancer/split_29/generation_101/students/ctgan_one_mode/synthetic_only/11/development_predictions.npz": "bdef69febd7c4e240f86e1f60629978fb057dbb183e3871b7f44c06b4a26c261",
    "runs/breast_cancer/split_29/generation_101/students/ctgan_one_mode/synthetic_only/11/model.json": "b7b79c164aa47e79929747a4ed91066589dc5212b29ba9ea351e46789d49a750",
    "runs/breast_cancer/split_29/generation_101/students/ctgan_one_mode/synthetic_only/11/weights.pt": "e1784b1d27708541791ca3b3cfbdc2bfa170515f771b3133c52e81c1316a26f9",
    "runs/breast_cancer/split_29/generation_101/students/ctgan_one_mode/synthetic_only/7/development_predictions.npz": "01501b54b96b69e0ffca13478938936dc35932fe911e995e7ab5316d5a03b21a",
    "runs/breast_cancer/split_29/generation_101/students/ctgan_one_mode/synthetic_only/7/model.json": "9808f9816e4bdcd7f07dc6f2fdadfdaafaeafb535cd8249211db30e1b42d4852",
    "runs/breast_cancer/split_29/generation_101/students/ctgan_one_mode/synthetic_only/7/weights.pt": "99555cb02461e118fb75c46dc269ddbc245a9af594f62247dcdb5f2821dc68e1",
    "runs/breast_cancer/split_29/generation_101/students/ctgan_one_mode/synthetic_only/logistic/model.json": "4a191761b1a750933c6c5a2faefa80342fc243be7f1673405c1f120efd688a90",
    "runs/breast_cancer/split_29/generation_101/students/ctgan_unpacked/augment/11/development_predictions.npz": "66f2e0a2f15a0a67eaeafbda13be0d98ef3b5676bcf1408fa5bfe5fbc7684ffe",
    "runs/breast_cancer/split_29/generation_101/students/ctgan_unpacked/augment/11/model.json": "6c576f6d5ab333af27d9e1a8d9af9276bf245bcab67eb292ae6a8a6798cf9da8",
    "runs/breast_cancer/split_29/generation_101/students/ctgan_unpacked/augment/11/weights.pt": "8e48b234378b45c711837db1845a15bcf173bd2126baf107fae5b351a514e2b0",
    "runs/breast_cancer/split_29/generation_101/students/ctgan_unpacked/augment/7/development_predictions.npz": "fdce73ac8e7b30a01dc8fcb8d43b2bbbb0f8a9ed10df554e74a63d626769bcb7",
    "runs/breast_cancer/split_29/generation_101/students/ctgan_unpacked/augment/7/model.json": "5d7e1d6ad4d4bdbceb6748f82c91a52f470c0feb9e330f1dff49719e8b695790",
    "runs/breast_cancer/split_29/generation_101/students/ctgan_unpacked/augment/7/weights.pt": "f1674ac7e1c6568533408cac4b5a0421b095e047e8b3fc88fb0f311a9cddca90",
    "runs/breast_cancer/split_29/generation_101/students/ctgan_unpacked/augment/logistic/model.json": "db8c190864fbad112d21c4c26c01517e1c7adcbbac86fdc483244b794df76bb1",
    "runs/breast_cancer/split_29/generation_101/students/ctgan_unpacked/synthetic_only/11/development_predictions.npz": "dd52c8319f6e358998aceb28e2aba96b4a7df79c0b834d729b8489ce270c598f",
    "runs/breast_cancer/split_29/generation_101/students/ctgan_unpacked/synthetic_only/11/model.json": "c46ca9df8fba23c7c3af493257487e17c0b9f159750c9fe8165dbf525ea74eb6",
    "runs/breast_cancer/split_29/generation_101/students/ctgan_unpacked/synthetic_only/11/weights.pt": "787475ed13aeb734522f8cc01467d5823da42c1d07f36d02d0387a9f3748188b",
    "runs/breast_cancer/split_29/generation_101/students/ctgan_unpacked/synthetic_only/7/development_predictions.npz": "e19a1a3b7b65835be02460dc16309bcd4c703bc26bc3db62129d8e671dc68452",
    "runs/breast_cancer/split_29/generation_101/students/ctgan_unpacked/synthetic_only/7/model.json": "9b674477fbffd4436ab53221a7d1f3ee63b5ca9e3da836b7f03e8c47336801b6",
    "runs/breast_cancer/split_29/generation_101/students/ctgan_unpacked/synthetic_only/7/weights.pt": "38df2e59fab9ec70b0f59a280f6ae7e239d6402ba562082a57275c97b86b9825",
    "runs/breast_cancer/split_29/generation_101/students/ctgan_unpacked/synthetic_only/logistic/model.json": "623c8f829067851fa073867c3dfac8f8b38f83588b0f77892493cb97e18b66f0",
    "runs/breast_cancer/split_29/generation_101/students/ddpm/augment/11/development_predictions.npz": "72f101d8888c486d8b5b4f46fb0737c8500d0abd2fe6a0fa256cbae9be6461cd",
    "runs/breast_cancer/split_29/generation_101/students/ddpm/augment/11/model.json": "70c78a83ea9c2329f0cc5bd3ec8a90d181c2a0fadd41a7c69dc89210ea232bd6",
    "runs/breast_cancer/split_29/generation_101/students/ddpm/augment/11/weights.pt": "8761bf119810df4147ef685266bfa6f961f8c44ff916663f2cc4540ba21075ef",
    "runs/breast_cancer/split_29/generation_101/students/ddpm/augment/7/development_predictions.npz": "39c14815243af5b4079427066122f0f2b7e819fabab150339ec7d65b34bb2ec9",
    "runs/breast_cancer/split_29/generation_101/students/ddpm/augment/7/model.json": "d9f2a14d54677cb768e22bda2ab16d68ca2e8c5954235a2d43fa0a74c1ed3500",
    "runs/breast_cancer/split_29/generation_101/students/ddpm/augment/7/weights.pt": "971e34d8dc710b0d25381e0865dccfad98b71bb625a3d61eb9895bcc0f1cac18",
    "runs/breast_cancer/split_29/generation_101/students/ddpm/augment/logistic/model.json": "b9336e05e72d6940b7451f9cf09a496e6ff9d249cceddb84afd3ce246a874d19",
    "runs/breast_cancer/split_29/generation_101/students/ddpm/synthetic_only/11/development_predictions.npz": "3c938dc1d7f1bbc165865f43229af79090de5c282b2bb67208775d2069be906e",
    "runs/breast_cancer/split_29/generation_101/students/ddpm/synthetic_only/11/model.json": "ca0dafcc80a23071d9c3e8269bc14bc73ba2713ed423b0b4f6463fbe5d2b4ddf",
    "runs/breast_cancer/split_29/generation_101/students/ddpm/synthetic_only/11/weights.pt": "eb0f83a5d234fa25873533233ff597e516aabd253837e04561fa71a82b5aab3d",
    "runs/breast_cancer/split_29/generation_101/students/ddpm/synthetic_only/7/development_predictions.npz": "579ae7cc93cf874f3b5ecbdb26050652c02883b9bcf181a8051d1b98deabc7ca",
    "runs/breast_cancer/split_29/generation_101/students/ddpm/synthetic_only/7/model.json": "dbacc07f6b291d07c44540f9df1f156c9f34b48f8457d3f336490a4f168d5df4",
    "runs/breast_cancer/split_29/generation_101/students/ddpm/synthetic_only/7/weights.pt": "c6ee5dee6965c4120291e31821950496832616457871a9a09087e2e60df6ea00",
    "runs/breast_cancer/split_29/generation_101/students/ddpm/synthetic_only/logistic/model.json": "c6c1229c94b2d2e6317b9796fb1c0e0747397074f4300a33d4add956441db13a",
    "runs/breast_cancer/split_29/generation_101/students/ddpm_standardized/augment/11/development_predictions.npz": "3acb1da162bf809f44274957ab050a47ef390eedbf65c35390301eb12a45b9f6",
    "runs/breast_cancer/split_29/generation_101/students/ddpm_standardized/augment/11/model.json": "b1e1c2beaff07a5c85928cb8564726379c353bf7e5d8175d88f513342f30a9d5",
    "runs/breast_cancer/split_29/generation_101/students/ddpm_standardized/augment/11/weights.pt": "5fd8d31425cb1c7edf32683d8b5c98958cabe8e4c84c749a20e007233fface16",
    "runs/breast_cancer/split_29/generation_101/students/ddpm_standardized/augment/7/development_predictions.npz": "dc3aadb914e7e8405bb394e972b6281bdb83949cc42a5d52a2fb2831e0878a85",
    "runs/breast_cancer/split_29/generation_101/students/ddpm_standardized/augment/7/model.json": "1b617a91696c0de89d6a09dc30599bc514e172ec8011805ded58253e5d5d929a",
    "runs/breast_cancer/split_29/generation_101/students/ddpm_standardized/augment/7/weights.pt": "087a4f21d6b65f222ee874803c8ef3327a8b68a6f332e6caeaf93313031704f8",
    "runs/breast_cancer/split_29/generation_101/students/ddpm_standardized/augment/logistic/model.json": "91c07585531f203e2e2b0f221f16d38eae1e405252fecdacb6a596ace5b0a6e3",
    "runs/breast_cancer/split_29/generation_101/students/ddpm_standardized/synthetic_only/11/development_predictions.npz": "4ec1c27d0717631a8afca8a96c2ab6066727ab8e346a9f26a9c3fa105c7298f2",
    "runs/breast_cancer/split_29/generation_101/students/ddpm_standardized/synthetic_only/11/model.json": "852ed4a5e8336f896d5a7c4ecb344e170f5cf4920d4d6e84b414fe449b8d38cb",
    "runs/breast_cancer/split_29/generation_101/students/ddpm_standardized/synthetic_only/11/weights.pt": "68c32f5e02a392bda6c3c3532930674f124fa848ce64f0d0e6c48cf7b004e4eb",
    "runs/breast_cancer/split_29/generation_101/students/ddpm_standardized/synthetic_only/7/development_predictions.npz": "f2c53975fafd8b785045b7a5fbcfe80ca876621738c700bbcbbd05ebde776424",
    "runs/breast_cancer/split_29/generation_101/students/ddpm_standardized/synthetic_only/7/model.json": "43318ca2244143feb1b5156fa76472eef6a5808f97722b706b857d667365aa23",
    "runs/breast_cancer/split_29/generation_101/students/ddpm_standardized/synthetic_only/7/weights.pt": "6ed99aab4c7f70e3a8e93293c598e94ec8aa992e0e457268d846621923d71e08",
    "runs/breast_cancer/split_29/generation_101/students/ddpm_standardized/synthetic_only/logistic/model.json": "ecfa83bf55fa40716b49978f13e2ff4a55fa66afe217e56f996c886333a3ae64",
    "runs/breast_cancer/split_29/generation_101/students/ddpm_unconditional/augment/11/development_predictions.npz": "38a99c33935939e0eaa5564e632773e948eb781385055f4c5257927011684a33",
    "runs/breast_cancer/split_29/generation_101/students/ddpm_unconditional/augment/11/model.json": "30fd651c7e2453740de382c574fa09c24b5acfb3a3096a2f4494c952264dfbf7",
    "runs/breast_cancer/split_29/generation_101/students/ddpm_unconditional/augment/11/weights.pt": "35df5e50309f7a4a0e9e58f171015664217766dc8a8a87c944682f94343d3b22",
    "runs/breast_cancer/split_29/generation_101/students/ddpm_unconditional/augment/7/development_predictions.npz": "557636bc94cd81aa04dfe85d9cc933b362208ef6d897d312474b529e463dbc57",
    "runs/breast_cancer/split_29/generation_101/students/ddpm_unconditional/augment/7/model.json": "419fd27d7dc32751d0bac022e6412982e521d5a354408ba44e1c013dee193b49",
    "runs/breast_cancer/split_29/generation_101/students/ddpm_unconditional/augment/7/weights.pt": "0d9691194e9faacb93b103adc47703b3c881528a3ceefe227f814c0c0f7d866b",
    "runs/breast_cancer/split_29/generation_101/students/ddpm_unconditional/augment/logistic/model.json": "8436d57a578b910af66124115c4cf6de644b06c26fe459e36d8ee533f890181d",
    "runs/breast_cancer/split_29/generation_101/students/ddpm_unconditional/synthetic_only/11/development_predictions.npz": "9f567de34fc172b467b2c0fe72863eec6e3a74523b31790fbd2f7cc51161dbfd",
    "runs/breast_cancer/split_29/generation_101/students/ddpm_unconditional/synthetic_only/11/model.json": "a9faf6c7b0486b217fcf595d39eaf03f6eb55472f769e873537734b44cdf28ca",
    "runs/breast_cancer/split_29/generation_101/students/ddpm_unconditional/synthetic_only/11/weights.pt": "6d18bc81c022b32c2525ad9130e46671fa3e2bcdb9e1658ca3c55c68bcd57ed3",
    "runs/breast_cancer/split_29/generation_101/students/ddpm_unconditional/synthetic_only/7/development_predictions.npz": "7756e999935574179ee3f5298d2831a67bdbbdd79da2c26fc30a4168179df986",
    "runs/breast_cancer/split_29/generation_101/students/ddpm_unconditional/synthetic_only/7/model.json": "a20325e63237856e088183b7d26fdacab268ecdb6544812c8988a31e9a383eab",
    "runs/breast_cancer/split_29/generation_101/students/ddpm_unconditional/synthetic_only/7/weights.pt": "6d633ac906ee52a6017a5433ebc7f259e02dbfe3dfa28168928b644c11403ae5",
    "runs/breast_cancer/split_29/generation_101/students/ddpm_unconditional/synthetic_only/logistic/model.json": "a0ae686c60075be1b015265e6c4f6b800dfc35da66385eca225d1de34d630ebc",
    "runs/breast_cancer/split_29/generation_101/students/mixture_support/augment/11/development_predictions.npz": "ff87e3d00195722f2164c7c008912a772793ad9600569cfeaab66050765cb7fa",
    "runs/breast_cancer/split_29/generation_101/students/mixture_support/augment/11/model.json": "f480381b33c90718a9a5a8126505b71a2f55e6ad46b614cea25f6e96cd5b0c2c",
    "runs/breast_cancer/split_29/generation_101/students/mixture_support/augment/11/weights.pt": "ed06eab10d5131b53694d57f45b22a45b5ceb979796a9b0a9f3879e7932d6e88",
    "runs/breast_cancer/split_29/generation_101/students/mixture_support/augment/7/development_predictions.npz": "8b5ec39f32d8b2112b726ba93ef991e8810e3f0179768e6c0fb09f0a98f9c3e2",
    "runs/breast_cancer/split_29/generation_101/students/mixture_support/augment/7/model.json": "20644a291f8e41e1fa6541de7350d99f9bd46e07a40ed780fc203c9963ccaf08",
    "runs/breast_cancer/split_29/generation_101/students/mixture_support/augment/7/weights.pt": "a314d4eb770ec64e91cb6f63aa6f4aeb477687fa420a9f8796fc31c558bf45d3",
    "runs/breast_cancer/split_29/generation_101/students/mixture_support/augment/logistic/model.json": "3634b793f9d8137269f381f87735236bc3889c285359b85e83cd44f04a47100e",
    "runs/breast_cancer/split_29/generation_101/students/mixture_support/synthetic_only/11/development_predictions.npz": "47a7e32f2d3fa753142912a7951e4e0ae15bdcab1604e869440ac017ac844b81",
    "runs/breast_cancer/split_29/generation_101/students/mixture_support/synthetic_only/11/model.json": "d3f387e20424ac6d448ed8e3c2fe15777d2744d5cf595396294c6a61697479b5",
    "runs/breast_cancer/split_29/generation_101/students/mixture_support/synthetic_only/11/weights.pt": "02b1de9139a51e6aabd251263367e93542171715a651ffb6b67277983bfbf99c",
    "runs/breast_cancer/split_29/generation_101/students/mixture_support/synthetic_only/7/development_predictions.npz": "08e7dd4faf3f15b3699b9b763463e08a66c3433fef7f8fb410428b7207f9f7d6",
    "runs/breast_cancer/split_29/generation_101/students/mixture_support/synthetic_only/7/model.json": "5ee471a73d968eabd65efe834f87ea0e757c133027b36c4b8834cac64afd458a",
    "runs/breast_cancer/split_29/generation_101/students/mixture_support/synthetic_only/7/weights.pt": "bdd974a98447ad3c223b147bace71e567e6027bfa2fdf27448f68c5bef871494",
    "runs/breast_cancer/split_29/generation_101/students/mixture_support/synthetic_only/logistic/model.json": "482d3dddc1ef9930ea6ac9b5529c9114c392692024f276f150b05372df3b6535",
    "runs/breast_cancer/split_29/generation_101/students/mixture_uniform/augment/11/development_predictions.npz": "15a844edb33c0cadce40ba61db7d470d0ec036210f87127be3f4025fd7c31e53",
    "runs/breast_cancer/split_29/generation_101/students/mixture_uniform/augment/11/model.json": "911d6b25c5dde1919c53478ae03e556f79ac32f4e3d20cec17bc988d8c241c4c",
    "runs/breast_cancer/split_29/generation_101/students/mixture_uniform/augment/11/weights.pt": "016044356e79a112562f66d50f97fc0975468419592a1319dea4025081113f94",
    "runs/breast_cancer/split_29/generation_101/students/mixture_uniform/augment/7/development_predictions.npz": "ddda368ba1e4b9b603065aab84ac3fb65c19fc3f417429cc59e332994ff0259a",
    "runs/breast_cancer/split_29/generation_101/students/mixture_uniform/augment/7/model.json": "da751c7c018ad1e13f1c5b1fb62b343f401ec8bfb41d209c3b0d16b309b05218",
    "runs/breast_cancer/split_29/generation_101/students/mixture_uniform/augment/7/weights.pt": "7ce3dd01052a8bcbc528e2c2b1a460bdc0bf083f751a7c10389370718c1716d7",
    "runs/breast_cancer/split_29/generation_101/students/mixture_uniform/augment/logistic/model.json": "d5e16a1eaeb04c959eb700e8da4ab310c90d8302455be898b1b659d3dae14ba0",
    "runs/breast_cancer/split_29/generation_101/students/mixture_uniform/synthetic_only/11/development_predictions.npz": "435d2b5d6fc3c96f397c4f2e51ad78a28f999c068d2c6a70b0b38c37c5e8c93e",
    "runs/breast_cancer/split_29/generation_101/students/mixture_uniform/synthetic_only/11/model.json": "d89f85e817423f3b7ae5d7bf029e4a62aa2df1adc23a1078ae2a7edc0ecc360d",
    "runs/breast_cancer/split_29/generation_101/students/mixture_uniform/synthetic_only/11/weights.pt": "afb73783770f048f173fcc878a1fe58bf603e60b22eb6559fad2b9d864a3e7b7",
    "runs/breast_cancer/split_29/generation_101/students/mixture_uniform/synthetic_only/7/development_predictions.npz": "ec81f1be6b4dbf988b99d766f50cbd8266799585a8d614a1f5530058205d6613",
    "runs/breast_cancer/split_29/generation_101/students/mixture_uniform/synthetic_only/7/model.json": "ee05e0966608a6740290482c844a73d80f2d1762817e725827ce8aa4660b76fa",
    "runs/breast_cancer/split_29/generation_101/students/mixture_uniform/synthetic_only/7/weights.pt": "74bf75a7595bcfafa22908738fd278bf8a5c2ce4ce7ad386ebd0e4d5c43d3ecb",
    "runs/breast_cancer/split_29/generation_101/students/mixture_uniform/synthetic_only/logistic/model.json": "456bd4bffb8a6c59659a859b9b374cfb49249dfc46b628419c242c4c2339c0c0",
    "runs/breast_cancer/split_29/generation_101/students/mixture_utility/augment/11/development_predictions.npz": "06061d2e1469dbef6714c22c7c691f2e8e88a0399646f3caae00bdf6677627c8",
    "runs/breast_cancer/split_29/generation_101/students/mixture_utility/augment/11/model.json": "64adefbc039c0442a7324986175f15a33d1466c1352393e5b02d490065d8c002",
    "runs/breast_cancer/split_29/generation_101/students/mixture_utility/augment/11/weights.pt": "7404fb04f4e53fd958d19755c5678cec61faa88569e3dcfb4a17e3b2207e6e4e",
    "runs/breast_cancer/split_29/generation_101/students/mixture_utility/augment/7/development_predictions.npz": "91c63ace0881b2cdd03dc40dfeb04e49ee8478c7d1d35543936366a2e5d30c36",
    "runs/breast_cancer/split_29/generation_101/students/mixture_utility/augment/7/model.json": "2c2b1adf9e6a5c03ad2fb952677e4ec359ebeb26bd7df1f2701fa74c871031ca",
    "runs/breast_cancer/split_29/generation_101/students/mixture_utility/augment/7/weights.pt": "d405e558a508239d4e4ce4df7cb3fac751a34e417589ec2855da3ae74266e4ed",
    "runs/breast_cancer/split_29/generation_101/students/mixture_utility/augment/logistic/model.json": "1cbac055eb50f8341d2557223cd7f96598546b05cce530905c85c0af4842b488",
    "runs/breast_cancer/split_29/generation_101/students/mixture_utility/synthetic_only/11/development_predictions.npz": "4465722fb6c05d083e652f6452183ed2b8bb4c8111a5852779c49e012b72bcab",
    "runs/breast_cancer/split_29/generation_101/students/mixture_utility/synthetic_only/11/model.json": "8f8670768b9c572981a62d4d94403a7b0173c8f7a413801a413d579db0985fb1",
    "runs/breast_cancer/split_29/generation_101/students/mixture_utility/synthetic_only/11/weights.pt": "9a3fc9987aeb62688fc94052efa942f251dc030d25992adac119ecf2c15d7d66",
    "runs/breast_cancer/split_29/generation_101/students/mixture_utility/synthetic_only/7/development_predictions.npz": "2e18fb6b07759fb35fe33784b0a1c8f106b14ebb705093be3c2bd8ee37ffa270",
    "runs/breast_cancer/split_29/generation_101/students/mixture_utility/synthetic_only/7/model.json": "4aea01ef9db6a7c663f350aac9bf094834aa0bde2a21e1bd92f59ef1d36ea3aa",
    "runs/breast_cancer/split_29/generation_101/students/mixture_utility/synthetic_only/7/weights.pt": "642b02c37e992b5bd06920b9d2af7ff8b74a6c3074e56aded6b91f9a8c27f8fe",
    "runs/breast_cancer/split_29/generation_101/students/mixture_utility/synthetic_only/logistic/model.json": "3f2577863419f7d5fd6a914aa3741327100a10f534e49532cc20cf77facd4b39",
    "runs/breast_cancer/split_29/generation_101/students/mixture_utility_support/augment/11/development_predictions.npz": "4e6351d3b68b3be2e7023a822ca5e915a216d780535c0db63f3a232a242e2b8c",
    "runs/breast_cancer/split_29/generation_101/students/mixture_utility_support/augment/11/model.json": "13ee4db5219089ab55d2a484b7dded66ea85e0d329644385fc4ab2b2f684cf74",
    "runs/breast_cancer/split_29/generation_101/students/mixture_utility_support/augment/11/weights.pt": "fdc1c8f9516cc7fc9dd1b0866282df317de3e6971811a3cb4d72e15dd6e73fb5",
    "runs/breast_cancer/split_29/generation_101/students/mixture_utility_support/augment/7/development_predictions.npz": "0d61225470e147992521653bf2ed6db0da39acd53754ee134f32542bf5aa5df2",
    "runs/breast_cancer/split_29/generation_101/students/mixture_utility_support/augment/7/model.json": "b648314a78fb7cf0fd27207a7161b5f988095058b639dc8918accf1fb46daefb",
    "runs/breast_cancer/split_29/generation_101/students/mixture_utility_support/augment/7/weights.pt": "f67722c2a48b12d1bdc4c95e45812fb63c3fdb31fdeb3d0a352af996c04a2d71",
    "runs/breast_cancer/split_29/generation_101/students/mixture_utility_support/augment/logistic/model.json": "a5c1ec0a5a29312308891fab38ac944cb04e551decf5d670b2d744a89e0b43f9",
    "runs/breast_cancer/split_29/generation_101/students/mixture_utility_support/synthetic_only/11/development_predictions.npz": "52e3e946064cafb64c3265d6974148258bd0fd2ceba8138dbff207d88f1e8b45",
    "runs/breast_cancer/split_29/generation_101/students/mixture_utility_support/synthetic_only/11/model.json": "4a2bb4234c675fb2000cd34adc4e18ee867bb82209c932639fa840b94bef6837",
    "runs/breast_cancer/split_29/generation_101/students/mixture_utility_support/synthetic_only/11/weights.pt": "cb768702fe36c2bbb5956dbacdd5a087071decba4bdecac4e2e3fc8c5f8b3f66",
    "runs/breast_cancer/split_29/generation_101/students/mixture_utility_support/synthetic_only/7/development_predictions.npz": "9deaabbfe97a8c3c9907e7d5b7cd4435b6741f0466b98258d27725c735fa6232",
    "runs/breast_cancer/split_29/generation_101/students/mixture_utility_support/synthetic_only/7/model.json": "a73e34d353907711b6f4ae68089cbe1cf42882c1b72724bdc1a46919f4875b53",
    "runs/breast_cancer/split_29/generation_101/students/mixture_utility_support/synthetic_only/7/weights.pt": "8ff795addb33258255deb139288934a397534ee099ca30688bfa85894034ae16",
    "runs/breast_cancer/split_29/generation_101/students/mixture_utility_support/synthetic_only/logistic/model.json": "48ee73edcc33bf838afcca88164fd3a8d7f901b6bd1be4f31f101a62320cf73f",
    "runs/breast_cancer/split_29/generation_101/students/real_only/real_only/11/development_predictions.npz": "e793753780d9211f024e5f410dd3b943a83686273a1e4b340f001a53f50a924d",
    "runs/breast_cancer/split_29/generation_101/students/real_only/real_only/11/model.json": "0cd3cd54614391c45bb63ef635c5b572f49f3dba554bedc2a24f15ec94a78782",
    "runs/breast_cancer/split_29/generation_101/students/real_only/real_only/11/weights.pt": "7d384e6995e05990a2aa74e24cbbde4e43d6154c8d51c9d90b4ff876ede07d74",
    "runs/breast_cancer/split_29/generation_101/students/real_only/real_only/7/development_predictions.npz": "f4a2b08dc3d9ec54ba61abb9cf78de07091a05198cfede99f9834f5289f68646",
    "runs/breast_cancer/split_29/generation_101/students/real_only/real_only/7/model.json": "87916f4ed07e8620d784d60fce2347b07e7e6a60db5a444d246693241c47f626",
    "runs/breast_cancer/split_29/generation_101/students/real_only/real_only/7/weights.pt": "fd2b5a7790886fbfe06fcc76a7084e713f427eb65faec7496a2512eff2985532",
    "runs/breast_cancer/split_29/generation_101/students/real_only/real_only/logistic/model.json": "63c69c099c3ac9c45962d50e86985917859e46715532f264be18d05734909b4f",
    "runs/breast_cancer/split_29/generation_101/students/smote/augment/11/development_predictions.npz": "1072e984d998cc12735f54011208b6ce33849d3f50453426ad7c1ff0b961582b",
    "runs/breast_cancer/split_29/generation_101/students/smote/augment/11/model.json": "a6a5bc3c25cf11315ec517dabb49dc79662456ca3a0c9a0a646ae1445dbb11be",
    "runs/breast_cancer/split_29/generation_101/students/smote/augment/11/weights.pt": "d7835fa855d28a19b25128f703c5515580ba27cf24e37a46940098e9fbbc3ab4",
    "runs/breast_cancer/split_29/generation_101/students/smote/augment/7/development_predictions.npz": "c3565e3a682a72a6cf40a4154a0a4e87a62f00a10343605e422841312dd162ce",
    "runs/breast_cancer/split_29/generation_101/students/smote/augment/7/model.json": "01dc3471266b00fbfc34876fd31071f33773995047a10a2467bda2478e6a5c8e",
    "runs/breast_cancer/split_29/generation_101/students/smote/augment/7/weights.pt": "055c4aa2a80ec568de72e5e60d70f301a2164733f98d8568f464338e956ea0e9",
    "runs/breast_cancer/split_29/generation_101/students/smote/augment/logistic/model.json": "f436dbc6c05d3a9f044921281a33bab625830db81bb2084b33325d2b627c930b",
    "runs/breast_cancer/split_29/generation_101/students/smote/synthetic_only/11/development_predictions.npz": "ef5988dca52c9e4412de1d8e5677ea573665cefcf4c713716d4b8d1013ac4f51",
    "runs/breast_cancer/split_29/generation_101/students/smote/synthetic_only/11/model.json": "21c34d21d07ae619d36ff73c030b8dc9612a9e73b8213230762948a9558e8a4a",
    "runs/breast_cancer/split_29/generation_101/students/smote/synthetic_only/11/weights.pt": "9884e6c49baafc27ea188acb1999ec83e8407f39d94b5e4d28477d108ee75583",
    "runs/breast_cancer/split_29/generation_101/students/smote/synthetic_only/7/development_predictions.npz": "5acbb11a43a98a1e48e909b2302b5d4e09a129a42364f1f45831d501f5bce5e1",
    "runs/breast_cancer/split_29/generation_101/students/smote/synthetic_only/7/model.json": "875f7400a91a70d154b34994f163081a3f44c1b87b0cc075a2864a05205036f1",
    "runs/breast_cancer/split_29/generation_101/students/smote/synthetic_only/7/weights.pt": "ba4af52cc9c130bb8b13bc3b844dc14c8433e29b95789d74a501bc9fdd414f94",
    "runs/breast_cancer/split_29/generation_101/students/smote/synthetic_only/logistic/model.json": "1867140a79b7e8832afef63f531df6a331cbc7376d338bbbdb6652c5e31872ed",
    "runs/breast_cancer/split_29/generation_101/students/tvae/augment/11/development_predictions.npz": "46f80daea0f24b29dc9abb71a1398e50814232b54934ed5593b5f978fb4e6b27",
    "runs/breast_cancer/split_29/generation_101/students/tvae/augment/11/model.json": "914af0f33e8bdfe8361a228e1f80367e1a9d79a72f1556bbe5a054f242d9a894",
    "runs/breast_cancer/split_29/generation_101/students/tvae/augment/11/weights.pt": "ee50999e860e3b5738ceca5187d85edaac842d63d53d3660c8a0950e73e56fea",
    "runs/breast_cancer/split_29/generation_101/students/tvae/augment/7/development_predictions.npz": "7c831f85eb1c59bede3feba120e8262c9fb7f6f3805419b571bb6b5571c7d626",
    "runs/breast_cancer/split_29/generation_101/students/tvae/augment/7/model.json": "918bc43e02828c96838646663e9c6832cfa69a84a326df29ad64dd31cb83865e",
    "runs/breast_cancer/split_29/generation_101/students/tvae/augment/7/weights.pt": "5a210f06bede0e5ccf988472e27b20618e489f18539f225e9ada1fef87d69e4a",
    "runs/breast_cancer/split_29/generation_101/students/tvae/augment/logistic/model.json": "e9b82f77eac48f83c5d66b44089360ed6b2ce42b2177854d911ca10661047d1f",
    "runs/breast_cancer/split_29/generation_101/students/tvae/synthetic_only/11/development_predictions.npz": "16835f2201947de36e9be8b6472bcfc70b8b3bcad4d607d5d4011dd088b6752a",
    "runs/breast_cancer/split_29/generation_101/students/tvae/synthetic_only/11/model.json": "87291f846c1ee2fee75603132ab10c6daddcd982c452024f329ed1e97b8d59cb",
    "runs/breast_cancer/split_29/generation_101/students/tvae/synthetic_only/11/weights.pt": "aa47e58f2a1abb038a72f0fb98c1094e51d056eb2d7b7ba8d71510cb957dbba3",
    "runs/breast_cancer/split_29/generation_101/students/tvae/synthetic_only/7/development_predictions.npz": "97f7df7d5eae1769676fa307ba3a0d16ff3c53b33caf36c3a2752456a534cd82",
    "runs/breast_cancer/split_29/generation_101/students/tvae/synthetic_only/7/model.json": "8cbf502b85054654d918a4c988885cb84b1cbcceee797db6819317348c744960",
    "runs/breast_cancer/split_29/generation_101/students/tvae/synthetic_only/7/weights.pt": "8927286db35da044b2e202a7bef2bd089e84a645cf2d04b01a1af10e87b07bed",
    "runs/breast_cancer/split_29/generation_101/students/tvae/synthetic_only/logistic/model.json": "e6eb721edbf847d141a1aeca73ea52d4053f5fd5c68385645416a78328f285f1",
    "runs/breast_cancer/split_29/generation_202/datasets/bootstrap/manifest.json": "7cb979c920f080df47d2b399221a17c620f5efa971b80e5442b62b57637576d8",
    "runs/breast_cancer/split_29/generation_202/datasets/bootstrap/training.npz": "f5cf39a3402162d071408f68a105156431b211e79e9ce7b4ea6d8dc8cac89c15",
    "runs/breast_cancer/split_29/generation_202/datasets/copula/manifest.json": "a84cc7c3a4ca9209fabef5f4f5a43de865706736ca75901086d818e05e4b6b0e",
    "runs/breast_cancer/split_29/generation_202/datasets/copula/training.npz": "12a4e4b9d36dbee345d9b26c75ad9996713186ba7c68a50a72418a51842579d6",
    "runs/breast_cancer/split_29/generation_202/datasets/ctgan/manifest.json": "9b9116e3c0e92262f3bd524d27161b9346b686f780612641041150f4f6a25d79",
    "runs/breast_cancer/split_29/generation_202/datasets/ctgan/training.npz": "21310ea531a4ea3024b749b0a3102e499d770ea9dbc55155c311ee16a8c4404a",
    "runs/breast_cancer/split_29/generation_202/datasets/ctgan_one_mode/manifest.json": "cbe415adc45466dae0a07b703c536c5df7cd988ea8bfb9f00644051ecede2087",
    "runs/breast_cancer/split_29/generation_202/datasets/ctgan_one_mode/training.npz": "063c725a6d5294d3481cf59c543ca64ab9824ad95010b00f8964a21d2db25ed1",
    "runs/breast_cancer/split_29/generation_202/datasets/ctgan_unpacked/manifest.json": "44fa5526cdb4ba5e2cbe0162a388cc572cce375c61db72a6c96f609fc2e196be",
    "runs/breast_cancer/split_29/generation_202/datasets/ctgan_unpacked/training.npz": "307dfe26ed5e76bd3d52af82bc8505426e677d02715848ae739b636a513c9b1d",
    "runs/breast_cancer/split_29/generation_202/datasets/ddpm/manifest.json": "dc25df356d1fbd2815b99ebf15f0b69c9c01cec426176ca83c66def0892ac766",
    "runs/breast_cancer/split_29/generation_202/datasets/ddpm/training.npz": "66a460c5735a6ae115d6cde9f341da179116506d73b69782badc92850ef85c44",
    "runs/breast_cancer/split_29/generation_202/datasets/ddpm_standardized/manifest.json": "9d4632e1f1d3ad027c494a83dd8a185990dffcec869e841ff7baf21edcdec69d",
    "runs/breast_cancer/split_29/generation_202/datasets/ddpm_standardized/training.npz": "c0a060cf7baf9abdc360081d004ee03a2ec025235f2ddea9a82df794d2f3c885",
    "runs/breast_cancer/split_29/generation_202/datasets/ddpm_unconditional/manifest.json": "93ff406959af3faec2856cb575e27211db84598201e8351d36d8686980618d45",
    "runs/breast_cancer/split_29/generation_202/datasets/ddpm_unconditional/training.npz": "93a1fee224195a63ba575b5c097e884f5934c53733536e942c85f5facc879271",
    "runs/breast_cancer/split_29/generation_202/datasets/mixture_support/manifest.json": "149a15071517f1fb7f63eb642139f21926942843d195a87f583351421f361aef",
    "runs/breast_cancer/split_29/generation_202/datasets/mixture_support/training.npz": "23953ad3e17ecd252df17b376d27d4ce5d151f023198d6fbd9c638efaca05cfe",
    "runs/breast_cancer/split_29/generation_202/datasets/mixture_uniform/manifest.json": "474d5c216a9ff6c1fbea440bd9f95e9bd7e9af8415fd165cf130dc9868d3a4b8",
    "runs/breast_cancer/split_29/generation_202/datasets/mixture_uniform/training.npz": "ada0d736f84c3d4c59cf8e7179c79d9458978e1c6c424b09aa2ec933246ad2dd",
    "runs/breast_cancer/split_29/generation_202/datasets/mixture_utility/manifest.json": "9cceadac5fdfc50d32bd124e648b69b9632ebcb3761f6f4c198cc1b24f3d9854",
    "runs/breast_cancer/split_29/generation_202/datasets/mixture_utility/training.npz": "48a3f1a3f1d2c1c3265b01c4683f54c2ac886cece7603097ad796e3d59e429c7",
    "runs/breast_cancer/split_29/generation_202/datasets/mixture_utility_support/manifest.json": "c8798d46aee9335b2f9c0f2f096216915c20d6b8feb60f4dc25c55983391f00a",
    "runs/breast_cancer/split_29/generation_202/datasets/mixture_utility_support/training.npz": "6fb9402e81c2735b33da06eb23457b26c4f6463ab1d0a4aa28850243266b57c8",
    "runs/breast_cancer/split_29/generation_202/datasets/smote/manifest.json": "3b1d49959466fd14e96f23f8c241c16eeb6772aeed226f28b389f06e5831def8",
    "runs/breast_cancer/split_29/generation_202/datasets/smote/training.npz": "a02ad06e1f4163750f7f43d99d02e0a67ed7ec3efcba4c0a6a6464488b2a0078",
    "runs/breast_cancer/split_29/generation_202/datasets/tvae/manifest.json": "cba655157690d758a6656fbed8eb467462485e701ab33d14def9eba61ee7c125",
    "runs/breast_cancer/split_29/generation_202/datasets/tvae/training.npz": "02403f09e9f46e00c1923d9fbe742e4ada222ee02be897f2430ee103aadf3bf9",
    "runs/breast_cancer/split_29/generation_202/development_selection.json": "cfbcb312962205757487c0598ed3223deb161cf0110b28dee06cc10313b6eaac",
    "runs/breast_cancer/split_29/generation_202/generators/bootstrap/audit.json": "3a7addda39055c1f406e8df3d2ed47f959e912c33b9ebe6b4a11434d272bb67f",
    "runs/breast_cancer/split_29/generation_202/generators/bootstrap/model.json": "ce2f6e3a0239da2cc77d7b55c4bcd8ab89bb6108f56d4966d517df26be44262e",
    "runs/breast_cancer/split_29/generation_202/generators/bootstrap/pool.npz": "42cf0c76599705b9e35bd72bf9f7304dd6f16e7a9ac6619448e3283fc5484a19",
    "runs/breast_cancer/split_29/generation_202/generators/copula/audit.json": "d070803298009df01a402e818aadd3deae1c6732af25b840191cb71419b2a3f0",
    "runs/breast_cancer/split_29/generation_202/generators/copula/model.json": "cb01b42a1bf775b4fc521591aa263ce338240e3c5636dd2b092057129a3ac7d4",
    "runs/breast_cancer/split_29/generation_202/generators/copula/model_arrays.npz": "daa630b3536f4a51cac767d3ce4bd85415ec2b01466e1f64deaf4b01498c60ea",
    "runs/breast_cancer/split_29/generation_202/generators/copula/pool.npz": "bcf744d59ff16f0c2c288db0145818599f70ad1c411c4f138f426852b515a49d",
    "runs/breast_cancer/split_29/generation_202/generators/ctgan/audit.json": "ffbd96a44eb6450950b015f21ea0e4489ec42506cd632b03a2d4d2dad6778dee",
    "runs/breast_cancer/split_29/generation_202/generators/ctgan/model.json": "201ce89bf68a9984b44ea60e255a38ec5b2ff574d3fe7a79d680e9079bdd23f1",
    "runs/breast_cancer/split_29/generation_202/generators/ctgan/pool.npz": "aad2ac17ac3b3f19f645b16d4ed63e6e8d62a28e1a00a5448928bd91e024ed2e",
    "runs/breast_cancer/split_29/generation_202/generators/ctgan/weights.pt": "60a10a48282aec06ec7a2c9b6d8dc1efab8890904dcd53b6c112a4171d0b3f71",
    "runs/breast_cancer/split_29/generation_202/generators/ctgan_one_mode/audit.json": "03e561c855af3f0a905aecaa4e95b768298714e4baa714d2c366171caba7382b",
    "runs/breast_cancer/split_29/generation_202/generators/ctgan_one_mode/model.json": "b354570f06b0175386625d40b45ec735b6a0ab9a5147e23f432943726633ac46",
    "runs/breast_cancer/split_29/generation_202/generators/ctgan_one_mode/pool.npz": "c1a89234329515288ac5e2e2d37a27599be79deb43181090765df4bd9dd3b259",
    "runs/breast_cancer/split_29/generation_202/generators/ctgan_one_mode/weights.pt": "8093711a2d28d5c6eb032c53f535d331d3d4aab121dddae417eec98b1c84c7e5",
    "runs/breast_cancer/split_29/generation_202/generators/ctgan_unpacked/audit.json": "f3840e7fe15626b059019cfb3ed1b0a04de4ca61825c83ee71e64c7bea4f1121",
    "runs/breast_cancer/split_29/generation_202/generators/ctgan_unpacked/model.json": "ba1241bdabd822d46c476f8d97bf77ab6415ef0f256068d1108baaf10ce5c3b9",
    "runs/breast_cancer/split_29/generation_202/generators/ctgan_unpacked/pool.npz": "859e8ee2204f172129f98cdb814232215acd67b2262b4620850edd95c0729f2c",
    "runs/breast_cancer/split_29/generation_202/generators/ctgan_unpacked/weights.pt": "6b0a44af200ffd359b9a28fb62fab29875aba0908abc92ba9c8779b880c2c6c5",
    "runs/breast_cancer/split_29/generation_202/generators/ddpm/audit.json": "71bb2c768cc289b9b803bff02da82155840008261ca11898705a35dcf18364dd",
    "runs/breast_cancer/split_29/generation_202/generators/ddpm/model.json": "d8c4c7900b7605a9b198186b1a5d6fbbc39481d4f6e1120f3387cfaaf7d58909",
    "runs/breast_cancer/split_29/generation_202/generators/ddpm/pool.npz": "3356c1f55b4496e95b5244d1151a18e22ac83bb876900bacb6e18101a1e56b96",
    "runs/breast_cancer/split_29/generation_202/generators/ddpm/quantiles.npz": "36291bcc4606bdbc8a65f82ef035df2f323c6fcf36d5d82d8279f3aa8404b3a4",
    "runs/breast_cancer/split_29/generation_202/generators/ddpm/weights.pt": "cea446256755a26c1c8c00113fbfc925a6d70eb13913d01a89cc85fc5a49ed2d",
    "runs/breast_cancer/split_29/generation_202/generators/ddpm_standardized/audit.json": "300f46ba7ca5d140bf0334974b0581cfc474559a53d90a05bb8d74eed3fcebb6",
    "runs/breast_cancer/split_29/generation_202/generators/ddpm_standardized/model.json": "4f57ba5676a74acf991bf33932d2d82c98b8f8f6f2497a3de348218e2f032033",
    "runs/breast_cancer/split_29/generation_202/generators/ddpm_standardized/pool.npz": "c2655191d9112054cde8a983ed200e13670bb5e2c96d27fac968ee7caa945fd3",
    "runs/breast_cancer/split_29/generation_202/generators/ddpm_standardized/quantiles.npz": "102722859768e908d35c3374727f7f3315ebd19e2b0865d1612f8762aefaa108",
    "runs/breast_cancer/split_29/generation_202/generators/ddpm_standardized/weights.pt": "08c8bdb2c61b187699d9c93f38145c1b0dd4e6df4559eb4bed8cb140340f7757",
    "runs/breast_cancer/split_29/generation_202/generators/ddpm_unconditional/audit.json": "b3e14e7a7e2fb2841eb939a67e66990a5de79792ed07d7d78e8f1c76be2b104c",
    "runs/breast_cancer/split_29/generation_202/generators/ddpm_unconditional/model.json": "7b101234b0a7e5ee21fabe5da7d42f1b059b9cae84670e578de2cf9aaeac77dc",
    "runs/breast_cancer/split_29/generation_202/generators/ddpm_unconditional/pool.npz": "e371c549b70cf23b1e4d7e8f05d8e7c001859c69649184279377bc24b439b9c6",
    "runs/breast_cancer/split_29/generation_202/generators/ddpm_unconditional/quantiles.npz": "36291bcc4606bdbc8a65f82ef035df2f323c6fcf36d5d82d8279f3aa8404b3a4",
    "runs/breast_cancer/split_29/generation_202/generators/ddpm_unconditional/weights.pt": "3aa4908eaf83f48bffd23bfcdaa563d12a436927a07601965592a9e0cf429023",
    "runs/breast_cancer/split_29/generation_202/generators/mixture_support/audit.json": "3f3608799183f08017220526bd70b6b14e47ff3f24ddcae41477398d10cdef0b",
    "runs/breast_cancer/split_29/generation_202/generators/mixture_uniform/audit.json": "412e9d8b4c2f49c23d0d91a1fd38977522f4343b7a3b55848193a838785d29c5",
    "runs/breast_cancer/split_29/generation_202/generators/mixture_utility/audit.json": "0adda40801b027d3658661f0c68dbfd2de6b596eb42e10807a6c0cab0eccb83c",
    "runs/breast_cancer/split_29/generation_202/generators/mixture_utility_support/audit.json": "fca8dd9a552f763c33a15b642898893e076e3ce197fdfb1a83717e1116cc76cb",
    "runs/breast_cancer/split_29/generation_202/generators/smote/audit.json": "5a3fe2d3e5d42554e7f48d43d4dfec3bd424141ec8c5dfe94ceb8976739e0688",
    "runs/breast_cancer/split_29/generation_202/generators/smote/model.json": "ea7e9bffff2f2e3bb4491b0368847dccf304c99c6fd89b03a59c9eb9f384b10c",
    "runs/breast_cancer/split_29/generation_202/generators/smote/model_arrays.npz": "fcad6ab64cfb50cd30110b350b71f42912735ffd0e625b616c4afebe8a1c5163",
    "runs/breast_cancer/split_29/generation_202/generators/smote/pool.npz": "9e56923e8e6058c47b6381104f9eafdef6ace002e781c79c38fc530ff9a371e0",
    "runs/breast_cancer/split_29/generation_202/generators/tvae/audit.json": "ad8477562df15183190eef7381ba85a73d4e26769d19a0658c3ea11def3f3d7a",
    "runs/breast_cancer/split_29/generation_202/generators/tvae/model.json": "0c5ae13fdb2f85dc2a8eb041f1018f6af41b23cd73759544674eae3f9e0487b8",
    "runs/breast_cancer/split_29/generation_202/generators/tvae/pool.npz": "2eff52686ae549b1c8500c5a8e304b0a71cd723fed00c03f6de5570fc2402134",
    "runs/breast_cancer/split_29/generation_202/generators/tvae/weights.pt": "e64e25b26f8aecd737697eb47cf9de5dc3c3534a004d8bebd509a8b51291f633",
    "runs/breast_cancer/split_29/generation_202/index.json": "1b93b106d6b885992802cb383189a8619b9204693c13af98661ce75f3885f24d",
    "runs/breast_cancer/split_29/generation_202/portfolio_inputs.json": "20e640245acf93d144ffee147aca44a3b656b97b02ffadde4f94a8bcf5873f3a",
    "runs/breast_cancer/split_29/generation_202/probes/copula/11/development.json": "e4184596b18b8809688c656b24804c93395be5c9a73b0429c551218eeda2bcc6",
    "runs/breast_cancer/split_29/generation_202/probes/copula/11/model.json": "99581987bef4432938988ab317c056a18e05c6684a5a9d53b28ae5fceceb7090",
    "runs/breast_cancer/split_29/generation_202/probes/copula/11/weights.pt": "14dc56c812539090420455d3df8e83f6b9706f0d907b3b138e51d6e9b82bf8a2",
    "runs/breast_cancer/split_29/generation_202/probes/copula/7/development.json": "57b9ed3eb48a79b4407f2f10eb9336048e8a6f6f8b3aea6791c3323f328519fa",
    "runs/breast_cancer/split_29/generation_202/probes/copula/7/model.json": "f7eec658b10a067be37f589346bbb7326a0b03b4cc86e3d9e57daf16339e656c",
    "runs/breast_cancer/split_29/generation_202/probes/copula/7/weights.pt": "792fa3dec3e3807bbfb20f081dee02234ffc7604636488edc6baceacaa0f18cb",
    "runs/breast_cancer/split_29/generation_202/probes/ctgan/11/development.json": "42369991c4623d42ff1f1effcb54de142c2571ef0c72a5b8db52937af310a7eb",
    "runs/breast_cancer/split_29/generation_202/probes/ctgan/11/model.json": "a5d4af0467b5e2ad37aa3fa072c3421862c6ab540bc453d09de990dcb42552eb",
    "runs/breast_cancer/split_29/generation_202/probes/ctgan/11/weights.pt": "3c8b80f2fc87190d223810d944c47ce92b764329f0e9648de287e51acc780a6a",
    "runs/breast_cancer/split_29/generation_202/probes/ctgan/7/development.json": "42bce52fdaa663894749a9ca13c852b4571863b228b670a67cf988ec098583ec",
    "runs/breast_cancer/split_29/generation_202/probes/ctgan/7/model.json": "ddc81e6f56478c786639e09f589e447d38392d38976db6d494f266cb0dab8226",
    "runs/breast_cancer/split_29/generation_202/probes/ctgan/7/weights.pt": "f7af7fb12c27e7fcf0a244c7d5aaa382afb5ef6380048ed0015ecb95e9ede436",
    "runs/breast_cancer/split_29/generation_202/probes/ddpm/11/development.json": "6678172e83e4008b06f1c6c72047fe9ec1753b0b0231fcd6d189810e311bbac8",
    "runs/breast_cancer/split_29/generation_202/probes/ddpm/11/model.json": "e90d4026dccc0dc79ebe336f9463c25f2fd423da1acf9a56ab206dc0b7f2dec8",
    "runs/breast_cancer/split_29/generation_202/probes/ddpm/11/weights.pt": "98a34a3b195534d64e3c73db999ed917c86e35bf2d7c2c586a3aebf42085ea7d",
    "runs/breast_cancer/split_29/generation_202/probes/ddpm/7/development.json": "dfaef511960d6c3ea8ae01e05b8e04220a320bc5d9bbbb2c840184397cd3d836",
    "runs/breast_cancer/split_29/generation_202/probes/ddpm/7/model.json": "b124ac12f9049749b93b0dd389f38b7a437858ad1f0cab53e1f2fa80785f84d6",
    "runs/breast_cancer/split_29/generation_202/probes/ddpm/7/weights.pt": "933568ee420d5a7143be2ccdcc2f3a6522ac0ef95aed06049b80ede2ef4cda22",
    "runs/breast_cancer/split_29/generation_202/probes/tvae/11/development.json": "f8d7c635fee26c2a2989f9cb73123429c83d48f9041331267ea943a891fecc08",
    "runs/breast_cancer/split_29/generation_202/probes/tvae/11/model.json": "ef249b43fff23621dda426e1ea109308044a38178b1f098959b7f5ba7cfbac03",
    "runs/breast_cancer/split_29/generation_202/probes/tvae/11/weights.pt": "83a0a5ec2a8b703d382df05480963c480076c0ceea856fe9b68c128c38480eb4",
    "runs/breast_cancer/split_29/generation_202/probes/tvae/7/development.json": "d127fa93edf6b601f89a7e85581245e67c79098cbdc99f74112cbc9d86c79f54",
    "runs/breast_cancer/split_29/generation_202/probes/tvae/7/model.json": "72b3fdd6d9ab055b50a45db0a0d3fc223647ec6aadc59cb263e09608de9b2ba7",
    "runs/breast_cancer/split_29/generation_202/probes/tvae/7/weights.pt": "4a173d09f203a7161d2155b16ec4ed68c400b9541a6eb8154cea7d1ed6f81bad",
    "runs/breast_cancer/split_29/generation_202/students/bootstrap/augment/11/development_predictions.npz": "897d455e9e925f8dc94f25bc4b0274f7031cce47a94376f71c621cfaec55615c",
    "runs/breast_cancer/split_29/generation_202/students/bootstrap/augment/11/model.json": "dcb1c16851fad3bf9db7847573e23fad87d846ed96e06c669342dba31ab7273b",
    "runs/breast_cancer/split_29/generation_202/students/bootstrap/augment/11/weights.pt": "a2d9acf7f585236ae6dc252560f1185917ba891f03bb80a653b9f501b811d583",
    "runs/breast_cancer/split_29/generation_202/students/bootstrap/augment/7/development_predictions.npz": "9642a82fded6312283837c0684b21a24c224c081eedf78c7312359b957508189",
    "runs/breast_cancer/split_29/generation_202/students/bootstrap/augment/7/model.json": "7aa38e0b956ad4b755c97ad72a0d42b64e9fc4c27fb99e7b43035be92457a2d8",
    "runs/breast_cancer/split_29/generation_202/students/bootstrap/augment/7/weights.pt": "b218f39301a0e2a63ce4de3411d0e4bfb68a52300816335292e1f9374ddf7cdc",
    "runs/breast_cancer/split_29/generation_202/students/bootstrap/augment/logistic/model.json": "f511c55b363d7173af5ab9541dc3bf18a9ae7cea226bb2fecf0b1e570e4af84e",
    "runs/breast_cancer/split_29/generation_202/students/bootstrap/synthetic_only/11/development_predictions.npz": "490890f2a7ba02131070eb7872ee7baffa119fd920150c721ad2490aacda58ab",
    "runs/breast_cancer/split_29/generation_202/students/bootstrap/synthetic_only/11/model.json": "f35281ed0e315e5c36807b537b87ea20b86bc200bb6ee0cf45a33cbca794d53d",
    "runs/breast_cancer/split_29/generation_202/students/bootstrap/synthetic_only/11/weights.pt": "c5714d979cb80a60b3e189362eda604e7fa755d4f11c9a18f094d7090db69ad0",
    "runs/breast_cancer/split_29/generation_202/students/bootstrap/synthetic_only/7/development_predictions.npz": "a57099a0b1d4c39f4d01824c362ba9a038af61888277cd749ee3aa5cbd38dd1e",
    "runs/breast_cancer/split_29/generation_202/students/bootstrap/synthetic_only/7/model.json": "a8c44a977b66036d1b851446575f4773d7b404e36f18af1e8e7eb7d5383bcdd2",
    "runs/breast_cancer/split_29/generation_202/students/bootstrap/synthetic_only/7/weights.pt": "7518085efd196c48db1c3ad94051fa851309311a7ad56c83b2248b333db5e349",
    "runs/breast_cancer/split_29/generation_202/students/bootstrap/synthetic_only/logistic/model.json": "8eba45d83fe62abe8709beeceded7d0351d7f770194704ec560b8c1953f08fef",
    "runs/breast_cancer/split_29/generation_202/students/copula/augment/11/development_predictions.npz": "cc06ff0d58f1eaa3d7afc2cc6e02379f5aaabf927eb37a7e8d05fba22d581965",
    "runs/breast_cancer/split_29/generation_202/students/copula/augment/11/model.json": "50e5bdacc4bb44d807b6c9855ed55a32599985e3af8ff879fc1b72b548ca0017",
    "runs/breast_cancer/split_29/generation_202/students/copula/augment/11/weights.pt": "6004eda36eec88ec7add7be574fb0f652bb80cb8189480427b74c724b46b140f",
    "runs/breast_cancer/split_29/generation_202/students/copula/augment/7/development_predictions.npz": "37d2c315c6e23ca4f8059b82aa28152af6088c23b59dc33d5dcd67031e0c3a5f",
    "runs/breast_cancer/split_29/generation_202/students/copula/augment/7/model.json": "86af1479dc8705d36b883d1730641b2f24807e1cb2bac64748958da05b33b787",
    "runs/breast_cancer/split_29/generation_202/students/copula/augment/7/weights.pt": "7c495f6e6246ab6391edcc9797f6092c2bdf85c9d536c0281a8563c943c83bbe",
    "runs/breast_cancer/split_29/generation_202/students/copula/augment/logistic/model.json": "2a3f3928ab03231f574513fbc7fe5159e4fac4775f73b55272b08a323ed3194a",
    "runs/breast_cancer/split_29/generation_202/students/copula/synthetic_only/11/development_predictions.npz": "ef6c6bcbe2115df641527e930e82a4cc1afd89cf84885e97d8faa34b159d3bcc",
    "runs/breast_cancer/split_29/generation_202/students/copula/synthetic_only/11/model.json": "9587648a59b02fc9da5224569095f45301396442e3c5d62f8a0df80220d8ef14",
    "runs/breast_cancer/split_29/generation_202/students/copula/synthetic_only/11/weights.pt": "957aae395b64f452c8b735c1f4bbb81c664ab51bfdacd259c7896933c4a15451",
    "runs/breast_cancer/split_29/generation_202/students/copula/synthetic_only/7/development_predictions.npz": "77a52a8bf69161b84758b2fdad7e71d6be8d17d0daa2cbf3be9992c1aa53bfd0",
    "runs/breast_cancer/split_29/generation_202/students/copula/synthetic_only/7/model.json": "07d20a769451733419d76388691f871cb273af79c4bef83b840de30539aba004",
    "runs/breast_cancer/split_29/generation_202/students/copula/synthetic_only/7/weights.pt": "5561cad3b256451a8ec92bc539218b59bb462a54ef526e621586b7b45a6fc88e",
    "runs/breast_cancer/split_29/generation_202/students/copula/synthetic_only/logistic/model.json": "7926eebd6623b91dfccb7c05f427a8648fb02d96fc2417a0fc67cc9c2499cc59",
    "runs/breast_cancer/split_29/generation_202/students/ctgan/augment/11/development_predictions.npz": "3f3bd98b6ae71e604278698a05d8a5b3123b2ecf846035c2a3140b746f134160",
    "runs/breast_cancer/split_29/generation_202/students/ctgan/augment/11/model.json": "3540bd14a5d14523bcc0ba046a1ad641e1c2139548ba05663452752f18169332",
    "runs/breast_cancer/split_29/generation_202/students/ctgan/augment/11/weights.pt": "0a9767319da992681f8ad9db00dc4c5a9d48610ce42756e4f78f2def60e11aae",
    "runs/breast_cancer/split_29/generation_202/students/ctgan/augment/7/development_predictions.npz": "b8ef853afcd47c7ccf8f168a17da5e293ee815dca858f65a206e9f20c5a362dd",
    "runs/breast_cancer/split_29/generation_202/students/ctgan/augment/7/model.json": "df860cc119c7f4f3b559e83c5d81b75d00f6edfb7d4a74f81da5e129d3e57f82",
    "runs/breast_cancer/split_29/generation_202/students/ctgan/augment/7/weights.pt": "aa18dfc150247e6be4e3bedac64133f3ee36396df913cee0b7f158a0e9501ca8",
    "runs/breast_cancer/split_29/generation_202/students/ctgan/augment/logistic/model.json": "afc1d4823bdd69721a5f0fa7196f92ec2a2baf682b0308afaa62acbe32d84445",
    "runs/breast_cancer/split_29/generation_202/students/ctgan/synthetic_only/11/development_predictions.npz": "8ee980d957472eb072f4f9bafb89b67ae03b027950ad67b5e8fa987ea029fd83",
    "runs/breast_cancer/split_29/generation_202/students/ctgan/synthetic_only/11/model.json": "e2188d00a853df79cb1ca624d7e453c3bc424c6d51266182b5d5aed994c4414a",
    "runs/breast_cancer/split_29/generation_202/students/ctgan/synthetic_only/11/weights.pt": "8890f706bdd257c2dfaa3a4916fcf161c198c99b43d3470f26a9278213e2acf1",
    "runs/breast_cancer/split_29/generation_202/students/ctgan/synthetic_only/7/development_predictions.npz": "8fd575a379a3a6eb2ae765543cad3309aa28c13964f842ca11d739db16556e83",
    "runs/breast_cancer/split_29/generation_202/students/ctgan/synthetic_only/7/model.json": "95859dcebc8ff420dbc7526c2d0be2ef0c121f152eb6f8bc1922c9672bb53641",
    "runs/breast_cancer/split_29/generation_202/students/ctgan/synthetic_only/7/weights.pt": "1d67a9c9d9a35774bfe17ff4650e8e99b6f6f62d018832308920627e6d11afad",
    "runs/breast_cancer/split_29/generation_202/students/ctgan/synthetic_only/logistic/model.json": "ce022553e9f7ff1fc3e6f258ff7d382ad8ad84089185e447ff7cca6b6f5c106d",
    "runs/breast_cancer/split_29/generation_202/students/ctgan_one_mode/augment/11/development_predictions.npz": "aaf69990a36ffd898fb14fc90dc5a1d8930c19b036e9ea6715749c88e4830357",
    "runs/breast_cancer/split_29/generation_202/students/ctgan_one_mode/augment/11/model.json": "2cd82a85800431405dbf000e7a902ad85b4969b635f7a2ae6f741cfd4c4c238a",
    "runs/breast_cancer/split_29/generation_202/students/ctgan_one_mode/augment/11/weights.pt": "848f2f391fe3555f7c21628d16e6cc08fe447c61468671bb13d825554800013a",
    "runs/breast_cancer/split_29/generation_202/students/ctgan_one_mode/augment/7/development_predictions.npz": "92dec4756e7b6c3c88ac95964b942cb7726aac272cb5ed7df13ba293ff449fdc",
    "runs/breast_cancer/split_29/generation_202/students/ctgan_one_mode/augment/7/model.json": "f908c57abfde32fbd393300b3e548b680c58045f863614e50a5174785d0e48f4",
    "runs/breast_cancer/split_29/generation_202/students/ctgan_one_mode/augment/7/weights.pt": "ae912950c0467549f2d0c8081af2345dc07210cf27e677746289a4a6a0184cf4",
    "runs/breast_cancer/split_29/generation_202/students/ctgan_one_mode/augment/logistic/model.json": "a917c8379ab6089c7b6eccc8dd33874459e6a5ee05da05d5f690a47180b5e0d9",
    "runs/breast_cancer/split_29/generation_202/students/ctgan_one_mode/synthetic_only/11/development_predictions.npz": "1a0a1f33c4be94d7fd980bd23b18ea0ddce20e633ebd784cf93ce46908846546",
    "runs/breast_cancer/split_29/generation_202/students/ctgan_one_mode/synthetic_only/11/model.json": "5cdff4a7f3b8e9ccb19da763eb2af46f3ccd53c953eeff73e19c12beeb91c7aa",
    "runs/breast_cancer/split_29/generation_202/students/ctgan_one_mode/synthetic_only/11/weights.pt": "818e93053bf1748e04abeb054ad006fae002cdc1311263ec5a2e0fa8fa5df1a2",
    "runs/breast_cancer/split_29/generation_202/students/ctgan_one_mode/synthetic_only/7/development_predictions.npz": "fd747b004781b8a4cc99d13388ee35a2fac500b0987e42941f2f82b475226494",
    "runs/breast_cancer/split_29/generation_202/students/ctgan_one_mode/synthetic_only/7/model.json": "b6a2e923d4792666902b7031964e0419b0fefd192d9bb328dfe113dc565b56fa",
    "runs/breast_cancer/split_29/generation_202/students/ctgan_one_mode/synthetic_only/7/weights.pt": "4fee01a97edaaa7194aaa2a08a7bbbc8e3af784c89e0af8290869791a95912fe",
    "runs/breast_cancer/split_29/generation_202/students/ctgan_one_mode/synthetic_only/logistic/model.json": "a74904bdfcb6cb516859ca4490e4b63364a23750b46d6fc320e3827e98c46947",
    "runs/breast_cancer/split_29/generation_202/students/ctgan_unpacked/augment/11/development_predictions.npz": "7097b437ba71c73e9896c94e22cbb0c719b0cd6a5847518218c43fff38bc4d45",
    "runs/breast_cancer/split_29/generation_202/students/ctgan_unpacked/augment/11/model.json": "c2d051071efdf2284b4b5909aef360238bfa1e239bccdb3d1108742246bbb50c",
    "runs/breast_cancer/split_29/generation_202/students/ctgan_unpacked/augment/11/weights.pt": "ad838c7de550b405a03d978ce1a30e73f37099b0552e418c91e02c846d281cbe",
    "runs/breast_cancer/split_29/generation_202/students/ctgan_unpacked/augment/7/development_predictions.npz": "528048937653ec8eb90d1c02fe54f3a55f77a0842a569df03dd2761ab75abe47",
    "runs/breast_cancer/split_29/generation_202/students/ctgan_unpacked/augment/7/model.json": "abac3d2ee6353b0e1d82e15a61bcbf4c77d1b185cf61a811808fc67d977d0326",
    "runs/breast_cancer/split_29/generation_202/students/ctgan_unpacked/augment/7/weights.pt": "75e202648c3085a5625a13aece1359c4e21f4da69454b51b901d08f140fb5a92",
    "runs/breast_cancer/split_29/generation_202/students/ctgan_unpacked/augment/logistic/model.json": "0cd6eb0e153882852fba29c6897bff2be293273a91d436250e21ec7e7f52f26b",
    "runs/breast_cancer/split_29/generation_202/students/ctgan_unpacked/synthetic_only/11/development_predictions.npz": "ca24f2a1d4e05a387770d035bf2cc6e85adb6aff27aeb8051744b79a9239e88a",
    "runs/breast_cancer/split_29/generation_202/students/ctgan_unpacked/synthetic_only/11/model.json": "edd8a48935632738007a4da15767a46456733f9ebb88129b0060852dd655c055",
    "runs/breast_cancer/split_29/generation_202/students/ctgan_unpacked/synthetic_only/11/weights.pt": "5248ef3bf70aee2473be27cfb631cfe5f48157a054699de1e46d767d0de009d7",
    "runs/breast_cancer/split_29/generation_202/students/ctgan_unpacked/synthetic_only/7/development_predictions.npz": "245486b622a77fa71956f1b5c296ce5d80b327adfeb33b051c74f1fe4f0cc316",
    "runs/breast_cancer/split_29/generation_202/students/ctgan_unpacked/synthetic_only/7/model.json": "6a6866c856e4924820cd3d8a9db2306bbaeeab4d023fa1e9a75817a94760cbf9",
    "runs/breast_cancer/split_29/generation_202/students/ctgan_unpacked/synthetic_only/7/weights.pt": "88427e5ec1be770b90d3e8c1b18b25aa7347a98dddfa291846ac1c9358918391",
    "runs/breast_cancer/split_29/generation_202/students/ctgan_unpacked/synthetic_only/logistic/model.json": "317b90fc076636d6284d1458d21305989c77fd1e85b80017f0c7ec8b5c46f7c0",
    "runs/breast_cancer/split_29/generation_202/students/ddpm/augment/11/development_predictions.npz": "84620ef51240be2cbbc27b237d256f1fdee7449ffa1ac8331e7b49952fa616dc",
    "runs/breast_cancer/split_29/generation_202/students/ddpm/augment/11/model.json": "654790066875f7401cea4b5a9fe5979503dd817f4a5e1b647f38095dbc53bb28",
    "runs/breast_cancer/split_29/generation_202/students/ddpm/augment/11/weights.pt": "8eeb1f735bc5e60a82d4c683b4cd30f0e4ecff2d1bab9dd5b0adc9dad1624718",
    "runs/breast_cancer/split_29/generation_202/students/ddpm/augment/7/development_predictions.npz": "df8a57362babcdaa2dfa276d6f859e89eba7412bc9cc88af5a443af005f574ed",
    "runs/breast_cancer/split_29/generation_202/students/ddpm/augment/7/model.json": "bb38f79f53a932b784cf245742504355d8f1c18d22b1ded20845f2918011c279",
    "runs/breast_cancer/split_29/generation_202/students/ddpm/augment/7/weights.pt": "4be0f3805a9e2975b4f2431357b07d34eeb4a2885e9b797a807a04530f5f00d5",
    "runs/breast_cancer/split_29/generation_202/students/ddpm/augment/logistic/model.json": "c9e4e67ef32c96e8f1f1879f77a1190590ebe188f527f232e85933a151ef5c37",
    "runs/breast_cancer/split_29/generation_202/students/ddpm/synthetic_only/11/development_predictions.npz": "cd8be7f887de0d2fd09eda7218e68b30241ad368fbf987846844f3f051854ce1",
    "runs/breast_cancer/split_29/generation_202/students/ddpm/synthetic_only/11/model.json": "057ac23fa431509b2584dc0ba8a8ffe4006a67ce1d7cd53cd69ad9dec12acd2c",
    "runs/breast_cancer/split_29/generation_202/students/ddpm/synthetic_only/11/weights.pt": "8a548968023b5389b8cfa63f552aaf717f4cd8c7cb3a557dffb7038f3e5375b3",
    "runs/breast_cancer/split_29/generation_202/students/ddpm/synthetic_only/7/development_predictions.npz": "c745d7e244d537349d0e6e36d83226b445d301ad6a8fcb4f3c2d77259f91d123",
    "runs/breast_cancer/split_29/generation_202/students/ddpm/synthetic_only/7/model.json": "1beb6f7bada5dd2b770709d7710d82f06aed5ed9240535d7e5a5c538410308b5",
    "runs/breast_cancer/split_29/generation_202/students/ddpm/synthetic_only/7/weights.pt": "1a8db1316c31b0fb5b39ce022a491db3b6e042a761b8eb1a828009d1fef55c54",
    "runs/breast_cancer/split_29/generation_202/students/ddpm/synthetic_only/logistic/model.json": "65c798eda455272ee816cdf140e833077a31c6b717c1f66fb8e69497bbc51542",
    "runs/breast_cancer/split_29/generation_202/students/ddpm_standardized/augment/11/development_predictions.npz": "910042975111884656b07a336fe309d26102fa6b677e427be3ae3650e3adc3f1",
    "runs/breast_cancer/split_29/generation_202/students/ddpm_standardized/augment/11/model.json": "9efc81025ceec578594a5cbd1c45419dc31b3df219f21ef481618efa46355c63",
    "runs/breast_cancer/split_29/generation_202/students/ddpm_standardized/augment/11/weights.pt": "4fb08068f0c6d13d0acebf9daa48915bec848079733b2bb4464d24ed0a71ac82",
    "runs/breast_cancer/split_29/generation_202/students/ddpm_standardized/augment/7/development_predictions.npz": "5a90fc7829732bb1d391a223aa900b61d21beb02fb1d043bb9363d677a720124",
    "runs/breast_cancer/split_29/generation_202/students/ddpm_standardized/augment/7/model.json": "7d604ded1a93b77da397dc46f2ad6eb2810721ec55d03fc9dee3faa23485cc40",
    "runs/breast_cancer/split_29/generation_202/students/ddpm_standardized/augment/7/weights.pt": "eab498d11a422110e82e3047c3b7017f20fb7dbf363d81ef68c9fea563cf544c",
    "runs/breast_cancer/split_29/generation_202/students/ddpm_standardized/augment/logistic/model.json": "6dc0c9a2f28866ce2d7e42a02f92b95c79f44489cb1827b99161bf41bf217adb",
    "runs/breast_cancer/split_29/generation_202/students/ddpm_standardized/synthetic_only/11/development_predictions.npz": "2d2dd80d20d2e3e35f0d47ec59364327a715038fd53db48245e4288c9939ffa1",
    "runs/breast_cancer/split_29/generation_202/students/ddpm_standardized/synthetic_only/11/model.json": "53f48d86014dcf0d10eb62b22cdd34227dccfad9e92d8580913c0642a926e35b",
    "runs/breast_cancer/split_29/generation_202/students/ddpm_standardized/synthetic_only/11/weights.pt": "e39750590d8e4b47581384e297056f675b833abc0ae812a60c4437cd862bf778",
    "runs/breast_cancer/split_29/generation_202/students/ddpm_standardized/synthetic_only/7/development_predictions.npz": "5a5a69991f25cb4390ff9dc55bb43ca9f46907a38df88c3c334e586f01bb9874",
    "runs/breast_cancer/split_29/generation_202/students/ddpm_standardized/synthetic_only/7/model.json": "b7c97d0e12a6a9f719c9c08a7d0439366c657822af520b1178894ccf360cebf8",
    "runs/breast_cancer/split_29/generation_202/students/ddpm_standardized/synthetic_only/7/weights.pt": "6502e8ca15c4492a0c6541e448c791fe3cb454fb41b9c8a7778481e01b14888f",
    "runs/breast_cancer/split_29/generation_202/students/ddpm_standardized/synthetic_only/logistic/model.json": "35104fabd5f51c1abb084771c7c6b1899bce29cf4abf371d942a1a72f0a5e40b",
    "runs/breast_cancer/split_29/generation_202/students/ddpm_unconditional/augment/11/development_predictions.npz": "78068c8416c3c6741981f6e6c0a77f8b10817a415bbf47a2a500bfcc81e49509",
    "runs/breast_cancer/split_29/generation_202/students/ddpm_unconditional/augment/11/model.json": "10b5e475a781b868202e4ed99a44e657b12f2bf3cfee3ce39783b2ec22479558",
    "runs/breast_cancer/split_29/generation_202/students/ddpm_unconditional/augment/11/weights.pt": "e4527c5c740a92a4b3bfe512cf660170530655041a9f6c1a6762ef1165c5d8f5",
    "runs/breast_cancer/split_29/generation_202/students/ddpm_unconditional/augment/7/development_predictions.npz": "9a0e4391bc34e58410e88c4dde17b249822e4e5faa7e5d4bdb4daee44b6c2376",
    "runs/breast_cancer/split_29/generation_202/students/ddpm_unconditional/augment/7/model.json": "8403aafc107a4ae418d884190330b16b28a0813591edad9db9dd604a1cfd4409",
    "runs/breast_cancer/split_29/generation_202/students/ddpm_unconditional/augment/7/weights.pt": "2206d41255b2f41fa6f475e3fc2d4202e85b8b362910b68f6b3a4721c61802dc",
    "runs/breast_cancer/split_29/generation_202/students/ddpm_unconditional/augment/logistic/model.json": "a4aee95ca47fdbd335b56c87ae4a3d85612435416eb96407ebdfb45e066a288f",
    "runs/breast_cancer/split_29/generation_202/students/ddpm_unconditional/synthetic_only/11/development_predictions.npz": "d688293ccdc123a729cf1b79e57ed1550ff8618889091c11445c3107e0a338ce",
    "runs/breast_cancer/split_29/generation_202/students/ddpm_unconditional/synthetic_only/11/model.json": "2f0d9abd02d2e324918456f1f8b170e15a7705515279bafa910373509848b6cd",
    "runs/breast_cancer/split_29/generation_202/students/ddpm_unconditional/synthetic_only/11/weights.pt": "6a5d69ab82949c0ab77b84fbcaf524ca49f122420814946ce9e632cc7b19fb8f",
    "runs/breast_cancer/split_29/generation_202/students/ddpm_unconditional/synthetic_only/7/development_predictions.npz": "b79f22a4dab38ca38c09b122291baeae6546c2bb2f2b4bed74057cdda8f57677",
    "runs/breast_cancer/split_29/generation_202/students/ddpm_unconditional/synthetic_only/7/model.json": "7586aecef63c52c04be0207ebed0245acbc02d6592a7e4e8a23d163afbbcc12c",
    "runs/breast_cancer/split_29/generation_202/students/ddpm_unconditional/synthetic_only/7/weights.pt": "2a6972b71ad5160ccc50da6938906e76c83a1303b6a44ad7236c9445733724d9",
    "runs/breast_cancer/split_29/generation_202/students/ddpm_unconditional/synthetic_only/logistic/model.json": "2ab86b240e0cd5744652449125c8a8b33fe048520e9eca6f837765ba525dc3a7",
    "runs/breast_cancer/split_29/generation_202/students/mixture_support/augment/11/development_predictions.npz": "256929053bf8e25a7d77a4f86cf4955972812d828b93da6d57ecb776e664f16e",
    "runs/breast_cancer/split_29/generation_202/students/mixture_support/augment/11/model.json": "3069f71a9f0cc4f4b1a9f5ac3a55d566b4bcd1876e6c26039ee056d3ebaba19a",
    "runs/breast_cancer/split_29/generation_202/students/mixture_support/augment/11/weights.pt": "f118a8fc7282c1ff19aa7a64b5c31c48968cbb4be23d47a05290b3849ecd2c35",
    "runs/breast_cancer/split_29/generation_202/students/mixture_support/augment/7/development_predictions.npz": "a119bfc9f66b3d7555915f81e60e38ebf11166e5cad8c9aed65399c7d612819f",
    "runs/breast_cancer/split_29/generation_202/students/mixture_support/augment/7/model.json": "27b684a46506bd2587828445e5753701b7f2fa34b77fc3af8a793d4fac108686",
    "runs/breast_cancer/split_29/generation_202/students/mixture_support/augment/7/weights.pt": "1d9fac476759bddce7a8c486506a0eec24a5b15bb652ace0cc81eb7dc04cbbbf",
    "runs/breast_cancer/split_29/generation_202/students/mixture_support/augment/logistic/model.json": "8ae8272003c6a900e783ce6fd7ceffca00318fca6b350bae5a1e1fb19c78611c",
    "runs/breast_cancer/split_29/generation_202/students/mixture_support/synthetic_only/11/development_predictions.npz": "d0f9653ada20e68446ad601706d642a905c64db5c13770870683955daf0bacb3",
    "runs/breast_cancer/split_29/generation_202/students/mixture_support/synthetic_only/11/model.json": "b2116d76ba60ebca34344312e501884e3ee34ff9504c0dc8b54c982a49144c82",
    "runs/breast_cancer/split_29/generation_202/students/mixture_support/synthetic_only/11/weights.pt": "7f13ddaa9529a6d80fd34bb582b7ca1bfd66632395b8cc4c86fc090213121adf",
    "runs/breast_cancer/split_29/generation_202/students/mixture_support/synthetic_only/7/development_predictions.npz": "54d9baf45222c2fdb9178dd6d47460d93c6677153c784eda4cf30afd5558627c",
    "runs/breast_cancer/split_29/generation_202/students/mixture_support/synthetic_only/7/model.json": "5b25777daced748d2faa74a7c0137aabf8684b08c1c8294c79976c0273a461f4",
    "runs/breast_cancer/split_29/generation_202/students/mixture_support/synthetic_only/7/weights.pt": "317aae5990563d54e7d7a0603f36880946186d0c4c93c1888aeb69c58e7628e2",
    "runs/breast_cancer/split_29/generation_202/students/mixture_support/synthetic_only/logistic/model.json": "b65fb0092ec48bd9842a677293e5c133360c5fa46237bbaf8245db117b3a9883",
    "runs/breast_cancer/split_29/generation_202/students/mixture_uniform/augment/11/development_predictions.npz": "3353ac6845c15333268a7e7a1124192a353f37c4ab88d2a614c9abe067c7a958",
    "runs/breast_cancer/split_29/generation_202/students/mixture_uniform/augment/11/model.json": "6367043512d711e158b50f0ca0a4b88547430e4bf6b5f56d8f161401fe240914",
    "runs/breast_cancer/split_29/generation_202/students/mixture_uniform/augment/11/weights.pt": "8d63b8fad817f211a23cc058940991dddc5e4402ad8d5ebd96c8d0f59e05b179",
    "runs/breast_cancer/split_29/generation_202/students/mixture_uniform/augment/7/development_predictions.npz": "674be84342056950f518b15939bfb8bcc01fbe50cc6b90f2d0bfb73deb8b84a2",
    "runs/breast_cancer/split_29/generation_202/students/mixture_uniform/augment/7/model.json": "6cf2a60aca52da89b89385aa28d7cd347be11cc023c41b2cea155a246c6f8d42",
    "runs/breast_cancer/split_29/generation_202/students/mixture_uniform/augment/7/weights.pt": "6461f760c49040b02d1055fcca4b91690d406a3a9d9961ca2af9159516ee1908",
    "runs/breast_cancer/split_29/generation_202/students/mixture_uniform/augment/logistic/model.json": "e04d2009354ac374b5e8fef3a2f42e6b305ab1f8238d87d4227f56fc8b583f68",
    "runs/breast_cancer/split_29/generation_202/students/mixture_uniform/synthetic_only/11/development_predictions.npz": "84c276ff207e979552177e1fa49f0456df8c59d9e3af463da344ec66aa1a56b4",
    "runs/breast_cancer/split_29/generation_202/students/mixture_uniform/synthetic_only/11/model.json": "51c80476b84466f34bdd2830f24f554d1606b7cea60ce3ff37c7381b436c1805",
    "runs/breast_cancer/split_29/generation_202/students/mixture_uniform/synthetic_only/11/weights.pt": "a28bedf4d855eb6124021ba332976280ffbe939596768dfdbbb378485127103b",
    "runs/breast_cancer/split_29/generation_202/students/mixture_uniform/synthetic_only/7/development_predictions.npz": "f6d94469f8ed08ecb7481f267818b9bc910462d3033e9b7ab0801f3782262d21",
    "runs/breast_cancer/split_29/generation_202/students/mixture_uniform/synthetic_only/7/model.json": "03668c2317bf2c1404dbccb93a9bb8e57ec82252d0895d4fa1b8c3e832c39814",
    "runs/breast_cancer/split_29/generation_202/students/mixture_uniform/synthetic_only/7/weights.pt": "94a809a93aee54bf3fa4996eb6af921784ce0533a051121594573d9a64e57f6e",
    "runs/breast_cancer/split_29/generation_202/students/mixture_uniform/synthetic_only/logistic/model.json": "94fda1acfa3781abbe685850be5b9daaab21b0fd14e8d202941202ddc7aa29fd",
    "runs/breast_cancer/split_29/generation_202/students/mixture_utility/augment/11/development_predictions.npz": "2b2334a8ddce99e9cec3bef539321637c1148c65986986f1574d843614d2ae89",
    "runs/breast_cancer/split_29/generation_202/students/mixture_utility/augment/11/model.json": "789aaf1b9e952a0e160aeb208be2c3e40d9fbe5587901bc8f8a2b9ae38a6371d",
    "runs/breast_cancer/split_29/generation_202/students/mixture_utility/augment/11/weights.pt": "96de200290794e9b229a86b6eb4e14af3fe359543774d8abdd1ffac81bd3b4d9",
    "runs/breast_cancer/split_29/generation_202/students/mixture_utility/augment/7/development_predictions.npz": "73030169fcf3ba4e5c852311f0e003efe6ce8948ef181039efaf4caf0dedf423",
    "runs/breast_cancer/split_29/generation_202/students/mixture_utility/augment/7/model.json": "ef8fd5bc75d9255edbd7bcb96c9c8942b9447a36f8bc1fb7d29987642ffde326",
    "runs/breast_cancer/split_29/generation_202/students/mixture_utility/augment/7/weights.pt": "033999be6ab37f9a2d4a475ef60222d9903156a63bff78d311efd1cd9d0d4004",
    "runs/breast_cancer/split_29/generation_202/students/mixture_utility/augment/logistic/model.json": "d728ddbee4f28369e6cb6d4757649a300b0ad233e709194bd9afa89bb22be513",
    "runs/breast_cancer/split_29/generation_202/students/mixture_utility/synthetic_only/11/development_predictions.npz": "c4ee55068c5c201941d413dacf698bb4734cc6614b241452d33188eae26fa96e",
    "runs/breast_cancer/split_29/generation_202/students/mixture_utility/synthetic_only/11/model.json": "18bbc56d359e3f4fa0cd05bd30551ad8061ceb3b592ffa2c7ff0f943a8080df1",
    "runs/breast_cancer/split_29/generation_202/students/mixture_utility/synthetic_only/11/weights.pt": "5c4635741e85a5da554578ebbac854717091dc1fa672fc01ed7b9d72ec9414d5",
    "runs/breast_cancer/split_29/generation_202/students/mixture_utility/synthetic_only/7/development_predictions.npz": "3bf133638db135d4f3a895bd714b7840a7c7c56c28b318024ddbf339b05d1f9c",
    "runs/breast_cancer/split_29/generation_202/students/mixture_utility/synthetic_only/7/model.json": "c025eaeb6d7a29a1c7e868fd43f45ceb85f745db67790fbac5ab2e4b3ef7644f",
    "runs/breast_cancer/split_29/generation_202/students/mixture_utility/synthetic_only/7/weights.pt": "2dff6cf841733ef5bfdca5186c57138e385dd34ad9f2537d024f9b077f5fd5a9",
    "runs/breast_cancer/split_29/generation_202/students/mixture_utility/synthetic_only/logistic/model.json": "8660a506731d87a3fec03578d91a186d42b5a9507d73b2610bd944431c47bcc5",
    "runs/breast_cancer/split_29/generation_202/students/mixture_utility_support/augment/11/development_predictions.npz": "03dbaedff0e8cc8f0b3cd93d1ec97cfbc735555f5cf9c499b52069deeff406cc",
    "runs/breast_cancer/split_29/generation_202/students/mixture_utility_support/augment/11/model.json": "d1ade0acba6007057b5db536bd1b22b16e3084a74513e4656e5a63d38432c9e1",
    "runs/breast_cancer/split_29/generation_202/students/mixture_utility_support/augment/11/weights.pt": "815a59e2c874669819118deade14b6b3fa7443db694264c944b72e16198ad3c1",
    "runs/breast_cancer/split_29/generation_202/students/mixture_utility_support/augment/7/development_predictions.npz": "956c4dca5e5ef55e36ee1ee930bc9d3e181de82384e12e09da81a313ccccc772",
    "runs/breast_cancer/split_29/generation_202/students/mixture_utility_support/augment/7/model.json": "4b319f25e5719988e5545fed0486042b534f87d768573b51fab93cb358d66c05",
    "runs/breast_cancer/split_29/generation_202/students/mixture_utility_support/augment/7/weights.pt": "2929a9ff99fb81b295c523537c3d52713d650c105b02864324294bad9f3715ac",
    "runs/breast_cancer/split_29/generation_202/students/mixture_utility_support/augment/logistic/model.json": "d4c77bebdf5fa60d2ef18804d492ab95059f0675566de9a7799716c3cf41cd2c",
    "runs/breast_cancer/split_29/generation_202/students/mixture_utility_support/synthetic_only/11/development_predictions.npz": "c5d2897a7b7b637d9242631d0b241e9ffcc38e96ca96144a748321e54ea71c0c",
    "runs/breast_cancer/split_29/generation_202/students/mixture_utility_support/synthetic_only/11/model.json": "4edab5ea5d7e168ede3b6fdd310e5531e4c79154ec9c9feed101080dca25f1a6",
    "runs/breast_cancer/split_29/generation_202/students/mixture_utility_support/synthetic_only/11/weights.pt": "7bdac0b934a29de01b8f4f60ddd63609904e53d05bf3ddd9592b030d0cc1189b",
    "runs/breast_cancer/split_29/generation_202/students/mixture_utility_support/synthetic_only/7/development_predictions.npz": "d55b429662589b07bda1c52f08e65a5e1563cbb292e4c8580c293d5030c41ebf",
    "runs/breast_cancer/split_29/generation_202/students/mixture_utility_support/synthetic_only/7/model.json": "05100d6e8e23bbfd2dee92635f9a129a7860a95457a192db9d6032d2724f82f0",
    "runs/breast_cancer/split_29/generation_202/students/mixture_utility_support/synthetic_only/7/weights.pt": "889a30f43c437483e2e3da17c54b87d1cd536291ac551b48ce3d1e44f5f88676",
    "runs/breast_cancer/split_29/generation_202/students/mixture_utility_support/synthetic_only/logistic/model.json": "6453e87986d5904f3634af774ae0331f73ad894d33cdf5aae7dda89f3a692d9c",
    "runs/breast_cancer/split_29/generation_202/students/real_only/real_only/11/development_predictions.npz": "e793753780d9211f024e5f410dd3b943a83686273a1e4b340f001a53f50a924d",
    "runs/breast_cancer/split_29/generation_202/students/real_only/real_only/11/model.json": "5696944bf8a46a47cd36d2a28731afdeb08382e7c311b1c31ba112e7a1f59257",
    "runs/breast_cancer/split_29/generation_202/students/real_only/real_only/11/weights.pt": "7d384e6995e05990a2aa74e24cbbde4e43d6154c8d51c9d90b4ff876ede07d74",
    "runs/breast_cancer/split_29/generation_202/students/real_only/real_only/7/development_predictions.npz": "f4a2b08dc3d9ec54ba61abb9cf78de07091a05198cfede99f9834f5289f68646",
    "runs/breast_cancer/split_29/generation_202/students/real_only/real_only/7/model.json": "4579c462f4f7db97ff5c983e661d61735a00fd8a05f5d9cd8dce9e75b02146cb",
    "runs/breast_cancer/split_29/generation_202/students/real_only/real_only/7/weights.pt": "fd2b5a7790886fbfe06fcc76a7084e713f427eb65faec7496a2512eff2985532",
    "runs/breast_cancer/split_29/generation_202/students/real_only/real_only/logistic/model.json": "63c69c099c3ac9c45962d50e86985917859e46715532f264be18d05734909b4f",
    "runs/breast_cancer/split_29/generation_202/students/smote/augment/11/development_predictions.npz": "c7de2730802e6e392f7d2d464514f252f07541743635d28d18d363cecef44eae",
    "runs/breast_cancer/split_29/generation_202/students/smote/augment/11/model.json": "6b1d310a8a4320a634dd7b061da19b663c45575f5936b70e315389c3dfe1fd5b",
    "runs/breast_cancer/split_29/generation_202/students/smote/augment/11/weights.pt": "3ad54cee81f02ea61ef8bf5ce5188168cf46b85eda6c62eef3df89f1dfb4e9b6",
    "runs/breast_cancer/split_29/generation_202/students/smote/augment/7/development_predictions.npz": "b4becada720b789f9bd29157db9e8fccf16a51c1aa5e511c751abf7ca060df12",
    "runs/breast_cancer/split_29/generation_202/students/smote/augment/7/model.json": "4a891f50d3d89e25ca92f351e843ee174873d768ba05471a5600362a29687cd2",
    "runs/breast_cancer/split_29/generation_202/students/smote/augment/7/weights.pt": "a0660ac454e5b44e68efff67ccfa73c872c6ad4025e1eebc6c114bd527ff099a",
    "runs/breast_cancer/split_29/generation_202/students/smote/augment/logistic/model.json": "1d326c1dee19e0ddfe6db46c7a8a1a22caa2f0ccdcd96ac250685f2d72672973",
    "runs/breast_cancer/split_29/generation_202/students/smote/synthetic_only/11/development_predictions.npz": "f1b69a9e3389a9b4b86a169929270e194a31365f79a018346822dfea32fd819f",
    "runs/breast_cancer/split_29/generation_202/students/smote/synthetic_only/11/model.json": "21278ba1701e4b240f487b744d72e024b4cae7325d830e13d37f55824516c22e",
    "runs/breast_cancer/split_29/generation_202/students/smote/synthetic_only/11/weights.pt": "90b4babc0a1e4088709c3c4a200b31197859061859128ca6cc513c3d5ce87dbf",
    "runs/breast_cancer/split_29/generation_202/students/smote/synthetic_only/7/development_predictions.npz": "0bbae20ea252b53a6a2f8b597e373d36a8357564c47302546e035b9b1a98d816",
    "runs/breast_cancer/split_29/generation_202/students/smote/synthetic_only/7/model.json": "edbf187a3182d0a262f6fcad1ec3f2fa02dee76e4a03db94a3ab81b1260fb155",
    "runs/breast_cancer/split_29/generation_202/students/smote/synthetic_only/7/weights.pt": "f9f007d85a11393d67bcdc81816d6b92f017c1cc2861432d256aa22952ce53c9",
    "runs/breast_cancer/split_29/generation_202/students/smote/synthetic_only/logistic/model.json": "531164c6d402dfb7f4fe6207249a669b44009cd7502d50a5e314efa75e9e3147",
    "runs/breast_cancer/split_29/generation_202/students/tvae/augment/11/development_predictions.npz": "ab37e113ccc48b5b2de7a70ed1efea8f0b88756a6741979151df460394c0b3de",
    "runs/breast_cancer/split_29/generation_202/students/tvae/augment/11/model.json": "1f79069433b746c51663f14a8577c807bc124293a0e492c94572a7b93afc0e39",
    "runs/breast_cancer/split_29/generation_202/students/tvae/augment/11/weights.pt": "9e64d65e72e25acaddd2d88b0bb69412a1756c2474ee6c7e713790fe5505a3c5",
    "runs/breast_cancer/split_29/generation_202/students/tvae/augment/7/development_predictions.npz": "ce26fb5cb04609fbaf15be76872c8aea1bfcc7584e87ea8a6825de9b4236ec30",
    "runs/breast_cancer/split_29/generation_202/students/tvae/augment/7/model.json": "842e11d3c65700df456a4e62a42c99af8f8466d399e1747209c336e2e8efd582",
    "runs/breast_cancer/split_29/generation_202/students/tvae/augment/7/weights.pt": "23017eb2d7a407a85d643ddad3597afdd9166c200a328e1d8aedf38a2830b35b",
    "runs/breast_cancer/split_29/generation_202/students/tvae/augment/logistic/model.json": "9822ed6041d1238f670502d27fed32c983c6d27c93e413a7cad30eee96b89b03",
    "runs/breast_cancer/split_29/generation_202/students/tvae/synthetic_only/11/development_predictions.npz": "ebec8d9db6d1633ac7efa7cd1a98b185e9055520a31c4e11939ea5a00699c33f",
    "runs/breast_cancer/split_29/generation_202/students/tvae/synthetic_only/11/model.json": "231f29bf0a142493ed8f2b980edf499d34716eef1f5afc317412e1a39588da62",
    "runs/breast_cancer/split_29/generation_202/students/tvae/synthetic_only/11/weights.pt": "d3ae9e87ef1156139cc4904fea771b15087f3fbd495e432ed8706929848b0775",
    "runs/breast_cancer/split_29/generation_202/students/tvae/synthetic_only/7/development_predictions.npz": "64bc69970369f25cee1f7c245d467b377135adecfae71c65e3d056608acc8fef",
    "runs/breast_cancer/split_29/generation_202/students/tvae/synthetic_only/7/model.json": "c8c2188db602f2ce2b8547c177865e6007298a03cab953bd702f936855362cb3",
    "runs/breast_cancer/split_29/generation_202/students/tvae/synthetic_only/7/weights.pt": "a004644eb99194675caa1e91705d0f826e28ce5054f16766bebb5ec4d77dc4bc",
    "runs/breast_cancer/split_29/generation_202/students/tvae/synthetic_only/logistic/model.json": "a2bd7026819d43ec76d409508a7bbc5795fa6c76da5bc012ffee679fb20464d9",
    "runs/breast_cancer/split_41/generation_101/datasets/bootstrap/manifest.json": "fb971ad6280ed61627da17a08753cee6e73e1ff52391fc6a754515908a44b572",
    "runs/breast_cancer/split_41/generation_101/datasets/bootstrap/training.npz": "272a49e9bfb404916b3de0b03c2c3c5c8f83b00723ec1b6697b7d9c6377f9d52",
    "runs/breast_cancer/split_41/generation_101/datasets/copula/manifest.json": "fd5cbed5007789cc963060aba368126167d822b80cbdf4bb0c8da6e54380c665",
    "runs/breast_cancer/split_41/generation_101/datasets/copula/training.npz": "d9b4f09fd79a7d1a0ac3045cc99d690ff9de7f97118924f28cbdcd9d176d2b17",
    "runs/breast_cancer/split_41/generation_101/datasets/ctgan/manifest.json": "60629b6e06b73d5d7e449bac113e991fee3b31ff4baf40dc3424111a73f20533",
    "runs/breast_cancer/split_41/generation_101/datasets/ctgan/training.npz": "f4273d6316bd42269752e07a8c2e067689ecab1b28c57ba69d802c623e3cc7f4",
    "runs/breast_cancer/split_41/generation_101/datasets/ctgan_one_mode/manifest.json": "3b33c195604f2c74aad279bdce908c5bf028f307809f6385bcd2caa55e6fa9a1",
    "runs/breast_cancer/split_41/generation_101/datasets/ctgan_one_mode/training.npz": "1d2b3f583a477d533175f2b9241a7a0dc2fa281f9a25895f720473f5922e2d41",
    "runs/breast_cancer/split_41/generation_101/datasets/ctgan_unpacked/manifest.json": "4ded52feb6983b3e0cdce421a98af380664a25756b5abc799adda05795949fba",
    "runs/breast_cancer/split_41/generation_101/datasets/ctgan_unpacked/training.npz": "ac428945cefe37afc751f7a6becad8b81604082089c82ff84f1d6260a04aa047",
    "runs/breast_cancer/split_41/generation_101/datasets/ddpm/manifest.json": "4d463ec52a9ecd0a4c029f58f470c1dcdb63879a7df28ae44af1f43d7cdc55b4",
    "runs/breast_cancer/split_41/generation_101/datasets/ddpm/training.npz": "bab761f459db4f2a6af365f6bb3b694782385f084cdc17032f8ac3e77eb2220c",
    "runs/breast_cancer/split_41/generation_101/datasets/ddpm_standardized/manifest.json": "a633408afa1f3289a87c87e4efd4f19a01dd04a0da0acfdcb2a22c0d2cf4f83c",
    "runs/breast_cancer/split_41/generation_101/datasets/ddpm_standardized/training.npz": "2d78a925e97395393d594f97bc856af7a74974a8a2620151db06abd4538937e5",
    "runs/breast_cancer/split_41/generation_101/datasets/ddpm_unconditional/manifest.json": "add8eb79034a148ed72a787a9804c0f7df335465665e345882393c68e976c6d5",
    "runs/breast_cancer/split_41/generation_101/datasets/ddpm_unconditional/training.npz": "9f5761837bd23256768cdbf5e1279ce127846c8bfadf33503249ee717c3a93b5",
    "runs/breast_cancer/split_41/generation_101/datasets/mixture_support/manifest.json": "16cfb3a52a3d3083be06b910eb200813a9ae7c656444c61676a6e3b50738930a",
    "runs/breast_cancer/split_41/generation_101/datasets/mixture_support/training.npz": "3268ddc6387d29963208066a0247d60da5b5a529e40cec10a319e123e7c19950",
    "runs/breast_cancer/split_41/generation_101/datasets/mixture_uniform/manifest.json": "edc11339a975b9513a0d2ce251acfc696c585580f2e2695302372f7835bba031",
    "runs/breast_cancer/split_41/generation_101/datasets/mixture_uniform/training.npz": "eb98d6e6085e50aecd5fc4d552b2adc3d5381a405c1f38561198bfecfe0fff85",
    "runs/breast_cancer/split_41/generation_101/datasets/mixture_utility/manifest.json": "5f4bfe9ef8af8fc8bdc74a4e295d6bbad629dffb208e84010a887113b3826a21",
    "runs/breast_cancer/split_41/generation_101/datasets/mixture_utility/training.npz": "deada16206d5b67bc38a281b34f5279f043305af5a1780f000a3ad73fed16509",
    "runs/breast_cancer/split_41/generation_101/datasets/mixture_utility_support/manifest.json": "999efa1a75bcc9a0901b3c93d9be0b5e0b59879e7d2795b55c8a8bf0fc7ff3fa",
    "runs/breast_cancer/split_41/generation_101/datasets/mixture_utility_support/training.npz": "5961e7d9a9f8a81e697c4dce4498025a7077e1a873f1c66ef3e83ee0358c0c69",
    "runs/breast_cancer/split_41/generation_101/datasets/smote/manifest.json": "bdade2012e7d2891d5444f2f854533d0c5e538ae328486225b8a3a3b6f85812f",
    "runs/breast_cancer/split_41/generation_101/datasets/smote/training.npz": "e30860e96f8e4bde7fc316ae1a0b51acbe0cb600391571dbfca0daf53372325a",
    "runs/breast_cancer/split_41/generation_101/datasets/tvae/manifest.json": "f6918fc4d6ba1d9b1455ddd8e1c6bb9d74f671da7d8c165cda8ec33050981b12",
    "runs/breast_cancer/split_41/generation_101/datasets/tvae/training.npz": "6a1919303ee7e3f88bde2e3a5702d35802a03ff6fda9494232ec2c4f8a36d28a",
    "runs/breast_cancer/split_41/generation_101/development_selection.json": "e6a0e1ed1ec0ccbddddee14e7fca88f6b0568ed926abf43f0d246683ad76f9ef",
    "runs/breast_cancer/split_41/generation_101/generators/bootstrap/audit.json": "012834e02153c6540e8e5b647a0b587ec3bbc980ea69501d1aa53f5e588011ad",
    "runs/breast_cancer/split_41/generation_101/generators/bootstrap/model.json": "3c4a19ea854a963d8b323f09fbf11bfd17119d7d80ee3613f7e419de4c4647e1",
    "runs/breast_cancer/split_41/generation_101/generators/bootstrap/pool.npz": "7e510b5415625260d412c2df71a030285e286b428fc22836526b295316fd4cfd",
    "runs/breast_cancer/split_41/generation_101/generators/copula/audit.json": "f499d8bfb742124ca3a690eac864f8aa0bcf1c1d3b12168767eb5a507956c39d",
    "runs/breast_cancer/split_41/generation_101/generators/copula/model.json": "8cf7164ab012625320ac0d12c0f294eaa1c8c75b5435681613ca1b3b8a592a4a",
    "runs/breast_cancer/split_41/generation_101/generators/copula/model_arrays.npz": "68e28e1a85e9cad273e7d7f68976beff2d2f64423d850539861c995e0aedd9d4",
    "runs/breast_cancer/split_41/generation_101/generators/copula/pool.npz": "12e21dc689ad92f3b71f84d11dbb292172d7b149635f968380ea3401b771ccf5",
    "runs/breast_cancer/split_41/generation_101/generators/ctgan/audit.json": "d51dd8120979bfcd2a2330b44fb276f2f9a80a75877cdf19b29c87a68e137f13",
    "runs/breast_cancer/split_41/generation_101/generators/ctgan/model.json": "b6dea2fdc360635bf7915ee31cdcb448a80818aebcfa429e31789c73ff007822",
    "runs/breast_cancer/split_41/generation_101/generators/ctgan/pool.npz": "fb54e78b8a3dac6d03d5e03b4928a3e9e444354a9324640aa4af7ff9a9420c21",
    "runs/breast_cancer/split_41/generation_101/generators/ctgan/weights.pt": "8fe3399a345302ca8893c49a29dc9c168b7ae67276b44dca3a15f9f96169cd98",
    "runs/breast_cancer/split_41/generation_101/generators/ctgan_one_mode/audit.json": "cb36812788525e545504322526b54189332046bdfa8cd2af588f744d3ed86d55",
    "runs/breast_cancer/split_41/generation_101/generators/ctgan_one_mode/model.json": "df97588433b60e20310ea1a730a3b85787dc1bcd41a78b9a8ab7f20acab38343",
    "runs/breast_cancer/split_41/generation_101/generators/ctgan_one_mode/pool.npz": "d9ee35141e5514eab04148fab9abb4277e9b1ea58d3ab604dcb0b57a6bd29886",
    "runs/breast_cancer/split_41/generation_101/generators/ctgan_one_mode/weights.pt": "1f2f54b6e7f66ea96f42e4b85e99a8d672e60c846711dfeb0fefc62ec9e502e3",
    "runs/breast_cancer/split_41/generation_101/generators/ctgan_unpacked/audit.json": "1573e10c3f59c97b0b4aebd35a4ed137041901722a56303bbfbb2d91fbc9f9e5",
    "runs/breast_cancer/split_41/generation_101/generators/ctgan_unpacked/model.json": "e8be03b1cec889912392b371a9709ca6f2b07627f136cf6f5c3e96e269a2eda5",
    "runs/breast_cancer/split_41/generation_101/generators/ctgan_unpacked/pool.npz": "708e8aeb6d8c13450cf2c7ce2f205116666995383292f8dd1eb3d93034dc26db",
    "runs/breast_cancer/split_41/generation_101/generators/ctgan_unpacked/weights.pt": "8ee666b54b086ab57c44038345933f2aadeafc39bfb88205b4130022364fac6e",
    "runs/breast_cancer/split_41/generation_101/generators/ddpm/audit.json": "c6c663c9f431c3f3ce08a8f2a0889b2327a73d070f6c6ea9556fbc7aeb43a4ac",
    "runs/breast_cancer/split_41/generation_101/generators/ddpm/model.json": "7af06fc36428d8fef4980a46adce472e89175b3c2faf21b81cdb6ae0fb645dbd",
    "runs/breast_cancer/split_41/generation_101/generators/ddpm/pool.npz": "4159f7b3b3ddc93406dcb1d24f63cd613682056740747d6f715e4580b60d1b29",
    "runs/breast_cancer/split_41/generation_101/generators/ddpm/quantiles.npz": "5d8b67b89b6e2f58fbd6d6a04c35ab53100d00e522025f79e5033ae1590bf1b0",
    "runs/breast_cancer/split_41/generation_101/generators/ddpm/weights.pt": "6be9317f0fbd20ac67fd50ece95caf1175c93199c1fda48ff096868fda9eb71d",
    "runs/breast_cancer/split_41/generation_101/generators/ddpm_standardized/audit.json": "e4e6ce5d28a8d0564966fa72ae7bf12114b54083f71ce6f06a9b9f9d33fefca6",
    "runs/breast_cancer/split_41/generation_101/generators/ddpm_standardized/model.json": "7c28f3ec52ff9cbdd2e3d7e6cf624b73040a174e9f8a78eee03e3cb5cb67464b",
    "runs/breast_cancer/split_41/generation_101/generators/ddpm_standardized/pool.npz": "48d2667b03ad90669fc847a3f0f716e71ec5600051dcb051f02e0b9d12755c82",
    "runs/breast_cancer/split_41/generation_101/generators/ddpm_standardized/quantiles.npz": "dd22e7e652767c7a8302b1694d5c661b2acfe4be08586df4988d4e4f83cd48a8",
    "runs/breast_cancer/split_41/generation_101/generators/ddpm_standardized/weights.pt": "277c1214a1f08743f6355c94348c0a32fd47e272e2cc9dd6b89b9f3a69857d95",
    "runs/breast_cancer/split_41/generation_101/generators/ddpm_unconditional/audit.json": "056e979befac44e83717db7c24736ae94ed8b7f7939fe1e83e111dac0a10d94d",
    "runs/breast_cancer/split_41/generation_101/generators/ddpm_unconditional/model.json": "7592a058af0c9b7df0ceafc1a18f2fb0fc11ee509f4f2c57839291af399bb27b",
    "runs/breast_cancer/split_41/generation_101/generators/ddpm_unconditional/pool.npz": "3b2524bea58f4f939cd9ba0d2526c8a690d02c694322c4eb52ffdfb9eb5bfd4e",
    "runs/breast_cancer/split_41/generation_101/generators/ddpm_unconditional/quantiles.npz": "5d8b67b89b6e2f58fbd6d6a04c35ab53100d00e522025f79e5033ae1590bf1b0",
    "runs/breast_cancer/split_41/generation_101/generators/ddpm_unconditional/weights.pt": "753e43043d45f7f2d7b73c156fbd86ccbf8b2e3a77e1771b0bf49d22ae9b6e1c",
    "runs/breast_cancer/split_41/generation_101/generators/mixture_support/audit.json": "afae3f310dd4774c683aa4208457bd38cb3dc51c6542f5ea77eb81811f1823f9",
    "runs/breast_cancer/split_41/generation_101/generators/mixture_uniform/audit.json": "41ee15d1e8ac8d0f10c42f9012ce3c22686625d9ea7f5991d82b1d84e0fede81",
    "runs/breast_cancer/split_41/generation_101/generators/mixture_utility/audit.json": "fc8b921a03e5ac329e77ec37ead3dbfd4b0ba2c72fd9d86d90b27a981751e311",
    "runs/breast_cancer/split_41/generation_101/generators/mixture_utility_support/audit.json": "9cec3617769caddbd879316f5e3229a8fc48865ca69ab3da2ccb4385b6689ae6",
    "runs/breast_cancer/split_41/generation_101/generators/smote/audit.json": "dcb677ed275f84281eb25d3c4f2e2aac815e7f57a03fb9f95d26e96b2a40b076",
    "runs/breast_cancer/split_41/generation_101/generators/smote/model.json": "dee44e870cfe4065f5368075ff65182e16534b813bb927230973b1c44e75ac4b",
    "runs/breast_cancer/split_41/generation_101/generators/smote/model_arrays.npz": "69013f92032a7e77fea38f7b985e4130cf555e92a59747b3c490ef65f4b1ad47",
    "runs/breast_cancer/split_41/generation_101/generators/smote/pool.npz": "0f0d203ffe55ebb264a2f47d2b19bc796e4363c44b4788f0c7e790c86e872958",
    "runs/breast_cancer/split_41/generation_101/generators/tvae/audit.json": "3e1e31da93b4dbf995793dafb45fb0143484d481812c801ed34c21e0c0477054",
    "runs/breast_cancer/split_41/generation_101/generators/tvae/model.json": "89342a27541c967f1ab5a42dd8f7f6452983aef53f4486ec84bc2c3c7e58240d",
    "runs/breast_cancer/split_41/generation_101/generators/tvae/pool.npz": "51f75ebb0dad2bb8e49431266f431c347fc2eac3885f2c3d5023e6e9d83f60ee",
    "runs/breast_cancer/split_41/generation_101/generators/tvae/weights.pt": "30aa7041f2d29aef4c956255f70d8e0f7f57c228015e24305fe8b4ee152c4580",
    "runs/breast_cancer/split_41/generation_101/index.json": "9f902aba46406f609071b6248281b1f7a169137d4c97d8352dee37e9657f2c1a",
    "runs/breast_cancer/split_41/generation_101/portfolio_inputs.json": "d90868befedca9d935d4f2bec8dd4c778a2eff2743fe7bbc4a49042ef44bebe0",
    "runs/breast_cancer/split_41/generation_101/probes/copula/11/development.json": "04644867bb44dfaf7556c4d54f66ff926a2181b368e659010631cc9a0190d541",
    "runs/breast_cancer/split_41/generation_101/probes/copula/11/model.json": "40526b01557847ff8f570b5fbfa9fc04f01b134362046882fecee9a93ed7c277",
    "runs/breast_cancer/split_41/generation_101/probes/copula/11/weights.pt": "173707804002b5ab0b2cdfbe443a75aa518c091fb7f6e0ecc112fe829a3ce2b3",
    "runs/breast_cancer/split_41/generation_101/probes/copula/7/development.json": "10e682fbb626ae541038d158aef8a303187d3f42ae1020703cea1ec8f91f12c5",
    "runs/breast_cancer/split_41/generation_101/probes/copula/7/model.json": "a59f8a661a9d2ad6f555e3261a4c9560303162a4bd74d42038839761837b1fea",
    "runs/breast_cancer/split_41/generation_101/probes/copula/7/weights.pt": "5949deb8c0f7e93e0824a704c43d8ec8d7427590c5c6f5d46c10e15a15cb7bc6",
    "runs/breast_cancer/split_41/generation_101/probes/ctgan/11/development.json": "582cb24cbd1719c0530ffe7d1f27a6393ebc51e604cf1822811ffea5f575935b",
    "runs/breast_cancer/split_41/generation_101/probes/ctgan/11/model.json": "13523197162c00836c7b86808ebf7b5d5b12e4562e3dd4390f04533e0f75cf5f",
    "runs/breast_cancer/split_41/generation_101/probes/ctgan/11/weights.pt": "17be14e3cb23b792e4464fdb2c57e20af9707f51637ec39877251279aa15b595",
    "runs/breast_cancer/split_41/generation_101/probes/ctgan/7/development.json": "0a77e78b7cfb901bc27a8d2b160de1f1bcd8e0876648c9f54bf3efdf56c552e9",
    "runs/breast_cancer/split_41/generation_101/probes/ctgan/7/model.json": "46fd2f8867e3cd7c25df5312ea47024728881f4711dc16d16c9f8f4e284423fe",
    "runs/breast_cancer/split_41/generation_101/probes/ctgan/7/weights.pt": "35a13a91ae4274536e0ccaad649a94bae69333a754eb17e6e9d05938fed1295c",
    "runs/breast_cancer/split_41/generation_101/probes/ddpm/11/development.json": "3b8831d59d22ccd8db95f248319ad379b4154c34a431779acb6fbad956592775",
    "runs/breast_cancer/split_41/generation_101/probes/ddpm/11/model.json": "7d716468688d56f194a1e01b5fc2d33a530594c8decbd7fe96a04b137f7bb252",
    "runs/breast_cancer/split_41/generation_101/probes/ddpm/11/weights.pt": "09eea759eb23c7ecef60064a29f9d68a8200d2ac92c83607dce21c5a827e467e",
    "runs/breast_cancer/split_41/generation_101/probes/ddpm/7/development.json": "655b2df9bfa5d01a3968f33780df8ace953c04615fe91346a9fe66b37b291db3",
    "runs/breast_cancer/split_41/generation_101/probes/ddpm/7/model.json": "ebbd2d5006aaf55b5f5b7d91bba25b9c5ec2e96ff6ec8936c285108fc4c2f0a5",
    "runs/breast_cancer/split_41/generation_101/probes/ddpm/7/weights.pt": "d2ff328ff8e568b30e2323ea19174d79395eb31cf66519e7e3f09a50be8e46ff",
    "runs/breast_cancer/split_41/generation_101/probes/tvae/11/development.json": "5d07e2a786adc859674d6e8d09d20f6314e25a27f506775464e2220e152f7412",
    "runs/breast_cancer/split_41/generation_101/probes/tvae/11/model.json": "4fff6e406bf08a7ff469dd37486d25a9a7607c73b4603dd39191681d0d24591f",
    "runs/breast_cancer/split_41/generation_101/probes/tvae/11/weights.pt": "692e8ce7118561503ef47b5ba383c5baf5e053fad40560cae654fea207a1cb9a",
    "runs/breast_cancer/split_41/generation_101/probes/tvae/7/development.json": "6a99d71ed5dc5b0492be922b77544e4c21bde0c8d0724a044d1e58b40563d47a",
    "runs/breast_cancer/split_41/generation_101/probes/tvae/7/model.json": "ed2efafe223be8a76a5216582e05df2d3e70f902f83de5fdec48b3d41f5526a9",
    "runs/breast_cancer/split_41/generation_101/probes/tvae/7/weights.pt": "b9420763449623afd9035312f0eb243e83044d222da7c8eecd35d9c4a9d1aa80",
    "runs/breast_cancer/split_41/generation_101/students/bootstrap/augment/11/development_predictions.npz": "ad799620cc16c2a6bec776575024df074854c7fb6053ac53faea3847deeb4475",
    "runs/breast_cancer/split_41/generation_101/students/bootstrap/augment/11/model.json": "c7354992e6fcea65e19444e64ab57d39a105ff9f1bdc30232c01ec99bf65596c",
    "runs/breast_cancer/split_41/generation_101/students/bootstrap/augment/11/weights.pt": "302dd143b7a45cf833ca890850892ed4d59804e5c3096c920c17186757249ab9",
    "runs/breast_cancer/split_41/generation_101/students/bootstrap/augment/7/development_predictions.npz": "c965606abbd50da4e00cc537ae7077b933c237171b97e245e6503a036726c211",
    "runs/breast_cancer/split_41/generation_101/students/bootstrap/augment/7/model.json": "ab3ca28ee394c6cc14c0e148cd35292cf9a5a837f4c8e5984062959d4b9e95f4",
    "runs/breast_cancer/split_41/generation_101/students/bootstrap/augment/7/weights.pt": "0cc4df35a5519e02a776aedd168eea7ce58bb6a37fe1043777b7e2f0266ebcd5",
    "runs/breast_cancer/split_41/generation_101/students/bootstrap/augment/logistic/model.json": "fe703c36f970da87f5bb5c31c824d43a304df6a8ba560fb1099b6f53e6bce841",
    "runs/breast_cancer/split_41/generation_101/students/bootstrap/synthetic_only/11/development_predictions.npz": "5cf668e227d5531539bbf1ad80be4c88fbb011554071f18f7ec36bc4aa888e38",
    "runs/breast_cancer/split_41/generation_101/students/bootstrap/synthetic_only/11/model.json": "452e49ff8493acd350fcda274fbdbee1563e8598219d7d8f894b4205810557fe",
    "runs/breast_cancer/split_41/generation_101/students/bootstrap/synthetic_only/11/weights.pt": "ccdbef97cc0ae95fefa4768cea82983254a9d104ebb0f6b3e9f96dd00ea6de9c",
    "runs/breast_cancer/split_41/generation_101/students/bootstrap/synthetic_only/7/development_predictions.npz": "a30a9ad982da03c21596db57ebbc4786fd33efa79272269bf511ecffd6d68034",
    "runs/breast_cancer/split_41/generation_101/students/bootstrap/synthetic_only/7/model.json": "79c2c0b378c2a5431b1cad6201bdb84fea75f9c2941f3484acecc8cd1cb1bf1e",
    "runs/breast_cancer/split_41/generation_101/students/bootstrap/synthetic_only/7/weights.pt": "26e828e4d170cbebd47194e0322e89a96c2a82f4da77a98d292c16a9303eba96",
    "runs/breast_cancer/split_41/generation_101/students/bootstrap/synthetic_only/logistic/model.json": "da687dd62f414500722afaf89721498413e00b515bcb7eb2557381b41e6ba97d",
    "runs/breast_cancer/split_41/generation_101/students/copula/augment/11/development_predictions.npz": "0cf9e710ea0291c215dd3438d26129758df12982eaf569b0d8b284cd5e061fe1",
    "runs/breast_cancer/split_41/generation_101/students/copula/augment/11/model.json": "8d9baa4a5d58ed10ca257bd7851f6cef55173194a698d937548f4e0eb6b532fa",
    "runs/breast_cancer/split_41/generation_101/students/copula/augment/11/weights.pt": "1296e2fb9c8470ecf6a0eb951e61ba33859b5c0932a7a89f1cc1b31469fc1e04",
    "runs/breast_cancer/split_41/generation_101/students/copula/augment/7/development_predictions.npz": "c9d7c44ed4cb6e1a9e5fb2a8031183f8acbe548bc56c03df506e614cfce901a7",
    "runs/breast_cancer/split_41/generation_101/students/copula/augment/7/model.json": "1ca92853c9021857d5ed52b06b3a68b76d3247f614dd02ce5bac7528f5f3b35c",
    "runs/breast_cancer/split_41/generation_101/students/copula/augment/7/weights.pt": "c7aee8d8c8b8a35b5822bcd020908a5282d5c1301c9254305091dcb091f0b29f",
    "runs/breast_cancer/split_41/generation_101/students/copula/augment/logistic/model.json": "6c48419bbe11c7654835c04bed1407f028acb8304ea7338b7869db02e0f79cc4",
    "runs/breast_cancer/split_41/generation_101/students/copula/synthetic_only/11/development_predictions.npz": "9828e5564745501934c982194f5c190e7c746617f69166ec8f48675886f39d53",
    "runs/breast_cancer/split_41/generation_101/students/copula/synthetic_only/11/model.json": "45b47e9668acd6ed36d11f1eaa592ab950392f6c79058ed104afda2f524f04e4",
    "runs/breast_cancer/split_41/generation_101/students/copula/synthetic_only/11/weights.pt": "393b9085ad72a94e497a746a3eb030f48e049e186da532f7eb2c865144b89044",
    "runs/breast_cancer/split_41/generation_101/students/copula/synthetic_only/7/development_predictions.npz": "546a0253031e3cbf367f0332b6a82f46f1fe9219ac99eddbc06a169767c4b34a",
    "runs/breast_cancer/split_41/generation_101/students/copula/synthetic_only/7/model.json": "cd2351bf7fee1b9b08c2eac92ce06b79fd90c9e63d126504278961555387a5f4",
    "runs/breast_cancer/split_41/generation_101/students/copula/synthetic_only/7/weights.pt": "537a5cd948b405b4aa83b8eb7bba0a10ad66d331ba6c3416dc4555902ae9a4e7",
    "runs/breast_cancer/split_41/generation_101/students/copula/synthetic_only/logistic/model.json": "2fe2319908bedd20661ff160db9a51e376d279dd0e5ae05170e88605918b9978",
    "runs/breast_cancer/split_41/generation_101/students/ctgan/augment/11/development_predictions.npz": "b983466e3e34b26f34ea51350278b522b2ca409079015e1c49cc5ec4ee21673c",
    "runs/breast_cancer/split_41/generation_101/students/ctgan/augment/11/model.json": "75ea76acca9bf98bef58a40f5b986cad69bf6ffc654845ea8b4f2f7265a99aed",
    "runs/breast_cancer/split_41/generation_101/students/ctgan/augment/11/weights.pt": "eec4f9f61208401ca11559082eb465737df6543554de18bd34646ab483695048",
    "runs/breast_cancer/split_41/generation_101/students/ctgan/augment/7/development_predictions.npz": "de6559f1acf75c63f29caefa59da53c191340ccba57d0459d4548de39f9cd406",
    "runs/breast_cancer/split_41/generation_101/students/ctgan/augment/7/model.json": "b690df7d64c0cd469ecdde2a623ab0ec791a4494a30a3d2b5d733da6e9b4a8ea",
    "runs/breast_cancer/split_41/generation_101/students/ctgan/augment/7/weights.pt": "4d22382975025f87ff1d7f602a91879566619fb28adad1f0a94f0c2fe1cada03",
    "runs/breast_cancer/split_41/generation_101/students/ctgan/augment/logistic/model.json": "9232680466c92d2f2e55f552520c83cee2e63dabc46d15380259d2e437958139",
    "runs/breast_cancer/split_41/generation_101/students/ctgan/synthetic_only/11/development_predictions.npz": "e2b0089d6775cd478cbe6776e836c6d8b5f0bf254133071b669bfa0801da7a75",
    "runs/breast_cancer/split_41/generation_101/students/ctgan/synthetic_only/11/model.json": "0bdee277430a17bdd0ab859b8faa1d642d8d62e373cfcc8083b93602a97760a3",
    "runs/breast_cancer/split_41/generation_101/students/ctgan/synthetic_only/11/weights.pt": "885a4f9ed33e291feb24166d23db08a5726d601f38d339017286b67c0a6e7113",
    "runs/breast_cancer/split_41/generation_101/students/ctgan/synthetic_only/7/development_predictions.npz": "8514738fed8d405ea9ff8fd7a7ec0e1e6e217d70e0123f03fa321bc4494d573d",
    "runs/breast_cancer/split_41/generation_101/students/ctgan/synthetic_only/7/model.json": "f811f538f4e593a4d939baa7ae405d198c8fee5b23fad480bb9e77620ca54780",
    "runs/breast_cancer/split_41/generation_101/students/ctgan/synthetic_only/7/weights.pt": "b8aa37b568cd6d8fb2337fecdeff1095e20629b46ad6038536ee98b44b5e856c",
    "runs/breast_cancer/split_41/generation_101/students/ctgan/synthetic_only/logistic/model.json": "cb8f6f07e6c0abc31ea59871f6d5035d44ab6dee0cde97283c9da5ea2f1b4d98",
    "runs/breast_cancer/split_41/generation_101/students/ctgan_one_mode/augment/11/development_predictions.npz": "9b026a96e9e7e80086d5cb8acc4679c4739e6cb53cddc07ac56faed28ea4ad4e",
    "runs/breast_cancer/split_41/generation_101/students/ctgan_one_mode/augment/11/model.json": "cf454170c6e88cc26472eff514af7fb8f84ad4ae59e32edd310e316185c7fc5d",
    "runs/breast_cancer/split_41/generation_101/students/ctgan_one_mode/augment/11/weights.pt": "b4504f4952874edfabaa631f67bcc0e12696b5e5c5d4363adee414120c9c828f",
    "runs/breast_cancer/split_41/generation_101/students/ctgan_one_mode/augment/7/development_predictions.npz": "44f1f1ab518d799edd2c16054a699b297f3c9bcfcc6322ce8b5da2fecfba2408",
    "runs/breast_cancer/split_41/generation_101/students/ctgan_one_mode/augment/7/model.json": "23b8d75aad0de5d63c458b4b7c35c77cc5ddff3753d353d57d34af1df91f1385",
    "runs/breast_cancer/split_41/generation_101/students/ctgan_one_mode/augment/7/weights.pt": "67a597d40b1551a77602633f0dcc2edc4154f827dadde06d49cc2776e090a325",
    "runs/breast_cancer/split_41/generation_101/students/ctgan_one_mode/augment/logistic/model.json": "05758b23014ecfff42274aba6011863f2259cc0feee894d6f1ca1bfda378280b",
    "runs/breast_cancer/split_41/generation_101/students/ctgan_one_mode/synthetic_only/11/development_predictions.npz": "4eeeb4517d14c92e91ac7c0d4ad550b6b7f63f92d62bc570dc3f2fe39c2a0065",
    "runs/breast_cancer/split_41/generation_101/students/ctgan_one_mode/synthetic_only/11/model.json": "008ddd1090a7e2b52960ffd15b274ec1bb11a948ff56ed064753bf8d2093c7b1",
    "runs/breast_cancer/split_41/generation_101/students/ctgan_one_mode/synthetic_only/11/weights.pt": "795386fde15538fba39dbeca91d8b4fc5a701633ccb5ebab1d61f5ee6047ea3f",
    "runs/breast_cancer/split_41/generation_101/students/ctgan_one_mode/synthetic_only/7/development_predictions.npz": "f3b65d92a7ae4a852eb262ee8da57c856c457c2f61561706860e9e21158b7775",
    "runs/breast_cancer/split_41/generation_101/students/ctgan_one_mode/synthetic_only/7/model.json": "9af835ef0248048ac5adada44c305b4a27422db9ed8460d7a4038c7690514a9c",
    "runs/breast_cancer/split_41/generation_101/students/ctgan_one_mode/synthetic_only/7/weights.pt": "0dc014ec53326fec2ab3b9ff17be2c7c1f2202d1439bac4a0f31e231ba25c0f7",
    "runs/breast_cancer/split_41/generation_101/students/ctgan_one_mode/synthetic_only/logistic/model.json": "2a95b997f9fa8f8cd9a6eb407400c9fa00a6b60989bfc14cbcd31bb50d638b0c",
    "runs/breast_cancer/split_41/generation_101/students/ctgan_unpacked/augment/11/development_predictions.npz": "29b609a73dad2cd352bbc6b037e0b83901bd0294d7a9901796affa8777736c5d",
    "runs/breast_cancer/split_41/generation_101/students/ctgan_unpacked/augment/11/model.json": "b2dfc2a6a87bb992db02926ea110d680f2393de486f6eea77d14fda7ff1de7ea",
    "runs/breast_cancer/split_41/generation_101/students/ctgan_unpacked/augment/11/weights.pt": "ae6caf603be5e6808acc0794be0453d665e43837ce69b229e3c4dda11a0a231e",
    "runs/breast_cancer/split_41/generation_101/students/ctgan_unpacked/augment/7/development_predictions.npz": "927324e24e8457fa508c9b48805d261e15287b68864a5c3ea1cba8e132ddcde0",
    "runs/breast_cancer/split_41/generation_101/students/ctgan_unpacked/augment/7/model.json": "557ab33649c84892444dbf2ce16580e2277dd0e2a6d1e4717c11430df0a92705",
    "runs/breast_cancer/split_41/generation_101/students/ctgan_unpacked/augment/7/weights.pt": "adb37bbb413c435acf1588743c092a899303a428d13c6e8f27a68ee1365217a3",
    "runs/breast_cancer/split_41/generation_101/students/ctgan_unpacked/augment/logistic/model.json": "c5baf1a34f238744e9301b2774adbda9b02ed4178df289156237c34efd61ad81",
    "runs/breast_cancer/split_41/generation_101/students/ctgan_unpacked/synthetic_only/11/development_predictions.npz": "2ae163151d8ea2ddfa07c0406d3cf98ed124957766d89138b68bb4ece20cd434",
    "runs/breast_cancer/split_41/generation_101/students/ctgan_unpacked/synthetic_only/11/model.json": "153e07f59602a9cf51a0fa531ca75cc4a064d7b7beafa0cdebdd0f220a38f78f",
    "runs/breast_cancer/split_41/generation_101/students/ctgan_unpacked/synthetic_only/11/weights.pt": "c9abc61f225db069926ec3196b587168cb03010bcc2371abcbaf46a1892f474d",
    "runs/breast_cancer/split_41/generation_101/students/ctgan_unpacked/synthetic_only/7/development_predictions.npz": "2181756e8923a3305c505483bdf0461e64078b55021edf8257990dce18534a8f",
    "runs/breast_cancer/split_41/generation_101/students/ctgan_unpacked/synthetic_only/7/model.json": "851e7ca4eacbabe851c40ced4dcf9a407c82dc77a9f2afb5b4bcb411c9dca4da",
    "runs/breast_cancer/split_41/generation_101/students/ctgan_unpacked/synthetic_only/7/weights.pt": "3f317691bd2af7a3c29ec8a61be345878f03f15571d03657e72e2231abc8f22c",
    "runs/breast_cancer/split_41/generation_101/students/ctgan_unpacked/synthetic_only/logistic/model.json": "56bf3c4e5fce49c8169361b591bc195665c98dbcbc96b7f315ffc7c60d2fad1d",
    "runs/breast_cancer/split_41/generation_101/students/ddpm/augment/11/development_predictions.npz": "d1b646e02adde33604c55e05e2eacd8614f4234863f70636c33771288eb64271",
    "runs/breast_cancer/split_41/generation_101/students/ddpm/augment/11/model.json": "cde9005527080dd623eff1e08c3a3000df20171c5a57c34cec03a56ed035541d",
    "runs/breast_cancer/split_41/generation_101/students/ddpm/augment/11/weights.pt": "02a98a8809afbbdd114bb18098f1d37f10aeb62f95f0b6cefffd8729bcd434fd",
    "runs/breast_cancer/split_41/generation_101/students/ddpm/augment/7/development_predictions.npz": "c28c4b25bf5d4792d9f7970b6a4fb56ac415926fcfa9c5e7c75d2b6553cdc4bc",
    "runs/breast_cancer/split_41/generation_101/students/ddpm/augment/7/model.json": "3892b8a372b896abd3a5383d5cec172d5ac88e762cf54ac1c6ba2d982fe673e9",
    "runs/breast_cancer/split_41/generation_101/students/ddpm/augment/7/weights.pt": "e5d6be21431a0f0dcd9a690cd9fc31d49e8e056ed98761b7b8f3acaccae5649e",
    "runs/breast_cancer/split_41/generation_101/students/ddpm/augment/logistic/model.json": "c0d7928cab1879523b66073ccbda2db80c0739f20ca3b3005f2accbddd45dc4e",
    "runs/breast_cancer/split_41/generation_101/students/ddpm/synthetic_only/11/development_predictions.npz": "11f7f80c4a61537363d041e4a3977cf0105fde49e9c0c8afad43ca106ede1ad4",
    "runs/breast_cancer/split_41/generation_101/students/ddpm/synthetic_only/11/model.json": "764463d6865e53da596ffcdf39f615274aa1a6b709c175c13bcc876511450d51",
    "runs/breast_cancer/split_41/generation_101/students/ddpm/synthetic_only/11/weights.pt": "988983d5323be50ba50e055e45f374ad17810f893c36ed0c75f5f6a19ee8f79c",
    "runs/breast_cancer/split_41/generation_101/students/ddpm/synthetic_only/7/development_predictions.npz": "6b14719becc19b90d7b6bc1755cc07c59ed25a34d8b8df265b67632ac1c22ec1",
    "runs/breast_cancer/split_41/generation_101/students/ddpm/synthetic_only/7/model.json": "8befdc951cb2df11a44b582b3e1567b1d563ffbf2ac80522ab443ce501368ab2",
    "runs/breast_cancer/split_41/generation_101/students/ddpm/synthetic_only/7/weights.pt": "6924ffc99e5e259c63ff9d544bd5d24eebf98bbf91c56428e6c4b7b75f4a9fba",
    "runs/breast_cancer/split_41/generation_101/students/ddpm/synthetic_only/logistic/model.json": "dc0b7777797cda999161b36892239d8ae68445b963afe74a9af0543f10b5ea98",
    "runs/breast_cancer/split_41/generation_101/students/ddpm_standardized/augment/11/development_predictions.npz": "68dd4f636822324dd8dd8da975a5fdf3705a8746df20ea48f4f044433ab58b46",
    "runs/breast_cancer/split_41/generation_101/students/ddpm_standardized/augment/11/model.json": "f13a90dfc7e2cbcc6a3af8d68c21f94db7d1553b58783a743c6a4cbb7b108ded",
    "runs/breast_cancer/split_41/generation_101/students/ddpm_standardized/augment/11/weights.pt": "8fe2a8e942843e3497cc1b6366b129da359c89ba14c1dbe00223ce500cd07557",
    "runs/breast_cancer/split_41/generation_101/students/ddpm_standardized/augment/7/development_predictions.npz": "82b9a8d717063f60087c800fd55f56690902107fabb5a280e344896b7b30446d",
    "runs/breast_cancer/split_41/generation_101/students/ddpm_standardized/augment/7/model.json": "5e4d64e6ffde38a779c271ddf9bf52267accecdc83389846930f021153bf87cd",
    "runs/breast_cancer/split_41/generation_101/students/ddpm_standardized/augment/7/weights.pt": "5286c42514c917b6e96a45a56aef8c76707ae1591bc7964e9fb1b2533bd15807",
    "runs/breast_cancer/split_41/generation_101/students/ddpm_standardized/augment/logistic/model.json": "6a58c9aacd75e3aaebeba07b8cb973b7a9a274c9c402add063b612ccb3f3b63b",
    "runs/breast_cancer/split_41/generation_101/students/ddpm_standardized/synthetic_only/11/development_predictions.npz": "207b0b7e65ee13969793c4501a12c92eb9cd402ecce0d72404a535f261c8151b",
    "runs/breast_cancer/split_41/generation_101/students/ddpm_standardized/synthetic_only/11/model.json": "96b2f802500a78ef5b0e46d31e205959225ddab95759fac23d5c60cf2ef2066b",
    "runs/breast_cancer/split_41/generation_101/students/ddpm_standardized/synthetic_only/11/weights.pt": "c1f23fcc0ff8ba94a51156ca58a67fe974f67454ee58b7a26963d76ffb049c12",
    "runs/breast_cancer/split_41/generation_101/students/ddpm_standardized/synthetic_only/7/development_predictions.npz": "7d8e8c645c65593a0443f991e8b7e4044e464f7875c106b5c46c3bcde724f369",
    "runs/breast_cancer/split_41/generation_101/students/ddpm_standardized/synthetic_only/7/model.json": "c2cc01006b2f46356a13b0beaf5a78b86ea1ec87b01aca2e04b243884092ac8d",
    "runs/breast_cancer/split_41/generation_101/students/ddpm_standardized/synthetic_only/7/weights.pt": "aa01b6c3b58cba7f6f109e4bd17879da2c43e5f92104559abdcb63084d66e0c2",
    "runs/breast_cancer/split_41/generation_101/students/ddpm_standardized/synthetic_only/logistic/model.json": "0cd2be0f80dd5dcb2759106680d29e8599c7e651bd217b1323f7d75f31103875",
    "runs/breast_cancer/split_41/generation_101/students/ddpm_unconditional/augment/11/development_predictions.npz": "cfdb7848a9171144e968b0094472dd37f70759cafd5abba71b3da46eb3d559c6",
    "runs/breast_cancer/split_41/generation_101/students/ddpm_unconditional/augment/11/model.json": "3f90a6a26744bc683798e6df07248c9009237df8f87d916bc013200592856990",
    "runs/breast_cancer/split_41/generation_101/students/ddpm_unconditional/augment/11/weights.pt": "191779d0d6cbfdc3c21c6b697d75095f0f0457e47adab8e658298985692bfca4",
    "runs/breast_cancer/split_41/generation_101/students/ddpm_unconditional/augment/7/development_predictions.npz": "69f1d8556e992c9fe4f7719d184488fb42cfe763d0efff71d490064bf917a211",
    "runs/breast_cancer/split_41/generation_101/students/ddpm_unconditional/augment/7/model.json": "7accf99f7362660f040e6c3b5bd3b0f85392e46e34460aa621684208b71cf721",
    "runs/breast_cancer/split_41/generation_101/students/ddpm_unconditional/augment/7/weights.pt": "bd5d47d9be57df74f8189de9e50b4726c2e845ec67e41331e51798e5d1f7262d",
    "runs/breast_cancer/split_41/generation_101/students/ddpm_unconditional/augment/logistic/model.json": "6fe5db2c84ae2ae3d9125f5b9882af0fc2ce85f9e3aabe065ca32e6315f0ac27",
    "runs/breast_cancer/split_41/generation_101/students/ddpm_unconditional/synthetic_only/11/development_predictions.npz": "9802f5cb3dc9c5ea8081c9325f4fd81abf714352b6f188585485c0869259010f",
    "runs/breast_cancer/split_41/generation_101/students/ddpm_unconditional/synthetic_only/11/model.json": "d06403ae114a150ed7b1ef8ac4fd26b770dbf9de67b3fc3d3342325aa5737b8f",
    "runs/breast_cancer/split_41/generation_101/students/ddpm_unconditional/synthetic_only/11/weights.pt": "b1e6bde78388167798d575c5eb7e10f425ba97ede2e545e8b73248447f416462",
    "runs/breast_cancer/split_41/generation_101/students/ddpm_unconditional/synthetic_only/7/development_predictions.npz": "a27cae2b9e04103d8f6772f0682d63aa3a2368fea6c564deb269f3c7661dab3a",
    "runs/breast_cancer/split_41/generation_101/students/ddpm_unconditional/synthetic_only/7/model.json": "cd638fcd9f1bc8255fbe532d3a043935a48a992afc7db9d3237f727b611dc524",
    "runs/breast_cancer/split_41/generation_101/students/ddpm_unconditional/synthetic_only/7/weights.pt": "8bcc07267b0d49ae5d3c1ab5c1384227e392b2fc4e4e353b1a223c809f895c4b",
    "runs/breast_cancer/split_41/generation_101/students/ddpm_unconditional/synthetic_only/logistic/model.json": "cb9fa7c0f9f43a87936608a684eedb7b5915915378ef226756d4491bfb31fc56",
    "runs/breast_cancer/split_41/generation_101/students/mixture_support/augment/11/development_predictions.npz": "a2dfbdaaf3276b6399f299640bfcef8749ef3c552473f19eb86dd693a5d4f065",
    "runs/breast_cancer/split_41/generation_101/students/mixture_support/augment/11/model.json": "24b044da2001c9d890fe568b9ca5f95fe62103f9e1aff8c1a94d42af864b029b",
    "runs/breast_cancer/split_41/generation_101/students/mixture_support/augment/11/weights.pt": "36d985d02c92f57feb064592524eec4b159822c660aa34b1404fd2d21beec910",
    "runs/breast_cancer/split_41/generation_101/students/mixture_support/augment/7/development_predictions.npz": "8e82f6401949ccd896a6c1d2e88baa084d265ee96d15feb30386ef835d50bd2b",
    "runs/breast_cancer/split_41/generation_101/students/mixture_support/augment/7/model.json": "bbba65f6d879dfe1b492d1e96db20f802e179f8a46b301972ffcef1b6a45882b",
    "runs/breast_cancer/split_41/generation_101/students/mixture_support/augment/7/weights.pt": "9037d3c2223feeec736774d5b5437ed3d0592f218b1a4cea348a75d9e13ccb7d",
    "runs/breast_cancer/split_41/generation_101/students/mixture_support/augment/logistic/model.json": "bdf932f4e94a6413c7e6810f9e18140be2d74b0d61e1a5fd2eb8ec6610c553ba",
    "runs/breast_cancer/split_41/generation_101/students/mixture_support/synthetic_only/11/development_predictions.npz": "374889c257144c590813f8b9eb6817b0d3a4d4abee89419b93b8c5310e462e1e",
    "runs/breast_cancer/split_41/generation_101/students/mixture_support/synthetic_only/11/model.json": "cca21b18fabdf8c69f4234f21b1719372ec40c2eca2b533c3db1c0734161d974",
    "runs/breast_cancer/split_41/generation_101/students/mixture_support/synthetic_only/11/weights.pt": "fe91f840dc6fea64e63b24883858081c4fb338c2ebbd4b7b4e2123072d930537",
    "runs/breast_cancer/split_41/generation_101/students/mixture_support/synthetic_only/7/development_predictions.npz": "7e5e4538d041d01c7593e043daf719b0f0c9a8f62c89583469b2bc3049382bb0",
    "runs/breast_cancer/split_41/generation_101/students/mixture_support/synthetic_only/7/model.json": "9845886c70a8a49a7a89d1750785a70a3bec66608cc96ee614182ea00155093f",
    "runs/breast_cancer/split_41/generation_101/students/mixture_support/synthetic_only/7/weights.pt": "a1cdeb6f12d1079ccbc9fa8c5fe913be535b47d0132f37c31f147e75bd414185",
    "runs/breast_cancer/split_41/generation_101/students/mixture_support/synthetic_only/logistic/model.json": "9d29eb46a794b80aec19cb77614b4caaf589100041d6e02f0e37c9552203d605",
    "runs/breast_cancer/split_41/generation_101/students/mixture_uniform/augment/11/development_predictions.npz": "305a30d977e7dadec271a2b4e4d6e04fa81a09a0c36aabe2f515e6d5d9c479f1",
    "runs/breast_cancer/split_41/generation_101/students/mixture_uniform/augment/11/model.json": "1a87eba816011c3a31be1789c0eb1954ee4ec567298fcd8dd2de83dcf7c4a266",
    "runs/breast_cancer/split_41/generation_101/students/mixture_uniform/augment/11/weights.pt": "9e8e184aaa19218adfc3f8876f117da9ac9c33d4cb7b9466d75d793212be414b",
    "runs/breast_cancer/split_41/generation_101/students/mixture_uniform/augment/7/development_predictions.npz": "fb2cf5896ae49e4732cd0beb02b2af6704c4b350c847779d949f481c020f9acc",
    "runs/breast_cancer/split_41/generation_101/students/mixture_uniform/augment/7/model.json": "904ac9c78da177ca6600cf4f9857f90702062bb05294d0cfed7ff43651e98004",
    "runs/breast_cancer/split_41/generation_101/students/mixture_uniform/augment/7/weights.pt": "15dbb2a7a8eefe77bf2bd5160ff42c7d9a63b736d0036c094a5e7f358db50dff",
    "runs/breast_cancer/split_41/generation_101/students/mixture_uniform/augment/logistic/model.json": "26c7851554dec19d6ca15367ab3584830b495ff8ef76369211c2508c6a9d37a3",
    "runs/breast_cancer/split_41/generation_101/students/mixture_uniform/synthetic_only/11/development_predictions.npz": "2b9f60d5c6f8f8d6992315ac29764e6a5097032c0ec191df346070e1d209104e",
    "runs/breast_cancer/split_41/generation_101/students/mixture_uniform/synthetic_only/11/model.json": "c2064475ba139e0daf3c5693f3b140f67ba10075be38337d6380b78496a13bcd",
    "runs/breast_cancer/split_41/generation_101/students/mixture_uniform/synthetic_only/11/weights.pt": "e932c0c358db8bf90314f40b65489a68a11863782c1844f30deeba27351afe17",
    "runs/breast_cancer/split_41/generation_101/students/mixture_uniform/synthetic_only/7/development_predictions.npz": "cb500eb7d18e1b37bc60f420df8aa441954c52e5354e7a6b5fb13db31b30df92",
    "runs/breast_cancer/split_41/generation_101/students/mixture_uniform/synthetic_only/7/model.json": "fae21e7e54e6232db2fe52d55f21c320ab5375b186970bc20939f44f7034b65f",
    "runs/breast_cancer/split_41/generation_101/students/mixture_uniform/synthetic_only/7/weights.pt": "9e84e439f24b4afad24e1bf58158f69600d17dd50f759b4539f5db9caf75fcf6",
    "runs/breast_cancer/split_41/generation_101/students/mixture_uniform/synthetic_only/logistic/model.json": "1c188de06f7cfdaf9fdf12fd49ebec95631765cf4afe02ba8f667756e2742e5e",
    "runs/breast_cancer/split_41/generation_101/students/mixture_utility/augment/11/development_predictions.npz": "c848644006efb7dc26e5bfeff863b2064c940cd893f866283880f3cee62df3dc",
    "runs/breast_cancer/split_41/generation_101/students/mixture_utility/augment/11/model.json": "e69ee9a8ea4cd177cd87a526edde18c6f789bedc59297aaa2acec045cd301d81",
    "runs/breast_cancer/split_41/generation_101/students/mixture_utility/augment/11/weights.pt": "d5f9ee24567ad5ec689f0f15ff3167c118f6a619501dc9805d4d285b703e988a",
    "runs/breast_cancer/split_41/generation_101/students/mixture_utility/augment/7/development_predictions.npz": "57ea42fa49c8ef9883d4da50668d503ee5b55152124b5ad05aa7c5632695aab3",
    "runs/breast_cancer/split_41/generation_101/students/mixture_utility/augment/7/model.json": "fcc5c04cf308e76ce91e4dad180ad58e49a85ccbf9f3db51b341d5f679da5d0d",
    "runs/breast_cancer/split_41/generation_101/students/mixture_utility/augment/7/weights.pt": "b8fd397396c93bd41dc6b1cbf78b3d1400e1dbf375ffcc5706474598eaa90439",
    "runs/breast_cancer/split_41/generation_101/students/mixture_utility/augment/logistic/model.json": "93037134a5edf642bcd47fe6334d3d2da95e11a836f1671ca3a5d661b6e07aa7",
    "runs/breast_cancer/split_41/generation_101/students/mixture_utility/synthetic_only/11/development_predictions.npz": "4cf84e38fe3db687cae3e930f05b320beb097810c7c579b35eba6fab705be65b",
    "runs/breast_cancer/split_41/generation_101/students/mixture_utility/synthetic_only/11/model.json": "961e80048fe57b1621146104b2eaa87757df6961352e686a1c2b7b71fd79dd8b",
    "runs/breast_cancer/split_41/generation_101/students/mixture_utility/synthetic_only/11/weights.pt": "dba3c964fda5f69331cfad1d6560907bb332bf91bec9ecfda76a53fea8471243",
    "runs/breast_cancer/split_41/generation_101/students/mixture_utility/synthetic_only/7/development_predictions.npz": "f694c5d3c5fe33e077a4468a495c5f0904145615d891247ff3dfc07f8e807298",
    "runs/breast_cancer/split_41/generation_101/students/mixture_utility/synthetic_only/7/model.json": "8968c6b30d01558fa357a899bd1106fb9517a7bd28ca2ffb2cb8719d5a34cc67",
    "runs/breast_cancer/split_41/generation_101/students/mixture_utility/synthetic_only/7/weights.pt": "4c6e0937f52061b957b606c618ced5f34d8d195bfdd59951a89b987794bc97e7",
    "runs/breast_cancer/split_41/generation_101/students/mixture_utility/synthetic_only/logistic/model.json": "fc61def44219ac135206cbdc192297f4bbe969aea3580fe30b96471621af527d",
    "runs/breast_cancer/split_41/generation_101/students/mixture_utility_support/augment/11/development_predictions.npz": "01cf926a8f3d09dcf7a95bcde34eeee5e7bbb95142c907aae3368f31a05a74e1",
    "runs/breast_cancer/split_41/generation_101/students/mixture_utility_support/augment/11/model.json": "86d745dbdf79d6ed758d936b3626c465ecaa49e1dea829ffa42a4f1489ac3d65",
    "runs/breast_cancer/split_41/generation_101/students/mixture_utility_support/augment/11/weights.pt": "e3b8a780de52d60e4ae6ba3646ae4e5d3de65ba4ad44811cdb6ee0c2a2b73329",
    "runs/breast_cancer/split_41/generation_101/students/mixture_utility_support/augment/7/development_predictions.npz": "dc88c49a58c17e689d11004f9da1d509c24e19d414014c6848ea025fa65b607b",
    "runs/breast_cancer/split_41/generation_101/students/mixture_utility_support/augment/7/model.json": "4a8ecca5b21420452f4bb8cbe1f9c19f3744d6e82e15556de839a333e4936a62",
    "runs/breast_cancer/split_41/generation_101/students/mixture_utility_support/augment/7/weights.pt": "3cbf13892f048d8af2655d6604cc0388b2e851a08df3b798ad24906da80e1419",
    "runs/breast_cancer/split_41/generation_101/students/mixture_utility_support/augment/logistic/model.json": "723530f8eae4329225029f1306bf0a43028fc9b4879627f75ba09d1202635b23",
    "runs/breast_cancer/split_41/generation_101/students/mixture_utility_support/synthetic_only/11/development_predictions.npz": "cc6e9ae87d4350ffbdc6c606f9eeb5aa3dd7711b66d574a42de0724aad0d35c4",
    "runs/breast_cancer/split_41/generation_101/students/mixture_utility_support/synthetic_only/11/model.json": "85bbc26c9b41f0a641b707c347379e747fb03fc71f43d36842401b29ec506f88",
    "runs/breast_cancer/split_41/generation_101/students/mixture_utility_support/synthetic_only/11/weights.pt": "957e7df20954201e384e5ee3425d37220e01878734aa4e14fd1e3bfdfac424cb",
    "runs/breast_cancer/split_41/generation_101/students/mixture_utility_support/synthetic_only/7/development_predictions.npz": "6fd0e39cdb290917bd0fa0b4efaabbb7da525dbee0c87183c81f5a0ccb76b7a5",
    "runs/breast_cancer/split_41/generation_101/students/mixture_utility_support/synthetic_only/7/model.json": "739908aa82ba975a12857e3c495366e4516ca6bd41c1d57a8325aa30591f9f2e",
    "runs/breast_cancer/split_41/generation_101/students/mixture_utility_support/synthetic_only/7/weights.pt": "96d410a6b88dc452ad733d782bf4dde14a0a1828a5659b9fbc0dd0fbeed2320f",
    "runs/breast_cancer/split_41/generation_101/students/mixture_utility_support/synthetic_only/logistic/model.json": "4b56b877b72b8eae8fb3165a1908368a09c12fdec685b1bd635782f32bfba03f",
    "runs/breast_cancer/split_41/generation_101/students/real_only/real_only/11/development_predictions.npz": "881380077ff3a26e3a05eb96fcb9544f105171780513a314a811b7ec29cc2422",
    "runs/breast_cancer/split_41/generation_101/students/real_only/real_only/11/model.json": "82fadadec669cb6f5d17187b8e094d70272704d1e8c945c926370948a9df4c15",
    "runs/breast_cancer/split_41/generation_101/students/real_only/real_only/11/weights.pt": "f79d957a0a8956111701c50bb91de599b0986242d5bf54124c44512fdb719f86",
    "runs/breast_cancer/split_41/generation_101/students/real_only/real_only/7/development_predictions.npz": "c4a398b29f811a04ef636cf33de9e0aa3c9b965a1ac81868e46b1584d7350538",
    "runs/breast_cancer/split_41/generation_101/students/real_only/real_only/7/model.json": "7c4f39ad45577c3e2d6e4dc7f2f53525faedd0b6b4afb1e8436c8b10d9353844",
    "runs/breast_cancer/split_41/generation_101/students/real_only/real_only/7/weights.pt": "a588351698b311836fbab302d6ab9151629218335bfec1eab2ecb8c82e1a026c",
    "runs/breast_cancer/split_41/generation_101/students/real_only/real_only/logistic/model.json": "ecb54a644a3b6b85c84c097688518848f005a9e390686b0a8aa48d712da84d91",
    "runs/breast_cancer/split_41/generation_101/students/smote/augment/11/development_predictions.npz": "6393cab019acc85c66424d978bf0635e084f568eb3fc4594bb840c1ea0cbc429",
    "runs/breast_cancer/split_41/generation_101/students/smote/augment/11/model.json": "be1ec48cd035d2914be74e771f1650d56b737deec3ee6780a5e91a8d3090aeea",
    "runs/breast_cancer/split_41/generation_101/students/smote/augment/11/weights.pt": "490d9280aea4d21947fb9283ebca0c8151f9eb1e7417b0ebf86e8702824641f1",
    "runs/breast_cancer/split_41/generation_101/students/smote/augment/7/development_predictions.npz": "394b0c262029280e2cb7c3be531d00694b8157320121d4577b33de81591f4144",
    "runs/breast_cancer/split_41/generation_101/students/smote/augment/7/model.json": "18ce6f487fe93c7616e67c7e6c8a75e8b1cb3ab99c05633216ba3fc0f0829526",
    "runs/breast_cancer/split_41/generation_101/students/smote/augment/7/weights.pt": "750502db6bdb0c789768a0863454b6778e69d9c413ad9d099bb5217adfd5f4d8",
    "runs/breast_cancer/split_41/generation_101/students/smote/augment/logistic/model.json": "d30b0796efc13019bde19186a397b60b0279363d66b46e5c5f78cd90010bcea9",
    "runs/breast_cancer/split_41/generation_101/students/smote/synthetic_only/11/development_predictions.npz": "5c43f933e9d9e784fa4c6523919f5e3d6e121e17ea5db37f3fd974c06b92dd3f",
    "runs/breast_cancer/split_41/generation_101/students/smote/synthetic_only/11/model.json": "593822a736f5b56fe9560f70e8a00559403b7e5485ebc7e8e8bc847ca3d2689b",
    "runs/breast_cancer/split_41/generation_101/students/smote/synthetic_only/11/weights.pt": "552c383f713ae4a258969e9c9a253faf7a15797db95dddc862ed7a25530f1d48",
    "runs/breast_cancer/split_41/generation_101/students/smote/synthetic_only/7/development_predictions.npz": "b4c20e1c4b96eae39aafc82d4175ff63ddfc4b8b06d512fb82578cce363aeee1",
    "runs/breast_cancer/split_41/generation_101/students/smote/synthetic_only/7/model.json": "53c4e75a142988cc4d55ca15a2dda3107a2ff0c0d45bb54ec3a832e5c758789e",
    "runs/breast_cancer/split_41/generation_101/students/smote/synthetic_only/7/weights.pt": "bcaf8056001e994e61e6cb1d20d07c3da92967f31bca407f7e4659f7d33db4d8",
    "runs/breast_cancer/split_41/generation_101/students/smote/synthetic_only/logistic/model.json": "f7d4ed3cb050a658df991a4b2f10311b8b1577cc0641ec1cfaf6dff2bf580ca1",
    "runs/breast_cancer/split_41/generation_101/students/tvae/augment/11/development_predictions.npz": "476f04e3407b9c2c26ff503717c0bad9469be64719cab1ebe956739e96a52133",
    "runs/breast_cancer/split_41/generation_101/students/tvae/augment/11/model.json": "08679812be2ff70088cbcbe94ace96f1c5b9ea4da1dcf8da9684bd50876bd065",
    "runs/breast_cancer/split_41/generation_101/students/tvae/augment/11/weights.pt": "6fcb60cb6975510d4288a11a80dfb3f6174d05fe3dbfdc5df8a94855a575a89b",
    "runs/breast_cancer/split_41/generation_101/students/tvae/augment/7/development_predictions.npz": "e9a7578efd1f44d5daf8611de0d91081a9ac3f25a9be871e845c5560954c67b6",
    "runs/breast_cancer/split_41/generation_101/students/tvae/augment/7/model.json": "8c23bd003424fb97dc05f808401676844520d05471b7684c1f4030fa836d814c",
    "runs/breast_cancer/split_41/generation_101/students/tvae/augment/7/weights.pt": "d25bf8aaebf58e10cbd526d5064af6c37182e8bb043f555720c12b24b30f24ba",
    "runs/breast_cancer/split_41/generation_101/students/tvae/augment/logistic/model.json": "5075e6900b056eb863e69acd42e97c1b603fe921b24926e44a4e577f2b49f0ba",
    "runs/breast_cancer/split_41/generation_101/students/tvae/synthetic_only/11/development_predictions.npz": "a0e868c498f3201e683594dd4385a084114d7b89a23e57003f9928ceea44e81b",
    "runs/breast_cancer/split_41/generation_101/students/tvae/synthetic_only/11/model.json": "90e2939e555a83238d93bf38425b334cd1537d30b5f102ba269473752f00b78e",
    "runs/breast_cancer/split_41/generation_101/students/tvae/synthetic_only/11/weights.pt": "48cc355e49077e3492d22a16e33518b255b7855a77e2f8d7e2fd8d2097d46ab1",
    "runs/breast_cancer/split_41/generation_101/students/tvae/synthetic_only/7/development_predictions.npz": "43aa0285bfdb6a6b82e25338cc4fed87668de509e02e685cbbe0b70f0a717370",
    "runs/breast_cancer/split_41/generation_101/students/tvae/synthetic_only/7/model.json": "f68b827b4d0ece7adb333e778bf0b15dc1e05b8aa88d0a78b40422e7fd68e4c0",
    "runs/breast_cancer/split_41/generation_101/students/tvae/synthetic_only/7/weights.pt": "900af628a816b16e0c90870ad89c7c967e49d7dd96776ef02b7522f0fee7fd37",
    "runs/breast_cancer/split_41/generation_101/students/tvae/synthetic_only/logistic/model.json": "ef7c92bc1cf89721b8024deb53a4426877082d3d6d8fdae2420b5b0e09b09183",
    "runs/breast_cancer/split_41/generation_202/datasets/bootstrap/manifest.json": "78961d3c345f772890f2c507100bb57f5e08ad41c8a2ec92c3f349c26f7b7483",
    "runs/breast_cancer/split_41/generation_202/datasets/bootstrap/training.npz": "ce2235d1bbf24916f92b664805720b5b6662ce862fdd0404b547fb5e3981590d",
    "runs/breast_cancer/split_41/generation_202/datasets/copula/manifest.json": "997cbea67f49fbc2a511a27e6f305960e8cdbcea804ab57c8b4a1e23272deb95",
    "runs/breast_cancer/split_41/generation_202/datasets/copula/training.npz": "1aaff567e111e79d83b76f7dfb912812fa0bf650b020a3efe0de30cc91710fd3",
    "runs/breast_cancer/split_41/generation_202/datasets/ctgan/manifest.json": "3ed19a34eda5ea322805f92d60c28da94862cda2dcce381f38ad3d4ab2c23f05",
    "runs/breast_cancer/split_41/generation_202/datasets/ctgan/training.npz": "47c6a4655438a248132636219ccda884cac2853407e722ce6b1da9b5a8f398bd",
    "runs/breast_cancer/split_41/generation_202/datasets/ctgan_one_mode/manifest.json": "3927c45596f2d1959560c49ca040abc88540f63616ef8da4b59742ef2dbf804c",
    "runs/breast_cancer/split_41/generation_202/datasets/ctgan_one_mode/training.npz": "b2751cfb43898383c054d73cfcfb648ed0e1769e5525af5c5fde593b14617862",
    "runs/breast_cancer/split_41/generation_202/datasets/ctgan_unpacked/manifest.json": "5c54131e5d19dcedb87e48874ff5ab2f16c6cb31e45ca0fe1a6c139de1395cbc",
    "runs/breast_cancer/split_41/generation_202/datasets/ctgan_unpacked/training.npz": "f26549418481c732a19583ebcd3f2d129b4b1f5bf6375a9e5871ea189634c274",
    "runs/breast_cancer/split_41/generation_202/datasets/ddpm/manifest.json": "b6c498ef7bd67423153222e285d49fab8376368ac8325d3bb22ef3178ee5d517",
    "runs/breast_cancer/split_41/generation_202/datasets/ddpm/training.npz": "9484ed2fe793847398ff62c3e9c75b0d68c6fb84623f9c20a00449c6b0e0f58f",
    "runs/breast_cancer/split_41/generation_202/datasets/ddpm_standardized/manifest.json": "ed7f4f8a10acbd4be744172a72fc8234aecb8bb3e6ae20980d94495aeae07b95",
    "runs/breast_cancer/split_41/generation_202/datasets/ddpm_standardized/training.npz": "e9357d11d78f5379475e82fe8951c5092ab65937a0e915b47613ed1d79a7941d",
    "runs/breast_cancer/split_41/generation_202/datasets/ddpm_unconditional/manifest.json": "f02042b7d7ae4adb43f197b5e2c244e434c5ca835db9b8ff4903f57ec9478c69",
    "runs/breast_cancer/split_41/generation_202/datasets/ddpm_unconditional/training.npz": "c8fbb2555e92ebb35d33dcec5b2b76422a3afd03523a978ce70a5b4ea3a67f7e",
    "runs/breast_cancer/split_41/generation_202/datasets/mixture_support/manifest.json": "b89e462c73083df2981a6995f319741b3eb62dd0e4261d3e32db164eb985caaf",
    "runs/breast_cancer/split_41/generation_202/datasets/mixture_support/training.npz": "6074c009fde307cc27d7389e040f6cb086ab99f67f6a60eceeb6d9dda211d5ee",
    "runs/breast_cancer/split_41/generation_202/datasets/mixture_uniform/manifest.json": "01ee7120883d7c898beec88545b9220cd1d2a4c0037df6baa9bb7e3693f7ed1b",
    "runs/breast_cancer/split_41/generation_202/datasets/mixture_uniform/training.npz": "e42e45213d8914577182d69fe7bb966156acfd927ede37165e22d1749b7539c5",
    "runs/breast_cancer/split_41/generation_202/datasets/mixture_utility/manifest.json": "3a09c136a2dfb1266e98520932cefc95d2f2476eccc3a895ec05e0825398ed58",
    "runs/breast_cancer/split_41/generation_202/datasets/mixture_utility/training.npz": "ec67a27dec2f9b9016131c3e7124e51900a15027b047d4ce8aa3510a0128beeb",
    "runs/breast_cancer/split_41/generation_202/datasets/mixture_utility_support/manifest.json": "47c664ee3f5cba853ffde9883b40b20c8f19e4d9b4ee620f1dbae7fd9097d178",
    "runs/breast_cancer/split_41/generation_202/datasets/mixture_utility_support/training.npz": "af3c645773664ba470be5d4721bdc9d68236f29e6c8de1649e0ac0f39b066721",
    "runs/breast_cancer/split_41/generation_202/datasets/smote/manifest.json": "40873c03839ad86d7be1d2f0723c9b64952e07e355879f92dcc8078a9fdb138e",
    "runs/breast_cancer/split_41/generation_202/datasets/smote/training.npz": "b85223cc20a18e9ce721166b0b05c3adf65a2b15373230ad1e72c2a3a7ff4bf1",
    "runs/breast_cancer/split_41/generation_202/datasets/tvae/manifest.json": "ff589b617eb1ab7bafacf0b27ca447a79c9a9fd68ea4fb93713a70fc40edada3",
    "runs/breast_cancer/split_41/generation_202/datasets/tvae/training.npz": "c6e83a625ab37bdb47023dfd3b26a74c74790dd595184b96cb36e737cbc2becd",
    "runs/breast_cancer/split_41/generation_202/development_selection.json": "579d4ea948fe6543b9bf91f202ab79a16a3051642e6b5a32dd9bac5e208887a3",
    "runs/breast_cancer/split_41/generation_202/generators/bootstrap/audit.json": "d5539cd22b5d858eb48091ef838a9fa61fb9c201a3d81ac0b6308120b76e072e",
    "runs/breast_cancer/split_41/generation_202/generators/bootstrap/model.json": "3c4a19ea854a963d8b323f09fbf11bfd17119d7d80ee3613f7e419de4c4647e1",
    "runs/breast_cancer/split_41/generation_202/generators/bootstrap/pool.npz": "4f11313b270f3a2f278f13aae4dd83a969beae366cf65b301ee0ba63d363b386",
    "runs/breast_cancer/split_41/generation_202/generators/copula/audit.json": "33a11213719bf05835ebe1e24193833c5350bc3b61dcacabbf75f7df9eebfed6",
    "runs/breast_cancer/split_41/generation_202/generators/copula/model.json": "63d6cab699190c7d258ed8792ec01c33faa118a02f0c42878008e58a2458e516",
    "runs/breast_cancer/split_41/generation_202/generators/copula/model_arrays.npz": "68e28e1a85e9cad273e7d7f68976beff2d2f64423d850539861c995e0aedd9d4",
    "runs/breast_cancer/split_41/generation_202/generators/copula/pool.npz": "1f569003ad0cd141286bca59ed2d285f6513af3d30d5c8b757b5842b1704ca7e",
    "runs/breast_cancer/split_41/generation_202/generators/ctgan/audit.json": "2cf3576c3ed3eab8828dba1ad590bf04f440e4e5da78e9b59667f2432d129278",
    "runs/breast_cancer/split_41/generation_202/generators/ctgan/model.json": "b4d8b974afff0de3645c820e8a574233b6c60be57859061c2458976dfbf7b447",
    "runs/breast_cancer/split_41/generation_202/generators/ctgan/pool.npz": "b63b7414142e0e0b4011af896264fc0674b52ca6b8de7b091a33aba21433a564",
    "runs/breast_cancer/split_41/generation_202/generators/ctgan/weights.pt": "30714a6bb64979b494247a1950ab59dff1c7910548747864a205a633a948554e",
    "runs/breast_cancer/split_41/generation_202/generators/ctgan_one_mode/audit.json": "734366690d6ab55049e70533065d37f0700631cc8a9fa9907b2fdd88f36d7c9c",
    "runs/breast_cancer/split_41/generation_202/generators/ctgan_one_mode/model.json": "8872b889111b9abacfc61e223857005031b76430734df2925a2c242a0068e977",
    "runs/breast_cancer/split_41/generation_202/generators/ctgan_one_mode/pool.npz": "5f3f21156a3fa96a970573f97c30a09dbfee9276bea7b6897744520217c0f0db",
    "runs/breast_cancer/split_41/generation_202/generators/ctgan_one_mode/weights.pt": "9aa3d5e81b0f69b4e49131338f78ef44678b6ced4413ad8cdb79cbff7fc156eb",
    "runs/breast_cancer/split_41/generation_202/generators/ctgan_unpacked/audit.json": "ccd4f24f7917054d428dc21604cc1b9ef07e2d33331d72e1791d47a7eed33a18",
    "runs/breast_cancer/split_41/generation_202/generators/ctgan_unpacked/model.json": "bee79bff9675bd200e4462a4ac8a34e7ec7bc763b3f7f47ef49c333932f7c391",
    "runs/breast_cancer/split_41/generation_202/generators/ctgan_unpacked/pool.npz": "d1bc2baead4e6f16f6ae635c20b3bb70e94d11292b239499be7a1b9e6e5d614b",
    "runs/breast_cancer/split_41/generation_202/generators/ctgan_unpacked/weights.pt": "c5c8e18e38bcf06f1553e56583b1f0c13a1733e295f3f15440dd548bbecab888",
    "runs/breast_cancer/split_41/generation_202/generators/ddpm/audit.json": "d76e1939c09ddf269b4f761e1a443de33ca03bbf64d2ad6d5dcb6c0abe3a2068",
    "runs/breast_cancer/split_41/generation_202/generators/ddpm/model.json": "77b6345583d84f80e817eee63e1a2c657611d2c05bcc31fc9f531384c7f6babe",
    "runs/breast_cancer/split_41/generation_202/generators/ddpm/pool.npz": "a0de2b2c92399d4f4b623498a35bd8e84eb8871bdcef721a418220d4b9563fd5",
    "runs/breast_cancer/split_41/generation_202/generators/ddpm/quantiles.npz": "5d8b67b89b6e2f58fbd6d6a04c35ab53100d00e522025f79e5033ae1590bf1b0",
    "runs/breast_cancer/split_41/generation_202/generators/ddpm/weights.pt": "99aa59c0bc65d5096bd66d2d506f4ad51f2c072f6ef94d12bbf5b66dde582559",
    "runs/breast_cancer/split_41/generation_202/generators/ddpm_standardized/audit.json": "621b4493f91f4d99ab547499010985e9aa405d950b66b7a707f1e8612a23275e",
    "runs/breast_cancer/split_41/generation_202/generators/ddpm_standardized/model.json": "f55b4d2d9098ce6e6ccdefab2a5bc2260605d03735e438b362dff6131dc057df",
    "runs/breast_cancer/split_41/generation_202/generators/ddpm_standardized/pool.npz": "4a667e05ea3091d606fabee678f452faa0461e49eb8fec2e1f04ec9525a50e16",
    "runs/breast_cancer/split_41/generation_202/generators/ddpm_standardized/quantiles.npz": "dd22e7e652767c7a8302b1694d5c661b2acfe4be08586df4988d4e4f83cd48a8",
    "runs/breast_cancer/split_41/generation_202/generators/ddpm_standardized/weights.pt": "c73c8b2e40bd74d10c16ce4a448c290b440e977c76631ead1b2cecd23c46a785",
    "runs/breast_cancer/split_41/generation_202/generators/ddpm_unconditional/audit.json": "cfc415595b84d065c4f7fd3cf7986342d1c2930e4eca511683d2362c406666c1",
    "runs/breast_cancer/split_41/generation_202/generators/ddpm_unconditional/model.json": "eeb8323b862fd5e2d21990d27d7522a8d4db80f449c4eac63c8e93968ac8a3a9",
    "runs/breast_cancer/split_41/generation_202/generators/ddpm_unconditional/pool.npz": "72cf573aad1efc73031e1c19a8d13b9d892226f83c5f2d7318d703510cb63604",
    "runs/breast_cancer/split_41/generation_202/generators/ddpm_unconditional/quantiles.npz": "5d8b67b89b6e2f58fbd6d6a04c35ab53100d00e522025f79e5033ae1590bf1b0",
    "runs/breast_cancer/split_41/generation_202/generators/ddpm_unconditional/weights.pt": "a0197305f2548a4cb89dc33d0ee2bdc9b584b7c92cce0afe37dac2339d98ada5",
    "runs/breast_cancer/split_41/generation_202/generators/mixture_support/audit.json": "944a2c7b4dc0961656305a9a7baace50e3e1b58309bba421f5f955522d6050e7",
    "runs/breast_cancer/split_41/generation_202/generators/mixture_uniform/audit.json": "097a03b2113da8edc802cc919bb3e2df5b5e535a6d98a1fc175755dcab60f6de",
    "runs/breast_cancer/split_41/generation_202/generators/mixture_utility/audit.json": "bf0f3e342ec20c87aaff2261123eda709f229cbe79c66e626a7a92874f28113e",
    "runs/breast_cancer/split_41/generation_202/generators/mixture_utility_support/audit.json": "2ed65e2558e9293d68e6fcb85fe33b6dbfe5ce4a67f3af4728100336f6c0d149",
    "runs/breast_cancer/split_41/generation_202/generators/smote/audit.json": "e163e8ea73b44561fbd8ded7d048405f70d4f87aae7288b22c19bb592ff286e4",
    "runs/breast_cancer/split_41/generation_202/generators/smote/model.json": "ea1a035f6b412c910c165c8a7b10086634c1dd887b293359eb3b16f681260685",
    "runs/breast_cancer/split_41/generation_202/generators/smote/model_arrays.npz": "69013f92032a7e77fea38f7b985e4130cf555e92a59747b3c490ef65f4b1ad47",
    "runs/breast_cancer/split_41/generation_202/generators/smote/pool.npz": "fa4e8030b6e95bc96b560109313b4a4ce32ea760f3a75cb5d8605db32cc3bec2",
    "runs/breast_cancer/split_41/generation_202/generators/tvae/audit.json": "b869ca95099ea04d5d2eee4f91e01b6f0310d3d6cfb893d46e2e5ff6c47be1c1",
    "runs/breast_cancer/split_41/generation_202/generators/tvae/model.json": "2fd09bbe1f69627f0b2d2d2b2826a23d5f2adbd0e88d25bcce19fe22a7d06f59",
    "runs/breast_cancer/split_41/generation_202/generators/tvae/pool.npz": "19b31f1d05928156ea8057b64204afe59f7fe5ace301ceeaaa3e07d031538518",
    "runs/breast_cancer/split_41/generation_202/generators/tvae/weights.pt": "4cc37e7d44e93e4cbbcff0d4ccbca9d14ff0dba0deaa3f55cd2e294e30bddbee",
    "runs/breast_cancer/split_41/generation_202/index.json": "d7212a217e353017a499584ff33f55846b364ec1c43a4218325a6b2cbac7f79c",
    "runs/breast_cancer/split_41/generation_202/portfolio_inputs.json": "37d1c81830cb7ae43442fd80c6b725305e33f7ec643abd19f95138ab6dfcf443",
    "runs/breast_cancer/split_41/generation_202/probes/copula/11/development.json": "7d0fc98fc653020dc6facb9672a54cb81699d81f9b28860cfa308e5d52afefc7",
    "runs/breast_cancer/split_41/generation_202/probes/copula/11/model.json": "1c008eef0a6c1a05c6e93c31ac386cd06d56cd3583706fce18918606470bc707",
    "runs/breast_cancer/split_41/generation_202/probes/copula/11/weights.pt": "cbb4f7671b9f04f36c716ed997bce3c7a010b1a9891d615072b7f9aa7430ccd9",
    "runs/breast_cancer/split_41/generation_202/probes/copula/7/development.json": "fc5515c50c34609ecd0b9c295b335d77392ccadd9d8c06cc5c3381b55fed9f2e",
    "runs/breast_cancer/split_41/generation_202/probes/copula/7/model.json": "7620fda11d3a6e36ce8c428084869f0a88c2c17fdb3c4a1cfc9f694f8f7c28ee",
    "runs/breast_cancer/split_41/generation_202/probes/copula/7/weights.pt": "8aca5df0529fed7d6d213de080eff996e73420bd2b2ff2e8002b137424f96f8d",
    "runs/breast_cancer/split_41/generation_202/probes/ctgan/11/development.json": "55cc4437bad2e65fb895f35b54a37fb5108a01a145279ccafc41efb7bf0c4711",
    "runs/breast_cancer/split_41/generation_202/probes/ctgan/11/model.json": "ef994ef467901f8cf3ea006f3eaeeacb289a754e5ba84788d10dbdc6e2470525",
    "runs/breast_cancer/split_41/generation_202/probes/ctgan/11/weights.pt": "d04b501f5aaac066678cad20b035aedaa78d36f60d7a09997cce83121511e98e",
    "runs/breast_cancer/split_41/generation_202/probes/ctgan/7/development.json": "24d04a55697bfbdd86ada25d942e0c01e08e6b6d03e66173942da076056ecac7",
    "runs/breast_cancer/split_41/generation_202/probes/ctgan/7/model.json": "480889cae1be7ac92787caa2715819c4275d7e905a45f9b41cdc7ac246b6f93f",
    "runs/breast_cancer/split_41/generation_202/probes/ctgan/7/weights.pt": "7ae316c60eaeeaaec442e700ad335bc47cd7e78a33fdfa173cfb453be2a297f2",
    "runs/breast_cancer/split_41/generation_202/probes/ddpm/11/development.json": "415735b0751779a28684e127149d8dfcb533976a7fae32bc750a168d80be4e1b",
    "runs/breast_cancer/split_41/generation_202/probes/ddpm/11/model.json": "832015803a9675b44c3f5c063287770e33461a54414df82159f7c55206ef8b8d",
    "runs/breast_cancer/split_41/generation_202/probes/ddpm/11/weights.pt": "df04e2ceb5b4dad797cc5cd3602733e087296989ec3a08d1fd7e7a559005fc73",
    "runs/breast_cancer/split_41/generation_202/probes/ddpm/7/development.json": "aa2720c7a2a975deb2d7edd426bba851317ece8a5e4434bf67166c462ad58b14",
    "runs/breast_cancer/split_41/generation_202/probes/ddpm/7/model.json": "86250b491a9f12938d7ce372b3b48a4c934f35e9909bb5c9bc89ed8b65b3b797",
    "runs/breast_cancer/split_41/generation_202/probes/ddpm/7/weights.pt": "3a59583ac5f4f719909a0830b6e8e605d5614c9c3a7f3519b08356f40eae4708",
    "runs/breast_cancer/split_41/generation_202/probes/tvae/11/development.json": "e26d298f5c71150d08b64cb300acb06b04b1891eb0101406e9ba147342730ade",
    "runs/breast_cancer/split_41/generation_202/probes/tvae/11/model.json": "699d8288166984289a8a5a2aae83cce76fd40074393334594c3b29b54602b098",
    "runs/breast_cancer/split_41/generation_202/probes/tvae/11/weights.pt": "2acb2d8d2d0fd98fa7482d17883787d8d057f3c38384e1c1bfb5026c16a8a40d",
    "runs/breast_cancer/split_41/generation_202/probes/tvae/7/development.json": "464bd26f2068ec347c2c759e130af8863a0b63c1ef7ab9e20c8fc27abe27110f",
    "runs/breast_cancer/split_41/generation_202/probes/tvae/7/model.json": "fcc674dd845ec32f9774e2241028023b53cc74508744b6e78cbe31bef56f1bbc",
    "runs/breast_cancer/split_41/generation_202/probes/tvae/7/weights.pt": "010430b40160e641b6f2d485a28ed2ea6409bf35a88941b40fc8fd68752006ec",
    "runs/breast_cancer/split_41/generation_202/students/bootstrap/augment/11/development_predictions.npz": "18f43cc685e7d2fe980eec8b9eaf05167752724396436643ceb4a99cf682439e",
    "runs/breast_cancer/split_41/generation_202/students/bootstrap/augment/11/model.json": "05833e8f50e3ed4be7b3ca167e7fb390958ef832407cfb26f79d40426f35deb9",
    "runs/breast_cancer/split_41/generation_202/students/bootstrap/augment/11/weights.pt": "2cf263fcb93f96345a806ad68994c86488853879a50619ba62b79b7831a71e75",
    "runs/breast_cancer/split_41/generation_202/students/bootstrap/augment/7/development_predictions.npz": "f91ddf38cf3eeb563d47ea2511c6b12982eda94f512a59b055ba887ebfae3fe7",
    "runs/breast_cancer/split_41/generation_202/students/bootstrap/augment/7/model.json": "cae628fdae28fa4483162ec16a0b911392aba2e359bfd67cb7fe7eb1f620c2ff",
    "runs/breast_cancer/split_41/generation_202/students/bootstrap/augment/7/weights.pt": "c7c34dd1fc0b463f0d7869d9ee7a90202a6c98143d4406ba40ee3fcce7fae3a1",
    "runs/breast_cancer/split_41/generation_202/students/bootstrap/augment/logistic/model.json": "195f078cc5badea0b37efee8efc40f4475cc45c06c1dc78cf03cc4d39ed0e799",
    "runs/breast_cancer/split_41/generation_202/students/bootstrap/synthetic_only/11/development_predictions.npz": "9d000149e4d2e9ec02d282bf80eb9d5889cb681b95810475a154e38f2688a25b",
    "runs/breast_cancer/split_41/generation_202/students/bootstrap/synthetic_only/11/model.json": "cc9920cf1a943511149479029ac8916f3f8d10f3af01f52cb378ecf81740dcd9",
    "runs/breast_cancer/split_41/generation_202/students/bootstrap/synthetic_only/11/weights.pt": "7f6434de51df5959891c69fddffa3669831cdb412c30e02857c3239a3da5ee96",
    "runs/breast_cancer/split_41/generation_202/students/bootstrap/synthetic_only/7/development_predictions.npz": "81d49dfa1cf388e11a076b847652435b2f2b2136648f422e3027931766b0b1bf",
    "runs/breast_cancer/split_41/generation_202/students/bootstrap/synthetic_only/7/model.json": "23766fcfed512bd3379872bc55dd3707c8eb05b89c6dcd016638c56a69f3ddb2",
    "runs/breast_cancer/split_41/generation_202/students/bootstrap/synthetic_only/7/weights.pt": "b409a9455a716f52c7e16d46263d9eae55b70e84d043dd7b4fd51ad5f0adc570",
    "runs/breast_cancer/split_41/generation_202/students/bootstrap/synthetic_only/logistic/model.json": "debcff8a5f451341815a8d7a9dcfacc9e335804e614b6f43bca49d8e46714dac",
    "runs/breast_cancer/split_41/generation_202/students/copula/augment/11/development_predictions.npz": "2518967c9a919d29338567f7500b17b618583f1fa116ad8c11e17a9a43bfb9ba",
    "runs/breast_cancer/split_41/generation_202/students/copula/augment/11/model.json": "f1ceb225b9e4a14d983427d51318c5aa6e71c722a72cd656ee13e4edd4de31a5",
    "runs/breast_cancer/split_41/generation_202/students/copula/augment/11/weights.pt": "eb116cc404ae0f800b44e3ea48cba3b29207d2506615fadadb8b43164e11fcfb",
    "runs/breast_cancer/split_41/generation_202/students/copula/augment/7/development_predictions.npz": "40c85113f84ce516234be214b6697b70778a8ddb8e7c4e5998fea27c28369bb4",
    "runs/breast_cancer/split_41/generation_202/students/copula/augment/7/model.json": "9021364c712fde500ea4e37f17e73ec629367fd18a2faf6a2638bf31947f2ec9",
    "runs/breast_cancer/split_41/generation_202/students/copula/augment/7/weights.pt": "448f4dba3c9aa695f07602846a18865631493d1f7e361704f030421283de16c4",
    "runs/breast_cancer/split_41/generation_202/students/copula/augment/logistic/model.json": "35e04bb2efc88325b4dfc8f1928db5a8b558160271005d5338ddf8d74b6fffb7",
    "runs/breast_cancer/split_41/generation_202/students/copula/synthetic_only/11/development_predictions.npz": "79ec6459dc4560dd0a32a5c56ee7bcbc36cc2853d8aad6b2cfa193c16f7a4a9e",
    "runs/breast_cancer/split_41/generation_202/students/copula/synthetic_only/11/model.json": "3ad854301f2ec2636178a63660e9a725b54d5f608f2919c69912ac3818754766",
    "runs/breast_cancer/split_41/generation_202/students/copula/synthetic_only/11/weights.pt": "344352584da92b7656569a4f52cba49a5f238dd2f4f3a4b08f640694ffdafd53",
    "runs/breast_cancer/split_41/generation_202/students/copula/synthetic_only/7/development_predictions.npz": "ffddfe9b7fe9ba0410be801d1366ed7bfd7b09c6ee0aba44914c9438b5e54cdc",
    "runs/breast_cancer/split_41/generation_202/students/copula/synthetic_only/7/model.json": "782a2a4b5f212d73a74ca94c989daee20d68a6c8de6431e5f5c1d00e7aef6a2b",
    "runs/breast_cancer/split_41/generation_202/students/copula/synthetic_only/7/weights.pt": "1064a94861573d2e50fd83fd13ee8cf8f78e7f54bf2cd7908279f32781e68568",
    "runs/breast_cancer/split_41/generation_202/students/copula/synthetic_only/logistic/model.json": "5896bee7f6b13e2925f2cbb9860bfc01e11fa5a5582d4cd0abf2cb68357d0b6c",
    "runs/breast_cancer/split_41/generation_202/students/ctgan/augment/11/development_predictions.npz": "5e3f82944038aa5420f584089feb1d503c00c6d04d6123a4d548f6da28c2752c",
    "runs/breast_cancer/split_41/generation_202/students/ctgan/augment/11/model.json": "7c2db11ec4d9e9ccf8e19043ee9a13ef623bb0ec7c9ee0a908675edfa5f3319d",
    "runs/breast_cancer/split_41/generation_202/students/ctgan/augment/11/weights.pt": "0b828b2849169fb001e38a3f12986a0ea0ce3a52ce8a05bd034833a49c0bdd3d",
    "runs/breast_cancer/split_41/generation_202/students/ctgan/augment/7/development_predictions.npz": "6ee46038cb6bf8898b390d116c8c38d9bf5b221c9d9dffda9407ee4c8e0a3cc6",
    "runs/breast_cancer/split_41/generation_202/students/ctgan/augment/7/model.json": "fd21351f416b164409287a3acc074b91533d31abc94235ddcf6368ae3e00feec",
    "runs/breast_cancer/split_41/generation_202/students/ctgan/augment/7/weights.pt": "7ba89b797160825ea696a163f9b11377b225a9fb3223847f615e908ab8ea3a36",
    "runs/breast_cancer/split_41/generation_202/students/ctgan/augment/logistic/model.json": "9dbc5eca1aa8b934c04573f894b0a53e6df806d4459737eafdada2c7b8ce9657",
    "runs/breast_cancer/split_41/generation_202/students/ctgan/synthetic_only/11/development_predictions.npz": "125b830861cd694952e4de19da554ac8d1f8accca10df6425c8e79710b388d2d",
    "runs/breast_cancer/split_41/generation_202/students/ctgan/synthetic_only/11/model.json": "8cc598a01df4749eda650fb77a2244302f5c0db25de73d44aafd947a78ad21e8",
    "runs/breast_cancer/split_41/generation_202/students/ctgan/synthetic_only/11/weights.pt": "e2e963f43114d8dbf9bcb5c127663ce232eecd74c8ff853909ca45607ffc5570",
    "runs/breast_cancer/split_41/generation_202/students/ctgan/synthetic_only/7/development_predictions.npz": "23372b5ad31925140226a0a2e32bea15bff6fbdbd85882bed806a50cc6a58ee9",
    "runs/breast_cancer/split_41/generation_202/students/ctgan/synthetic_only/7/model.json": "afabc6ee998f8f9c2ac3e678ab4a633fb0843bdafabdbdf1c9d262ed7a616b31",
    "runs/breast_cancer/split_41/generation_202/students/ctgan/synthetic_only/7/weights.pt": "df88c0fac4fd16c99e664d22e615d0eed151bc6e199db119c2b5dd98938991b2",
    "runs/breast_cancer/split_41/generation_202/students/ctgan/synthetic_only/logistic/model.json": "d1f297057ff436be6fa9404634870a0a5ab3d693dba3ae5e7d0e3e67256078f9",
    "runs/breast_cancer/split_41/generation_202/students/ctgan_one_mode/augment/11/development_predictions.npz": "d51b0ff402ed3523020e1a7e0642868285ec9e5cbea6d9a32ba362e4b4471d6f",
    "runs/breast_cancer/split_41/generation_202/students/ctgan_one_mode/augment/11/model.json": "ab53c889c13ac37b93731f5174a81800e723172d66c42e6aad3d0535666fd96e",
    "runs/breast_cancer/split_41/generation_202/students/ctgan_one_mode/augment/11/weights.pt": "2fd3442f2503f95d607811a225d1f1d79848394d0198d9f9fd563bbaada110f6",
    "runs/breast_cancer/split_41/generation_202/students/ctgan_one_mode/augment/7/development_predictions.npz": "56dbdaa8c1a040bc006ab6a6ed526d79526f6cdaea23667d3aba9aa4e9954f33",
    "runs/breast_cancer/split_41/generation_202/students/ctgan_one_mode/augment/7/model.json": "06695a27cdceb5d22a22ab5a0a25463552d85689c1c201a2fa399d9c3af483e4",
    "runs/breast_cancer/split_41/generation_202/students/ctgan_one_mode/augment/7/weights.pt": "564b0cf7a954aa7436be1329827684b3904bd1d177414e841a74b21e369496e8",
    "runs/breast_cancer/split_41/generation_202/students/ctgan_one_mode/augment/logistic/model.json": "c84079a5e98c025329b16b71d033f1bf63ce61199334e1e6304150b929deebf3",
    "runs/breast_cancer/split_41/generation_202/students/ctgan_one_mode/synthetic_only/11/development_predictions.npz": "04db940c594c553b08e4d028ef38ee2d73872c006cea9a5ef45d3a27eb746647",
    "runs/breast_cancer/split_41/generation_202/students/ctgan_one_mode/synthetic_only/11/model.json": "b88cf58c75b8f7aeec5e77cb1427873e56ecff8b6f423505dc03d1cd80893dcd",
    "runs/breast_cancer/split_41/generation_202/students/ctgan_one_mode/synthetic_only/11/weights.pt": "c589d12948c0241574c2368b12f754b843422db80163e30cc2bd377c02a38dc7",
    "runs/breast_cancer/split_41/generation_202/students/ctgan_one_mode/synthetic_only/7/development_predictions.npz": "4cea0700328aca42866a76f7fbdc5698af439aae4ee278a50125cbd947491cfb",
    "runs/breast_cancer/split_41/generation_202/students/ctgan_one_mode/synthetic_only/7/model.json": "3ed83bc51ba8fb0e4f42cc8116c8edc050256811ed582be3ded004d261dd57bb",
    "runs/breast_cancer/split_41/generation_202/students/ctgan_one_mode/synthetic_only/7/weights.pt": "5db057cb5f835333ba23ffb7606a8cf7c55f47b26358fb36897233755f43fc9e",
    "runs/breast_cancer/split_41/generation_202/students/ctgan_one_mode/synthetic_only/logistic/model.json": "33f0d3621cde311ca90d9bafa79bc7e80aeaa6ce3be2d3364e3e386f893f396e",
    "runs/breast_cancer/split_41/generation_202/students/ctgan_unpacked/augment/11/development_predictions.npz": "0c501633d79906c90559c9928c52f59ee2a80032fb87bca419d9408a7f9c4f11",
    "runs/breast_cancer/split_41/generation_202/students/ctgan_unpacked/augment/11/model.json": "a524beb4d7cbfa54979dfd55a7f1fdc82dff08200eff0f0361d111301d314101",
    "runs/breast_cancer/split_41/generation_202/students/ctgan_unpacked/augment/11/weights.pt": "6a256eabe2058bab826b17ea77b949ae6c1df0e12ddd8cfe5015942c370c804d",
    "runs/breast_cancer/split_41/generation_202/students/ctgan_unpacked/augment/7/development_predictions.npz": "019f8b99d257af56c4090d342731475299b9839d0029174e69cbdfa4125f52a5",
    "runs/breast_cancer/split_41/generation_202/students/ctgan_unpacked/augment/7/model.json": "5d82a324f1c3dc1f1c48c0c6c85aa393a7999fec84caaf316bc388583fdf64b6",
    "runs/breast_cancer/split_41/generation_202/students/ctgan_unpacked/augment/7/weights.pt": "8c2d9963178f4e4071835276520233d5b42dd18de68cb240e2aa4b22f3f16e1f",
    "runs/breast_cancer/split_41/generation_202/students/ctgan_unpacked/augment/logistic/model.json": "69912901220c7005361771109e17e35dde75fe0aa4beed4a7ce7c7db2fb4639a",
    "runs/breast_cancer/split_41/generation_202/students/ctgan_unpacked/synthetic_only/11/development_predictions.npz": "41b31fae829f0e41512aa30d990079747d7cdbdf338097ca2597a5f0e1b494ec",
    "runs/breast_cancer/split_41/generation_202/students/ctgan_unpacked/synthetic_only/11/model.json": "c968990e77c34993dbc1881c9871886816b427fb91f38fb179a476a39f01857c",
    "runs/breast_cancer/split_41/generation_202/students/ctgan_unpacked/synthetic_only/11/weights.pt": "e0542ef0b0c700389b0507978c1a86b39b3ec6421289d47448123c4ae9b3601b",
    "runs/breast_cancer/split_41/generation_202/students/ctgan_unpacked/synthetic_only/7/development_predictions.npz": "f3236bf5ba27759b768b51983a5a99d9205ae5dcb4421426b36f6423783e6b4f",
    "runs/breast_cancer/split_41/generation_202/students/ctgan_unpacked/synthetic_only/7/model.json": "571002e0ef11985f902c7582f8c88bf826d4bd525b763243320ebda8b4c5c900",
    "runs/breast_cancer/split_41/generation_202/students/ctgan_unpacked/synthetic_only/7/weights.pt": "560cbf5d0a75b2f6478ff98ecdcfce77b537f3a88a2f7823dcdf3fa7fe1e56d3",
    "runs/breast_cancer/split_41/generation_202/students/ctgan_unpacked/synthetic_only/logistic/model.json": "c02fee12307d787118b4e01f54116d9f0258d8bbfdf98c1fb7074d912caf0aa8",
    "runs/breast_cancer/split_41/generation_202/students/ddpm/augment/11/development_predictions.npz": "0d076fbb0d984cf3d791236cf918c79675245e2a97d0c710e3482b53a217fb34",
    "runs/breast_cancer/split_41/generation_202/students/ddpm/augment/11/model.json": "ae774edad60bebdade7bd6fb73a8715099ff166fd86619b0b0c04a9ba0bf8154",
    "runs/breast_cancer/split_41/generation_202/students/ddpm/augment/11/weights.pt": "d198a9ae15dfe5fc48e581031723cdf4b13b07a7a82776ebb382ba56a83df45c",
    "runs/breast_cancer/split_41/generation_202/students/ddpm/augment/7/development_predictions.npz": "58add90288b17086d19c73c293ebf208ca7343ec9856c955d3544a3d7618974c",
    "runs/breast_cancer/split_41/generation_202/students/ddpm/augment/7/model.json": "05e4f334f1b68ff291503604941b5e8b1f4d77e6fbdfa7c4c0899fe223c017b8",
    "runs/breast_cancer/split_41/generation_202/students/ddpm/augment/7/weights.pt": "6bb41c77c88bcf5546f88f9a574dc06253a332441b3c4da3d4536e414cdc2710",
    "runs/breast_cancer/split_41/generation_202/students/ddpm/augment/logistic/model.json": "a68ade03e62c56136cc4bd94ac9b739cf9c60a7654e67b7ec7821e6fb39e2e8c",
    "runs/breast_cancer/split_41/generation_202/students/ddpm/synthetic_only/11/development_predictions.npz": "9a5b892673b008f03bbdca99e354d7784fd56c072cc0f1777cfa761a09574c5f",
    "runs/breast_cancer/split_41/generation_202/students/ddpm/synthetic_only/11/model.json": "eafc2feffc305046641f27941f8a809c763e12249a3ec06bfa16726a191217c7",
    "runs/breast_cancer/split_41/generation_202/students/ddpm/synthetic_only/11/weights.pt": "baad033f3b384031ea25d8bd89ca1a6770044abd17792792a54d72e2b35b01f9",
    "runs/breast_cancer/split_41/generation_202/students/ddpm/synthetic_only/7/development_predictions.npz": "89b2b33a84a366745c0b62742af5870bc7e6c40044b8fbc79bc688c08b3ec3e1",
    "runs/breast_cancer/split_41/generation_202/students/ddpm/synthetic_only/7/model.json": "2940e0e5b2c66a280945b65cce17189ef8369dbaa98449576d3da021f587fffa",
    "runs/breast_cancer/split_41/generation_202/students/ddpm/synthetic_only/7/weights.pt": "49a3f9c63a4f6d4ac82efc4f7f25a4d7969db789faf5466caf1914667e979c26",
    "runs/breast_cancer/split_41/generation_202/students/ddpm/synthetic_only/logistic/model.json": "027762927c54b5c9bb8612232df1f377ef01cfd63159e89f7b9d65b23f2fdb89",
    "runs/breast_cancer/split_41/generation_202/students/ddpm_standardized/augment/11/development_predictions.npz": "3332e9777c4c978ff227858b4f11649f620f6f93e4cfe36714c7147f0281e075",
    "runs/breast_cancer/split_41/generation_202/students/ddpm_standardized/augment/11/model.json": "6f2843a3fccaf702e79bda68f5107282c5f0990ae56b0bece2a265978f775474",
    "runs/breast_cancer/split_41/generation_202/students/ddpm_standardized/augment/11/weights.pt": "58bc980ba39557cbf6162343f7ae9923a8ccbc8970b2b8aa709d34cc7751a404",
    "runs/breast_cancer/split_41/generation_202/students/ddpm_standardized/augment/7/development_predictions.npz": "8f7785a12cbe5d1a4a31f5de8311e3864bdecb5c15d2144d1ce168996f78372d",
    "runs/breast_cancer/split_41/generation_202/students/ddpm_standardized/augment/7/model.json": "e4ad8b18954179938c96d4111b2d4a5979ef164b9b8f741c79e023454c17fc7e",
    "runs/breast_cancer/split_41/generation_202/students/ddpm_standardized/augment/7/weights.pt": "c32c743340ca7f53197ce39fa10213734e0dbf4f66f3c1cbf5345d09c9a2d712",
    "runs/breast_cancer/split_41/generation_202/students/ddpm_standardized/augment/logistic/model.json": "76d77478846c04ef695a69c0985762a71de3f45d3942b58625172430cf78806f",
    "runs/breast_cancer/split_41/generation_202/students/ddpm_standardized/synthetic_only/11/development_predictions.npz": "3bee869b0fe9e06e0cc1ca825cd5e683460153ed54706bc9322a83bcbf0bea90",
    "runs/breast_cancer/split_41/generation_202/students/ddpm_standardized/synthetic_only/11/model.json": "7063d3cce3331262c5c18b04b4d776f637aa61805ccad3fd74ce162c9bef06ef",
    "runs/breast_cancer/split_41/generation_202/students/ddpm_standardized/synthetic_only/11/weights.pt": "c5d6bddb5475824aa57f376ea53b8c9e3f3eda2d90c5ab3d425e1a3db5ee1d7d",
    "runs/breast_cancer/split_41/generation_202/students/ddpm_standardized/synthetic_only/7/development_predictions.npz": "60ab455ea626662eabd20cf6705e334f7f2d8ed9102fe4e20f0fa496adf6a856",
    "runs/breast_cancer/split_41/generation_202/students/ddpm_standardized/synthetic_only/7/model.json": "be17e001be0a219a4e72624c48fb4280045b9277db75d3cca8af5629040daad3",
    "runs/breast_cancer/split_41/generation_202/students/ddpm_standardized/synthetic_only/7/weights.pt": "dce59b0d771a4ccdb7c49e509ec6f936a64f4df089257658dc0e4483c106cede",
    "runs/breast_cancer/split_41/generation_202/students/ddpm_standardized/synthetic_only/logistic/model.json": "cd322573c50b203343c59e3f713926357c911cc5c8eaf220aaa0e34dfd4bef9c",
    "runs/breast_cancer/split_41/generation_202/students/ddpm_unconditional/augment/11/development_predictions.npz": "d78e04013a0b2d77cbd5171cbbb6f83bfeb01c752a3aad3a97d81f7e59eae26a",
    "runs/breast_cancer/split_41/generation_202/students/ddpm_unconditional/augment/11/model.json": "ea04b30c1920c06ff5368fc7b9053706388e8fef7bc937b8763522a83987ebce",
    "runs/breast_cancer/split_41/generation_202/students/ddpm_unconditional/augment/11/weights.pt": "76bec05900473d12e064541e8363948288fdc3b0e0b486d7b86a7977cee9f6ec",
    "runs/breast_cancer/split_41/generation_202/students/ddpm_unconditional/augment/7/development_predictions.npz": "9d1a483d329dd98a9f4abf3b5228e56cdb3209d88ad8ee6210cdf043b4fd6a2d",
    "runs/breast_cancer/split_41/generation_202/students/ddpm_unconditional/augment/7/model.json": "23a4c0ab2fcdfb9bc95d36659db1797bcfc9f953d09a3b38cfe3ad4285b81fe9",
    "runs/breast_cancer/split_41/generation_202/students/ddpm_unconditional/augment/7/weights.pt": "61c1f62d187e8d979b0755bd4cfeaf713c259f5ee0e5c25a353c4577165693af",
    "runs/breast_cancer/split_41/generation_202/students/ddpm_unconditional/augment/logistic/model.json": "b3ae6dfcf882aed1ab49ec5a8dd9ff1c2680f06f34cad5a04faca6f3eb985782",
    "runs/breast_cancer/split_41/generation_202/students/ddpm_unconditional/synthetic_only/11/development_predictions.npz": "b44a0ec8ff99247192512fb188e8b6beb0e165625e219dab5ddbcd870af132cc",
    "runs/breast_cancer/split_41/generation_202/students/ddpm_unconditional/synthetic_only/11/model.json": "a937183dca43c5290b7e27526b661abb8756511e7c43e9e2e3e2158e8a5bc6c6",
    "runs/breast_cancer/split_41/generation_202/students/ddpm_unconditional/synthetic_only/11/weights.pt": "c3697d4134973147bc2778226f91a178581ce3b0902c795f385c4f15332c7f20",
    "runs/breast_cancer/split_41/generation_202/students/ddpm_unconditional/synthetic_only/7/development_predictions.npz": "add90259a177a3a294053f089a87f6b8c86d06dc6c44cccbadf8c3d201c412ea",
    "runs/breast_cancer/split_41/generation_202/students/ddpm_unconditional/synthetic_only/7/model.json": "6d29c2ff70d5c9b55c9a3439c4a166459f502faea27758e799b6a063391e6b01",
    "runs/breast_cancer/split_41/generation_202/students/ddpm_unconditional/synthetic_only/7/weights.pt": "eb5311272e57000cb84c3824078b849f1bafeb5cfc88e57c41adcc2f029289fa",
    "runs/breast_cancer/split_41/generation_202/students/ddpm_unconditional/synthetic_only/logistic/model.json": "325d74de07132000f2437f0e5c0efe9581e91ebbaa1094bf0c3293d0193871fc",
    "runs/breast_cancer/split_41/generation_202/students/mixture_support/augment/11/development_predictions.npz": "f93c9b0bca6ccbf200893ac81bae4898f2c7d2d286fc4408ac2c9d3b0a5ff3ad",
    "runs/breast_cancer/split_41/generation_202/students/mixture_support/augment/11/model.json": "f82ec7c4ef59d4ac13dd23e3502945d56948f43dc001df3dafd9e85687ce34e5",
    "runs/breast_cancer/split_41/generation_202/students/mixture_support/augment/11/weights.pt": "62a2a9561535f294ec81a7fb6defe0f0450ccb0da996111af89ae445087043b8",
    "runs/breast_cancer/split_41/generation_202/students/mixture_support/augment/7/development_predictions.npz": "a3a71e70f84df7f4e3e62db5f2d915826d75882bc0e049caf950ed127ec71839",
    "runs/breast_cancer/split_41/generation_202/students/mixture_support/augment/7/model.json": "6c8737251db6897804797f8916a318405c48b93b3e5d68eff28fd27a87cc3de2",
    "runs/breast_cancer/split_41/generation_202/students/mixture_support/augment/7/weights.pt": "7f703da278d9af4db75549bd192f00382aec5d326df119a9374119dcf7c7eb40",
    "runs/breast_cancer/split_41/generation_202/students/mixture_support/augment/logistic/model.json": "d8b6311c7b5dde2038b0d249a62b020a77cd222180a12be33f34980dd17ca71e",
    "runs/breast_cancer/split_41/generation_202/students/mixture_support/synthetic_only/11/development_predictions.npz": "96afc52cb3b0c19f8b9d7b70f259ebbbe3f994ca19cb66b35efde7813279d67c",
    "runs/breast_cancer/split_41/generation_202/students/mixture_support/synthetic_only/11/model.json": "a66fcb44e6c6085b85705c1a8f0c88223e672eb2a97810d000f87bd7c6855769",
    "runs/breast_cancer/split_41/generation_202/students/mixture_support/synthetic_only/11/weights.pt": "dd77372ad865b8c5605740ded485266808e2bc355597c92e91d92f92fe422e43",
    "runs/breast_cancer/split_41/generation_202/students/mixture_support/synthetic_only/7/development_predictions.npz": "52b24892d8e8287dfa8b0b43899b5c17d7429ac501c5323aa484290047d9accc",
    "runs/breast_cancer/split_41/generation_202/students/mixture_support/synthetic_only/7/model.json": "2a5b4c6f616f745a7a222a352eee65bea83896ddd3ca9c247f1adf078cdfc976",
    "runs/breast_cancer/split_41/generation_202/students/mixture_support/synthetic_only/7/weights.pt": "6ff2a883cbb9de840046c5a7fe9609e4bff85069afec81ec7ec10e57cbfd0439",
    "runs/breast_cancer/split_41/generation_202/students/mixture_support/synthetic_only/logistic/model.json": "5faa0a4a2ea968eae8ab66fae4ed7902430955a715a77300e3084476287624d4",
    "runs/breast_cancer/split_41/generation_202/students/mixture_uniform/augment/11/development_predictions.npz": "43f4cb2f36249f851e24f00546c74866be9e7e81fbc2b3b866078a5f44d7041f",
    "runs/breast_cancer/split_41/generation_202/students/mixture_uniform/augment/11/model.json": "832c3e2c5f34b8697851f925ae3ff68fa7ee072e5dde132272d1484717a925f3",
    "runs/breast_cancer/split_41/generation_202/students/mixture_uniform/augment/11/weights.pt": "cc7feb684e2f43f7cc357fb50c6e76003c634eccc795a9c17d6398b56a74ef4f",
    "runs/breast_cancer/split_41/generation_202/students/mixture_uniform/augment/7/development_predictions.npz": "6701ff394afa335277c5f7ac8fa15e6b9e25918078c2beb86cf0080978fa86f2",
    "runs/breast_cancer/split_41/generation_202/students/mixture_uniform/augment/7/model.json": "0216e7952892744597428968d8a025349855f45db08a5028372fa80e51d7ac22",
    "runs/breast_cancer/split_41/generation_202/students/mixture_uniform/augment/7/weights.pt": "64e0801eee1a802418b8f7e594fd92926a33de95447dee431fa5c65b448fcf43",
    "runs/breast_cancer/split_41/generation_202/students/mixture_uniform/augment/logistic/model.json": "eb4dbff2941788b1bf67af46ef17a0907be311022bce4125b209c23bad19b1a2",
    "runs/breast_cancer/split_41/generation_202/students/mixture_uniform/synthetic_only/11/development_predictions.npz": "7b93fff832ccf9ee675be54cf26b31b1df98e834c508baa9c40e9f5e43872038",
    "runs/breast_cancer/split_41/generation_202/students/mixture_uniform/synthetic_only/11/model.json": "1a4c409b7b29781feb29f0b809a8bdc907ba3c2346d678e623a86f37714aa5b0",
    "runs/breast_cancer/split_41/generation_202/students/mixture_uniform/synthetic_only/11/weights.pt": "5c64940c336854e6f959ccded90403cbca1bf97aa22a99bced5521c073d0d120",
    "runs/breast_cancer/split_41/generation_202/students/mixture_uniform/synthetic_only/7/development_predictions.npz": "dfa760cd9c1ab400478fdb0e257afe317a29d5de7864d8a5e614f8083d8968cf",
    "runs/breast_cancer/split_41/generation_202/students/mixture_uniform/synthetic_only/7/model.json": "9fbe7c5a8c5857a5047b4cb13d3d1c84b4945a8d80a827b9424603c56eaa11dd",
    "runs/breast_cancer/split_41/generation_202/students/mixture_uniform/synthetic_only/7/weights.pt": "d52846b3bb4b8c96018196cab28f3732a173f2398c5ecfe75d946b0814fec2c4",
    "runs/breast_cancer/split_41/generation_202/students/mixture_uniform/synthetic_only/logistic/model.json": "60837c0eeceefea3fb36d172ebc2bdff13c66e701e0c61460d46d2876391ce25",
    "runs/breast_cancer/split_41/generation_202/students/mixture_utility/augment/11/development_predictions.npz": "74d6603512eaf04306e30833c6de66ad3d7ea2a5197d3691b076c93225c64e1c",
    "runs/breast_cancer/split_41/generation_202/students/mixture_utility/augment/11/model.json": "7c79a8850d21e7ca052a9a5dba5644fa85cc887c9a78749e077681707ac452e9",
    "runs/breast_cancer/split_41/generation_202/students/mixture_utility/augment/11/weights.pt": "c01b73806d61e26c2aeafca1f5dd1c5e3e1a6cfaacd381442141c5ba7845ce09",
    "runs/breast_cancer/split_41/generation_202/students/mixture_utility/augment/7/development_predictions.npz": "50afbb20ee9c40e2175103d84f80837db9a0f646b9912c8d297589d188430586",
    "runs/breast_cancer/split_41/generation_202/students/mixture_utility/augment/7/model.json": "d0b3b3d69861b11b81c9f3bcfcf44125efcb31ef018a0243775d21bfbb66355c",
    "runs/breast_cancer/split_41/generation_202/students/mixture_utility/augment/7/weights.pt": "ed6f41318ed89cf2e0f0b99dab479afc21075f32d48205de1b5fd9c294677689",
    "runs/breast_cancer/split_41/generation_202/students/mixture_utility/augment/logistic/model.json": "3c7cea2e1a03f8c96b6e154ce28dd863d082d27ef28eedfa3e8d8254f3c04c12",
    "runs/breast_cancer/split_41/generation_202/students/mixture_utility/synthetic_only/11/development_predictions.npz": "104a8fa887a68b0947f3b23d83438769626b143d300c408951bc119e8cba09b5",
    "runs/breast_cancer/split_41/generation_202/students/mixture_utility/synthetic_only/11/model.json": "b63948b5dceb1bc8f8c5dea342d935c61d5a84935445e50b81a7054994f81f7a",
    "runs/breast_cancer/split_41/generation_202/students/mixture_utility/synthetic_only/11/weights.pt": "577f7a7336e8302f4b1d6c9a329f4e20f3cd2f6cfd5253e02b2c8fbaabfc1860",
    "runs/breast_cancer/split_41/generation_202/students/mixture_utility/synthetic_only/7/development_predictions.npz": "a14574d134aa4400c5b177724cc82f57fb30f5a3ef7a9528bb1ed4a71fd2cc54",
    "runs/breast_cancer/split_41/generation_202/students/mixture_utility/synthetic_only/7/model.json": "2c7f3a4cd003d6fcc835cd811ca11bf66d1c71cd09ad250f7e165d564b325ce5",
    "runs/breast_cancer/split_41/generation_202/students/mixture_utility/synthetic_only/7/weights.pt": "6453cdcc67b3bb0b8faf12e596ceb14e0b0930e014f6dcdc169b7ea3b6418be1",
    "runs/breast_cancer/split_41/generation_202/students/mixture_utility/synthetic_only/logistic/model.json": "f40472e1c7ccf9a8f8e64fadd915cd7758827504080b8616b0ad1b677c74e502",
    "runs/breast_cancer/split_41/generation_202/students/mixture_utility_support/augment/11/development_predictions.npz": "bc93c507cdd520084e9ce8dad9ec678d62fbd53cad5b27a43c860690c11a01fa",
    "runs/breast_cancer/split_41/generation_202/students/mixture_utility_support/augment/11/model.json": "794946b30c558d3c8ee937ab5d059f73af9db12fab7dec7bc90349ab4b704f11",
    "runs/breast_cancer/split_41/generation_202/students/mixture_utility_support/augment/11/weights.pt": "0c5a376173cb0c9b97523899140d53a43909cb795bbc75c85c8d414a258ec7d3",
    "runs/breast_cancer/split_41/generation_202/students/mixture_utility_support/augment/7/development_predictions.npz": "57ebb46410113466aeed5ff434d509d2a31877fed678fed64640144a5cdd0360",
    "runs/breast_cancer/split_41/generation_202/students/mixture_utility_support/augment/7/model.json": "bd32132f3bfcb6e00f5f676167fa1ee781a6304ca45cfdff784f8069424b5fad",
    "runs/breast_cancer/split_41/generation_202/students/mixture_utility_support/augment/7/weights.pt": "7f61cac4a9e5726a3d4d7dfe2226e7f41e41bdaa63e7cf1c9eda565fcb2e7486",
    "runs/breast_cancer/split_41/generation_202/students/mixture_utility_support/augment/logistic/model.json": "2ecfaecca689235a24bf656da21f8e571a745b3cddb63b091a9b96a2b4bf0d15",
    "runs/breast_cancer/split_41/generation_202/students/mixture_utility_support/synthetic_only/11/development_predictions.npz": "f3a38255201d43e66c131663fb74c91cb153f641c2d30ba0f1a0787672c6f65a",
    "runs/breast_cancer/split_41/generation_202/students/mixture_utility_support/synthetic_only/11/model.json": "f8706d90448ac2a6e425a29b8c600a9f1bed3ba69f2e37286195945f000243da",
    "runs/breast_cancer/split_41/generation_202/students/mixture_utility_support/synthetic_only/11/weights.pt": "371d4b4fdf520dbdf028dd954bf898580b216f8ede2540803520b2b2acb328cd",
    "runs/breast_cancer/split_41/generation_202/students/mixture_utility_support/synthetic_only/7/development_predictions.npz": "37398953e3ece37c6a097442379048afe1415a6c2634ce60eb706ca98f93e8c8",
    "runs/breast_cancer/split_41/generation_202/students/mixture_utility_support/synthetic_only/7/model.json": "8e37e978742a9ac306fc188eb9a65e1b821bd34efeef8a4cc5f0ecf40d214e89",
    "runs/breast_cancer/split_41/generation_202/students/mixture_utility_support/synthetic_only/7/weights.pt": "1186b764808377bfbc5d4d081d7d51bd1abfc3b76449bac4bb5dc1bd9193b56f",
    "runs/breast_cancer/split_41/generation_202/students/mixture_utility_support/synthetic_only/logistic/model.json": "ca484b593b5de0ba4dae3aeb8e2c63fde75adefccab6487c7a8266045f610ddd",
    "runs/breast_cancer/split_41/generation_202/students/real_only/real_only/11/development_predictions.npz": "881380077ff3a26e3a05eb96fcb9544f105171780513a314a811b7ec29cc2422",
    "runs/breast_cancer/split_41/generation_202/students/real_only/real_only/11/model.json": "425b0cb20eb7357cfaeff3611bf8cfa6e4bec67701f7eb1e1ceea36fbfad3faa",
    "runs/breast_cancer/split_41/generation_202/students/real_only/real_only/11/weights.pt": "f79d957a0a8956111701c50bb91de599b0986242d5bf54124c44512fdb719f86",
    "runs/breast_cancer/split_41/generation_202/students/real_only/real_only/7/development_predictions.npz": "c4a398b29f811a04ef636cf33de9e0aa3c9b965a1ac81868e46b1584d7350538",
    "runs/breast_cancer/split_41/generation_202/students/real_only/real_only/7/model.json": "a61589a76f638879e3b031012bbcc52bd8561c51bc29f82ec74f5935c46364f2",
    "runs/breast_cancer/split_41/generation_202/students/real_only/real_only/7/weights.pt": "a588351698b311836fbab302d6ab9151629218335bfec1eab2ecb8c82e1a026c",
    "runs/breast_cancer/split_41/generation_202/students/real_only/real_only/logistic/model.json": "ecb54a644a3b6b85c84c097688518848f005a9e390686b0a8aa48d712da84d91",
    "runs/breast_cancer/split_41/generation_202/students/smote/augment/11/development_predictions.npz": "9e568945efc96777b17bcede726ccc2b51707a40a1c66bd538aa89793dfeff42",
    "runs/breast_cancer/split_41/generation_202/students/smote/augment/11/model.json": "2c9954747d7bc259bb43eef6b7f9ce21ea1524308af3920c4ed796be9b9d53bc",
    "runs/breast_cancer/split_41/generation_202/students/smote/augment/11/weights.pt": "ff1664b6dbb1d909c0af07b4fdd85fcb2963f6f2552fc0196bccd29ede29c0dc",
    "runs/breast_cancer/split_41/generation_202/students/smote/augment/7/development_predictions.npz": "056a15ce108b00db0969657e74ccd3fc26bc1477efba5b85ca470746d5788829",
    "runs/breast_cancer/split_41/generation_202/students/smote/augment/7/model.json": "f40935b162be172acf46465c5c26a48a88ff7234a610539520a9a5e2171f0395",
    "runs/breast_cancer/split_41/generation_202/students/smote/augment/7/weights.pt": "f73f573a92e3a5078fc3a24932ae7b62a52b6b26d8b3508ab947b9659cdfcdeb",
    "runs/breast_cancer/split_41/generation_202/students/smote/augment/logistic/model.json": "6d4858162216c61257f99028bef567ee9b2a2ea191ee0650c0b9019e7636d8e2",
    "runs/breast_cancer/split_41/generation_202/students/smote/synthetic_only/11/development_predictions.npz": "4ed66206965392f3c5f2b076575d67f78f6815998bb308c4b8c5fb9a70af5a4b",
    "runs/breast_cancer/split_41/generation_202/students/smote/synthetic_only/11/model.json": "48cdbbb87cbd9ceb6555d6f275924836749916d784fc5fcb2ead26cb0578685d",
    "runs/breast_cancer/split_41/generation_202/students/smote/synthetic_only/11/weights.pt": "2f40956daff1d2879dece8b7608dd5a1476a5ee11c167ed452e2b85c2a721a40",
    "runs/breast_cancer/split_41/generation_202/students/smote/synthetic_only/7/development_predictions.npz": "5290bb3a4e34e0496b097cf2d4832e0a1bb9079648dc05cbc41c4aba444e8328",
    "runs/breast_cancer/split_41/generation_202/students/smote/synthetic_only/7/model.json": "de822f10f6c56556434f087c8cc730b74fc8ee64cc5f54fe6de29d2f4baeeb30",
    "runs/breast_cancer/split_41/generation_202/students/smote/synthetic_only/7/weights.pt": "2bcfcca74e5962efc9801c3d0efc71520ed6574978dba38df0aa9cd1444e6e94",
    "runs/breast_cancer/split_41/generation_202/students/smote/synthetic_only/logistic/model.json": "5394ec12ddb47ddb2fc28514dcd481c98319db955109fe540052cf6aec3ab01e",
    "runs/breast_cancer/split_41/generation_202/students/tvae/augment/11/development_predictions.npz": "b76ab46e3db1063d08e8708ef64631c8bcf0b07e763b789d6ea2abd22e076205",
    "runs/breast_cancer/split_41/generation_202/students/tvae/augment/11/model.json": "f668e3537c8398f7b585d39657e0d56d0728077f407e2093809a630627275810",
    "runs/breast_cancer/split_41/generation_202/students/tvae/augment/11/weights.pt": "d66354c377aa352d1ecc661b94c374fa6114f3eedccbd8085a826213282238a8",
    "runs/breast_cancer/split_41/generation_202/students/tvae/augment/7/development_predictions.npz": "1fb6b9945ce4b6dcb80548381fff2dc4ef92b6722db90496f5c31025bd298a5b",
    "runs/breast_cancer/split_41/generation_202/students/tvae/augment/7/model.json": "2e5d3b592adb3ce1dbc580ff2ae73c57db526cea4b863f10acc1597232568ceb",
    "runs/breast_cancer/split_41/generation_202/students/tvae/augment/7/weights.pt": "938130e1cbee01f4b0d2c8188f1c92e85a81e9d6bbc8e6c93e7c399beeb16918",
    "runs/breast_cancer/split_41/generation_202/students/tvae/augment/logistic/model.json": "5b677f6c97d8f7e014bbc11dc494ea6f10d6845695ade1a00c2b2ca08abdcf96",
    "runs/breast_cancer/split_41/generation_202/students/tvae/synthetic_only/11/development_predictions.npz": "03073168c1f4e382eb9d8b04edea8248944728f48938366922d5501b1a64d37b",
    "runs/breast_cancer/split_41/generation_202/students/tvae/synthetic_only/11/model.json": "a26d277f1bb57536468f312bb5dcd0fd5f8d2a6ca7c183c35d67d80541e3f360",
    "runs/breast_cancer/split_41/generation_202/students/tvae/synthetic_only/11/weights.pt": "bc82f195f67e7cdfcfc18adaee17698c2e7c133b672e64dadd6201e6cec41641",
    "runs/breast_cancer/split_41/generation_202/students/tvae/synthetic_only/7/development_predictions.npz": "2d3bff4b1901bc50e21db527a9771cf32f45ebf7880d7ae4916d13199e0715be",
    "runs/breast_cancer/split_41/generation_202/students/tvae/synthetic_only/7/model.json": "e24b9d1c278ffcc958aa337011a1837d5332bc172aafcbb23633ceae6f285046",
    "runs/breast_cancer/split_41/generation_202/students/tvae/synthetic_only/7/weights.pt": "38b5e27206a3c2f70c66af4306c7a3410b8ed63e805d036cbebded956a9f4988",
    "runs/breast_cancer/split_41/generation_202/students/tvae/synthetic_only/logistic/model.json": "a2bd04f83f1bda607a7d3a31087b02eb66ae21a0874b21a0aec210a458feb1a2",
    "runs/wine/split_17/generation_101/datasets/bootstrap/manifest.json": "4515d1c27df9eaa242dc8f2c5e82415f0d8611813cbaf7a39705da6853a28052",
    "runs/wine/split_17/generation_101/datasets/bootstrap/training.npz": "46f65f09c17215ccfe6c57f3134e51aa528608aebaf9fda8fe6b17a6e3907f0e",
    "runs/wine/split_17/generation_101/datasets/copula/manifest.json": "df592f038cd313b6bb37b929dab929f4fdfa1da73a408b61887d34baebe911ad",
    "runs/wine/split_17/generation_101/datasets/copula/training.npz": "233b63262c35dd7c354a2c6cf9a5faba2646747c0051cd1d525e5b3c91c6c819",
    "runs/wine/split_17/generation_101/datasets/ctgan/manifest.json": "f4f4e91d26e9c845f3509c997f8bc2116f460e8844282bda0035845bf9068c59",
    "runs/wine/split_17/generation_101/datasets/ctgan/training.npz": "f891a9ee2fa9a24cd8077c4999b7d95cadd5b7b989054c3b8afe585948f9bee2",
    "runs/wine/split_17/generation_101/datasets/ctgan_one_mode/manifest.json": "a18d2a2802e81858df8eb3b84525d01fead2b447f3cf1dd6ca31226fca73bd2f",
    "runs/wine/split_17/generation_101/datasets/ctgan_one_mode/training.npz": "c2e32171b085d8f56fdc7adfd5c494cb1e4672a626770d9a9fe9b9f2141cbc71",
    "runs/wine/split_17/generation_101/datasets/ctgan_unpacked/manifest.json": "b2d48b9916d569ec0c5f13424dfa6ddd3dc3e10777a299c3a532f32e32cf50ef",
    "runs/wine/split_17/generation_101/datasets/ctgan_unpacked/training.npz": "382171156b4c4a126e3c19955902d80a330a1e5e5dc50387cb1464a0e9f5e313",
    "runs/wine/split_17/generation_101/datasets/ddpm/manifest.json": "4c9e54ded72cd5c2f2c4accc9532ec83844474a8568c6ccc5aa23cd063417ce7",
    "runs/wine/split_17/generation_101/datasets/ddpm/training.npz": "b0c5884295fbb6abc41f117ba8edf2d3a9c97f6523109eb10e260b880396d30f",
    "runs/wine/split_17/generation_101/datasets/ddpm_standardized/manifest.json": "789fdb01fe91834b14c886d5dd255b1c05b4ea423dc4e14a92130c53fb1214dd",
    "runs/wine/split_17/generation_101/datasets/ddpm_standardized/training.npz": "ae82a9a49b494abe64c46377b760e901c34c6332c03f32e958551e172f962a81",
    "runs/wine/split_17/generation_101/datasets/ddpm_unconditional/manifest.json": "4636bdf3dcbc2fda1cefa46f028c1eb7422c500a618068d483ce7afdb5f4723e",
    "runs/wine/split_17/generation_101/datasets/ddpm_unconditional/training.npz": "f882b8b6fbff3ee8f35d17abd88fa0a289aa3ffe2ef0d9b8b036c1a62f8530fe",
    "runs/wine/split_17/generation_101/datasets/mixture_support/manifest.json": "5001d0cc665e3c8ec98b0b73d086d721911754c7c0526c1092a3abd77c970fec",
    "runs/wine/split_17/generation_101/datasets/mixture_support/training.npz": "f5b53c85eaefe45ff2e6709237b46db18b8075d5f459dc815fdd84f127a43c5c",
    "runs/wine/split_17/generation_101/datasets/mixture_uniform/manifest.json": "40fc93d1af9af7f11a007e9c6f5f7e1f6483b0df834065968894b0ac5c56ecb8",
    "runs/wine/split_17/generation_101/datasets/mixture_uniform/training.npz": "0e5037c9edce66eb9f73956b7dfe1c13861c607b67a07e535ebf89bb3592a605",
    "runs/wine/split_17/generation_101/datasets/mixture_utility/manifest.json": "31cbec3daee49e7d7bef81c1534e012011cf8a12500c4be1def8556f594cca8b",
    "runs/wine/split_17/generation_101/datasets/mixture_utility/training.npz": "201bbdcda3b79f7ef6702354747a8d84796e5fa1eb3d357be565cb310cf4cc1d",
    "runs/wine/split_17/generation_101/datasets/mixture_utility_support/manifest.json": "84e0cb9393ffb1b51cae3c13201355829307437598d6cf638a78fcb00edd9286",
    "runs/wine/split_17/generation_101/datasets/mixture_utility_support/training.npz": "23fb2fa115cbd265f9c9231d098263ed52a230f9817eb8f12f2c01e6ff8ec9f2",
    "runs/wine/split_17/generation_101/datasets/smote/manifest.json": "8d7d504979a8cd3df158afa9aef94bbb1a12568bab7d387f391448203bda0357",
    "runs/wine/split_17/generation_101/datasets/smote/training.npz": "9ebaf2efe2e4fdb91a6f4c857b646bce30d95d9f9a0e9ece61e7970c752a4bb6",
    "runs/wine/split_17/generation_101/datasets/tvae/manifest.json": "83d290cbb96d2eca7efca87e3de50dfaf2de53d61d79677d831134df9f19c5ee",
    "runs/wine/split_17/generation_101/datasets/tvae/training.npz": "0cdfa864c3f121285ccad4394773665a98ce7ecf35de3e19e3d8aaf022049aa7",
    "runs/wine/split_17/generation_101/development_selection.json": "c49d1a61491bfc9464b4c7a8e953ef1e9bb69d53a74e74004cee73cc349555a2",
    "runs/wine/split_17/generation_101/generators/bootstrap/audit.json": "c1f499476737bef93a9274d936b2da0eab7b35816113aa8d65ffb032721256ae",
    "runs/wine/split_17/generation_101/generators/bootstrap/model.json": "5605dd0d2f0baec473977b3ab4702f80a7d9b5d4d4db6c893ae3c7bec4ed7c0e",
    "runs/wine/split_17/generation_101/generators/bootstrap/pool.npz": "3c38ce7b284d82fba180b9e91ef97966cb57718ded4654d59ab2d59ba45febcf",
    "runs/wine/split_17/generation_101/generators/copula/audit.json": "852514c0f0bf5874288f64ac3e6d07fdcb6faaa9dfcc2a02551fc4887a6a25d5",
    "runs/wine/split_17/generation_101/generators/copula/model.json": "a3a066422179fa0228642f61feeaf5d1faaf6eda08249d1f6777837eb5d8a464",
    "runs/wine/split_17/generation_101/generators/copula/model_arrays.npz": "fb811a577ad63e8811394f5e670f18269bca8e20007ec356dc0014dcb7500f61",
    "runs/wine/split_17/generation_101/generators/copula/pool.npz": "77454929f6706c02a47839e895513a8ac072edd340e476ad263be41ab36bd0cb",
    "runs/wine/split_17/generation_101/generators/ctgan/audit.json": "c1c590af5c9729db0cb2a3f0ad808611453964901b0cccbc470ac389873e2c1d",
    "runs/wine/split_17/generation_101/generators/ctgan/model.json": "81729c5379135de0ed305b67a46a046a57454fa416f3d82c22101d485d34ce47",
    "runs/wine/split_17/generation_101/generators/ctgan/pool.npz": "a633e5c37ce65c538ad94ff8fd9758918365133496e7fe9e4cca4882dd7a13e9",
    "runs/wine/split_17/generation_101/generators/ctgan/weights.pt": "1e386da8f0653306ed2b8b841fd84a0be024467515498dd1a1d4a6761c137dc3",
    "runs/wine/split_17/generation_101/generators/ctgan_one_mode/audit.json": "9e7aed46167d32572d3008df490ab3e68306e5598f267c03894eb787a4d8727e",
    "runs/wine/split_17/generation_101/generators/ctgan_one_mode/model.json": "fd939b6f1905e75308d0705001f674aff04645ceb2b809e21ec1a091eedff512",
    "runs/wine/split_17/generation_101/generators/ctgan_one_mode/pool.npz": "e510f6828becb10552ba2b7dd8fdf898ce71214fc3d8316015b689d16cfe4ae3",
    "runs/wine/split_17/generation_101/generators/ctgan_one_mode/weights.pt": "c68f4632e35ea9a07fe35b3c4cc3b21962826702df6ca6bd64fb1c311ccb0e2a",
    "runs/wine/split_17/generation_101/generators/ctgan_unpacked/audit.json": "c696f0f7dc73ea04915b7c87fda92abf3a557c7ded4d4e63cc56b00d14a8dab9",
    "runs/wine/split_17/generation_101/generators/ctgan_unpacked/model.json": "e11226bef3c6ddbcee756c55ba868e3d4200ca31a2b2b05895882ef5d76c455e",
    "runs/wine/split_17/generation_101/generators/ctgan_unpacked/pool.npz": "64bce03d780c75d2a2f3e4f54339719c0d371245bb47a24610bd5df9ff64b37e",
    "runs/wine/split_17/generation_101/generators/ctgan_unpacked/weights.pt": "fe8cb391ba659eb96cd1200a5a3d8d814b0091e2902649300fd1565edaeb730e",
    "runs/wine/split_17/generation_101/generators/ddpm/audit.json": "bdf1e53e917aae7a90ef4fe44652d1296dfe6a828f292ae8778304666cb803a2",
    "runs/wine/split_17/generation_101/generators/ddpm/model.json": "56e181153c614338d6277f5ade80db7637d5bc5b28b006ce5443b8c42cf24f43",
    "runs/wine/split_17/generation_101/generators/ddpm/pool.npz": "2d68cf8ecd053e237e8a602f5120d03148f9a54a2e3a62cfa182a4ebe9bff910",
    "runs/wine/split_17/generation_101/generators/ddpm/quantiles.npz": "0350e622daed2570e50665226c30a62b3bf2cdea09d75d6eec325aef475a2712",
    "runs/wine/split_17/generation_101/generators/ddpm/weights.pt": "ec150fa4784947e098165a421c62d62298d083ccf5c63a467587dd401e85e258",
    "runs/wine/split_17/generation_101/generators/ddpm_standardized/audit.json": "245eab0d2d95b8468f2560868435f4edd412cf49343a035eb4e9738dd4fdc6f1",
    "runs/wine/split_17/generation_101/generators/ddpm_standardized/model.json": "1793bf130b68a5a978d376ab144dce91fdda46921deb88c5771caed034638d08",
    "runs/wine/split_17/generation_101/generators/ddpm_standardized/pool.npz": "2d9d7a1c7c7d967223cc4be3a30f2e176fa37be3f0a2075ee2f4f0ba4373d014",
    "runs/wine/split_17/generation_101/generators/ddpm_standardized/quantiles.npz": "44e742e07f5f95610521bbc0eccd988427c92968331f3fdb853daa9b0c949af2",
    "runs/wine/split_17/generation_101/generators/ddpm_standardized/weights.pt": "527d0a14aea56e697bdb18ed326c1224c1f43ed02116219235008c59bd81117d",
    "runs/wine/split_17/generation_101/generators/ddpm_unconditional/audit.json": "72c121016dd5e183b9b68cc0806c0261d359860f3793084d6af95fb3915fea71",
    "runs/wine/split_17/generation_101/generators/ddpm_unconditional/model.json": "6737ecaf6dfb199355c6169ac7960bb1d30ce16be8e8da00fc2d625693443ec1",
    "runs/wine/split_17/generation_101/generators/ddpm_unconditional/pool.npz": "e6f0ae2c4b8e05f57de39002ac06f265c8e6e6eab06cddefc5461d728136ec58",
    "runs/wine/split_17/generation_101/generators/ddpm_unconditional/quantiles.npz": "0350e622daed2570e50665226c30a62b3bf2cdea09d75d6eec325aef475a2712",
    "runs/wine/split_17/generation_101/generators/ddpm_unconditional/weights.pt": "7c6c9f045019bd7dea90daec90b4e496a6308271a9a64a0f12cab281f89bfdbe",
    "runs/wine/split_17/generation_101/generators/mixture_support/audit.json": "baf249b9b2e1fef29383d3d68033e31998d33991ec81cb5614250d65fac52a33",
    "runs/wine/split_17/generation_101/generators/mixture_uniform/audit.json": "df5273e68bc9e65a4b1bdf63b3d9932d287718a1f031f850b12f5e13d803936f",
    "runs/wine/split_17/generation_101/generators/mixture_utility/audit.json": "1f827523e066c0fa1cce06761575926c0418719f32bcde0cd92cce8d07e07621",
    "runs/wine/split_17/generation_101/generators/mixture_utility_support/audit.json": "d266fcb186c17042d11f19d760dac2e64a9761a953dc0430b4898731067356b8",
    "runs/wine/split_17/generation_101/generators/smote/audit.json": "e2292c2ed0b2bccef6c5f5f11e914267f08600ca407607cca9eeef19c997e161",
    "runs/wine/split_17/generation_101/generators/smote/model.json": "ab8f30f664da1686232b5b44a2696fd3322484037449b95d429feaf7d83d5ceb",
    "runs/wine/split_17/generation_101/generators/smote/model_arrays.npz": "34c9634b2b668f44896b6b8ea3da663afa17f7cade2d339250794068b68244db",
    "runs/wine/split_17/generation_101/generators/smote/pool.npz": "7be39880b122b0c47d01e15611748acc0e8d8ff33193071cc356441085d314b0",
    "runs/wine/split_17/generation_101/generators/tvae/audit.json": "f6d87b58f7f015ebee29e4d927faa01986b0fe8972e3beee17c79e256836f80a",
    "runs/wine/split_17/generation_101/generators/tvae/model.json": "d9cb197cd1b9178b6e51c8af9d100ae201a3cc97dc873d1cb151fcd7edda5fe9",
    "runs/wine/split_17/generation_101/generators/tvae/pool.npz": "eb4e41da2aab8db88fa8f4cb53a63c08325ae8c9a0080065ca1db8bab51fe057",
    "runs/wine/split_17/generation_101/generators/tvae/weights.pt": "ac64e4a17d284a5260c72cfd05d0a46a380a2d1ca7f859668ace367ebeef1bc8",
    "runs/wine/split_17/generation_101/index.json": "c4578acf26aed05c9590f3e2a3e8d26fc6c1822bdeb7bcbdf9e9ac5e8d06ef88",
    "runs/wine/split_17/generation_101/portfolio_inputs.json": "927cbdf27bc0cd2f54f38d2230a6b4eafcfbcc6d01116d7fc33be0295db2c37b",
    "runs/wine/split_17/generation_101/probes/copula/11/development.json": "003765eb26ba70af4dcb7635d4b146fdff101f09edb072a7149de8f1b3f35a79",
    "runs/wine/split_17/generation_101/probes/copula/11/model.json": "9b332a4884647af7d9f24164cee7c9d00d7fcc125744553e40202292b4514588",
    "runs/wine/split_17/generation_101/probes/copula/11/weights.pt": "d1c149c4c6dcaf56ed918abe25af8354af8679a063cb2528dc04259b6dba51fd",
    "runs/wine/split_17/generation_101/probes/copula/7/development.json": "2050008ffb81dac0fb5f204161e4443673177cbb1f7719656f535fc125715a61",
    "runs/wine/split_17/generation_101/probes/copula/7/model.json": "26aa519050278fc7d13b59443bf068177fefa7c41abf764931c7f8868ea58481",
    "runs/wine/split_17/generation_101/probes/copula/7/weights.pt": "965f72431fd00a634710149b67a9771db924457693d0da0f479306310b333f4a",
    "runs/wine/split_17/generation_101/probes/ctgan/11/development.json": "805dfda17a271a5cd4ee9bd50d456a9ad856d0a89d4aa13b493978f55dc3cea1",
    "runs/wine/split_17/generation_101/probes/ctgan/11/model.json": "80c454ee24346268fd7dfd0ec8cf60e05e03fa64bee63a1a02f39cc4501bdd78",
    "runs/wine/split_17/generation_101/probes/ctgan/11/weights.pt": "a4ad45902327f8c6253400194091563ed15a919dad0668eb686b12adccc1f23d",
    "runs/wine/split_17/generation_101/probes/ctgan/7/development.json": "913b4bb634637ee723535fea6c24efd1cc2f7c4bd32ee88e234ffd2b95ea8bb0",
    "runs/wine/split_17/generation_101/probes/ctgan/7/model.json": "117879706eea3197fe4be7e26087432cf524375f66f739b73745f09b01d1bb62",
    "runs/wine/split_17/generation_101/probes/ctgan/7/weights.pt": "c87becce441225e10ff28478dbac1edf9c3c7670acd55eb384adfa18c923f4bf",
    "runs/wine/split_17/generation_101/probes/ddpm/11/development.json": "db7deef154a1579dadd26903464ecdc2030b8222a51a340fabd4440917d9febe",
    "runs/wine/split_17/generation_101/probes/ddpm/11/model.json": "555d8e3efbc9f5c22ce5b70585a816ac43a8de54c25a3dd733d91f1dc606b0f3",
    "runs/wine/split_17/generation_101/probes/ddpm/11/weights.pt": "ea1509d1c56df88510bfa1b97ec5bb840c22a49e30929f80f5a14bba8977b2fa",
    "runs/wine/split_17/generation_101/probes/ddpm/7/development.json": "0b0d5b18d596ff7692b666f4bbb59ee02ae552d4bbba019da65e93f9cc58b6bc",
    "runs/wine/split_17/generation_101/probes/ddpm/7/model.json": "5676b1b6287b5ed46c524e5d4c425ef4b835cab4e05caacbf4131d34591b3ef2",
    "runs/wine/split_17/generation_101/probes/ddpm/7/weights.pt": "caa8f81eeb6bde7f15ccebc5eb4e301cbcfb531d8a341b0b14faa204da52372a",
    "runs/wine/split_17/generation_101/probes/tvae/11/development.json": "38ac644b6509f502d681204b199f1324927ba88c655a9cd1dfeab01380b6fea4",
    "runs/wine/split_17/generation_101/probes/tvae/11/model.json": "ba91242082a16a142c2700f7154bfab2352b11a04b1a1d2a9ef37c3fa37e27ee",
    "runs/wine/split_17/generation_101/probes/tvae/11/weights.pt": "c0e8be54025547a28e0634f67d70c1ec02097bdab216f51c8a1a7ce367c9fd5f",
    "runs/wine/split_17/generation_101/probes/tvae/7/development.json": "d95bde03ee8db2cf0382401c0096827710c21fe964f08298e948a2361b5b1404",
    "runs/wine/split_17/generation_101/probes/tvae/7/model.json": "653555f604ed039101dee580c49ac7d46fa6810d0a618699b620402d8ccb4450",
    "runs/wine/split_17/generation_101/probes/tvae/7/weights.pt": "891da7ac11bdda4c26fc1f5532b93b1a963ce04d14d975b88c76197123cdfab8",
    "runs/wine/split_17/generation_101/students/bootstrap/augment/11/development_predictions.npz": "8697336e190db955b43c7d22f1a2286d6955d7a9ea183d66aea1ed5a034c919d",
    "runs/wine/split_17/generation_101/students/bootstrap/augment/11/model.json": "3df1a802855528405ee199747593c0600f9907e6a144f10dc6f4336fa777f39c",
    "runs/wine/split_17/generation_101/students/bootstrap/augment/11/weights.pt": "ed9bfb880082d286ed4cdfe5a99ac47e23a33b1a27e6b23116c4f78d6786d7e8",
    "runs/wine/split_17/generation_101/students/bootstrap/augment/7/development_predictions.npz": "230efffd24ff22ef35feac5b54c55c9e075fe3d8dcd28c79ab7ed68898a236cc",
    "runs/wine/split_17/generation_101/students/bootstrap/augment/7/model.json": "ab7166849f8b7feb9f9aa1fb3eb5ac94a43ea9395d3e1f3f654cf02fde090735",
    "runs/wine/split_17/generation_101/students/bootstrap/augment/7/weights.pt": "9de5f72c69314ee4f3118f3a19868ff83c98e3ad3a4a82df6d5a72332d4fb35e",
    "runs/wine/split_17/generation_101/students/bootstrap/augment/logistic/model.json": "2570659ea4f3e4ba4335af3b538f1adb35c5367e414da40adbf7c993d0bb067a",
    "runs/wine/split_17/generation_101/students/bootstrap/synthetic_only/11/development_predictions.npz": "26ff630aa3caa21f49fdfd09b69ae4195bcef3802d1b8217f9b3f9567d9b2967",
    "runs/wine/split_17/generation_101/students/bootstrap/synthetic_only/11/model.json": "8ecb46810381f38cb14afae6cce0a457fcc3b3fcc67a069af01cd029d8be3aac",
    "runs/wine/split_17/generation_101/students/bootstrap/synthetic_only/11/weights.pt": "15f00ea3dcfe0ad73df1acfc50bbce504faf30f42bcf64b430ad8ac94a6d20a4",
    "runs/wine/split_17/generation_101/students/bootstrap/synthetic_only/7/development_predictions.npz": "1eaded6315d7fe9ee1afa3f75486b785b8af1f475a6a82f66181131c1f706bb0",
    "runs/wine/split_17/generation_101/students/bootstrap/synthetic_only/7/model.json": "47b68114ca243d27049cbcba0186272a60b72bc70cffaba2d1cc77b2111bba50",
    "runs/wine/split_17/generation_101/students/bootstrap/synthetic_only/7/weights.pt": "8fe7e832bba5b2cb5ee673fad7236876c0e96a672eeded0f7c5456c457452081",
    "runs/wine/split_17/generation_101/students/bootstrap/synthetic_only/logistic/model.json": "08e13b7e01f49471c5602a4d6fe68a66dc54aa66c7af047cf616d026a01c94bd",
    "runs/wine/split_17/generation_101/students/copula/augment/11/development_predictions.npz": "aff1b5dbd94ca562763c684b674ffa633119d7d9e9c79b45a0cde29987ad3a1b",
    "runs/wine/split_17/generation_101/students/copula/augment/11/model.json": "971ca570f7710d193b626e82093f35c54cf140a4f73e427ecadd96114a7655e7",
    "runs/wine/split_17/generation_101/students/copula/augment/11/weights.pt": "edeeee634d85bac65cbc7742e0ae120e89aec2402255a627e7ce99144c6c9423",
    "runs/wine/split_17/generation_101/students/copula/augment/7/development_predictions.npz": "1baf5b2b33a7ffd2a9caf4d86646d9a2a6b1e783f3a1e5a5a0bebb1e0e4b981c",
    "runs/wine/split_17/generation_101/students/copula/augment/7/model.json": "edd2d8c98e2d56c6069fd3a7a935896085463d2bf79f3b8f90c940a149a73525",
    "runs/wine/split_17/generation_101/students/copula/augment/7/weights.pt": "136aee4030095b52c87de57388ebf5f60cc5c7f3b92f5c8c4804acd24e4070c8",
    "runs/wine/split_17/generation_101/students/copula/augment/logistic/model.json": "2b32fba85896693c8b874f6066dd69fc21c1618e5b1a5aa7e712563f31bc2275",
    "runs/wine/split_17/generation_101/students/copula/synthetic_only/11/development_predictions.npz": "22b4820341a275e07e2756c2a3b65bef178ca9afdb33cc5a0574096a3510bb1a",
    "runs/wine/split_17/generation_101/students/copula/synthetic_only/11/model.json": "57687fb56f32cda2b2a2b9c5e2fde75049da915d133d4a92ecf49c950d996e40",
    "runs/wine/split_17/generation_101/students/copula/synthetic_only/11/weights.pt": "a121aaa6c3b845b5adfaae137eb8fa01ba47101da1f7aa043612c83f1467f830",
    "runs/wine/split_17/generation_101/students/copula/synthetic_only/7/development_predictions.npz": "a1f9dc78f35f7fc99c6490130b84ccdccd6fe444232aaa876b3013f1368014ca",
    "runs/wine/split_17/generation_101/students/copula/synthetic_only/7/model.json": "0aa65985d302c4820a4a66ef0c20b52ec9fb692e18bd6c2319222148dc72065b",
    "runs/wine/split_17/generation_101/students/copula/synthetic_only/7/weights.pt": "53d41bbdcc66312290163c038ba7a80c952e1a9ee4d9bc7d9ec01aacd161d65c",
    "runs/wine/split_17/generation_101/students/copula/synthetic_only/logistic/model.json": "5ae1ef10abf4670545f3d4a7f7f4bf23e244178d5ec84d932608eaa4772f4d94",
    "runs/wine/split_17/generation_101/students/ctgan/augment/11/development_predictions.npz": "9a3956e76bfeb70f1fc230f0431c2d471b22e173449696cf5719126ca3e97fd3",
    "runs/wine/split_17/generation_101/students/ctgan/augment/11/model.json": "8040d85b5db24eaa4be136d1bc6418816eab1dfe3615f776832811efed544ade",
    "runs/wine/split_17/generation_101/students/ctgan/augment/11/weights.pt": "f8715ecc85ebf09bf381549263ee42d0daf035b566b8f1288c6778e39fdc15ce",
    "runs/wine/split_17/generation_101/students/ctgan/augment/7/development_predictions.npz": "eadc6832616c9e5aa2fc65cce8f30d1be94861d1d04e06a604b397b1aec1e7c9",
    "runs/wine/split_17/generation_101/students/ctgan/augment/7/model.json": "afa5c45b5cf6a8e5f09fbf8ad13d9683e6ff7425fc3409c3009089c6ea99f53e",
    "runs/wine/split_17/generation_101/students/ctgan/augment/7/weights.pt": "8eac64ac01316c7cacac9739ee3584e45565e23333ef8bd19c2f375882804fcd",
    "runs/wine/split_17/generation_101/students/ctgan/augment/logistic/model.json": "ac8d82a3dd8ba8477e17bc0dce0453e877caa06691603c44be874f1e20313fc7",
    "runs/wine/split_17/generation_101/students/ctgan/synthetic_only/11/development_predictions.npz": "6fe480fa0b6990dbb098988db50517b3217cf5e9c8e275f6f7e96cc1b09116d2",
    "runs/wine/split_17/generation_101/students/ctgan/synthetic_only/11/model.json": "c7103931503f7334dc85765a29547cf90ba532db670cdfb4683b29dad3da49bc",
    "runs/wine/split_17/generation_101/students/ctgan/synthetic_only/11/weights.pt": "2a50ebd13ce1f5f692e5aca972058beac74266c13b0313583c55350457968600",
    "runs/wine/split_17/generation_101/students/ctgan/synthetic_only/7/development_predictions.npz": "d56256196e812182c7ad0add6059cd64d49be0ba9b5afd75d0c2d163d90ef522",
    "runs/wine/split_17/generation_101/students/ctgan/synthetic_only/7/model.json": "4fc736eb60553a8dfcca2113f12cbe6a037155a148386c9929710dada7beadac",
    "runs/wine/split_17/generation_101/students/ctgan/synthetic_only/7/weights.pt": "748de44afa669ba4cfd1254ca655fee3d850b52022f47f76653dc3a5089f13c9",
    "runs/wine/split_17/generation_101/students/ctgan/synthetic_only/logistic/model.json": "e93346c43527b4d6a7c5896e22657aba4333b6b61692a4bec6b1f6a2c8c55637",
    "runs/wine/split_17/generation_101/students/ctgan_one_mode/augment/11/development_predictions.npz": "9c60853cc4490f610e612a3170a765400b8c54b332ad004546034a993c001bbd",
    "runs/wine/split_17/generation_101/students/ctgan_one_mode/augment/11/model.json": "a5c908fb62935cf7c4db3c349a8b4c481fd28503438dd92bffa755f4f2c035ce",
    "runs/wine/split_17/generation_101/students/ctgan_one_mode/augment/11/weights.pt": "65b46cb6aaebf229ca60f927cf93adbd83e3439f4e68ec2111d129d72ef5f69b",
    "runs/wine/split_17/generation_101/students/ctgan_one_mode/augment/7/development_predictions.npz": "377d91071a3048e9763371554660c0bd528dc6400cd81d61cf7981abd67f9b50",
    "runs/wine/split_17/generation_101/students/ctgan_one_mode/augment/7/model.json": "c18db96c49f13d0cf5996daec831d5ee148211ed222d98ad4c22302464bfc69a",
    "runs/wine/split_17/generation_101/students/ctgan_one_mode/augment/7/weights.pt": "4df4700d0d3e23c09e5cd76c0c4dbc38d93ae2cdb178be3c26315f9bf31b00ba",
    "runs/wine/split_17/generation_101/students/ctgan_one_mode/augment/logistic/model.json": "9306c3dfee043de7d547150a8d71a99cd0baa35ab5cbf4329caa9ac6b1b6f395",
    "runs/wine/split_17/generation_101/students/ctgan_one_mode/synthetic_only/11/development_predictions.npz": "5c5674fe8e855205e4bd6cd9beb324bb0a99787f395909a6f9c523411fbee902",
    "runs/wine/split_17/generation_101/students/ctgan_one_mode/synthetic_only/11/model.json": "6eb664588300eb76e057b52a00a32b9a2cf7bc129e36070cf270c6d5dfebaabf",
    "runs/wine/split_17/generation_101/students/ctgan_one_mode/synthetic_only/11/weights.pt": "23ab0da238f49ba382834ad62e79aea6ae4c1bd16aec613199b8f3d7cef43752",
    "runs/wine/split_17/generation_101/students/ctgan_one_mode/synthetic_only/7/development_predictions.npz": "68bf5e0e658b3c5a942daeb8ae00ed8b3f10cc534c4667b220291f2b30f9aff0",
    "runs/wine/split_17/generation_101/students/ctgan_one_mode/synthetic_only/7/model.json": "7a8812d371289e3a0d8baac3ce4224ef4c58035238b6a04a3ab5629ef37e2a9f",
    "runs/wine/split_17/generation_101/students/ctgan_one_mode/synthetic_only/7/weights.pt": "e6c1b02c0b2c1cd14b8836815e98a07b664087367c55fa2f0139da1e24b0ef29",
    "runs/wine/split_17/generation_101/students/ctgan_one_mode/synthetic_only/logistic/model.json": "13e8da406bb6c6269b1a5724ce17fff9d687486dcf6e4ba524da7d1164dfa664",
    "runs/wine/split_17/generation_101/students/ctgan_unpacked/augment/11/development_predictions.npz": "f4ce3fa8bd83694a96d7762b7f4bf9fe7b9297b11bd47e75f691c9f5c388e68d",
    "runs/wine/split_17/generation_101/students/ctgan_unpacked/augment/11/model.json": "25c184b18d8b740ff654d3f555e5732ec5bb8116e2efb2ddfaa552761583e52d",
    "runs/wine/split_17/generation_101/students/ctgan_unpacked/augment/11/weights.pt": "4636c23d395f59e4eefeb9a92189a58daad43e1b2cb801bf041ec8e27562e4eb",
    "runs/wine/split_17/generation_101/students/ctgan_unpacked/augment/7/development_predictions.npz": "aa3c68722d129954592167dfc11ba694a31471e76744261e834a57566e56cf67",
    "runs/wine/split_17/generation_101/students/ctgan_unpacked/augment/7/model.json": "6a5019b35e1f856fa10491bbe9720a42b9fcb3c06955249a326b2a480dea14b0",
    "runs/wine/split_17/generation_101/students/ctgan_unpacked/augment/7/weights.pt": "506e87fdbcb8cbd661b0d02a7bb10956fbac43321921869ec3eb8285564ef29d",
    "runs/wine/split_17/generation_101/students/ctgan_unpacked/augment/logistic/model.json": "d0fccee2084bfd2c3ce9968aeaa63931bbe7e8519e0b87116cd65b8c19f12a44",
    "runs/wine/split_17/generation_101/students/ctgan_unpacked/synthetic_only/11/development_predictions.npz": "9c4a830a21e2514fefb31b3112db47914b63d15e99111b11088e163cc7e5e01b",
    "runs/wine/split_17/generation_101/students/ctgan_unpacked/synthetic_only/11/model.json": "b6a36334e43cf33e265d547bf81eecde8e7f6e7a869972f4506e894555f0f510",
    "runs/wine/split_17/generation_101/students/ctgan_unpacked/synthetic_only/11/weights.pt": "f8528729112d985f4a3674571ca387821f6dce3d22a64a00e6d36747e8769776",
    "runs/wine/split_17/generation_101/students/ctgan_unpacked/synthetic_only/7/development_predictions.npz": "38d2bb1fe60fef701fcf053443f88ed064fd8dd83ed1cc6e51de424a87850803",
    "runs/wine/split_17/generation_101/students/ctgan_unpacked/synthetic_only/7/model.json": "1ff896e33f7f70e213049bf02fb21add832864cb0d92f48f0fd7bcab159c5b00",
    "runs/wine/split_17/generation_101/students/ctgan_unpacked/synthetic_only/7/weights.pt": "bf5560960ff56d64d7ac27a1d86e07dce01be8d05ed0bae3f51f002b000af32d",
    "runs/wine/split_17/generation_101/students/ctgan_unpacked/synthetic_only/logistic/model.json": "591879471d8d9a4b3bf140ddf5c817dd6b56b4446c133380ba0273488a19a4b3",
    "runs/wine/split_17/generation_101/students/ddpm/augment/11/development_predictions.npz": "11909c94c4d3fcff7432b635b0122b8faa0c0027dc48526c6db9234ca7fd5444",
    "runs/wine/split_17/generation_101/students/ddpm/augment/11/model.json": "80eac33f0e0591d19a9fbf2e9f07e8fdcc925c110950957228a181513a0073a3",
    "runs/wine/split_17/generation_101/students/ddpm/augment/11/weights.pt": "1b0c108268bb2a3d490f6d36d8b9af32483fb7f9f3499b2aeb8af6ce673f7378",
    "runs/wine/split_17/generation_101/students/ddpm/augment/7/development_predictions.npz": "b124bddb658896bf044819c2f6c28e230eee3dbff699c5ddf8386cbad94802b8",
    "runs/wine/split_17/generation_101/students/ddpm/augment/7/model.json": "8321501e9550f80a30a857fdbd96140317c7ad7a0dc2dfc8fa6e527efa6a79d7",
    "runs/wine/split_17/generation_101/students/ddpm/augment/7/weights.pt": "e62d575082079c7fb3f784dd85bed162419414a92882877d9534ded29740c494",
    "runs/wine/split_17/generation_101/students/ddpm/augment/logistic/model.json": "c037c0679f50c83c3e2d231464197cba6f20d4dbca49813bf3976522ed1391be",
    "runs/wine/split_17/generation_101/students/ddpm/synthetic_only/11/development_predictions.npz": "e05d8681546a73271e4b88a62117ccb3aa3c8d016f36eea38371410dea5bd35e",
    "runs/wine/split_17/generation_101/students/ddpm/synthetic_only/11/model.json": "c42521c77d4199c278e249f3e7a5d386271698a04089d5fe43ff75ac326edb37",
    "runs/wine/split_17/generation_101/students/ddpm/synthetic_only/11/weights.pt": "658de5a238350fb59c08901b71823e41d84b7f31aaf8efe220f248aa0bda930e",
    "runs/wine/split_17/generation_101/students/ddpm/synthetic_only/7/development_predictions.npz": "e85f1d9a5a915e4066ca7278090cbec5d0726995dc91af7b40a4e228e6733d32",
    "runs/wine/split_17/generation_101/students/ddpm/synthetic_only/7/model.json": "4466c07aa6a8edb745866543f005fe4b25908cec756958fff5de819bae697f01",
    "runs/wine/split_17/generation_101/students/ddpm/synthetic_only/7/weights.pt": "a4705852a28153c32299d28014f18a9476adbddbabf4f97e20f184c162cfae11",
    "runs/wine/split_17/generation_101/students/ddpm/synthetic_only/logistic/model.json": "a585982a1c21901171870ebe9bccb0b858ce008f99a33a245e0b140bc214e832",
    "runs/wine/split_17/generation_101/students/ddpm_standardized/augment/11/development_predictions.npz": "0fd31b9159ec92890b4a9f6e06b41239a2a114bff334be05bb8e63970a9bb14c",
    "runs/wine/split_17/generation_101/students/ddpm_standardized/augment/11/model.json": "3e4a16d07b33e7fce9ff96148290210bebe54e81f578c3130a0a352a7a9021dc",
    "runs/wine/split_17/generation_101/students/ddpm_standardized/augment/11/weights.pt": "6dccb40cf9336a19fee3f9fa3bf1dcfd53beac332949a67fc98b73e27f1e523d",
    "runs/wine/split_17/generation_101/students/ddpm_standardized/augment/7/development_predictions.npz": "ad371cb23dca1d6a8785f4a04fe02ba33b8e79dc21bbfd09f18bc1fa7b56df71",
    "runs/wine/split_17/generation_101/students/ddpm_standardized/augment/7/model.json": "8f3f3c138806f7503c30959111135abd2ae746c09dfc2670c870eb728a06ac86",
    "runs/wine/split_17/generation_101/students/ddpm_standardized/augment/7/weights.pt": "8feba43765f43b6bacac6121279b3547029496e5899bafec12798f21d1c55e2a",
    "runs/wine/split_17/generation_101/students/ddpm_standardized/augment/logistic/model.json": "d9c60925cd53b73a432de9190a16e1bd3cc9ca7bcdec66ce1319e9853f4b520b",
    "runs/wine/split_17/generation_101/students/ddpm_standardized/synthetic_only/11/development_predictions.npz": "cea2d9a83da1720d6ec6dc88ab35c5c44b645e80070247ccf68a0d8e3c31c44e",
    "runs/wine/split_17/generation_101/students/ddpm_standardized/synthetic_only/11/model.json": "253eb002f6a6eb9f83fe23b2d3adc5d590bd2a9aee018d666ecda6d1b7808f06",
    "runs/wine/split_17/generation_101/students/ddpm_standardized/synthetic_only/11/weights.pt": "4f2e6783323594467c075ad77b34632203988a8b71a81261318648ca1e51ae9d",
    "runs/wine/split_17/generation_101/students/ddpm_standardized/synthetic_only/7/development_predictions.npz": "f88c08d0a177732a3cdc3eec18cb09bdbc9111f2c6bed57a0c149f6fb314d3b6",
    "runs/wine/split_17/generation_101/students/ddpm_standardized/synthetic_only/7/model.json": "bf5bd580145dcdb80db2a7199a3861495e66e32a352038db3da4bde229be8439",
    "runs/wine/split_17/generation_101/students/ddpm_standardized/synthetic_only/7/weights.pt": "0c1f358ec3ec2578403ac46dbebba2a8abccbb849fa0a65c29ca1f741f0380d7",
    "runs/wine/split_17/generation_101/students/ddpm_standardized/synthetic_only/logistic/model.json": "0104dad1408aafb34fd59df77ba6ee004f9c3b0c385bd021d59366bce8771e36",
    "runs/wine/split_17/generation_101/students/ddpm_unconditional/augment/11/development_predictions.npz": "ffc42837030920ba907d8b3507b40d57aa4f0e52e87cf828c96b70d940988a7e",
    "runs/wine/split_17/generation_101/students/ddpm_unconditional/augment/11/model.json": "e0a17f0de2046914bd8b117d1dd8b5be2f6861cd09107d1ffbda3b57fa2b9168",
    "runs/wine/split_17/generation_101/students/ddpm_unconditional/augment/11/weights.pt": "363f778d20772b86d8d505fe02daa7d253681f03cb2025eef18990b1f7b75d9c",
    "runs/wine/split_17/generation_101/students/ddpm_unconditional/augment/7/development_predictions.npz": "ef37eaea1d5f72f23af6860d19a76e79de86aa828ce16e1a334a2bf6cf64baaf",
    "runs/wine/split_17/generation_101/students/ddpm_unconditional/augment/7/model.json": "508f909fd316de0a8f6f97c7ffa597ab5959eef1d99ee8482f3ec7482cde0aad",
    "runs/wine/split_17/generation_101/students/ddpm_unconditional/augment/7/weights.pt": "1feea447d50a79b5306058f59a139b8d1db7318c526df2349273c5b5e4f4c2c6",
    "runs/wine/split_17/generation_101/students/ddpm_unconditional/augment/logistic/model.json": "e63c21838e583b405460e863ef7cb72c909065782cd49caf42d81c423cc56302",
    "runs/wine/split_17/generation_101/students/ddpm_unconditional/synthetic_only/11/development_predictions.npz": "4807de881f789bef824e5a582506a9385a8c2648ed9ac85f5cea47ed041d4962",
    "runs/wine/split_17/generation_101/students/ddpm_unconditional/synthetic_only/11/model.json": "ede90e33a12e84faf2a6a6dd5f7f6c4dc95d7756f04fc03649535a59009a72ef",
    "runs/wine/split_17/generation_101/students/ddpm_unconditional/synthetic_only/11/weights.pt": "42e57ab30f518342bdbac453d743dc99bb977480684e2910a6f1d3f60b266248",
    "runs/wine/split_17/generation_101/students/ddpm_unconditional/synthetic_only/7/development_predictions.npz": "7b94365e5d5f29a88608602c86a266452312dfea0d972b17b15f0d4f4b17bbd7",
    "runs/wine/split_17/generation_101/students/ddpm_unconditional/synthetic_only/7/model.json": "d207c824e40e3ecb02edcfc27a26fcd808ead379ce2e23ed10295ffbba7d5ef3",
    "runs/wine/split_17/generation_101/students/ddpm_unconditional/synthetic_only/7/weights.pt": "1b1376e29fe04b8c60d7e07e0ecf1e7a2f7936ada6b63334cfa43ca0c6cbcfac",
    "runs/wine/split_17/generation_101/students/ddpm_unconditional/synthetic_only/logistic/model.json": "901aca2e209796ddc15cde3359400b0ce1d724d2d9055b9ed6983b82c103f8c9",
    "runs/wine/split_17/generation_101/students/mixture_support/augment/11/development_predictions.npz": "5533b37f783f358912df4bd4dd5cbee78b7b3e80631a53835930441b9b8b73c8",
    "runs/wine/split_17/generation_101/students/mixture_support/augment/11/model.json": "85fdf6c8f3dfe3ff22cd89f218e31a4eb724d225a4bd850fcdcca1bdfd62577c",
    "runs/wine/split_17/generation_101/students/mixture_support/augment/11/weights.pt": "146c7961211436645e29ed79b68c7d1557fc8f154f19197584b13c50d799ffa2",
    "runs/wine/split_17/generation_101/students/mixture_support/augment/7/development_predictions.npz": "23b63786748596936533d586e230223fcb28c71d8d67e313ba4a46d18e46aafa",
    "runs/wine/split_17/generation_101/students/mixture_support/augment/7/model.json": "9a9f5c90212752b42a34d99834cd32911900a71c8b9924e2cd7590dbe773000a",
    "runs/wine/split_17/generation_101/students/mixture_support/augment/7/weights.pt": "1eef0f8b7c348a94a4b7a5fae0ceea969faa1b89fe774d061c980d49506ac208",
    "runs/wine/split_17/generation_101/students/mixture_support/augment/logistic/model.json": "c3ca260d761ff885e6324a65469408ab1fb682968ff64660b667ccc5d18c84c4",
    "runs/wine/split_17/generation_101/students/mixture_support/synthetic_only/11/development_predictions.npz": "cd2e2030af5e58d4695fedcd686f8cbc7c6254f54c2abd396b50932db0363a62",
    "runs/wine/split_17/generation_101/students/mixture_support/synthetic_only/11/model.json": "cfbf5671326265d5d972906cf41cbdbcaad19d0673a51b41b653b326d8a9c5c9",
    "runs/wine/split_17/generation_101/students/mixture_support/synthetic_only/11/weights.pt": "215ec2a329ed8012a2195a4be4e6febed3a8e182a6b2f66b14d6797761e412c0",
    "runs/wine/split_17/generation_101/students/mixture_support/synthetic_only/7/development_predictions.npz": "ce80e69aa84a00028f72b5a9a3c87d4b1c1f6a840384f913c828c30333b791f0",
    "runs/wine/split_17/generation_101/students/mixture_support/synthetic_only/7/model.json": "10e100bdf04d800fa18352009b778c16cc8d2c925729719d11c1e5612385b590",
    "runs/wine/split_17/generation_101/students/mixture_support/synthetic_only/7/weights.pt": "b41e4af0ba6a6a96bbe9b86928175101bee6ab0b675bf69118b89f9b11e8a43e",
    "runs/wine/split_17/generation_101/students/mixture_support/synthetic_only/logistic/model.json": "147d5f258302bc4e6c93041a2b7d8007c5bff347edf933aefc46dee4d87cf187",
    "runs/wine/split_17/generation_101/students/mixture_uniform/augment/11/development_predictions.npz": "87809ec3d8e9b3f9e70550784b77f0e52f548dcacc91fecf26b3a76a28808381",
    "runs/wine/split_17/generation_101/students/mixture_uniform/augment/11/model.json": "695bb47a620dfac14f27235ffc12603996a25ee6f2afd95e74914c8626128f9e",
    "runs/wine/split_17/generation_101/students/mixture_uniform/augment/11/weights.pt": "242b5e50b4b37a66d84bee54bf37c8f69fcd310a7ef80d3583ac62c536a5e69e",
    "runs/wine/split_17/generation_101/students/mixture_uniform/augment/7/development_predictions.npz": "c66eb0eba5163060ae79d3f3cd4f374bd42945bd3314053ffcc5558e204661dc",
    "runs/wine/split_17/generation_101/students/mixture_uniform/augment/7/model.json": "0adcd836071773dc96d45900ef2ce50e91e8eeaf9eb6c5f73f7a64b54d870afa",
    "runs/wine/split_17/generation_101/students/mixture_uniform/augment/7/weights.pt": "37fd7cec26ad2b73dc31124e0d0fc903ac765da423bf18fb83bd88b5dbfcc092",
    "runs/wine/split_17/generation_101/students/mixture_uniform/augment/logistic/model.json": "c75d87ed67c224c0382cfcec08546b23b793be62f80bcd8dc57cfe4a97872b11",
    "runs/wine/split_17/generation_101/students/mixture_uniform/synthetic_only/11/development_predictions.npz": "5043c88d446d461cf3baaeef849bc91e7a70d9e608e5de8d3cec86ec8c41a49a",
    "runs/wine/split_17/generation_101/students/mixture_uniform/synthetic_only/11/model.json": "0ffbd80daaa1af6519e59d3b9a68b49d4d8f58ac10dc3dbebc9d7cb3b93c2163",
    "runs/wine/split_17/generation_101/students/mixture_uniform/synthetic_only/11/weights.pt": "22c46e32cce8d06a4ed62403d6f0caacf91cd80aaec514dcebd90bcce33a0b09",
    "runs/wine/split_17/generation_101/students/mixture_uniform/synthetic_only/7/development_predictions.npz": "f73b1837db33af0844ee9999734231676fa9200096832ad6597a64d5ec0c960e",
    "runs/wine/split_17/generation_101/students/mixture_uniform/synthetic_only/7/model.json": "0cc31ddd828065362fa3b7ff2eed26e7e7e496d49279ef6dec6fde88cb1b88ea",
    "runs/wine/split_17/generation_101/students/mixture_uniform/synthetic_only/7/weights.pt": "2aa35e50433686d5aee5d6e280940b210f8b3b6d536c20d24fa09b5d1548488f",
    "runs/wine/split_17/generation_101/students/mixture_uniform/synthetic_only/logistic/model.json": "b1fa0f9f97e268e41ae42fe82842c1869672856b104f7af68a8a5f64e81b2e31",
    "runs/wine/split_17/generation_101/students/mixture_utility/augment/11/development_predictions.npz": "b7045ab35bfb56f282fb1e0d394f106bd116abc9eeea65ac63ebc7d594bbbd95",
    "runs/wine/split_17/generation_101/students/mixture_utility/augment/11/model.json": "5d73d59ed42a2ea624b577a42ff2490c9a9d4622e28d95c883440c84a8c4aa53",
    "runs/wine/split_17/generation_101/students/mixture_utility/augment/11/weights.pt": "431a8a59490f6a82386799b04c4bd7d4c7afd6d6006005e9cdfde20c8def5e90",
    "runs/wine/split_17/generation_101/students/mixture_utility/augment/7/development_predictions.npz": "df2a13696b10e3f63dd022bf8f095448d70a219633d81464d87360bb1b69b4e0",
    "runs/wine/split_17/generation_101/students/mixture_utility/augment/7/model.json": "09e2e365823cae84807bf59386198732139225ca0a2516c94353a8c2e032ed37",
    "runs/wine/split_17/generation_101/students/mixture_utility/augment/7/weights.pt": "b147852dbd96fc0bcfac4a79575ca38300317009aa6d2885bdc35cbec6d0da1c",
    "runs/wine/split_17/generation_101/students/mixture_utility/augment/logistic/model.json": "58b765b5afdd40345fa787e606b1fe6d9390a0f17064a7f1a79631ce4ca8b026",
    "runs/wine/split_17/generation_101/students/mixture_utility/synthetic_only/11/development_predictions.npz": "cb113c5aa5359412876457070ef721c29c637ecd9e84370d475b2acfff3418b8",
    "runs/wine/split_17/generation_101/students/mixture_utility/synthetic_only/11/model.json": "d8d202440584cabe68a2a27950f11a2040bd684c1379240570a48d0d25ccd414",
    "runs/wine/split_17/generation_101/students/mixture_utility/synthetic_only/11/weights.pt": "cd8679d72c1c02f57b8fc8356911594ac3fa9aa793917c1f0121a2d3bb181773",
    "runs/wine/split_17/generation_101/students/mixture_utility/synthetic_only/7/development_predictions.npz": "2d112d39c18a5612f055d3321464409d7efee62934bd6341816d11595fd6f500",
    "runs/wine/split_17/generation_101/students/mixture_utility/synthetic_only/7/model.json": "aa95f8d55805e6403b5973aa2da0614e66ef6546bbc38a1da22e6076bd939297",
    "runs/wine/split_17/generation_101/students/mixture_utility/synthetic_only/7/weights.pt": "ced4b57dee9cbe5debf0db34077094990ea11342250a4e2e14ac947326b05902",
    "runs/wine/split_17/generation_101/students/mixture_utility/synthetic_only/logistic/model.json": "2ecfc693f5704fe1a5dce326b420ce088dc9ec52a924562e2b2ce1da77a40493",
    "runs/wine/split_17/generation_101/students/mixture_utility_support/augment/11/development_predictions.npz": "bb17ae3398c339a8683fb780d77bcb16fa7d28114ec6017222ecc74a1ba361c9",
    "runs/wine/split_17/generation_101/students/mixture_utility_support/augment/11/model.json": "1fe7f8250ecebfb48f2b527006ef27583286381c09e90e381c2bd8506e4b177c",
    "runs/wine/split_17/generation_101/students/mixture_utility_support/augment/11/weights.pt": "3cb7b5585238ae1e3385d940fbaf53a8d86f0cebd2718cb2b02dcdd0850e543b",
    "runs/wine/split_17/generation_101/students/mixture_utility_support/augment/7/development_predictions.npz": "8f0e9613e18d730a607d5ca1fefbda67984e560171c6ebd1dbea1df0a1e87972",
    "runs/wine/split_17/generation_101/students/mixture_utility_support/augment/7/model.json": "7a465d8b2db04d0da10199e680d65b1e1a8f0e13e18a0803e04f20d0dd697b1c",
    "runs/wine/split_17/generation_101/students/mixture_utility_support/augment/7/weights.pt": "266b186cb87024564f43262163b8c7ef8ef82c3e9e8cfa78cf0d177612523b4b",
    "runs/wine/split_17/generation_101/students/mixture_utility_support/augment/logistic/model.json": "f50380bcde3c815e5542d3495153768fe45e5cfb4ef86bd613077b38a0ebe1b5",
    "runs/wine/split_17/generation_101/students/mixture_utility_support/synthetic_only/11/development_predictions.npz": "20101612f2c40279d394c3063f679363c1d2f13869a02140e576f9071bb322c2",
    "runs/wine/split_17/generation_101/students/mixture_utility_support/synthetic_only/11/model.json": "b1480d5090fc6b351c2368897ab0bd48be7f4cd3cf20101f1ba3f6df3eb2ddbd",
    "runs/wine/split_17/generation_101/students/mixture_utility_support/synthetic_only/11/weights.pt": "a4953ed72a226399c12da9861948ba0e39f636a7f11f90665714d2416070fc23",
    "runs/wine/split_17/generation_101/students/mixture_utility_support/synthetic_only/7/development_predictions.npz": "0de265bb93cb81a2b03baf33300015ff7f4a875dc00e44258aef6d8748869c6b",
    "runs/wine/split_17/generation_101/students/mixture_utility_support/synthetic_only/7/model.json": "997e59d209c176b16e6f9996fd8a5b90706c7462b408183a3afb412471ff84ff",
    "runs/wine/split_17/generation_101/students/mixture_utility_support/synthetic_only/7/weights.pt": "2679764c20eb3b1231e25c5a460f0f83e089c62ad3af0aa593bf68c7864d3d75",
    "runs/wine/split_17/generation_101/students/mixture_utility_support/synthetic_only/logistic/model.json": "d9745fbe99fc2af75841b6764e8dc520680ad60056213dedfd43eb205f5fc97d",
    "runs/wine/split_17/generation_101/students/real_only/real_only/11/development_predictions.npz": "c89803b5e112fc59f8ae3e576db03eb5b92fa261b517c267509d0d0b0a827723",
    "runs/wine/split_17/generation_101/students/real_only/real_only/11/model.json": "798b5bc6dd26a227dbe061d2a281db02473db84e6ed38c35ed69a437ea934f69",
    "runs/wine/split_17/generation_101/students/real_only/real_only/11/weights.pt": "b2b63ef812ec89478fd7414fb859a99281edddbb0183ba61129e57e5414e0575",
    "runs/wine/split_17/generation_101/students/real_only/real_only/7/development_predictions.npz": "31de9831d5bff03acb565b940e41725b6d938e399225ae0f9480182d28d3a1eb",
    "runs/wine/split_17/generation_101/students/real_only/real_only/7/model.json": "c69554210144a1d5c4f5ea544ab577544742b40543bb38df5fa0d9d5e55558ae",
    "runs/wine/split_17/generation_101/students/real_only/real_only/7/weights.pt": "7565a0d39de56c992fdca705c46175149a8cecebd18344cd6ed65cae827c24e6",
    "runs/wine/split_17/generation_101/students/real_only/real_only/logistic/model.json": "f4e3bade6433f6fc24411e1ec43809699558761dba9af7a96e43e422f517fe6b",
    "runs/wine/split_17/generation_101/students/smote/augment/11/development_predictions.npz": "53b8fa81639d9346a38ae89a9ca4160af38eacfac8edba8f60fc7976fafcd8b1",
    "runs/wine/split_17/generation_101/students/smote/augment/11/model.json": "cc61884e5ecf88ee4c9f227b386c7b8cf51b6eb49ab6f2e7fb416219088e632c",
    "runs/wine/split_17/generation_101/students/smote/augment/11/weights.pt": "a6df81212c1fa92e74de4ce4f40940b2abb5c0ac4d0f3caa480272d31e943f4a",
    "runs/wine/split_17/generation_101/students/smote/augment/7/development_predictions.npz": "d476205c8c77a162b5e95163a6462819a84b46f754100c42625ad15025a6f21b",
    "runs/wine/split_17/generation_101/students/smote/augment/7/model.json": "c5df18efa0d35b09b232300ec7f5805d751cbf14765b79effe8a11422c780a01",
    "runs/wine/split_17/generation_101/students/smote/augment/7/weights.pt": "f94a7b688b97d15686f2dc894053892f10c28493b21b6c3c45c409b55cac9950",
    "runs/wine/split_17/generation_101/students/smote/augment/logistic/model.json": "cd3feb2834d5f0ce1cb6edc5e4ac32479800960919d34ff1cd23c34f0676a466",
    "runs/wine/split_17/generation_101/students/smote/synthetic_only/11/development_predictions.npz": "fe3ac8f6351d747607cebdbf26d200755cfd38ed3156e566cd6b06bedfdcd896",
    "runs/wine/split_17/generation_101/students/smote/synthetic_only/11/model.json": "30023ccd315a1e64ae4dc1904e2cae702122ff922ae51c63e8b30ebddd52b109",
    "runs/wine/split_17/generation_101/students/smote/synthetic_only/11/weights.pt": "34cf01077ccc379fb91e1a6d00f248fd28421dbb9910d9e1c731cef3d4b3e95f",
    "runs/wine/split_17/generation_101/students/smote/synthetic_only/7/development_predictions.npz": "79321e63d1a9f21adec0bf04cdb97888b81786cd5da7dc5732e5da8d8a0ac3f0",
    "runs/wine/split_17/generation_101/students/smote/synthetic_only/7/model.json": "fcee53911d15a38b1d25a457dea23da315be469bea1d82a499cf06ed5786ad95",
    "runs/wine/split_17/generation_101/students/smote/synthetic_only/7/weights.pt": "585696ef6b826bd1e002b9e802a7a2ecf24702f2081b1acd516bb33ddb3ffd78",
    "runs/wine/split_17/generation_101/students/smote/synthetic_only/logistic/model.json": "02f930d756c2d6f193af9424585b818ab8660de48355c05e7b33391ea04b8716",
    "runs/wine/split_17/generation_101/students/tvae/augment/11/development_predictions.npz": "834d8b4aa11e140d21163ca0aaf1fe92822ff958b6a063d086f91de1f1503503",
    "runs/wine/split_17/generation_101/students/tvae/augment/11/model.json": "36cb015d9a5904b6c2637ceaed46cb2e0731f1be6b76b40aaae34f45ad20b8cc",
    "runs/wine/split_17/generation_101/students/tvae/augment/11/weights.pt": "5eceb97314d07aff24f0929df6912537f1e231a4e2b5c9176045f7615549d6b9",
    "runs/wine/split_17/generation_101/students/tvae/augment/7/development_predictions.npz": "11e3bf03c93caa452805263c48bc188f8398ef9514981e503a46d0ba71d4f760",
    "runs/wine/split_17/generation_101/students/tvae/augment/7/model.json": "3d1765e8839f911251b43c568e6f16fb9253858588d26d7b664febba5fb80e47",
    "runs/wine/split_17/generation_101/students/tvae/augment/7/weights.pt": "67f32ccb59c4929911a9939eec26990f7bc19846e6c5f38aba139fecf49a6c71",
    "runs/wine/split_17/generation_101/students/tvae/augment/logistic/model.json": "9569aa63d4c7d72068560520cd1c4e81f97d4212a02860308ad80a06f4490188",
    "runs/wine/split_17/generation_101/students/tvae/synthetic_only/11/development_predictions.npz": "1ac8b71bbf1f9559665ee7f760a35c3811e2dd937d7bcb781a76d2c749af5422",
    "runs/wine/split_17/generation_101/students/tvae/synthetic_only/11/model.json": "f10ec81b297f8ed486471e0f73c055aceb81371e351f41b7c47b3561983d6113",
    "runs/wine/split_17/generation_101/students/tvae/synthetic_only/11/weights.pt": "4b448dabfadbf802f16f7f6b3a0bf61e135250920fb80b3bdfbb3524339d0e3c",
    "runs/wine/split_17/generation_101/students/tvae/synthetic_only/7/development_predictions.npz": "b6eda5d458b059a5b5f1cbbf272815eee893a99e652ad3ae15a829e01d794335",
    "runs/wine/split_17/generation_101/students/tvae/synthetic_only/7/model.json": "e762969f3368ac8fc3cdda6a920cc4d006f6236e9a14d594c411fee6b4be91a0",
    "runs/wine/split_17/generation_101/students/tvae/synthetic_only/7/weights.pt": "464e6374aca00ea1cf139f0327b94fab0697e74016e750297f65a310dee44e2a",
    "runs/wine/split_17/generation_101/students/tvae/synthetic_only/logistic/model.json": "614b5e85f464c6f5903e2a3612a227facd2bb528636a24a291f253d343e153f8",
    "runs/wine/split_17/generation_202/datasets/bootstrap/manifest.json": "69237b58fc8d8dda006b50ec7314fb1f58dd742305216bb74007adb4a6fee259",
    "runs/wine/split_17/generation_202/datasets/bootstrap/training.npz": "e509ec69702e0eb0a8a7fbac2b44af06bd41bae9a71dae7893c8e745deb18fb8",
    "runs/wine/split_17/generation_202/datasets/copula/manifest.json": "b5bd4a8f9908fa41ba39fec0566425b1e1914fd5894efaf1c2f673acba57ecc1",
    "runs/wine/split_17/generation_202/datasets/copula/training.npz": "ff0f1bbb493035bf06f7fe3406f56632325d5071b858a3ecbf1a7fdb77bee759",
    "runs/wine/split_17/generation_202/datasets/ctgan/manifest.json": "335ff5d86ab2160a47ad8b0324d44e9372cae3e1746f782b8540fbecc40d5ce5",
    "runs/wine/split_17/generation_202/datasets/ctgan/training.npz": "143ab4aba7193658029b47d6506562da21deb6ecfa3dc8a230a211b788458312",
    "runs/wine/split_17/generation_202/datasets/ctgan_one_mode/manifest.json": "27cce87c293c9f556285976788012fff7703671882c1bc511eff4f650bd03d10",
    "runs/wine/split_17/generation_202/datasets/ctgan_one_mode/training.npz": "ed659e1efcf59bae661e07f82fea61bc1fc09e9eaa53fc14c5aef23493e781bd",
    "runs/wine/split_17/generation_202/datasets/ctgan_unpacked/manifest.json": "3136005d57faae631c94718d31c9a2ddd4b0f5c0ba6d2b0e1c23fa58656b310e",
    "runs/wine/split_17/generation_202/datasets/ctgan_unpacked/training.npz": "1e3ba139eb85e93ae30b926b2d14926f91e9c99a5ff2b25dc0181e4890a910aa",
    "runs/wine/split_17/generation_202/datasets/ddpm/manifest.json": "df5b37181c7769841e3d66b03aeb061b8e2bcde226d2d972971396381e8424f9",
    "runs/wine/split_17/generation_202/datasets/ddpm/training.npz": "753a3ecd46cc9a6c2061c0dfbf0c8b51a6d9f88f891798f9c345658a8712268c",
    "runs/wine/split_17/generation_202/datasets/ddpm_standardized/manifest.json": "1dd9e9659de9a0b87d2ea4732ec136640d1f39e9adabafa1ea3c0ab9a78b8467",
    "runs/wine/split_17/generation_202/datasets/ddpm_standardized/training.npz": "f5656dcb495f33d3c64092d5cde5d990e10b65c2a8c6fc0d0940587e418020a2",
    "runs/wine/split_17/generation_202/datasets/ddpm_unconditional/manifest.json": "3aa0e29cd3fc62ba09706159b2d88ca45de9695831a903192f55d9148c46bf29",
    "runs/wine/split_17/generation_202/datasets/ddpm_unconditional/training.npz": "eca8142882f08eeeaa5f3f7d57e34b2de4db7bdccfe2b3a9ebc64a7c3127d36f",
    "runs/wine/split_17/generation_202/datasets/mixture_support/manifest.json": "6400403a315e53ec7cfe88026c3d4baebe40ab494ebeabcf41cef2f5f12eb330",
    "runs/wine/split_17/generation_202/datasets/mixture_support/training.npz": "18d1d1dfe6c59610177543c969b1e30d1b793a81cacde7cc388a91deeb740614",
    "runs/wine/split_17/generation_202/datasets/mixture_uniform/manifest.json": "6f6aaba2784a3936911ef12e7420910345a6668735fde7143bfe8993083443f6",
    "runs/wine/split_17/generation_202/datasets/mixture_uniform/training.npz": "6f4dafe550e43e175e1a7303925e0b776784c0b1286ccd56bf279e149f4c6ff8",
    "runs/wine/split_17/generation_202/datasets/mixture_utility/manifest.json": "8a6e283b950803110b2eecd0560c578193d1f96bd44f1b2b09cd32ac9ae56048",
    "runs/wine/split_17/generation_202/datasets/mixture_utility/training.npz": "187b83d6061a1b0bfe5593db36d1bcd36ab5ab56a2f1b58ad73d41ad7c0d26f6",
    "runs/wine/split_17/generation_202/datasets/mixture_utility_support/manifest.json": "9c361fdd833033ed79d001d62118468b5290586883bc11b8625f757acfe826c4",
    "runs/wine/split_17/generation_202/datasets/mixture_utility_support/training.npz": "f73b2a418a834c74c6c7939f7ed9cfc1095736028615c17b7b2e49692d6752d7",
    "runs/wine/split_17/generation_202/datasets/smote/manifest.json": "79dfd855777b167a1b13eb680e0a0a072929da470bd47f6dbe5557068f51e28a",
    "runs/wine/split_17/generation_202/datasets/smote/training.npz": "cc85b71f1c8db7332b038bd4b58db0b81da9ede4310973c2fbd5182b226d56d1",
    "runs/wine/split_17/generation_202/datasets/tvae/manifest.json": "c83df2c5088feacfa4a7d30f45c2260200e68b26dc84d102044a608b56172e48",
    "runs/wine/split_17/generation_202/datasets/tvae/training.npz": "d9af0a0c8a91d31d8d13946930d594083d36cde974c2133c735db923e27ffc94",
    "runs/wine/split_17/generation_202/development_selection.json": "b47543d69dbdee38be53e952e2882c3bab8426976d4b2fd3a0531f7c0a507ad8",
    "runs/wine/split_17/generation_202/generators/bootstrap/audit.json": "43fa58a74300d655b9b57abb68297568ab4014551df999bade096bd161574c99",
    "runs/wine/split_17/generation_202/generators/bootstrap/model.json": "5605dd0d2f0baec473977b3ab4702f80a7d9b5d4d4db6c893ae3c7bec4ed7c0e",
    "runs/wine/split_17/generation_202/generators/bootstrap/pool.npz": "29f0068db0fb1f65bf77dc06fa09d951d38776bcfd073b024745079beaa86dac",
    "runs/wine/split_17/generation_202/generators/copula/audit.json": "e713a63788fd256cf27a69a253468c4b357e57846e93c0a75d1af95b3e94201e",
    "runs/wine/split_17/generation_202/generators/copula/model.json": "00710070b299cddb26ae42f3baf652a2557d312339fcacb897de1a8480276488",
    "runs/wine/split_17/generation_202/generators/copula/model_arrays.npz": "fb811a577ad63e8811394f5e670f18269bca8e20007ec356dc0014dcb7500f61",
    "runs/wine/split_17/generation_202/generators/copula/pool.npz": "2aa2a2eb7b342f8e641d8de0ef0ee40f391268189c3270661d7082d4f93e6f96",
    "runs/wine/split_17/generation_202/generators/ctgan/audit.json": "3e0c49abd795b604b42f14efb1e4d0101b81197edbd6bdeda33b72c154344592",
    "runs/wine/split_17/generation_202/generators/ctgan/model.json": "3762bcb7739dae405bff1443c0d65011ea5a71fe2752ad3b75ba03aea5b74bc7",
    "runs/wine/split_17/generation_202/generators/ctgan/pool.npz": "6643f76a02e3c594a7a51fba6e3d8688b6df166b15e66fbf173e2bf765dce28c",
    "runs/wine/split_17/generation_202/generators/ctgan/weights.pt": "b04c8e0bd52ed4c1e03ddec67b3c2ce601ae0701b1be9075329878ab2553ee60",
    "runs/wine/split_17/generation_202/generators/ctgan_one_mode/audit.json": "d5403a3d311c983ef4f558abf307ed5b91173866c180a39848083f48d47191db",
    "runs/wine/split_17/generation_202/generators/ctgan_one_mode/model.json": "10fb8e45a8c1806765227c82ccbf3c20027088c12df34589c0cb2f915be8b18c",
    "runs/wine/split_17/generation_202/generators/ctgan_one_mode/pool.npz": "5e2cd1d9f055624ec5d807eaed4a417682f3f1106616884b1109d68b42d057eb",
    "runs/wine/split_17/generation_202/generators/ctgan_one_mode/weights.pt": "71c1f1e8ccea1e31c610f37dbafbb642b1ab47d4d451e8ed01988ff5ec30fd7e",
    "runs/wine/split_17/generation_202/generators/ctgan_unpacked/audit.json": "226c58eca71bced79dbbd72a96932bd46bb173ae2228d004aa54f526fe5d8cde",
    "runs/wine/split_17/generation_202/generators/ctgan_unpacked/model.json": "4e64c5fa05ca77abac6b3b0aaa6ff40941e5163cc9b439c3bf101776498d5c89",
    "runs/wine/split_17/generation_202/generators/ctgan_unpacked/pool.npz": "58e08d583935d1cfcf94e9fe17c2a29cea94541e0b2bcf8c56667bf0f32254eb",
    "runs/wine/split_17/generation_202/generators/ctgan_unpacked/weights.pt": "b64629ef6e83f348547815f439371c88706f425c05829f146f794d9b626a1543",
    "runs/wine/split_17/generation_202/generators/ddpm/audit.json": "c29c08e15f5aaf2684596a5a70f9dfbae487665819c34da3f9ebc24ca5767985",
    "runs/wine/split_17/generation_202/generators/ddpm/model.json": "debc9115a83108c7af3e0d9d8a70f945e6bb1f7e8949d08532c53ec292f78139",
    "runs/wine/split_17/generation_202/generators/ddpm/pool.npz": "955145793193d7451605965715f73be41dfd2f215d567b47b8608c4c631dc5fd",
    "runs/wine/split_17/generation_202/generators/ddpm/quantiles.npz": "0350e622daed2570e50665226c30a62b3bf2cdea09d75d6eec325aef475a2712",
    "runs/wine/split_17/generation_202/generators/ddpm/weights.pt": "3fa98632606d86ddfc0e1f0abf18a954b1a594349bf0e8515364b372e2c306a6",
    "runs/wine/split_17/generation_202/generators/ddpm_standardized/audit.json": "36fc58b8b5786c70d3c0802cd9fd0d60da9b5c4d88883ac746db1e3025cc091f",
    "runs/wine/split_17/generation_202/generators/ddpm_standardized/model.json": "289ff7799a401b0dd56de9cfc1c0374a5807029b6066814aac77c21420024c24",
    "runs/wine/split_17/generation_202/generators/ddpm_standardized/pool.npz": "7bb8dca2f7e9c7379fec9d96d94dfa2a7b1a37ecfddb3d14c042b7b2ecda59a8",
    "runs/wine/split_17/generation_202/generators/ddpm_standardized/quantiles.npz": "44e742e07f5f95610521bbc0eccd988427c92968331f3fdb853daa9b0c949af2",
    "runs/wine/split_17/generation_202/generators/ddpm_standardized/weights.pt": "a0a22141c62a2487aa650dfc56070cfb0591a0f58de0f13184045d4d9bf32c96",
    "runs/wine/split_17/generation_202/generators/ddpm_unconditional/audit.json": "cb47713389858c94dc71f37d720b077029659936f0c662712fe9555dd8626022",
    "runs/wine/split_17/generation_202/generators/ddpm_unconditional/model.json": "20eb9827806237ec6008a3a1e67f28124f8c288b0d1dc52b768a949e6b1248f8",
    "runs/wine/split_17/generation_202/generators/ddpm_unconditional/pool.npz": "4540b88d0416e17993b4a5d838c6dfd63fc56801174c55921777c8a7cdee6018",
    "runs/wine/split_17/generation_202/generators/ddpm_unconditional/quantiles.npz": "0350e622daed2570e50665226c30a62b3bf2cdea09d75d6eec325aef475a2712",
    "runs/wine/split_17/generation_202/generators/ddpm_unconditional/weights.pt": "022ee9b4d3ec4cf1d60ddb40fb9305087851e1d0d5bc3548843ca47f0d6bbe72",
    "runs/wine/split_17/generation_202/generators/mixture_support/audit.json": "21cf0d2e856e3f06120cdd203ddb1fa9dd76291b920a3bd5cd4fae92f9e45015",
    "runs/wine/split_17/generation_202/generators/mixture_uniform/audit.json": "528356b4698de2c206d849ec59c5b9b17345836d1a35a9cdde86fcb4c1018e01",
    "runs/wine/split_17/generation_202/generators/mixture_utility/audit.json": "01482e7debff8eebb3c47d6a9870e306f5d9bb36e23fcb719236f183dd7881bb",
    "runs/wine/split_17/generation_202/generators/mixture_utility_support/audit.json": "8b7384189af12a73c9f564b23dca7f74f739bad794c3cbd832230631c0220cf0",
    "runs/wine/split_17/generation_202/generators/smote/audit.json": "fdf4f0900dac34347a6267e72368daedb1cf1d74b456e8516f5d1b004f3ba244",
    "runs/wine/split_17/generation_202/generators/smote/model.json": "e29d3494200ea816e920b9518e825b1892aecdf562da3a7cacc5699dce4efb82",
    "runs/wine/split_17/generation_202/generators/smote/model_arrays.npz": "34c9634b2b668f44896b6b8ea3da663afa17f7cade2d339250794068b68244db",
    "runs/wine/split_17/generation_202/generators/smote/pool.npz": "056e84a91b960ffaed92ae3c20c07fd9209196f7bd3848f822c2181da76da65e",
    "runs/wine/split_17/generation_202/generators/tvae/audit.json": "305edac20f6f96d878c8ef564718330326f508e571740ffd496128da1d030531",
    "runs/wine/split_17/generation_202/generators/tvae/model.json": "2c24fe5d8cf017322f1ec6ea94566600d2a1e6cf4904a0406a1d66227a46bee2",
    "runs/wine/split_17/generation_202/generators/tvae/pool.npz": "3d73c22b80fa00c6c1c2271f4da02c93389c75626ca69a18598c8f9e4eb00d2c",
    "runs/wine/split_17/generation_202/generators/tvae/weights.pt": "86f351638e6d38db04f86a8f41a048c62fe8a018d2de8c621ddd06f6ecd97f11",
    "runs/wine/split_17/generation_202/index.json": "5b39d92ff25c34266575d99f2394b49cbb2f9d618c2ea1ce8cbec7e07c09f396",
    "runs/wine/split_17/generation_202/portfolio_inputs.json": "469d47f36536d3d96ebf9a2c958db722679ce038a96848e951fc385931284ec0",
    "runs/wine/split_17/generation_202/probes/copula/11/development.json": "c6928deaf8f8f16c94a442c4a6354fb8b473c3a027142631af1ee1e9b8f5f9fc",
    "runs/wine/split_17/generation_202/probes/copula/11/model.json": "d89dae9057242afccc8e4a81e79dd640c5d0736d34792a14d62c591166802b25",
    "runs/wine/split_17/generation_202/probes/copula/11/weights.pt": "553ab98de8cbf44bfd04788c47e2055c758382a4b5ffc5ac50ed11b338519e02",
    "runs/wine/split_17/generation_202/probes/copula/7/development.json": "f1a870cc3d3524282ce76e17a8ad08bbb4c7f4d8e9d94b2522167090b0bbb677",
    "runs/wine/split_17/generation_202/probes/copula/7/model.json": "5e83d255445bbfaa5140261d7027308316fd003f49d0ba6fa63a8cdc7ca986dc",
    "runs/wine/split_17/generation_202/probes/copula/7/weights.pt": "90d88af2e81a85721d23b980253bac8a068d8dcfba7194ebad0e314be996b705",
    "runs/wine/split_17/generation_202/probes/ctgan/11/development.json": "6d7b54f0b6b7f24b1f93a5e2edac3fbbae3d7a7ca922d2df07263647aa83f6aa",
    "runs/wine/split_17/generation_202/probes/ctgan/11/model.json": "839b09dc99962ee2ab950e64fb734870a611ecf135f0f3dd323b86b5427a2bbd",
    "runs/wine/split_17/generation_202/probes/ctgan/11/weights.pt": "aec3a023779cd9b4749bdc3c6e83dd09c5a779c2e939e258f34aed41a89f1ac8",
    "runs/wine/split_17/generation_202/probes/ctgan/7/development.json": "6baf63a778c98171f670bfc4b847e7e28f05f3be5b43d1c4db351ee6f0fbd8b5",
    "runs/wine/split_17/generation_202/probes/ctgan/7/model.json": "9637722d6d525f86dc4c10b88b32ab7b33d0a25612b0cb58aa8069d65ede37b4",
    "runs/wine/split_17/generation_202/probes/ctgan/7/weights.pt": "b162210c8f2da3d7ae9f2963151b7809891af210eaba19efe41d740c211ecb57",
    "runs/wine/split_17/generation_202/probes/ddpm/11/development.json": "ab636c4b07d30a2e71648b1b4f394fbc88c604075311ab35e8f36db3625a8b7d",
    "runs/wine/split_17/generation_202/probes/ddpm/11/model.json": "8eef799b58d51b52a900edec6b6f5ea4b57c847d38f373bb3d5be51e9b7fd620",
    "runs/wine/split_17/generation_202/probes/ddpm/11/weights.pt": "543a0357dae5c3d84ac142d625b6fe6ab48751f1a823e51da614513855cb6c14",
    "runs/wine/split_17/generation_202/probes/ddpm/7/development.json": "72cf7c1423af3f46403b82780a71b229383ca53612f195269d09a5c0c5d48d88",
    "runs/wine/split_17/generation_202/probes/ddpm/7/model.json": "c10c628621af3542b2b453e7a2d9360aab4986c01e451d838f2928fc865d2664",
    "runs/wine/split_17/generation_202/probes/ddpm/7/weights.pt": "eacf4de6516413e464787eec4589794676b51b9ec684db763475319684778d5a",
    "runs/wine/split_17/generation_202/probes/tvae/11/development.json": "46fad577753b0c59f4180913172d9f528df5392825327d043b74b09bab7f1d25",
    "runs/wine/split_17/generation_202/probes/tvae/11/model.json": "f7640a689f0dc4f7aeec07727522a548f7ce26630c3b368b9875943ef4f7e432",
    "runs/wine/split_17/generation_202/probes/tvae/11/weights.pt": "958b83e3145fb09678b599f2b97c7e56625ce0fbf01536db27a7a27da30d541c",
    "runs/wine/split_17/generation_202/probes/tvae/7/development.json": "5e2fd5fc302713421a3f6db29faab5b6e320621e76cd370c31657af8b913ff66",
    "runs/wine/split_17/generation_202/probes/tvae/7/model.json": "b6abaa6f23bc3743dad95978ca946188165ecfc8d9f41426e7b07d3ceb7cdd6a",
    "runs/wine/split_17/generation_202/probes/tvae/7/weights.pt": "9049d41ed46331ffcbc2eb1ad8ef9132053e6ba8444ced409ba68759785f7cc0",
    "runs/wine/split_17/generation_202/students/bootstrap/augment/11/development_predictions.npz": "9d18d6eedb783f243ed0be42a97dfc384c07f66daf2a66b469a497f3ce68a92e",
    "runs/wine/split_17/generation_202/students/bootstrap/augment/11/model.json": "90364494bf2dcb862ccc8ee45b4dc5d33bae77f69dd85b1c41d1240fb21eb4a9",
    "runs/wine/split_17/generation_202/students/bootstrap/augment/11/weights.pt": "b2ebf520dc6b1f4d8b06397a74dc4ee6dd202546f2eda0e7dc05cba4f8656f27",
    "runs/wine/split_17/generation_202/students/bootstrap/augment/7/development_predictions.npz": "11977de837b9bfcbb4e3a0efe10c8f73350c515a4189bf20f181e8e7709e3beb",
    "runs/wine/split_17/generation_202/students/bootstrap/augment/7/model.json": "e4b2e9659fd7273d7c2c300f399dfdbfa2ae778acfe5e1cda87075bfc0981851",
    "runs/wine/split_17/generation_202/students/bootstrap/augment/7/weights.pt": "c646fac0ff025d00a5e3aa48dfe326c9ebf0ae76ac2b365fddbd8a126710bba7",
    "runs/wine/split_17/generation_202/students/bootstrap/augment/logistic/model.json": "c4867a6ebb814139dfc1033f07f10486eb411be9a37566e9d4188604e976ddc4",
    "runs/wine/split_17/generation_202/students/bootstrap/synthetic_only/11/development_predictions.npz": "c5d8cd2ac8c681e9e731b7956896d4df7d30627140d73951b217250bee574282",
    "runs/wine/split_17/generation_202/students/bootstrap/synthetic_only/11/model.json": "284745c911aded43cc3b3fa496bd015ed08a2a9b344ebdcc4ec0b860b1bee99e",
    "runs/wine/split_17/generation_202/students/bootstrap/synthetic_only/11/weights.pt": "bdf12f05102de6c9d5c37a4fe4641c59f87e7cb99e287045100f24a54f558990",
    "runs/wine/split_17/generation_202/students/bootstrap/synthetic_only/7/development_predictions.npz": "d9688ba27e2b27119171f1665979cc5216a7aa8f7ce0745b342e77630e0fb443",
    "runs/wine/split_17/generation_202/students/bootstrap/synthetic_only/7/model.json": "6a79731f688a95c8a12be05458d7a5f22bdc263eed9f59ce584ee8087e695692",
    "runs/wine/split_17/generation_202/students/bootstrap/synthetic_only/7/weights.pt": "d50f0117adba707159aaa1b0fae0b917128ae0868cec0998e04f3815fbf1a291",
    "runs/wine/split_17/generation_202/students/bootstrap/synthetic_only/logistic/model.json": "79a1393b6305a52283d298855885a2dd2f7d035fc4a84aec05ac751c5779f1bb",
    "runs/wine/split_17/generation_202/students/copula/augment/11/development_predictions.npz": "e5db43a9c8544ef0b3c9d1e0ae86174db4228db64d1faac4c36512178d24abbe",
    "runs/wine/split_17/generation_202/students/copula/augment/11/model.json": "38677e21acf441db0857b59a528ebb146a7f6e029a20145721412cff5feeee6b",
    "runs/wine/split_17/generation_202/students/copula/augment/11/weights.pt": "d0be55cb1dd51bc97cda56b92c92c0c14af134a0ed0068c0ce572e31f809ec0d",
    "runs/wine/split_17/generation_202/students/copula/augment/7/development_predictions.npz": "bda70fb069d488ccb0cd18edcb54d02ee080167ea4e8d5e9607d2e95a0fb5922",
    "runs/wine/split_17/generation_202/students/copula/augment/7/model.json": "8ed4679aad3b4051a3a2e5bcdb5c39619193af727d533b5ac1cd515fa7b55d51",
    "runs/wine/split_17/generation_202/students/copula/augment/7/weights.pt": "160635754847cc190e6c7f21ecd8a38a29174e6d82855853ac72b352f9a3519d",
    "runs/wine/split_17/generation_202/students/copula/augment/logistic/model.json": "83e47f56dc46deeb3a40a29592da063d57c3750206fe484f3b78b8fab9c38e88",
    "runs/wine/split_17/generation_202/students/copula/synthetic_only/11/development_predictions.npz": "1601b1cb2f3b8b7a604e4e826bf2674898b1ac80b3746f1ae2621f8ed0657474",
    "runs/wine/split_17/generation_202/students/copula/synthetic_only/11/model.json": "597d6b7f78a1c936f540a85cf113257e58c3d71957d7d7948760b50fd853ff20",
    "runs/wine/split_17/generation_202/students/copula/synthetic_only/11/weights.pt": "21f691e16773c9adcb3e89c659f92c7866dc02b287dc5311f730cfac8afaf4c6",
    "runs/wine/split_17/generation_202/students/copula/synthetic_only/7/development_predictions.npz": "c21ae79556cd4493e37c999e4dee4f81da248da68d8e0f4ca53abd8f41b9f508",
    "runs/wine/split_17/generation_202/students/copula/synthetic_only/7/model.json": "821693f5863a1ec0244c00365dd0487ede0ac06a849219021c612ff73a67f93f",
    "runs/wine/split_17/generation_202/students/copula/synthetic_only/7/weights.pt": "c306e286a2688a20b42466b35797dcb23c6be9c232423d74a37fa2e39b10fcbb",
    "runs/wine/split_17/generation_202/students/copula/synthetic_only/logistic/model.json": "a3c1069bd225e96ba0dce02bdf4988f05e84316e7a0b9642f07080b2c070a723",
    "runs/wine/split_17/generation_202/students/ctgan/augment/11/development_predictions.npz": "3f06ec0a67d5f3109023291b425116f356dc5f199ab82077e69a3ee853d20b41",
    "runs/wine/split_17/generation_202/students/ctgan/augment/11/model.json": "b99309f2e1ba1faa7a36421bc5d2fad76013d8e6b0e9f223f1a92de281e7a678",
    "runs/wine/split_17/generation_202/students/ctgan/augment/11/weights.pt": "4fded525892d254345677e263b707aa733767d40f1e97db257cc9f35acb7b65c",
    "runs/wine/split_17/generation_202/students/ctgan/augment/7/development_predictions.npz": "cad70c2abb62cea1d42fa503b692058d2af2de9384f9e1dd56a76d44758f3239",
    "runs/wine/split_17/generation_202/students/ctgan/augment/7/model.json": "33feca46b11991d04d84b0c0747c7d5cb1a3aca98be3dd1904e50859fc43ba54",
    "runs/wine/split_17/generation_202/students/ctgan/augment/7/weights.pt": "303084752791feb1c2dbe57d2f05c29ed3ea02fd0aa8d56e3381ee3f3c5fc127",
    "runs/wine/split_17/generation_202/students/ctgan/augment/logistic/model.json": "edd13a9fbe13142d52cf1b2e1fb708eb180e8f877a0cbada2d8b2013d566d17e",
    "runs/wine/split_17/generation_202/students/ctgan/synthetic_only/11/development_predictions.npz": "904f40923f9610700c57bd013247e24f2933f6322668f29e268ee8b1b4f28b92",
    "runs/wine/split_17/generation_202/students/ctgan/synthetic_only/11/model.json": "396d385e56adb2365e8a518d1e2904a89176febf295b45efba0d424af4397093",
    "runs/wine/split_17/generation_202/students/ctgan/synthetic_only/11/weights.pt": "f7e7b7dc1b0a150afc829c92ead9fda8895720007e0dbdfb862b8d1e56f6d044",
    "runs/wine/split_17/generation_202/students/ctgan/synthetic_only/7/development_predictions.npz": "e1bfab8895b734ccc5f717e980d5b9f63586c95b7211736d34ad1d094d2617c2",
    "runs/wine/split_17/generation_202/students/ctgan/synthetic_only/7/model.json": "ff941bfe15ebe8e0ca202ee194475b57866ad38adfeb7c033580099f08461126",
    "runs/wine/split_17/generation_202/students/ctgan/synthetic_only/7/weights.pt": "24992614c9529b89ef2a8c55704528f44cf7756be5f1bebe1c69013a1438be76",
    "runs/wine/split_17/generation_202/students/ctgan/synthetic_only/logistic/model.json": "62cdfb0e108dd9f395fa71508bd3cbd3be4e81df42b6e281834c5df2c519868f",
    "runs/wine/split_17/generation_202/students/ctgan_one_mode/augment/11/development_predictions.npz": "d49455ceeb43e5b9779da6ad1197f88cf13d8f4faac2343884d0ed452019d6c5",
    "runs/wine/split_17/generation_202/students/ctgan_one_mode/augment/11/model.json": "0f53bbb8cc0d3840ec085e9a1cea4eb6f6cce1330eee366495905b3bf36f275f",
    "runs/wine/split_17/generation_202/students/ctgan_one_mode/augment/11/weights.pt": "a694559a0070749e48916a13fae783318431eafdd7261c72ec4185da4ccc6cb3",
    "runs/wine/split_17/generation_202/students/ctgan_one_mode/augment/7/development_predictions.npz": "0f6738bd2898a724cd28f3534388bc2735e86cb745e1130eb606103fbc6a0872",
    "runs/wine/split_17/generation_202/students/ctgan_one_mode/augment/7/model.json": "1c2ee38fe55dcfe1226754a1ae3447ebac8d6de1875d0dee307aa19bd8df1a86",
    "runs/wine/split_17/generation_202/students/ctgan_one_mode/augment/7/weights.pt": "4ca8c7162360a9958198029914c777d0d6c762da1f13dc05483803721749c626",
    "runs/wine/split_17/generation_202/students/ctgan_one_mode/augment/logistic/model.json": "42a0c20003e2206a91a732cd90b5b17e0ad7bb9c475cd5efc18d8f1d970f51fa",
    "runs/wine/split_17/generation_202/students/ctgan_one_mode/synthetic_only/11/development_predictions.npz": "33088f881fedfc7f9ee21595089d0149b5dcf674bbbbbbd7851bab855cf05527",
    "runs/wine/split_17/generation_202/students/ctgan_one_mode/synthetic_only/11/model.json": "3b10dcd55d17cd68af4a5d3caba9824413bb2c717bc4dfd2a0058a0a364b3394",
    "runs/wine/split_17/generation_202/students/ctgan_one_mode/synthetic_only/11/weights.pt": "7a5c48e795d36a861b9cd835918988b6ffd9790153b95a02f4ddda54c0d56f45",
    "runs/wine/split_17/generation_202/students/ctgan_one_mode/synthetic_only/7/development_predictions.npz": "06e3bad272ce2b6b91ddb51091a2d3ca53174a8794f6f8d3f877cedc7c670594",
    "runs/wine/split_17/generation_202/students/ctgan_one_mode/synthetic_only/7/model.json": "5dadf559fc3dfa82e14cac1ba68094d0c4c5ea2cd4733e61bd0bf8274a8c3b0c",
    "runs/wine/split_17/generation_202/students/ctgan_one_mode/synthetic_only/7/weights.pt": "06ca491e8b2fb46733602b8a8b065af0bc0dc64559287a8279104d443a123c20",
    "runs/wine/split_17/generation_202/students/ctgan_one_mode/synthetic_only/logistic/model.json": "b3d87e71c8a0a2eef705c596844d1469bd1bd24716d86cd86dbc55adfb6d00f3",
    "runs/wine/split_17/generation_202/students/ctgan_unpacked/augment/11/development_predictions.npz": "fa89eee3f47335135460632637ee1fa82477c8a0e1c725c6e24463f60bb10391",
    "runs/wine/split_17/generation_202/students/ctgan_unpacked/augment/11/model.json": "0ead38c97e224906e278a5fc4ede4a36f8820013a00653422cbfbb520f9101f5",
    "runs/wine/split_17/generation_202/students/ctgan_unpacked/augment/11/weights.pt": "78e4ff2aec2d4188c950b7b2911c173ad062242b2ca93db2e41ec95a521ac69b",
    "runs/wine/split_17/generation_202/students/ctgan_unpacked/augment/7/development_predictions.npz": "e3592756ccdf1cf811827c4bf8ed09a09029f7af9ef96c25b9124a60e7a061f9",
    "runs/wine/split_17/generation_202/students/ctgan_unpacked/augment/7/model.json": "f48cda402f0960bd44718c12b9dfaeae160fe2c1216f4e157a9604f290aa8aff",
    "runs/wine/split_17/generation_202/students/ctgan_unpacked/augment/7/weights.pt": "68d7783d4999f7600fe0afc688a9e34930b0e1fee4527eeeeb801f99b6bbf2cd",
    "runs/wine/split_17/generation_202/students/ctgan_unpacked/augment/logistic/model.json": "f76c63810d5c841668eadc37df7881b629596898a63b97fd4637dcf597ba4f66",
    "runs/wine/split_17/generation_202/students/ctgan_unpacked/synthetic_only/11/development_predictions.npz": "a9c2d6844802cd99f1c3f1e17e51bfeeb0c7fcfe0c1d30eb38c0b8fe677be8d7",
    "runs/wine/split_17/generation_202/students/ctgan_unpacked/synthetic_only/11/model.json": "ea6630bf0b411b4e29632df41c182233d70ff05693c50ed42e4c41bcde760308",
    "runs/wine/split_17/generation_202/students/ctgan_unpacked/synthetic_only/11/weights.pt": "b2f712eac9563566b3612fa29f66481eae3e82f14ff4c3a97e221e22ec67da85",
    "runs/wine/split_17/generation_202/students/ctgan_unpacked/synthetic_only/7/development_predictions.npz": "445009adf4c9ab60ce5f3cd184c714401b224fb04b90b3e3d055ee2654203912",
    "runs/wine/split_17/generation_202/students/ctgan_unpacked/synthetic_only/7/model.json": "ea9cc7c29982502b70426331a16000ec4edeb2bf487c0a0b650d1957d40265fc",
    "runs/wine/split_17/generation_202/students/ctgan_unpacked/synthetic_only/7/weights.pt": "27458196702251f96edc28a4eeec3f28668f814d9f9c4a66165191a05dafb12b",
    "runs/wine/split_17/generation_202/students/ctgan_unpacked/synthetic_only/logistic/model.json": "6c9ca06baea9cf649b4de0e25efb2a987c080f4c83e0630a1d1fec1e9756da9e",
    "runs/wine/split_17/generation_202/students/ddpm/augment/11/development_predictions.npz": "34c22b29480ed978dd268143874ec59a1caaea7e8409c563a0f75e92726cbaaf",
    "runs/wine/split_17/generation_202/students/ddpm/augment/11/model.json": "0692701dddb0673f1b78c8f3027650f1a2a43ec2fb0574aec1a241c71612783e",
    "runs/wine/split_17/generation_202/students/ddpm/augment/11/weights.pt": "ee9a2ba594a6af57ac72fde95d8a2abbc945199e1633e9ff333503c676a9b851",
    "runs/wine/split_17/generation_202/students/ddpm/augment/7/development_predictions.npz": "fa66c81e3d7b91a843c455e1f2e8702e382be0eb7e49d83b65f0bbbc0fbc4044",
    "runs/wine/split_17/generation_202/students/ddpm/augment/7/model.json": "e806c6fb6c9b5d3ac18373496e13f3d21b40862841ddf8c4860f5f7108a71b1d",
    "runs/wine/split_17/generation_202/students/ddpm/augment/7/weights.pt": "123dd837e9fd6eaff140300dfba53f36c8d00ba95abdb9087885f6be99888e2f",
    "runs/wine/split_17/generation_202/students/ddpm/augment/logistic/model.json": "ec95876830d1764ca0d6439bb0c712b22015e682d6dd228ce2e73ff577d5c127",
    "runs/wine/split_17/generation_202/students/ddpm/synthetic_only/11/development_predictions.npz": "a47cab8f8fcb0f7c270cd399689e4f381b1b2b2522797a3d07db99fd9b8410da",
    "runs/wine/split_17/generation_202/students/ddpm/synthetic_only/11/model.json": "1fc720fe8f55b1294027d1aa498ca3b7f1eb9b9328e7a28d85c29db1007cb0fb",
    "runs/wine/split_17/generation_202/students/ddpm/synthetic_only/11/weights.pt": "6bc2148be6e1d7733853cef8606007f840d82b1302ef1d1ec2c1f0298e08aaaa",
    "runs/wine/split_17/generation_202/students/ddpm/synthetic_only/7/development_predictions.npz": "0a74c34e16f6e74dd915fec48ac54a8d957eacf600d91efed7aa441713f0c854",
    "runs/wine/split_17/generation_202/students/ddpm/synthetic_only/7/model.json": "f77623e0f6f132fbc7122c8f976e886dab40a17f4faf7f5f92906816eeb51b93",
    "runs/wine/split_17/generation_202/students/ddpm/synthetic_only/7/weights.pt": "4ecf67dc679227b7397374de3da91acccb4def8340db3adeb2a3399b113835e0",
    "runs/wine/split_17/generation_202/students/ddpm/synthetic_only/logistic/model.json": "37b3876df63694792e6ea4cc5abf0d8478d64a024221b742df206765542a34bb",
    "runs/wine/split_17/generation_202/students/ddpm_standardized/augment/11/development_predictions.npz": "f598573d85d66eefc78d49f3f4c0b8992ec60cb0ed5a5183ca9b69030c4e1d6e",
    "runs/wine/split_17/generation_202/students/ddpm_standardized/augment/11/model.json": "cec4059017eb181d53379ae4eb771b44e0f6baa49779437f3c18b858cff7fa90",
    "runs/wine/split_17/generation_202/students/ddpm_standardized/augment/11/weights.pt": "3b006753b978ee0d1577c3078d4aca33195fb7c4158e209368c523b9d7d43926",
    "runs/wine/split_17/generation_202/students/ddpm_standardized/augment/7/development_predictions.npz": "cbdc5735fbe0284f0704d1d4c55bd2216f274c0464a9b65058e3cc9762049e2a",
    "runs/wine/split_17/generation_202/students/ddpm_standardized/augment/7/model.json": "e34133959af9bfdecb93c5f3c0d6e7c964d4278c2edc26a45ee874aef0cbae99",
    "runs/wine/split_17/generation_202/students/ddpm_standardized/augment/7/weights.pt": "a2bc0209ac01433b02c4407bf70656c89881b105803a2d897abac7e9be383041",
    "runs/wine/split_17/generation_202/students/ddpm_standardized/augment/logistic/model.json": "349c45e94a559ef0e222ef5e8234ca8a20bd6d6b156889e7daf7f2a9e34558d2",
    "runs/wine/split_17/generation_202/students/ddpm_standardized/synthetic_only/11/development_predictions.npz": "1c480d6d98299688ab2682fe2b37e5c18341f5f0039da9ce2089178106a3e92a",
    "runs/wine/split_17/generation_202/students/ddpm_standardized/synthetic_only/11/model.json": "290f4079155f28cfdb88a730c4e4ce9fff515c57e62bc7c2f79dfe73eedd30c3",
    "runs/wine/split_17/generation_202/students/ddpm_standardized/synthetic_only/11/weights.pt": "da51e1d84fc89eb17715185a5854da577151397b22b8f6e2cb23a376faa974d5",
    "runs/wine/split_17/generation_202/students/ddpm_standardized/synthetic_only/7/development_predictions.npz": "b951297ba8df38d93f3c0cc74e747b640206d59e5a38cef6afa155a2f881cf1f",
    "runs/wine/split_17/generation_202/students/ddpm_standardized/synthetic_only/7/model.json": "54f3293965d32b3bc637b8973b0774d041d8331972df3b8877fc45a56b9ed7ca",
    "runs/wine/split_17/generation_202/students/ddpm_standardized/synthetic_only/7/weights.pt": "27a52ff04458a4fdcc3b05e4b8d572811296bb2590c2f52b76b1b052e631fe48",
    "runs/wine/split_17/generation_202/students/ddpm_standardized/synthetic_only/logistic/model.json": "2f00c81b70c3b31997082ee02be7761386ff30174befae863d16954df0db708f",
    "runs/wine/split_17/generation_202/students/ddpm_unconditional/augment/11/development_predictions.npz": "f87214224895879192964da226e6c1d8adbe8bf4fca5f32063b4fecfcc33f215",
    "runs/wine/split_17/generation_202/students/ddpm_unconditional/augment/11/model.json": "8b8a23a0eeb03774e9ff74e125e1114e0463b5cbc1ad180a774af7418e8cfccc",
    "runs/wine/split_17/generation_202/students/ddpm_unconditional/augment/11/weights.pt": "2f4441cf0998171d0256ef6d402f2a29ca2e10b7da8ebac06bfb2b1ee8d67258",
    "runs/wine/split_17/generation_202/students/ddpm_unconditional/augment/7/development_predictions.npz": "1f6654e0ba57a0a090d4132eff265830f966681f764ae3f729a40ca0e82aee3d",
    "runs/wine/split_17/generation_202/students/ddpm_unconditional/augment/7/model.json": "eb2f5fa39ba50325cddd95f2308e7a8e0328c0873d7e45f6ab4bd9e471ee6001",
    "runs/wine/split_17/generation_202/students/ddpm_unconditional/augment/7/weights.pt": "82427801e44c1d0cde268079520947a8958facf8e03b470d61345b172cdd4539",
    "runs/wine/split_17/generation_202/students/ddpm_unconditional/augment/logistic/model.json": "6fa8ad61fac3bf4a9173e091bf0c555dc78a08baa8425b15368abc732c179e80",
    "runs/wine/split_17/generation_202/students/ddpm_unconditional/synthetic_only/11/development_predictions.npz": "cebdfb87ec2bd5bcb0a88003490a3da4469e2c2c7033a67f78804c89ed25f7a3",
    "runs/wine/split_17/generation_202/students/ddpm_unconditional/synthetic_only/11/model.json": "d2ed13e101ff033e1410993a70d421c6cbb9ace9b54c83504111b843dafec251",
    "runs/wine/split_17/generation_202/students/ddpm_unconditional/synthetic_only/11/weights.pt": "c0939fc5f943bb5b196570f1bbbff6730d6bd19538de1978c31d0e2e53103ea9",
    "runs/wine/split_17/generation_202/students/ddpm_unconditional/synthetic_only/7/development_predictions.npz": "7fa5fb5262b9ba1e065c9db1b299a4a6dc073c61a8cf0e46ca9f7a86f82f7429",
    "runs/wine/split_17/generation_202/students/ddpm_unconditional/synthetic_only/7/model.json": "6b9facbc202d64737273f4ccb5a413217b0e69330b760123d41fda2c59dcf5b1",
    "runs/wine/split_17/generation_202/students/ddpm_unconditional/synthetic_only/7/weights.pt": "19c476f57577b28bfb16968523d1300a8b0db654cce09a5770929d9d8b2c17b4",
    "runs/wine/split_17/generation_202/students/ddpm_unconditional/synthetic_only/logistic/model.json": "c41c0b2dc2dc9b6e4968de99ae53ab216a40636f7750228ec43a82a155485651",
    "runs/wine/split_17/generation_202/students/mixture_support/augment/11/development_predictions.npz": "499fcc251713fef22e9c05670439a1cd7b86decc7a4ee8b596f1ebe8b2a9344d",
    "runs/wine/split_17/generation_202/students/mixture_support/augment/11/model.json": "07863016f963501cb000aabbd6be99e91675e07d77516e02106386470f54598a",
    "runs/wine/split_17/generation_202/students/mixture_support/augment/11/weights.pt": "86bdd3286a3ddd467c6436baa5a66fcd5aed15222fbfc7f16eebcd92c864af47",
    "runs/wine/split_17/generation_202/students/mixture_support/augment/7/development_predictions.npz": "e8d59286b078a05c1dabf5b5294f7d974e9c71b479f2d864829b9cc739c11959",
    "runs/wine/split_17/generation_202/students/mixture_support/augment/7/model.json": "476439212c6f8e359d13fb341e73efdf7bede964546cccd007b6f71dcb0d7bba",
    "runs/wine/split_17/generation_202/students/mixture_support/augment/7/weights.pt": "b2b58e707a8430957f816068e1bc39fb4adeb0a0aa49787881a64344c4a35d39",
    "runs/wine/split_17/generation_202/students/mixture_support/augment/logistic/model.json": "0dc59d0f43a7a5ff22477d7fbd2848983548b83cf48c79578357f04b2f07e054",
    "runs/wine/split_17/generation_202/students/mixture_support/synthetic_only/11/development_predictions.npz": "6f9c8cb42a8ba1472144fb3acdb6d5e9815fba36c56973d93e33bb6eeab844ef",
    "runs/wine/split_17/generation_202/students/mixture_support/synthetic_only/11/model.json": "0c2daab672b15b180bd182201beeebc7b8358f0c36b0225e3b9d6e46b297ff4f",
    "runs/wine/split_17/generation_202/students/mixture_support/synthetic_only/11/weights.pt": "e3a2f92f3d6ccc96639522d973d538b883a2c996924a707eb39edfd4df482e7e",
    "runs/wine/split_17/generation_202/students/mixture_support/synthetic_only/7/development_predictions.npz": "cf00722dd501af688df8527de7f18268809f3c5f7a4c635eaa8e7bc90c372800",
    "runs/wine/split_17/generation_202/students/mixture_support/synthetic_only/7/model.json": "1265775f517bd8642c7200a6b5d58995987e2baa4be677a81a7493454c52661c",
    "runs/wine/split_17/generation_202/students/mixture_support/synthetic_only/7/weights.pt": "f05c2da3ac594eb7b325cd6075c28f3e21096b25d534801c7866da95d879b118",
    "runs/wine/split_17/generation_202/students/mixture_support/synthetic_only/logistic/model.json": "f0b4b39a1fe3c8a445470443569e9891ac35466093aaea3f053198225247fc91",
    "runs/wine/split_17/generation_202/students/mixture_uniform/augment/11/development_predictions.npz": "743ed0ecdac8a165c36ac1cd17427d0057adccd0481cf398cf006f04d8cfc90a",
    "runs/wine/split_17/generation_202/students/mixture_uniform/augment/11/model.json": "a46ff881fd9df700cdc7b4b8dce36c1828af6591226fdbdbc8dff27fe6aab53b",
    "runs/wine/split_17/generation_202/students/mixture_uniform/augment/11/weights.pt": "806ec2aecd1936fad521f7383813340f72a872f336a32701736160cc96e0f4b6",
    "runs/wine/split_17/generation_202/students/mixture_uniform/augment/7/development_predictions.npz": "a2939027041370c5e67b05cf55d7085fc451677bd3617e42c6b544a923bdc3c2",
    "runs/wine/split_17/generation_202/students/mixture_uniform/augment/7/model.json": "ff10cb428e4c809cd830acd1b2010a5f9653dafa51b08619c1def9a059ca2b5f",
    "runs/wine/split_17/generation_202/students/mixture_uniform/augment/7/weights.pt": "6d41658a33eaf60741ec74337c94dd8fda31a3a5121896641902b31d1b6213ef",
    "runs/wine/split_17/generation_202/students/mixture_uniform/augment/logistic/model.json": "b12d7498eea58330d6e5382a85028112a00ed7408e9b5be1dddb87107908fbc5",
    "runs/wine/split_17/generation_202/students/mixture_uniform/synthetic_only/11/development_predictions.npz": "6821b3e6a8b54002664a32764e3947d65a0af231fd4f33d0373a8dc8349b58b6",
    "runs/wine/split_17/generation_202/students/mixture_uniform/synthetic_only/11/model.json": "ab58c0753957ac17e517aca18af5ed0cffe3dc226f97b46c1f32ed76c1aecd5e",
    "runs/wine/split_17/generation_202/students/mixture_uniform/synthetic_only/11/weights.pt": "8ed2e0c3d4450939ead08da707c16afd2be2aa4df24d31115109dfcb48c73600",
    "runs/wine/split_17/generation_202/students/mixture_uniform/synthetic_only/7/development_predictions.npz": "b26b81a9c69077061a230a60e0efc1eeeaaedec3195e1a9089131ec542d9659b",
    "runs/wine/split_17/generation_202/students/mixture_uniform/synthetic_only/7/model.json": "470db695e2d0b16a97908059e92580c029b88de5acacd6899a039e4e2be2826c",
    "runs/wine/split_17/generation_202/students/mixture_uniform/synthetic_only/7/weights.pt": "1e28e625472b2c88a4128a2cc0471c9a487663dd88dadcb247c7eba378e24876",
    "runs/wine/split_17/generation_202/students/mixture_uniform/synthetic_only/logistic/model.json": "b2ca8445e384c6ad9d9281b1c1ce287df56e1782dec258e0095ac02c104ed344",
    "runs/wine/split_17/generation_202/students/mixture_utility/augment/11/development_predictions.npz": "0274be03b6024aef35dfcaab9747ca07751e3b3dc0ce7429bdbd6fe320627608",
    "runs/wine/split_17/generation_202/students/mixture_utility/augment/11/model.json": "7b5a7cfb036913cb418686e35ea2fa3b73a0ea4e3649c9361f374a638e464175",
    "runs/wine/split_17/generation_202/students/mixture_utility/augment/11/weights.pt": "bc72336cc1dd299bad12e5f5bcf157c1e34423c5a31deabf87bec5616e58f3dc",
    "runs/wine/split_17/generation_202/students/mixture_utility/augment/7/development_predictions.npz": "cf1fc792f32dc5e022704650d720bf87d28c6480af13804f357ff7cc56d98e0f",
    "runs/wine/split_17/generation_202/students/mixture_utility/augment/7/model.json": "f3b099f522bcf096d1279d25757f6b7f8f5453bfacca19c7a0a34743c6b218a3",
    "runs/wine/split_17/generation_202/students/mixture_utility/augment/7/weights.pt": "4a0cd2ffb10a2e059e188982ad9dab5d9083eb61bd7eac028c67b4e51b83e4c9",
    "runs/wine/split_17/generation_202/students/mixture_utility/augment/logistic/model.json": "7dd2aee3f7cb5a92567da051ae533537e1c931b2c6e6657b0a4f77ca6ecd5cc0",
    "runs/wine/split_17/generation_202/students/mixture_utility/synthetic_only/11/development_predictions.npz": "61d7e4caea2e828798c4f716106f53247a201c5db28778923f6833a0b7abd961",
    "runs/wine/split_17/generation_202/students/mixture_utility/synthetic_only/11/model.json": "6c173ce186c21aab2edb1cf21f659ed42050b667400994e9031efe6f7056257d",
    "runs/wine/split_17/generation_202/students/mixture_utility/synthetic_only/11/weights.pt": "b77c0bb6ce31a98f27f401d864b0c5416c6cba814b35bb4fd125205ae68a3636",
    "runs/wine/split_17/generation_202/students/mixture_utility/synthetic_only/7/development_predictions.npz": "fd8cee64646fc40fc70c013eda177301960b93e3fc42ada5584d48feed41a880",
    "runs/wine/split_17/generation_202/students/mixture_utility/synthetic_only/7/model.json": "5ec602034a7a140efde1d33fe6f6da2e459fd99d92c61d87f4105c72c2d164a3",
    "runs/wine/split_17/generation_202/students/mixture_utility/synthetic_only/7/weights.pt": "0603e9cb68d3a600953b009b3f70179f1b60bc9fcff87d8f33f3e0d05cd0712d",
    "runs/wine/split_17/generation_202/students/mixture_utility/synthetic_only/logistic/model.json": "3d94c94361b0a73d3ea23199f45c2f096a3f00c09a580ef11dde702fe9c9363f",
    "runs/wine/split_17/generation_202/students/mixture_utility_support/augment/11/development_predictions.npz": "961b71064b9435472fd05937c36a9043eb35113a7aa8da389fea7f6e9fe36ae6",
    "runs/wine/split_17/generation_202/students/mixture_utility_support/augment/11/model.json": "16181120c8caddb8497e1bf9a5a43930169f2a27bc5869ab937c58353bb0268e",
    "runs/wine/split_17/generation_202/students/mixture_utility_support/augment/11/weights.pt": "3e5c91accc2f7862ce6fc3c72c901514e5aceadae27ec68e1f6da3a36b1ecdbe",
    "runs/wine/split_17/generation_202/students/mixture_utility_support/augment/7/development_predictions.npz": "2eee79c71aa91b4f4bb154a5bd61960a6648667e88a06f4ec07fb6709a51cd26",
    "runs/wine/split_17/generation_202/students/mixture_utility_support/augment/7/model.json": "b960515054aa7befb26c55426aef3e321ce2df25ffdc352afbc35e7af7b3d1ae",
    "runs/wine/split_17/generation_202/students/mixture_utility_support/augment/7/weights.pt": "87fa40a616e9bf38d83e7645a628b1b97d09f296ff14b410483f3708c0c99624",
    "runs/wine/split_17/generation_202/students/mixture_utility_support/augment/logistic/model.json": "7f986e70adcaac2edd5c3934f4f6fbcce81f4236051f67ee9fe8b11b382617b9",
    "runs/wine/split_17/generation_202/students/mixture_utility_support/synthetic_only/11/development_predictions.npz": "2b36d4fc28226e739f9f5f245e38796c763e3359f38d151c6c0b20d354ce3f48",
    "runs/wine/split_17/generation_202/students/mixture_utility_support/synthetic_only/11/model.json": "a5d7c3d591fa39f0025770dbb406d6b725e25a9e7e4e5d918c9360dc0b5c2463",
    "runs/wine/split_17/generation_202/students/mixture_utility_support/synthetic_only/11/weights.pt": "0a1b7e99e27c07ebbdb3cfb70cbc0333e46493174a5e795de615fa611fe7d152",
    "runs/wine/split_17/generation_202/students/mixture_utility_support/synthetic_only/7/development_predictions.npz": "1d3344b192442c59f24870467c04c9cddd15dc035fcc2be2db42484c2deeef61",
    "runs/wine/split_17/generation_202/students/mixture_utility_support/synthetic_only/7/model.json": "3e9c86359437bdc90350a3898c270ca4eebe660e53b3f3dbc1ccbf7b959f412d",
    "runs/wine/split_17/generation_202/students/mixture_utility_support/synthetic_only/7/weights.pt": "7e1fd2508d26f45f68cf30289c3d488f27f2951288e305949b2d2e5fbe343f77",
    "runs/wine/split_17/generation_202/students/mixture_utility_support/synthetic_only/logistic/model.json": "22b2bc29350da534a45503898dc42f185aa6168aff8c5bc0f20ad53b98848947",
    "runs/wine/split_17/generation_202/students/real_only/real_only/11/development_predictions.npz": "c89803b5e112fc59f8ae3e576db03eb5b92fa261b517c267509d0d0b0a827723",
    "runs/wine/split_17/generation_202/students/real_only/real_only/11/model.json": "f486110955405e71410c492062c89795319f403b07dc908caac747ab1c278c6c",
    "runs/wine/split_17/generation_202/students/real_only/real_only/11/weights.pt": "b2b63ef812ec89478fd7414fb859a99281edddbb0183ba61129e57e5414e0575",
    "runs/wine/split_17/generation_202/students/real_only/real_only/7/development_predictions.npz": "31de9831d5bff03acb565b940e41725b6d938e399225ae0f9480182d28d3a1eb",
    "runs/wine/split_17/generation_202/students/real_only/real_only/7/model.json": "36d7cc8e51d8dcd815ded930c24a829f51428b38b536b70a7d8da30546ddb068",
    "runs/wine/split_17/generation_202/students/real_only/real_only/7/weights.pt": "7565a0d39de56c992fdca705c46175149a8cecebd18344cd6ed65cae827c24e6",
    "runs/wine/split_17/generation_202/students/real_only/real_only/logistic/model.json": "f4e3bade6433f6fc24411e1ec43809699558761dba9af7a96e43e422f517fe6b",
    "runs/wine/split_17/generation_202/students/smote/augment/11/development_predictions.npz": "5690326355f26e61bde641b54b4b27121d6d34a0db76a9f0dd71f4edf53e139c",
    "runs/wine/split_17/generation_202/students/smote/augment/11/model.json": "d2996d42eaa95dfa5c7b7ea669492ab83f0373b0ed5d05f95ef5e8cf2294883b",
    "runs/wine/split_17/generation_202/students/smote/augment/11/weights.pt": "e8d0311a9039e5147496c3f1080cba9709f1cee03a6d999df81ba9e5f413a2a7",
    "runs/wine/split_17/generation_202/students/smote/augment/7/development_predictions.npz": "81cc6599181f2e84d23c4dc85fde71002bc6244b4495460245b529f4d85d471d",
    "runs/wine/split_17/generation_202/students/smote/augment/7/model.json": "3e14fb0e296f44e081663917101af66806d0dfc162c87a56587fe6de4efd2d20",
    "runs/wine/split_17/generation_202/students/smote/augment/7/weights.pt": "b5aab187125a728c74719f7e276da2ccfb7b18b8c9a30459ac15b3d7c5d225a4",
    "runs/wine/split_17/generation_202/students/smote/augment/logistic/model.json": "4bdb8cbb7f09bdeb3cef2e6d1d02dbd88d3d779435c13e6554624b3849d26c84",
    "runs/wine/split_17/generation_202/students/smote/synthetic_only/11/development_predictions.npz": "8108178305e88bc36612a75b2acbd5a9d484609f958a8f4ad9053b937eb938dd",
    "runs/wine/split_17/generation_202/students/smote/synthetic_only/11/model.json": "73882b9e4e5f9a428cdf93cebe3dc83c975aed76805eb9f4a45ab2fe702f8d92",
    "runs/wine/split_17/generation_202/students/smote/synthetic_only/11/weights.pt": "7dd7945b8fc7d98ed1e2e6eaca24121dd70a37f08f919f2c60fd252d8d68cd89",
    "runs/wine/split_17/generation_202/students/smote/synthetic_only/7/development_predictions.npz": "5edd4fb4a22484ebee63f754197e0a73c8eceb587348fc92d8be2732b10aa141",
    "runs/wine/split_17/generation_202/students/smote/synthetic_only/7/model.json": "56df119b7d1b38eb3cecec256fdbe5864c2e40905e260f3856407e4a239e8f35",
    "runs/wine/split_17/generation_202/students/smote/synthetic_only/7/weights.pt": "a7b509c0098ac3d92de36b01253e5132350d454df7584b13c154da7b8b56e1d7",
    "runs/wine/split_17/generation_202/students/smote/synthetic_only/logistic/model.json": "6d22699a49933e76da105ede3357873e5ffa5891bfe91c3160fce7cb04543376",
    "runs/wine/split_17/generation_202/students/tvae/augment/11/development_predictions.npz": "87df77430c28c953e4274b885633b5ecc2b4ee1be0d1441d483ac77d2849826b",
    "runs/wine/split_17/generation_202/students/tvae/augment/11/model.json": "4d7124d0588ff1fa1ca57dc3f3bca35165fc8b63f075bffbb6c0729371eade1d",
    "runs/wine/split_17/generation_202/students/tvae/augment/11/weights.pt": "68adfbcc2caa1f8bbaa80eeeb4689cfef2aad813769fda4fc26946e5783fa50e",
    "runs/wine/split_17/generation_202/students/tvae/augment/7/development_predictions.npz": "5ccdeb541028c2c55cbb4973951e30ed1aaa968d8de8b71b6db8e8c121d4b0ba",
    "runs/wine/split_17/generation_202/students/tvae/augment/7/model.json": "d2ac597d1a14c12b90097efa9b40aa5eb8d09cab5078d63613fe815adb49d237",
    "runs/wine/split_17/generation_202/students/tvae/augment/7/weights.pt": "f72be8b08ed60e13acc31f04904d155955c71b4652d98dafd15fa6d97ff8350e",
    "runs/wine/split_17/generation_202/students/tvae/augment/logistic/model.json": "5c3d3cb855e28a175825742a5d3af71232d467eb32f2e19c9754e3d57e0657a3",
    "runs/wine/split_17/generation_202/students/tvae/synthetic_only/11/development_predictions.npz": "3ba66955bb0c1385330826aa10fe370f48e794013d9789af72e066a8127e9393",
    "runs/wine/split_17/generation_202/students/tvae/synthetic_only/11/model.json": "21cdb295ff9df407293a54c250c2fab86a2644635048c5b209637002137886c1",
    "runs/wine/split_17/generation_202/students/tvae/synthetic_only/11/weights.pt": "b9b658f1d7a10280ef99a96afe3322e743f513ededd753f0a0ef33d741e4cfa8",
    "runs/wine/split_17/generation_202/students/tvae/synthetic_only/7/development_predictions.npz": "8ce54b4926f0ec42372acb2f40750d47ccda646b171dac1807b954575fa1df9a",
    "runs/wine/split_17/generation_202/students/tvae/synthetic_only/7/model.json": "f0cc41c49701ad1bec1e42e20f5767fbdccb3fdd394edc51e3c177dda0474f7e",
    "runs/wine/split_17/generation_202/students/tvae/synthetic_only/7/weights.pt": "34d48afde328bde0648596c6df60757da7d89ce748cdf750e8c6dc89db3cf794",
    "runs/wine/split_17/generation_202/students/tvae/synthetic_only/logistic/model.json": "cb34c28588ba7b0c2dd45634a4bbd1b182eda85fcdccc5827662deed002b1115",
    "runs/wine/split_29/generation_101/datasets/bootstrap/manifest.json": "5bd440a0a715f62d1c7f6378296339b672668ad595b57a03393076af33f13ea4",
    "runs/wine/split_29/generation_101/datasets/bootstrap/training.npz": "1d584767fe3c79f9575abd5f40316e51dc08f1e8e9ea723a159692c2c8f97f82",
    "runs/wine/split_29/generation_101/datasets/copula/manifest.json": "710003bd6230a79219ee34c84e840d64a15f70454e43b3dab8e15bcfd305625a",
    "runs/wine/split_29/generation_101/datasets/copula/training.npz": "3b0b72f6ffd22a38ec1e88a294a4174c4f2245996434c7017886511095387215",
    "runs/wine/split_29/generation_101/datasets/ctgan/manifest.json": "2791073967a2989ce15c9b8f7e0805f984f52750e812718f9f33732260e0e141",
    "runs/wine/split_29/generation_101/datasets/ctgan/training.npz": "a3812d867cd64c8fb5dc0317ac924024ac5486e92776604b662bd4e49b31e6b9",
    "runs/wine/split_29/generation_101/datasets/ctgan_one_mode/manifest.json": "4f8a8c1a0fe2869f8bfe1403b1565ff368667800a3b0b53009fda48ec5aa7022",
    "runs/wine/split_29/generation_101/datasets/ctgan_one_mode/training.npz": "dfc38a62771ed792d9799878bef1c05f9c4ac2adfe5317f6ae8300543b98abba",
    "runs/wine/split_29/generation_101/datasets/ctgan_unpacked/manifest.json": "adab4bb8d351e3bd7e3abfd2b3afec99ff17576baf58d18df45eb066905e0ee0",
    "runs/wine/split_29/generation_101/datasets/ctgan_unpacked/training.npz": "ee219eec9b1aa400ebce1d3b8c4ad7e9f10f8051fe51e2fe2881bee8c8cbff9a",
    "runs/wine/split_29/generation_101/datasets/ddpm/manifest.json": "464a57bfb7252eba1e82bf4c6def9019046941edb77a2ad541662b21187b7c5f",
    "runs/wine/split_29/generation_101/datasets/ddpm/training.npz": "ab1fe2b0515ce7318098c676f0701dcb1c74a4ea19a51d3b7f8d6d54897d2985",
    "runs/wine/split_29/generation_101/datasets/ddpm_standardized/manifest.json": "f94eddadfd061acb6397e633d7cf5aa92e2bf866d4b4401727736f89a877b313",
    "runs/wine/split_29/generation_101/datasets/ddpm_standardized/training.npz": "5e19515505ff0c4425d209944e37871998b44a2d615ba565abcdd1684ec83cb4",
    "runs/wine/split_29/generation_101/datasets/ddpm_unconditional/manifest.json": "6c657a9afdb8aaf8f64f3e75618422b385ec6d3eb8d129935fbacee386971f59",
    "runs/wine/split_29/generation_101/datasets/ddpm_unconditional/training.npz": "91c3b13b1d8c674407701135ff467e6a406e90f8117f81b066b7f15c59064a98",
    "runs/wine/split_29/generation_101/datasets/mixture_support/manifest.json": "6376144fea30392312c6f206c1edd3d4bde932c6c6d8755588c089b3167bddc2",
    "runs/wine/split_29/generation_101/datasets/mixture_support/training.npz": "d0de897271f369629d636ab43b96f510e9e8e01a94bd7feffe197d85b98b2b5f",
    "runs/wine/split_29/generation_101/datasets/mixture_uniform/manifest.json": "616693dd213030f422d6ab15f717aab332b63c35ac05902462aede918c5790aa",
    "runs/wine/split_29/generation_101/datasets/mixture_uniform/training.npz": "c881b5672ec30bb934eabefdd8f7be51ece757b7ddceb74a8c06896f1ba056ab",
    "runs/wine/split_29/generation_101/datasets/mixture_utility/manifest.json": "5eee9a142e2bffe7539d6f0d42058e1f2b362bc9a151b1f2a031be9ea5003380",
    "runs/wine/split_29/generation_101/datasets/mixture_utility/training.npz": "99577633ca792d2e8f89c44ae86df7e9225d0c272c273e12926d5a28b7ee87f9",
    "runs/wine/split_29/generation_101/datasets/mixture_utility_support/manifest.json": "bc1c0eceb1183b097d5bc6ded8e08fd406d8f480ab5110bc17ce6f02b6879a81",
    "runs/wine/split_29/generation_101/datasets/mixture_utility_support/training.npz": "e2c1f071255d1fc03d59fc2b1c06de16be08baa3ecf7319c45d9b8aa5c32fac5",
    "runs/wine/split_29/generation_101/datasets/smote/manifest.json": "45c82a8c32bf9a7fecb259e966671c53bf4b66b707359764f333deff50b6ca15",
    "runs/wine/split_29/generation_101/datasets/smote/training.npz": "3e7bdac16c1930a448717ace8db8c5afb154c3ebea41e0ad3a8bcaa74727a95a",
    "runs/wine/split_29/generation_101/datasets/tvae/manifest.json": "4f45f44cb3f777fd1acf7c238294eff4f0070a129a1b03aae1d2aa8e7172a4c1",
    "runs/wine/split_29/generation_101/datasets/tvae/training.npz": "ca3391a6973c2cd1dd89f0011b2db1c68ee0846ff906371b8f0a076f3be6cd6d",
    "runs/wine/split_29/generation_101/development_selection.json": "30d28069eae893d3b41b85782d1c8055a0311001e2a4c9b92d476768c33d758f",
    "runs/wine/split_29/generation_101/generators/bootstrap/audit.json": "3db05a4520d782fefd1122c9eb5884e7c9518c176fb8c01bfd7053221162a0f9",
    "runs/wine/split_29/generation_101/generators/bootstrap/model.json": "25fd764cf9f9f94f464fd088167a6327b047bba8dc0a856c1d4c42fe73c55b08",
    "runs/wine/split_29/generation_101/generators/bootstrap/pool.npz": "d6e9e4d16fbf4c082ea56dd7d533ba11f18ea8e8b3bd204f625ac62ffc280893",
    "runs/wine/split_29/generation_101/generators/copula/audit.json": "2bd39725f7976be28ef595b5bf20f0b3bb30c8617f78e8b815cc8ebf431c799c",
    "runs/wine/split_29/generation_101/generators/copula/model.json": "277f1387867f6ef90ea869a12469feb166ca58a70711740151c6d2d027f9f923",
    "runs/wine/split_29/generation_101/generators/copula/model_arrays.npz": "6f28faa648077ad84f695cf861c133b6043cee1f8d235e8aea77de30ffc60c7e",
    "runs/wine/split_29/generation_101/generators/copula/pool.npz": "eb3be82659fe8fd99697c82974e171dc90fc9019a0386e085fa4ec51216e7eed",
    "runs/wine/split_29/generation_101/generators/ctgan/audit.json": "595691add56fc4937d2f8a865a19aed09ba6d1d3a39a786066879a9c5ddd34fb",
    "runs/wine/split_29/generation_101/generators/ctgan/model.json": "82c24f86d89ec2ec7d31646c481cab6d0a09b37a336395cd0eaaacb6928c815a",
    "runs/wine/split_29/generation_101/generators/ctgan/pool.npz": "81d69501c8b8de261402306ca43a5f7144d059a19e4344219e26ad95c1837230",
    "runs/wine/split_29/generation_101/generators/ctgan/weights.pt": "e3e42b9495c9586153ef9410e09f0909278fef3ff3bdb62c119ffb84996e2d4f",
    "runs/wine/split_29/generation_101/generators/ctgan_one_mode/audit.json": "f1041f47cfb63bd38aec3f32ed95aa06213b0522469d4f644a7a019851099b88",
    "runs/wine/split_29/generation_101/generators/ctgan_one_mode/model.json": "166a6f2666696a681985fc612e391a9ede563826a130485584f740b04aa8c87d",
    "runs/wine/split_29/generation_101/generators/ctgan_one_mode/pool.npz": "4cd41e2786c4f40737062d3f4e3ed0f147d4f8797e1c9999627d0a80d1d991fc",
    "runs/wine/split_29/generation_101/generators/ctgan_one_mode/weights.pt": "b76efa39b0338db4d17e8fd3c18b9ed420f59581da52414cdb0c8a3940f0bb3e",
    "runs/wine/split_29/generation_101/generators/ctgan_unpacked/audit.json": "36de80ce691735889e454159c2bea793972f89cb3248d85146d748e5537ed299",
    "runs/wine/split_29/generation_101/generators/ctgan_unpacked/model.json": "0a974d2513ab1ba731ba7797d7f16ef196506607c74185e4a292ff6dfb4db39f",
    "runs/wine/split_29/generation_101/generators/ctgan_unpacked/pool.npz": "feb3cd5bf46db316652ae70b17cee7972ce0523841caad2b9964da77af854629",
    "runs/wine/split_29/generation_101/generators/ctgan_unpacked/weights.pt": "050910471501b1bdcc8aea4f46fe3a1e7fd611ae75a64bc86b85b94fca31b9bc",
    "runs/wine/split_29/generation_101/generators/ddpm/audit.json": "65b9c6c3f873f0a3ddad48424c2c23c924e25bba5bcc1f7b53ca56e45d418f25",
    "runs/wine/split_29/generation_101/generators/ddpm/model.json": "530a0762cb9c8a6c0693df8569b5fdc9e658f4ab075bce2ace361a2908e35567",
    "runs/wine/split_29/generation_101/generators/ddpm/pool.npz": "21225735156ecac8aa9f793b775eeed73b6e2b85cd1d5caaa6b31c5fb570a3e1",
    "runs/wine/split_29/generation_101/generators/ddpm/quantiles.npz": "1570859b2493e39cd9038520fabd2a99e95b1f547a3549a222377e27fb17578b",
    "runs/wine/split_29/generation_101/generators/ddpm/weights.pt": "1ad24d6d303ddad98f16a2bf94f75df73746d6ee7bad2920e608455f43ffd54c",
    "runs/wine/split_29/generation_101/generators/ddpm_standardized/audit.json": "e2159d2c6a2231028d545055a2dbe08eb5995284ebff72c19716995c23087621",
    "runs/wine/split_29/generation_101/generators/ddpm_standardized/model.json": "d67a5a790de9d6df5a519afe605b117fe342316a9b81629817ccd4e7e4dbda3e",
    "runs/wine/split_29/generation_101/generators/ddpm_standardized/pool.npz": "2c7c42eed41ad77619753182a5713ed7a4d0d455502b76b2c24485a3d217d67c",
    "runs/wine/split_29/generation_101/generators/ddpm_standardized/quantiles.npz": "ea313975559229e1cd456f88a912597049947c68b31488faae05d04e4a3694ea",
    "runs/wine/split_29/generation_101/generators/ddpm_standardized/weights.pt": "599161f2ae45031b8524006d6dcb3cd37d46115dd944af35053d47d11cda977f",
    "runs/wine/split_29/generation_101/generators/ddpm_unconditional/audit.json": "ae2e2c5e6c8c1f9b8e1ac76ce018197559de124f37e07025a96a6750a45010a3",
    "runs/wine/split_29/generation_101/generators/ddpm_unconditional/model.json": "6cc17cd8ad4994f67df1188a9e026c1b89b9fd4735f5fdb5874b112be592e67a",
    "runs/wine/split_29/generation_101/generators/ddpm_unconditional/pool.npz": "7eb4181fff593d6dea0346317342b0712f7d7efdc7079583d959b1d7178a78f8",
    "runs/wine/split_29/generation_101/generators/ddpm_unconditional/quantiles.npz": "1570859b2493e39cd9038520fabd2a99e95b1f547a3549a222377e27fb17578b",
    "runs/wine/split_29/generation_101/generators/ddpm_unconditional/weights.pt": "171d7369188c22071d675cdabb8a304859bef67aa7e52c92407ffd8f317c42f0",
    "runs/wine/split_29/generation_101/generators/mixture_support/audit.json": "fe37f0d8e6c38b95844dc451b8363f6f30bd7ad294c7ba2efa9b407a1f78ad0d",
    "runs/wine/split_29/generation_101/generators/mixture_uniform/audit.json": "6cdbec236556a1a7fa4d606b39028a9245dae7f5ffa01d89bae7f9a06b43365d",
    "runs/wine/split_29/generation_101/generators/mixture_utility/audit.json": "7ef4bbed0d875c0a10118c070c6681a3e8679ea1c5d61c3039a442bd3c1d47b1",
    "runs/wine/split_29/generation_101/generators/mixture_utility_support/audit.json": "6229d41dcc305191854b9a046a28356b452d1111b02d0fd9c3521b883f83f092",
    "runs/wine/split_29/generation_101/generators/smote/audit.json": "04aaac10756bf573f0146016eff7b896b6386bda8d801fe65897385b7f8b80b3",
    "runs/wine/split_29/generation_101/generators/smote/model.json": "b0611af090ef41197467c3da069b985b0e43eb4421060d5f44c99e542f83a7d8",
    "runs/wine/split_29/generation_101/generators/smote/model_arrays.npz": "f70f0219322078d6f9522a745ba66345d084488ff188b3a5e2c4fa7de7c171e5",
    "runs/wine/split_29/generation_101/generators/smote/pool.npz": "be011bb9009a218834f7711b90b7004b8c8f0cc24cd09058b3889a050ad268e0",
    "runs/wine/split_29/generation_101/generators/tvae/audit.json": "b99a9c06c252f90f87e46dcc4df16730a6f14f93642ddaad07862d397fb8491c",
    "runs/wine/split_29/generation_101/generators/tvae/model.json": "b6562deb1600f04e03c09bd3668463f05ca0921dcf5ecd9ccf53f2c4d141a95a",
    "runs/wine/split_29/generation_101/generators/tvae/pool.npz": "5ea2a4f057d370c008a8a642ad1acab4d1df10fd67375d90d2a1c3438ea14a21",
    "runs/wine/split_29/generation_101/generators/tvae/weights.pt": "f7d086406a40c6094092d482f33610f031f873c8ee6302657dd726696f3dc8cd",
    "runs/wine/split_29/generation_101/index.json": "9c21659c1447aacfba75095a845c56e51af433eea853f5607c4f261e46b1f60b",
    "runs/wine/split_29/generation_101/portfolio_inputs.json": "57c6aca4b51eb23709e0a40338605cd8fe128ecc9502b21005f8915ea772a8b6",
    "runs/wine/split_29/generation_101/probes/copula/11/development.json": "dc082aa8f97eea727a9e4d7ec53226e66d3f3fa6e2d69e53660b643edf439902",
    "runs/wine/split_29/generation_101/probes/copula/11/model.json": "a3c489a2c0fa3294542b0cce94246faa74013aa4356f117f39b9f4f10afd0e18",
    "runs/wine/split_29/generation_101/probes/copula/11/weights.pt": "c0ff2b2ccb57fb600c61055268c040af9a5cc1bae36c6dc88152172993ab4660",
    "runs/wine/split_29/generation_101/probes/copula/7/development.json": "fac805c8a135a3ccf8a3e352b2661e650d431a177165356d6f0f57bc77f69f2e",
    "runs/wine/split_29/generation_101/probes/copula/7/model.json": "9b41c25e69076812ccacd645195bb1f2d522fb8e290840b0bc08e4145af479cf",
    "runs/wine/split_29/generation_101/probes/copula/7/weights.pt": "0b55cb93827205ed0b9394f51fc756f40ab9b62724e189e562dbb061c4b96d1d",
    "runs/wine/split_29/generation_101/probes/ctgan/11/development.json": "40029c3cfb73baa71bdf31ea1390b1e9ee2bb95c633c883bef706bebab130f8d",
    "runs/wine/split_29/generation_101/probes/ctgan/11/model.json": "b2e30062f085d6f294d8dcdb6d7cd40de4b66e2c9883e2f6b6a0daa9337bf41b",
    "runs/wine/split_29/generation_101/probes/ctgan/11/weights.pt": "7be06649b308fcab4d74ac8a757c27f6ec9737a220c1f5b41adc206bbf6b3bdb",
    "runs/wine/split_29/generation_101/probes/ctgan/7/development.json": "de137d372afdc455b45d9ac16d7db8c8ed09438a989f8ead8f30ea396f16894b",
    "runs/wine/split_29/generation_101/probes/ctgan/7/model.json": "b73da628c82cad140c8b059c37d501e8856c15f21fc7ef7958af76310eb42e78",
    "runs/wine/split_29/generation_101/probes/ctgan/7/weights.pt": "39ba20cdb965716b82c2b2e3b2d04d2e7f7fb82aac08708f89959f96b1087faf",
    "runs/wine/split_29/generation_101/probes/ddpm/11/development.json": "a9fd07e25b31ca31763fa86b6c3d1f2023c3b7c505e0aae0c6069996865e3bd8",
    "runs/wine/split_29/generation_101/probes/ddpm/11/model.json": "08dcd8fe138ccf83d728406c23c825d701e895ac5e99151ed8b156c9b514b5c9",
    "runs/wine/split_29/generation_101/probes/ddpm/11/weights.pt": "2348343c623ac0bdbdbeb052dc02ca770e0720f3d4f8906ccea6f454026a6821",
    "runs/wine/split_29/generation_101/probes/ddpm/7/development.json": "dbb1a2fd5f30e403fe60048dba597fc981479e0f60b3ede6219c962a2020bc41",
    "runs/wine/split_29/generation_101/probes/ddpm/7/model.json": "55918b1cee45c9a9a384ed7d1acc6df3575609b785facc083ffe409c98a984a6",
    "runs/wine/split_29/generation_101/probes/ddpm/7/weights.pt": "c29a76694dc81179a48b606254f548bd12c4408d9bfa8d933c920d7d98db592e",
    "runs/wine/split_29/generation_101/probes/tvae/11/development.json": "1693ac03d8bd42c4fbab3cabbb07a40abc998e5f922ca59ba62517e67014ec05",
    "runs/wine/split_29/generation_101/probes/tvae/11/model.json": "6d8dd0b1f5356a06f2426c725407b469d4efeac5460c9a93fa868cff0635f365",
    "runs/wine/split_29/generation_101/probes/tvae/11/weights.pt": "54578d9938c08f6dc7d16e5cac0d794516c65e93f53e2eba4b94a1c246219ef3",
    "runs/wine/split_29/generation_101/probes/tvae/7/development.json": "c22064da42bacaaf6fe26a1a22cb8a5948187cbbbb291131c6ae22330429953b",
    "runs/wine/split_29/generation_101/probes/tvae/7/model.json": "7a42676ecdec04b55cdd78fd6b02448da6f1610806f6aa8a675ccff49dc3d333",
    "runs/wine/split_29/generation_101/probes/tvae/7/weights.pt": "d32b38fd17f1ce86461f60d0b689c922985c81480aa658cd553c3a3ff61f1e1c",
    "runs/wine/split_29/generation_101/students/bootstrap/augment/11/development_predictions.npz": "92744595348981629886593a646792ddc99079d5cdc84b526831bbfbc5f3425f",
    "runs/wine/split_29/generation_101/students/bootstrap/augment/11/model.json": "107b16e48e6bf7dea3dc474233826f56cce62139e202f66e317bf1feee1d8ba3",
    "runs/wine/split_29/generation_101/students/bootstrap/augment/11/weights.pt": "e3ee006bd497adb7cdabbcbf7a7481f781be828b916c7d46650c77297ac8abf3",
    "runs/wine/split_29/generation_101/students/bootstrap/augment/7/development_predictions.npz": "19f9d205437aa51db7a2c191febe42d8b3b0a1f377564a2b96275737867a8391",
    "runs/wine/split_29/generation_101/students/bootstrap/augment/7/model.json": "c6b170e2494e33cba8f4a3b8e19c7b0b719672a7c4e12f7d1591b07aee739d1b",
    "runs/wine/split_29/generation_101/students/bootstrap/augment/7/weights.pt": "d021dbcde78fb063db0930eae195529b9b0205091bfc5cbc04339d370f590151",
    "runs/wine/split_29/generation_101/students/bootstrap/augment/logistic/model.json": "bcce9b3a8f64ed7009194513a624807897d4d9c8221d42eb2cf9709d0e8a43c7",
    "runs/wine/split_29/generation_101/students/bootstrap/synthetic_only/11/development_predictions.npz": "5c63624e9d1da09b8b4ae6201d187b70f9c2d8f867d1d176ff18f60bbc57851a",
    "runs/wine/split_29/generation_101/students/bootstrap/synthetic_only/11/model.json": "c0cb3e287c658903e36e8cf8078a299a9c406e973dae5623ed0f8d0a736de931",
    "runs/wine/split_29/generation_101/students/bootstrap/synthetic_only/11/weights.pt": "e39ae164b307b4b1849fe33666d9ea2b0d7eb2cec4f1845b137a653dfb7b3997",
    "runs/wine/split_29/generation_101/students/bootstrap/synthetic_only/7/development_predictions.npz": "5995397a0a3896068ab3c2a24b6a4e5927e7972137468a96bd1109240a2c479e",
    "runs/wine/split_29/generation_101/students/bootstrap/synthetic_only/7/model.json": "01f78a157556c1d7db2620a39aa3ac0c12af77aa735d31dd31e2517e78a65f58",
    "runs/wine/split_29/generation_101/students/bootstrap/synthetic_only/7/weights.pt": "165b14b0750bb619e27631a7cacace0507d52b864c4e2e2207f9284baf9d82d8",
    "runs/wine/split_29/generation_101/students/bootstrap/synthetic_only/logistic/model.json": "c717924102ef6153a451b29aed81ff12a35a2da74dbe955244c979ce1481d9ae",
    "runs/wine/split_29/generation_101/students/copula/augment/11/development_predictions.npz": "16b45c49b97d246192c3666ebc9c1edd2cb608d38fe9540d116aeaadb7cd1ca1",
    "runs/wine/split_29/generation_101/students/copula/augment/11/model.json": "8270cf2459c4bc95ba458ad0dd128fc8c93c817a55439eaa46ab3805a568377f",
    "runs/wine/split_29/generation_101/students/copula/augment/11/weights.pt": "c29bbbf2d82bcbfbb1f280a15d2da2f8120dd392278b8fb7b42eae16c9f2839e",
    "runs/wine/split_29/generation_101/students/copula/augment/7/development_predictions.npz": "31a15beec909f7f71e23bc8faa4d1317e2f4d37f8d414ebd063fe7d44c1f1b12",
    "runs/wine/split_29/generation_101/students/copula/augment/7/model.json": "42f020c189276a720ad7a46964397141803488e17135c650c2b76821a1a04eda",
    "runs/wine/split_29/generation_101/students/copula/augment/7/weights.pt": "033bec02dc8e1a4aed91221ac8ac9a0ebb585f0d187a9647a7ff14ab3d6dcb8b",
    "runs/wine/split_29/generation_101/students/copula/augment/logistic/model.json": "052ad0628732b24deca33f5c07065c909ad19ca8bac355275c0533f3707553e2",
    "runs/wine/split_29/generation_101/students/copula/synthetic_only/11/development_predictions.npz": "335edb664fd079f72df34e7cfdf388cb7571c5965afa2a9fe8ec412f74f4b1bc",
    "runs/wine/split_29/generation_101/students/copula/synthetic_only/11/model.json": "d2722e2a062a24ae9ec919d516c39450ea7d7127f1c4ccdfe7cea8e22018f33a",
    "runs/wine/split_29/generation_101/students/copula/synthetic_only/11/weights.pt": "a9f7bcbdd36693a776ab7fdf6ab4031c8ab48a9342ced45098e5b79a495351ef",
    "runs/wine/split_29/generation_101/students/copula/synthetic_only/7/development_predictions.npz": "4c0ace48cd764581d5ab5cfcbdbeb2bdcba036386331f20799a963cf56feaa05",
    "runs/wine/split_29/generation_101/students/copula/synthetic_only/7/model.json": "5ed8cabeff40b8d3f9ad41d86eebe04d015d191b06a9e0f20dadf926b0cf6ae1",
    "runs/wine/split_29/generation_101/students/copula/synthetic_only/7/weights.pt": "117fcc8f9f8dec682ff8852fcb552679670fb30e43fb6bbb15a83522368fc075",
    "runs/wine/split_29/generation_101/students/copula/synthetic_only/logistic/model.json": "6520b2c107407ebf75ca527ec56f7c61dd38b4326450cc44be6f741cba79ad8e",
    "runs/wine/split_29/generation_101/students/ctgan/augment/11/development_predictions.npz": "a779f24ad67895ed024e7b6c94de26c8164dfbc299062a7ba8d51063ee206457",
    "runs/wine/split_29/generation_101/students/ctgan/augment/11/model.json": "d79c602bc57ae635686f600fab07e210b87be7aa84e081cbdca7ed1b658937d7",
    "runs/wine/split_29/generation_101/students/ctgan/augment/11/weights.pt": "f46b829e3a1b58681591fda094dd1ab079c7d9d485ddad7feae6e9ae223ea03c",
    "runs/wine/split_29/generation_101/students/ctgan/augment/7/development_predictions.npz": "3ffb63b093ad40dd61986292a4d0260f1fdb7ab289be8506590d68f8de9f3688",
    "runs/wine/split_29/generation_101/students/ctgan/augment/7/model.json": "367db8e73d96328d1f19d1ca2173f44c9b6eb482382eaca24bc264ebf5ff2fa5",
    "runs/wine/split_29/generation_101/students/ctgan/augment/7/weights.pt": "1d8b4465b7451a6823dafc88e5b03fc8ecac509da51a0b7922d8071a8ceba52d",
    "runs/wine/split_29/generation_101/students/ctgan/augment/logistic/model.json": "b83e6ffba76b2551fe3e50b8fc3818eb107b03ab280de2c10f0199cb715914b2",
    "runs/wine/split_29/generation_101/students/ctgan/synthetic_only/11/development_predictions.npz": "81ed3d5b5f8ec2f839dc125d75d31fe6972a0f0171331aaa3fd39dadee761b4e",
    "runs/wine/split_29/generation_101/students/ctgan/synthetic_only/11/model.json": "b2b00d29828ab7cd8436092b877757f3e322ab16206c3610d596269527d6af60",
    "runs/wine/split_29/generation_101/students/ctgan/synthetic_only/11/weights.pt": "3e5735c4b8aab6be0c985e2783109d8bfa323423932c77a3b481519c2a82c281",
    "runs/wine/split_29/generation_101/students/ctgan/synthetic_only/7/development_predictions.npz": "9f77296fb2d33f1d2426595d6af1a02c32e68713bfd98e3dbccc36c326173098",
    "runs/wine/split_29/generation_101/students/ctgan/synthetic_only/7/model.json": "ae507297cdc53ba27149323c29a01b95908fb5ac3c6dfd41fce99533f779bd19",
    "runs/wine/split_29/generation_101/students/ctgan/synthetic_only/7/weights.pt": "f7ae5bd2892265d5844d2673c3bdf644791d445130e860660907b96442dec7e8",
    "runs/wine/split_29/generation_101/students/ctgan/synthetic_only/logistic/model.json": "c5bb43ba3abc4a21272314a9413f7b05d7b81dcd5a0a779248cc8dd2cd1cfbda",
    "runs/wine/split_29/generation_101/students/ctgan_one_mode/augment/11/development_predictions.npz": "d438ad5863098e74a2fbb9d19b8e48f691ae0cc9be3b042daedbf416bdeb9a92",
    "runs/wine/split_29/generation_101/students/ctgan_one_mode/augment/11/model.json": "4dc8ae2979c26caea15158da5d1263bbbb739605f7e54e15f2589fe30f5286c2",
    "runs/wine/split_29/generation_101/students/ctgan_one_mode/augment/11/weights.pt": "996b60c2783c8e7e4d07b5a1257c532cab8bfce2d71a7a18446f8af71f2babd0",
    "runs/wine/split_29/generation_101/students/ctgan_one_mode/augment/7/development_predictions.npz": "61897b90252d321b826ae611f3ecfab999cce9dc1443992ddc61661988d36f38",
    "runs/wine/split_29/generation_101/students/ctgan_one_mode/augment/7/model.json": "6250352aa51a3dbf83bfeb65ac5fd30c93244f5454d0d2526a659010b2711609",
    "runs/wine/split_29/generation_101/students/ctgan_one_mode/augment/7/weights.pt": "3fd87338d42b4492334fcf8faa532b1d39b865d235044bc229f6165b5f29a7dc",
    "runs/wine/split_29/generation_101/students/ctgan_one_mode/augment/logistic/model.json": "3fa82b50ea71dbafc7ccd8a03b8e69fdd48d5d06aa5641732d49a7b23dfb45a8",
    "runs/wine/split_29/generation_101/students/ctgan_one_mode/synthetic_only/11/development_predictions.npz": "8449e17db9f091dd965609ba196e42a050bab095ed2b794f1cf0b1257678bc4a",
    "runs/wine/split_29/generation_101/students/ctgan_one_mode/synthetic_only/11/model.json": "1cbd756a72b24bb90714d7ea05ef909ffeb5dfb861bd14ce4ca487abdd6d9017",
    "runs/wine/split_29/generation_101/students/ctgan_one_mode/synthetic_only/11/weights.pt": "35af2dddbd7667749b392fc06fa417f8016fc695b9044749e323993d13040469",
    "runs/wine/split_29/generation_101/students/ctgan_one_mode/synthetic_only/7/development_predictions.npz": "4572a9b905d5ba81a640859627590d6e08cf2703e3ec323e24845b940b801567",
    "runs/wine/split_29/generation_101/students/ctgan_one_mode/synthetic_only/7/model.json": "32d80dd5604c1add9e90cb8a51f42252be3c1049e8b47b19aa492be1a6edf1dd",
    "runs/wine/split_29/generation_101/students/ctgan_one_mode/synthetic_only/7/weights.pt": "b1ce12acb431d1a64b0416dd45039cabd8abdacffc5240155c8ca57cfec707b8",
    "runs/wine/split_29/generation_101/students/ctgan_one_mode/synthetic_only/logistic/model.json": "99cf1476ad1b67e242a9af38630220bd90a2a648ed1adbbb22347521c96f2c20",
    "runs/wine/split_29/generation_101/students/ctgan_unpacked/augment/11/development_predictions.npz": "3ea66959fb46ff06d252bb736fb0898bdb340539956be8970767d107376109e1",
    "runs/wine/split_29/generation_101/students/ctgan_unpacked/augment/11/model.json": "9c62efcf900da4ddc526f9217dab1d5377202f0555105c5d43ac651c2ee5224e",
    "runs/wine/split_29/generation_101/students/ctgan_unpacked/augment/11/weights.pt": "b10d4f065ff7d76384d3bfa4870f2613f637acbf6d769999b9d1cbcfff7f8fab",
    "runs/wine/split_29/generation_101/students/ctgan_unpacked/augment/7/development_predictions.npz": "8e2a8d038d5adceddaa26437417f7b12858e201c7c0691e47d771a8aa9a01bf5",
    "runs/wine/split_29/generation_101/students/ctgan_unpacked/augment/7/model.json": "be1393c532b0ed2f2da5ba7deaf267c4114a2bfa9738bce050c400d02284eb65",
    "runs/wine/split_29/generation_101/students/ctgan_unpacked/augment/7/weights.pt": "0b5a55f820ea3233a834a6563e403fd9bcbf0a80c8894b687395248ecb599fb6",
    "runs/wine/split_29/generation_101/students/ctgan_unpacked/augment/logistic/model.json": "74262c6256535673b5934c75ce49d0317bbf4c6a7efd4c714bcd55dfb8794218",
    "runs/wine/split_29/generation_101/students/ctgan_unpacked/synthetic_only/11/development_predictions.npz": "2d2073a5de5c70ebd1c744cc5eaaff017240aaceaba93039fd019aaefbbe105f",
    "runs/wine/split_29/generation_101/students/ctgan_unpacked/synthetic_only/11/model.json": "99de458f877d25b30e0cddf9353f15d9adc8f0a87897cd5308c09c9ecd63e76d",
    "runs/wine/split_29/generation_101/students/ctgan_unpacked/synthetic_only/11/weights.pt": "b3e1cf244352ebf06f59b90547caa60a2c17f067e9b08258d8fad1b2a888c95b",
    "runs/wine/split_29/generation_101/students/ctgan_unpacked/synthetic_only/7/development_predictions.npz": "a9ed9c1225e6170a5ec83c1874e4b5e48471e7e4ef5ebedec92acdf71ba7d9d6",
    "runs/wine/split_29/generation_101/students/ctgan_unpacked/synthetic_only/7/model.json": "c5af254b16da1448208d8edff572bd9d9eaa237e0e4985bf62fc5f029a342df7",
    "runs/wine/split_29/generation_101/students/ctgan_unpacked/synthetic_only/7/weights.pt": "608071f6c1e01c7c561b51853314b6d5abc91e6c7a5a559583ad44b600802c17",
    "runs/wine/split_29/generation_101/students/ctgan_unpacked/synthetic_only/logistic/model.json": "f9214aa651f858fcf0dffa79d9acf5fdef6d285c9abbdfcf8444507b198a1ed4",
    "runs/wine/split_29/generation_101/students/ddpm/augment/11/development_predictions.npz": "f9dc4d73a9a08b22abfd8dac3ee31bcb45dbd4292ce551e446c9ab911c2c53fe",
    "runs/wine/split_29/generation_101/students/ddpm/augment/11/model.json": "6e7be363d2f856ca516b63f52d92f92d65acbee89ff0bc432d119ae565df2402",
    "runs/wine/split_29/generation_101/students/ddpm/augment/11/weights.pt": "2f785ad0a3dbfda2275e0ba522bb7a73e601b6c66b82844926bb38b20cbbc356",
    "runs/wine/split_29/generation_101/students/ddpm/augment/7/development_predictions.npz": "96b1f93770f0f516d11f520e42eab619633bb81d22a8ca5037c05261c584960c",
    "runs/wine/split_29/generation_101/students/ddpm/augment/7/model.json": "079fb34e6e79c7daa998704da59d3cc45bdaeba28714107ea1f4e9f6717cc842",
    "runs/wine/split_29/generation_101/students/ddpm/augment/7/weights.pt": "0d4af27fff02a813b04d6dd862c877034aab61bac0859dbca9833ff8c1fc12ac",
    "runs/wine/split_29/generation_101/students/ddpm/augment/logistic/model.json": "d50d638af51c4a10fd66fe57384c2d8f424abd8ac30327faeefbd688d5f13b87",
    "runs/wine/split_29/generation_101/students/ddpm/synthetic_only/11/development_predictions.npz": "127ab044202fd576539eea7a218496de85ffdd989f78e23f2d369d32046d45f4",
    "runs/wine/split_29/generation_101/students/ddpm/synthetic_only/11/model.json": "f8cf30e416ca8917b7f1afa3848b1a0a090938998fd51fef4965090e5a031ca1",
    "runs/wine/split_29/generation_101/students/ddpm/synthetic_only/11/weights.pt": "76f92bdeb8dea4a67ab715183d294eb45e3303cf77b3c0ca0b3a19c12edf6fde",
    "runs/wine/split_29/generation_101/students/ddpm/synthetic_only/7/development_predictions.npz": "7db3a13abc7d1805f2b5fff4c6e5a8201171434508a31235a4d76938845f4d04",
    "runs/wine/split_29/generation_101/students/ddpm/synthetic_only/7/model.json": "e53d2794cc833c287697f0c3a3478a03b73417aadc14bab62feb7e605dfafb52",
    "runs/wine/split_29/generation_101/students/ddpm/synthetic_only/7/weights.pt": "f6d38a7a03f06aee4569019e4ddc3f16919c0ff262475db6ca399807e45551d5",
    "runs/wine/split_29/generation_101/students/ddpm/synthetic_only/logistic/model.json": "1e9c9042f9fe694741b141ef3c9ea4f637ba62c2ad9e211c89971c1b7de7453e",
    "runs/wine/split_29/generation_101/students/ddpm_standardized/augment/11/development_predictions.npz": "5da4062a50e2c5790a225c59dc5e465f7f7e7e2090bd55a020bdaca3b1fe5567",
    "runs/wine/split_29/generation_101/students/ddpm_standardized/augment/11/model.json": "a38f2f3e8f8bc28fdd866f5689247d5a632104c5d5b5b3bd34c48bed60a771fa",
    "runs/wine/split_29/generation_101/students/ddpm_standardized/augment/11/weights.pt": "11447d9b3d07c219b9ac9dcd0459db1ccdfd3c62eee7871a35c649e2ab034e04",
    "runs/wine/split_29/generation_101/students/ddpm_standardized/augment/7/development_predictions.npz": "ce323e06e43f965fc88532f4c111a07ee63ea7743799054f119c543f9fcc099a",
    "runs/wine/split_29/generation_101/students/ddpm_standardized/augment/7/model.json": "a73b9e296af22c102dad9213eb2e5772b7195fc695d19a9ab56948c3949c4321",
    "runs/wine/split_29/generation_101/students/ddpm_standardized/augment/7/weights.pt": "044317faf65748ab93014ce668009e34f6a5d4070b394024b32a137cc06fd090",
    "runs/wine/split_29/generation_101/students/ddpm_standardized/augment/logistic/model.json": "625e801677557a4ccca6ff3df7462a2f2af47ade9bc7f45b37585009496c3827",
    "runs/wine/split_29/generation_101/students/ddpm_standardized/synthetic_only/11/development_predictions.npz": "8a3413837dc2f0fd5894b07671843ca6ed3af6e285eb37ac944fdc770ca739be",
    "runs/wine/split_29/generation_101/students/ddpm_standardized/synthetic_only/11/model.json": "b144f7a9dd09034f70cf17cb966033a9987686558326264113ac6c576644a103",
    "runs/wine/split_29/generation_101/students/ddpm_standardized/synthetic_only/11/weights.pt": "c42220f3b27c8a8ae51c99fe8442da4f91ab3e29c849a3ff1c670f14b27955b0",
    "runs/wine/split_29/generation_101/students/ddpm_standardized/synthetic_only/7/development_predictions.npz": "b1327fc1852546c0f580a93349af26f713fef7ebe59ceea756027f2f537a2d10",
    "runs/wine/split_29/generation_101/students/ddpm_standardized/synthetic_only/7/model.json": "fdec985d2ce3d9a65c817d7612b7a913c80700ebe9f7a6846718c193bb92cc56",
    "runs/wine/split_29/generation_101/students/ddpm_standardized/synthetic_only/7/weights.pt": "02e8e691ff8d15485dbc35aa78fb8f9ca9167b89f26048a941fff0c27a3d2f68",
    "runs/wine/split_29/generation_101/students/ddpm_standardized/synthetic_only/logistic/model.json": "806de6c2560afd000bf103565740853eb84b54053cb61a467068f83cdc0d87df",
    "runs/wine/split_29/generation_101/students/ddpm_unconditional/augment/11/development_predictions.npz": "6701c3194ccb3a7f830889c6c799c278c295319bd2619a9b83c0fe23b9dfb75b",
    "runs/wine/split_29/generation_101/students/ddpm_unconditional/augment/11/model.json": "dfddcf77bafb895dcc4d76664afbfdd41ecfd91c714ff30827c79126e1b23ebe",
    "runs/wine/split_29/generation_101/students/ddpm_unconditional/augment/11/weights.pt": "96b1ca50de06928ef3f6a47dd2fea5d7486014da80d07c996a01949d998b1b81",
    "runs/wine/split_29/generation_101/students/ddpm_unconditional/augment/7/development_predictions.npz": "1130f3c25ae6a8d0d22076e9c7058ac7792b1fa769ef1b5337d0e7c6fb60fd28",
    "runs/wine/split_29/generation_101/students/ddpm_unconditional/augment/7/model.json": "94db03487313ff24aa02ff22cb0dccb78ef4f5bc7104c14325a1a8b19b1c3b8f",
    "runs/wine/split_29/generation_101/students/ddpm_unconditional/augment/7/weights.pt": "203112ca498bf1394f2f7f32b8526f7bf5fb54247399084a014ecfce805ce75a",
    "runs/wine/split_29/generation_101/students/ddpm_unconditional/augment/logistic/model.json": "8cb1c2ec05d009778d10222be38d23472d75bfb54a05b5fcd466f97d47cd2167",
    "runs/wine/split_29/generation_101/students/ddpm_unconditional/synthetic_only/11/development_predictions.npz": "69173590748fe953ccc3ea09b783333630f714f9738c9c5fd3060e6ecad6fee1",
    "runs/wine/split_29/generation_101/students/ddpm_unconditional/synthetic_only/11/model.json": "ec82119753afda73777be00c34ee7a60322a595509903468a97c0865ef110fc6",
    "runs/wine/split_29/generation_101/students/ddpm_unconditional/synthetic_only/11/weights.pt": "45c65ef40124cb0ddfb6f9a9649248dfc668f44ec096707d43cec755eef64c37",
    "runs/wine/split_29/generation_101/students/ddpm_unconditional/synthetic_only/7/development_predictions.npz": "d4865ffd032dd7442e89b5824cdcd2b650de56608602ba2bdfba120e771fb361",
    "runs/wine/split_29/generation_101/students/ddpm_unconditional/synthetic_only/7/model.json": "6b87b6a53be514f5a8943f53d62f90324f69c9565a6f61086796b3973c39e42a",
    "runs/wine/split_29/generation_101/students/ddpm_unconditional/synthetic_only/7/weights.pt": "38a32febdcc843b6529b6a6fea76d0bae8c05963ea6382c6d1fcb90fc88f57c9",
    "runs/wine/split_29/generation_101/students/ddpm_unconditional/synthetic_only/logistic/model.json": "2d485c39e632f833f0b1067dadcb315cbc7eec395da74e795d3812ac218bcb3d",
    "runs/wine/split_29/generation_101/students/mixture_support/augment/11/development_predictions.npz": "326dbf6703bb920195039752df5251c65ab8f8680bf1ca6a6442c25401fbc155",
    "runs/wine/split_29/generation_101/students/mixture_support/augment/11/model.json": "5ff9bf61dbbf449fceb5e810d2227126a6247631fd845044b1b05c4ddce0919c",
    "runs/wine/split_29/generation_101/students/mixture_support/augment/11/weights.pt": "40c4c44bb431dcd931c37756acdffb2578c65791a650b9a03048a6c3bfedb2ad",
    "runs/wine/split_29/generation_101/students/mixture_support/augment/7/development_predictions.npz": "e41c95abe522b8dad795e8ba03d20c49970266ae64344cf021c411b9577bcbf5",
    "runs/wine/split_29/generation_101/students/mixture_support/augment/7/model.json": "e8031d8d02f13a7c22ddceb420545ff734cefbde2d93f56d885484eeed590266",
    "runs/wine/split_29/generation_101/students/mixture_support/augment/7/weights.pt": "c65a8108ee343b38720d7bc727af901a165a2394782567e51d37401eed9c4ab5",
    "runs/wine/split_29/generation_101/students/mixture_support/augment/logistic/model.json": "db0a6a14d5a581b1dd3fb297566e1a2918dd511e0690c956fafa880952a8c640",
    "runs/wine/split_29/generation_101/students/mixture_support/synthetic_only/11/development_predictions.npz": "fdb7777ff70f6a79129ce7352056913ce0de3baa804795d6064fdbe4fb3937f4",
    "runs/wine/split_29/generation_101/students/mixture_support/synthetic_only/11/model.json": "93f03e9d7d99308b5b46394da11a3a40f52aedc27b87f4cf46c5c5c4da1de45d",
    "runs/wine/split_29/generation_101/students/mixture_support/synthetic_only/11/weights.pt": "5c7ccfe72d89d9c231906e67830d65510b85c22cf80720f1ddd4b687b7147a55",
    "runs/wine/split_29/generation_101/students/mixture_support/synthetic_only/7/development_predictions.npz": "5726f374a97fc3c8d6c6eed6b2ef3a8db7276676a288c9b929fa633a45e0006d",
    "runs/wine/split_29/generation_101/students/mixture_support/synthetic_only/7/model.json": "a09280fab4bced1cf7d78a744b4a1b97bd7a70429df628cdfb8cf73146127893",
    "runs/wine/split_29/generation_101/students/mixture_support/synthetic_only/7/weights.pt": "63d24a25016671c478d5ee76b2d0aff8c2f9ee4958742cf3ffce4ca38ad70743",
    "runs/wine/split_29/generation_101/students/mixture_support/synthetic_only/logistic/model.json": "d7898b12f32a9bea6cd518df96faaa988b341563837c52237f76141f0f741fab",
    "runs/wine/split_29/generation_101/students/mixture_uniform/augment/11/development_predictions.npz": "c630648509450f862ee30e49210f0344b72712806474f5f9f5a8d95b0600f3f7",
    "runs/wine/split_29/generation_101/students/mixture_uniform/augment/11/model.json": "bb026ae6f82b59e577d7fbd0fa8b145df10219fcb0bc10202f9667836cf79321",
    "runs/wine/split_29/generation_101/students/mixture_uniform/augment/11/weights.pt": "b069b642b24f091c299e0f70c7a91c5ef1d38ef74b9c89c9d6398dce5dfdd3f8",
    "runs/wine/split_29/generation_101/students/mixture_uniform/augment/7/development_predictions.npz": "87938470563689537d380f43e2a6d316d70582ee03641e6d88b06fc7d4002324",
    "runs/wine/split_29/generation_101/students/mixture_uniform/augment/7/model.json": "53172f46bba4d3c75e228fc2cf48801788264c05ef8e64bafad316bc74a1e7c2",
    "runs/wine/split_29/generation_101/students/mixture_uniform/augment/7/weights.pt": "0218ce402d2469d9650c143b95684ce5541659315f0f99ff0f0971ba8ec901f4",
    "runs/wine/split_29/generation_101/students/mixture_uniform/augment/logistic/model.json": "b3ce2388f24cffcd3fb0e416f46dd8cda7e167d7a8b4fc63a26ecd6ab5f5a4f2",
    "runs/wine/split_29/generation_101/students/mixture_uniform/synthetic_only/11/development_predictions.npz": "e82b85f6e05d014757ba787b1f54aae09558e092be93c6895edeed222d1cfcdd",
    "runs/wine/split_29/generation_101/students/mixture_uniform/synthetic_only/11/model.json": "e7d2947f10e3e8c93dd3578708021ca549d3fc4cce01bc36775b34b73aed4fdb",
    "runs/wine/split_29/generation_101/students/mixture_uniform/synthetic_only/11/weights.pt": "c29dc3ce807fff980aaab77f7f0b7cbf8542ca9ddb80cc0c68d3f3ca7251a392",
    "runs/wine/split_29/generation_101/students/mixture_uniform/synthetic_only/7/development_predictions.npz": "1eb0657fb349a6bdb4a9991209c867789dfee23a4535849891b580c304bebf63",
    "runs/wine/split_29/generation_101/students/mixture_uniform/synthetic_only/7/model.json": "932c16849179541300ea62d162c8f6a2b8dca0b825f035f5e88bfb0b407ab93c",
    "runs/wine/split_29/generation_101/students/mixture_uniform/synthetic_only/7/weights.pt": "982e2ea690dd2063ebaf5f4eebeb1634016fd140a9c1c74e28c6deb07fc3e29b",
    "runs/wine/split_29/generation_101/students/mixture_uniform/synthetic_only/logistic/model.json": "73d42554c14bb2da3931a7a2081abcc6d4de9d526f942848096e42cbf809a35a",
    "runs/wine/split_29/generation_101/students/mixture_utility/augment/11/development_predictions.npz": "23a91a9248a6dd07d268fa918842a677930b9d7a74f57b41942628c5e09458ab",
    "runs/wine/split_29/generation_101/students/mixture_utility/augment/11/model.json": "276ea462f2a3cecd2c9f87ded46fd9278d9fdfe1b9234449fda427682eb2c40f",
    "runs/wine/split_29/generation_101/students/mixture_utility/augment/11/weights.pt": "dd35eb44f3c17f7a64c50e531277bf53e6633e2b814ea37c0bf3760319c73dff",
    "runs/wine/split_29/generation_101/students/mixture_utility/augment/7/development_predictions.npz": "3a2a6a466795af466e1f5cc0d5f0995ca8b8d48e653766132e0077d4ed4c7477",
    "runs/wine/split_29/generation_101/students/mixture_utility/augment/7/model.json": "30bcb22b05f8c2e317544c356bea1e48ee3ac4529773789efdde463af3c6b4af",
    "runs/wine/split_29/generation_101/students/mixture_utility/augment/7/weights.pt": "2c7da2a469f8d39e920613ebf35d04536f1cfe8a079ba20cdadaa3a333ef6da1",
    "runs/wine/split_29/generation_101/students/mixture_utility/augment/logistic/model.json": "80691a47497eaf6b8e94422e1ced1046d0b249be17ac2309304e7786a8750614",
    "runs/wine/split_29/generation_101/students/mixture_utility/synthetic_only/11/development_predictions.npz": "67c07eba5e0e482191568b55af6979dda96eb600ea14fe151a3733b13575e730",
    "runs/wine/split_29/generation_101/students/mixture_utility/synthetic_only/11/model.json": "0cb15b0869817bece9d176832ecbb8cd1e68ece92ed1eb39a9499904cada438d",
    "runs/wine/split_29/generation_101/students/mixture_utility/synthetic_only/11/weights.pt": "89ce90019eb2b58a45b60ed9c2d1464a933b113540ab8e8b455a185bd2487577",
    "runs/wine/split_29/generation_101/students/mixture_utility/synthetic_only/7/development_predictions.npz": "c1c446693d2f26ae8c21ccc995999d1803a0a671550b2ce682bf6a5534345eb4",
    "runs/wine/split_29/generation_101/students/mixture_utility/synthetic_only/7/model.json": "d16768518a5b44e29c9974b1311d33751ee447e0f2415b1373d37a0415c7052c",
    "runs/wine/split_29/generation_101/students/mixture_utility/synthetic_only/7/weights.pt": "c9184b3df9178f834e67ad27b4cf6be80e59adceb148f17b497ed89c41a5bf34",
    "runs/wine/split_29/generation_101/students/mixture_utility/synthetic_only/logistic/model.json": "67cf4e19f6fc41a228caa59bb51f6ab6477a91dfe8ca67cae6d07143db2999b4",
    "runs/wine/split_29/generation_101/students/mixture_utility_support/augment/11/development_predictions.npz": "91e743e8cdc25a8c69d93b70a743c49dafaa5a8cf37bd2d5e6e72e024c9c7ddc",
    "runs/wine/split_29/generation_101/students/mixture_utility_support/augment/11/model.json": "160b767bf2830ba35c3b230abef8b9e26609cb32274381aaefc7ed1165e24f58",
    "runs/wine/split_29/generation_101/students/mixture_utility_support/augment/11/weights.pt": "10c31357555c2258101b0f687354627f4b7388482564f25977eadbbd1de37bfe",
    "runs/wine/split_29/generation_101/students/mixture_utility_support/augment/7/development_predictions.npz": "ddad8573018ace629a66c78b906ff5add4355796c794b64d262f36ba6836ff4e",
    "runs/wine/split_29/generation_101/students/mixture_utility_support/augment/7/model.json": "4fecee3fc39bdb2660ff15116da4f871f76cbc7a4fc541de120bd38ed00d317b",
    "runs/wine/split_29/generation_101/students/mixture_utility_support/augment/7/weights.pt": "4e6a0e47de2a6e1397d1827093861b62600002c93f9acfafd14b8bd46b60091d",
    "runs/wine/split_29/generation_101/students/mixture_utility_support/augment/logistic/model.json": "bd1158a9fbd4f85d4bd9f004efd857e784468cfd2121317dac5e64d415d32416",
    "runs/wine/split_29/generation_101/students/mixture_utility_support/synthetic_only/11/development_predictions.npz": "13202dd1790687f7a0fd0321e790bdbf81d4ec0ba456335d788d4fa537549ea8",
    "runs/wine/split_29/generation_101/students/mixture_utility_support/synthetic_only/11/model.json": "c98bba9ced92e1bd947a3f6104ae5635695807bdf32d2ce25b601fd6de55e9ec",
    "runs/wine/split_29/generation_101/students/mixture_utility_support/synthetic_only/11/weights.pt": "cf75e421dbbac6d4ec3903292c91389549f55dec9176a356dc9b034c64f24223",
    "runs/wine/split_29/generation_101/students/mixture_utility_support/synthetic_only/7/development_predictions.npz": "c28377a1a50d72ce7f40d46eda992cc846c289f44debd5280fd0e777643bf57f",
    "runs/wine/split_29/generation_101/students/mixture_utility_support/synthetic_only/7/model.json": "9c3ee695574e4843271c6d8a3e330197b1e95ba55ac571cce3ea9aaae5a36aa7",
    "runs/wine/split_29/generation_101/students/mixture_utility_support/synthetic_only/7/weights.pt": "a1f9c8064bab14005a1d18902af470519c5a087b1e3715c9ead6b95d610f383b",
    "runs/wine/split_29/generation_101/students/mixture_utility_support/synthetic_only/logistic/model.json": "31f1cc4dff59b3b47163390fbee2a3c9ac5861cc57b155bba7c5e9d7c4c82a9d",
    "runs/wine/split_29/generation_101/students/real_only/real_only/11/development_predictions.npz": "1cc89fee444a14a131b2606e862dea047385c76899273a7432e404aef398c232",
    "runs/wine/split_29/generation_101/students/real_only/real_only/11/model.json": "7ab6bf38ff14236010b502cd91f4ef96ad675452c3c0c69648921396819a0763",
    "runs/wine/split_29/generation_101/students/real_only/real_only/11/weights.pt": "c0d5d820beec2b926045a03d81d1e311b777b1d89897f01033acdbdb14899437",
    "runs/wine/split_29/generation_101/students/real_only/real_only/7/development_predictions.npz": "1fcce0d37bb4918e23b0a7e5356b8e9c3d86b22767d4a01bde256532395ac33b",
    "runs/wine/split_29/generation_101/students/real_only/real_only/7/model.json": "7a2fb057ec6e67b43b6b63f975a8d0cc1bcb3a4c8a8d0f9af8ebfefc9c5cda69",
    "runs/wine/split_29/generation_101/students/real_only/real_only/7/weights.pt": "c13ed0ea15508ffc3e20502fa309a140503c52de13353b6c3638f715e43e472f",
    "runs/wine/split_29/generation_101/students/real_only/real_only/logistic/model.json": "2117f381f1cb48b6200313d048f44cd024b0056a2938706927467806946b88a8",
    "runs/wine/split_29/generation_101/students/smote/augment/11/development_predictions.npz": "182c3eceb75156c824e1ee9e88f0db230e189b74781207e2b57006b48b8bd11f",
    "runs/wine/split_29/generation_101/students/smote/augment/11/model.json": "93fe7b1a21a6404e660f45702a313eb36eb1dd237ea65ad8234ec809f72b5fb3",
    "runs/wine/split_29/generation_101/students/smote/augment/11/weights.pt": "2a726225f8bc2b7638f30a5263092e541e03eafab7ab896b6e814dac20f7c158",
    "runs/wine/split_29/generation_101/students/smote/augment/7/development_predictions.npz": "ffcc0a84944e7ca9caccefa61e5ff424b39bfca3e5fe4f8c1d5868512903220d",
    "runs/wine/split_29/generation_101/students/smote/augment/7/model.json": "33264ad70460aab52fb0901caddfd7b89f45fc8f0529d5421c4c32830f367f55",
    "runs/wine/split_29/generation_101/students/smote/augment/7/weights.pt": "cdb086303c4576ace67b6fe1845239c9ce4c47e797415a8dc07ca9897690b2af",
    "runs/wine/split_29/generation_101/students/smote/augment/logistic/model.json": "545eb703f66b7d231043a061bec76eea030cc024fecea4c9e9009814d56b1b62",
    "runs/wine/split_29/generation_101/students/smote/synthetic_only/11/development_predictions.npz": "592ca5978ff5e2ea6c62f854a7ddf5075eabd41fd9c41e0d1abe3c43b8efd5ae",
    "runs/wine/split_29/generation_101/students/smote/synthetic_only/11/model.json": "d95a274f71961e0838d2546452e557014990406df16fc45598eb0e99d8e4c820",
    "runs/wine/split_29/generation_101/students/smote/synthetic_only/11/weights.pt": "74c0325549fbaa9ca76fd24040f6a60fcf028f7a1100897b80f779f13773b4b7",
    "runs/wine/split_29/generation_101/students/smote/synthetic_only/7/development_predictions.npz": "aaf14ef3093e420cea98144955298dafdceab02a10bda0e41fb4b01c2a4c513e",
    "runs/wine/split_29/generation_101/students/smote/synthetic_only/7/model.json": "1d658b9eab69d822330bd61d08200f2d2d4bd2456007e6eaa555e2412cb3785c",
    "runs/wine/split_29/generation_101/students/smote/synthetic_only/7/weights.pt": "1d1e38ecb3060f05bfa9897ac146b50bec9ac04b3e0f1a3d20443501a94b51b7",
    "runs/wine/split_29/generation_101/students/smote/synthetic_only/logistic/model.json": "335aa05f0a2fd14a696faeea4010cb6a5f2e4f84de8b5c71bae7d6ba7b4c85d0",
    "runs/wine/split_29/generation_101/students/tvae/augment/11/development_predictions.npz": "46412ea2d4b1fd91bcb195094130cd1394696bc7f44fdf617537c58bddf3fd63",
    "runs/wine/split_29/generation_101/students/tvae/augment/11/model.json": "c1567b7e6d2f7275f714ee8eeb120a2c8f73cd4d92ad5531c746379d065ad1f3",
    "runs/wine/split_29/generation_101/students/tvae/augment/11/weights.pt": "350917acc8624b25839d49fb1621b28439a58b44479c5bc77551d625cc071f9f",
    "runs/wine/split_29/generation_101/students/tvae/augment/7/development_predictions.npz": "84b761ca9070722899a793471a093ed81193da1d1aea214c1366c63ac81ccfca",
    "runs/wine/split_29/generation_101/students/tvae/augment/7/model.json": "7f58e8113f78cb7d4020a61c65bef9ba8ade1dc452d60ba2b976a49a1d967761",
    "runs/wine/split_29/generation_101/students/tvae/augment/7/weights.pt": "f51ac07700624de5cb48a865631a5ae237a86862ab692bd331a2fba58bc7b186",
    "runs/wine/split_29/generation_101/students/tvae/augment/logistic/model.json": "d156aa74ecddd79f61de713b90f6fbe1d7572a94a2e16795a4de533ff894b8ef",
    "runs/wine/split_29/generation_101/students/tvae/synthetic_only/11/development_predictions.npz": "2a56c0fac0fd5c430c10fac7e12e8ca11bac93ed3b4cf99b0d17b86fc18513ec",
    "runs/wine/split_29/generation_101/students/tvae/synthetic_only/11/model.json": "1089cc188c38bc6711fe14ca98996216c4f58b0b02c3c3989c16f8820c03ca57",
    "runs/wine/split_29/generation_101/students/tvae/synthetic_only/11/weights.pt": "a01faef088d326a1ad812a17452baf1ada2674e66bfad1de877ee59b9bbf900c",
    "runs/wine/split_29/generation_101/students/tvae/synthetic_only/7/development_predictions.npz": "8e42cf5f4ef9b191887fff773f658875b4504f84c485361b53e5b321c0bb9696",
    "runs/wine/split_29/generation_101/students/tvae/synthetic_only/7/model.json": "82e21a21ae0ad28dd9c8d3015f22b8524e90761527dfae3cb59f0193d9481007",
    "runs/wine/split_29/generation_101/students/tvae/synthetic_only/7/weights.pt": "170969a83de0f0d9d4ec65b78e88a373b8417386c501c9ef6c8604036296fc3f",
    "runs/wine/split_29/generation_101/students/tvae/synthetic_only/logistic/model.json": "0937a2feda09465a2c99a68233aa31187da8277fd64311c794410be3cc359783",
    "runs/wine/split_29/generation_202/datasets/bootstrap/manifest.json": "2a0f154f763e86bba158b1c8882f0791af791738092626f81290bbb36bd1ae18",
    "runs/wine/split_29/generation_202/datasets/bootstrap/training.npz": "a42e9363699d8007d37586bacbbb7cc19f6b23f8fb653ac2f940349c93fa84c0",
    "runs/wine/split_29/generation_202/datasets/copula/manifest.json": "c697616e6b841666929d85b926e83d941bf19b002bd774909ca331d52a15813e",
    "runs/wine/split_29/generation_202/datasets/copula/training.npz": "12832dd7996cd6d02d059e11aec1630546f04c50c47dbc62c2ccf46844ef1e1c",
    "runs/wine/split_29/generation_202/datasets/ctgan/manifest.json": "d3c8cbccc2642a13b3e19dce6ec1b5da08b378ce4488326fa3145ae03a1e2b37",
    "runs/wine/split_29/generation_202/datasets/ctgan/training.npz": "fe3da6ecf68d8bd670efa4a7aa281cb5dfd1c22ee81b1c91aae7fc2597f8f93f",
    "runs/wine/split_29/generation_202/datasets/ctgan_one_mode/manifest.json": "04ab7c8a135724c218b2c6cf9546f07e1f0e4ec3c1891a2db709517f9939dc34",
    "runs/wine/split_29/generation_202/datasets/ctgan_one_mode/training.npz": "f9a525587a46aeaade0ffdfd9d93931c8c50382b952924c5cde9659c1a9e1070",
    "runs/wine/split_29/generation_202/datasets/ctgan_unpacked/manifest.json": "2532b636d329d2f99ce880340b03afa45ed3bb2d433e994abba23840e36dbf05",
    "runs/wine/split_29/generation_202/datasets/ctgan_unpacked/training.npz": "116fb3c15bfb7f97a425805d5442e136f47425651ad86746829df2d38ccebb53",
    "runs/wine/split_29/generation_202/datasets/ddpm/manifest.json": "9ff3fc64e28789234f8fe01f0510e7793599cceb52b9cfafba4a3b82f8be8480",
    "runs/wine/split_29/generation_202/datasets/ddpm/training.npz": "2688da6bdd7ae7b5324ed2337f4f9b28488955b5a4a4002c5ece6f120328b793",
    "runs/wine/split_29/generation_202/datasets/ddpm_standardized/manifest.json": "e9ea364e4b16821a2e8794199726a0f8cd7c8e0dbc167dafb1a578bea2d44054",
    "runs/wine/split_29/generation_202/datasets/ddpm_standardized/training.npz": "ee7f84639e70d4733b1eebea44201e051145df7fccef5af45f70f382dfd9ce95",
    "runs/wine/split_29/generation_202/datasets/ddpm_unconditional/manifest.json": "a65d53cfa5d9718c4f826ec778bedc2a7e70d4360a434c56cf21ff5b4238f08d",
    "runs/wine/split_29/generation_202/datasets/ddpm_unconditional/training.npz": "3eece6f6b1d04ddb34a8d3a2254277f65bd010e090193bc9a852d5bfa286872c",
    "runs/wine/split_29/generation_202/datasets/mixture_support/manifest.json": "60fca6a807a58188bd4374cfbbbebd586432fa8452846ab8c76e80edd7afc28f",
    "runs/wine/split_29/generation_202/datasets/mixture_support/training.npz": "c647e8e2dec622fe7c864188302c95cc518b3263b1953725098ff6ce9a9f3a0d",
    "runs/wine/split_29/generation_202/datasets/mixture_uniform/manifest.json": "45f7465a129225c89a32d4bdf005af8bf217752f4a5ee1d62e319408f338af5c",
    "runs/wine/split_29/generation_202/datasets/mixture_uniform/training.npz": "354e12ec35ccf40b99cd82ed65499107ee86645dc5c15d3d63e1ea20f137225a",
    "runs/wine/split_29/generation_202/datasets/mixture_utility/manifest.json": "f86fe049c24b5cb74ccb0154a83284181199f4b602a6578628bfb89e0090ccfb",
    "runs/wine/split_29/generation_202/datasets/mixture_utility/training.npz": "aca7d210df5fcbc96b4d74066f0b341dab3fc8f419309ae7ada4574b2aff5213",
    "runs/wine/split_29/generation_202/datasets/mixture_utility_support/manifest.json": "b24d433c31aaf8568428b6135f27c055a7021bf2759dec3189d75219fb09fb31",
    "runs/wine/split_29/generation_202/datasets/mixture_utility_support/training.npz": "d7f5c881748397982f56c627916fa254728490ab8b52bc3e063726bc17198dfa",
    "runs/wine/split_29/generation_202/datasets/smote/manifest.json": "3a4b979ab6401ba1b4facd0a70898615d3816de5bc3d1923d17e470d504d1bd8",
    "runs/wine/split_29/generation_202/datasets/smote/training.npz": "d7e958e1465aaa11dda84f5b8d2ce50cdaf0ea68ace15e07bfd3b58e61ae257a",
    "runs/wine/split_29/generation_202/datasets/tvae/manifest.json": "c312270201cbfbfd67f047493f61833fdb4e1e38813539c2fce392c7bc05bbe9",
    "runs/wine/split_29/generation_202/datasets/tvae/training.npz": "e3b6a735191fab0ce083e064ce78939037da86a389c225bc63de016451a64962",
    "runs/wine/split_29/generation_202/development_selection.json": "ceb30678668492fbb8876e10b04ec7438f8d498d13f1d6a866f0b91fba9e2eee",
    "runs/wine/split_29/generation_202/generators/bootstrap/audit.json": "a042a5f8f429d300d23866653b6f80365ba36b2993379a5ac6a6a3855aab72a6",
    "runs/wine/split_29/generation_202/generators/bootstrap/model.json": "25fd764cf9f9f94f464fd088167a6327b047bba8dc0a856c1d4c42fe73c55b08",
    "runs/wine/split_29/generation_202/generators/bootstrap/pool.npz": "cc8d191ac43c95867048d21fe1a2fe6cdb82436065592126e0e6ff5cdcc99e3a",
    "runs/wine/split_29/generation_202/generators/copula/audit.json": "fc8882dbe0d50ec1d8badc74d883c5f4c20e781c192f09fb9981fbb26b771320",
    "runs/wine/split_29/generation_202/generators/copula/model.json": "4143ec469cb0a2a293ef1836921d81c5e6d8e2a3df67ca6d32224b4e8fd1a84c",
    "runs/wine/split_29/generation_202/generators/copula/model_arrays.npz": "6f28faa648077ad84f695cf861c133b6043cee1f8d235e8aea77de30ffc60c7e",
    "runs/wine/split_29/generation_202/generators/copula/pool.npz": "5f4f2b1a39f69aef3ed5d3aca06fb15bcc2a03750e989b09461d15a2bcea945f",
    "runs/wine/split_29/generation_202/generators/ctgan/audit.json": "d3e3238a61ed2d90cb05c9fb7fcdd01e2ad577d81e8bf57cc206b3ebf4327422",
    "runs/wine/split_29/generation_202/generators/ctgan/model.json": "4fe9b003bbfead3dc41211b9bbdcfe8f5f065cc2bdca3efca8fa7ee064471eeb",
    "runs/wine/split_29/generation_202/generators/ctgan/pool.npz": "59c0eaafc394b8d0ad4c08c4b593d2910127933668d90fc348dd645759581f3c",
    "runs/wine/split_29/generation_202/generators/ctgan/weights.pt": "449a16f1a9e067d1a6d876e8d62359077670ce7cab12cd323e821007e221ecbc",
    "runs/wine/split_29/generation_202/generators/ctgan_one_mode/audit.json": "e8a342fd026923e09eec2f9220997a77c5c23a1ee232a11d2ec412706317b2b5",
    "runs/wine/split_29/generation_202/generators/ctgan_one_mode/model.json": "77d9ddef177c22939b57c1c032f797490009c800dcb80c4fca16c403af48f0b4",
    "runs/wine/split_29/generation_202/generators/ctgan_one_mode/pool.npz": "0e9981c0193700284eee25af081398692f4832f3f0fd92661002dc5535ce6061",
    "runs/wine/split_29/generation_202/generators/ctgan_one_mode/weights.pt": "0c8b45e214014cdc0fd933e0315e805831569f9dbdfa4cbe20e75f55583bc20b",
    "runs/wine/split_29/generation_202/generators/ctgan_unpacked/audit.json": "00d458f72dca66c6297bb4c3d8a196c11c86d2d0c6d0142f713924e3c0d712a0",
    "runs/wine/split_29/generation_202/generators/ctgan_unpacked/model.json": "4d0e2dd2f693bb58544ee4f61a1a96e19fa1bbab988bb18fa05c78577bd9a557",
    "runs/wine/split_29/generation_202/generators/ctgan_unpacked/pool.npz": "76368bdb15ad2e0679dc6ce590d38ada44ac66d49aa26882c25bfbbb7c374935",
    "runs/wine/split_29/generation_202/generators/ctgan_unpacked/weights.pt": "bc280fed6db1a5c8224811ccdea00a5eda0d22ab6b3128de223512c26338d8a0",
    "runs/wine/split_29/generation_202/generators/ddpm/audit.json": "5f91a7f536d9d3a22cb2145d254d38c57e3565cacc34967faf2823f296c1c7ef",
    "runs/wine/split_29/generation_202/generators/ddpm/model.json": "265e7a846b3a98e6bcb1e67ac987b4c04e41f6c6465ec493d2715231cc00c1ae",
    "runs/wine/split_29/generation_202/generators/ddpm/pool.npz": "35c066c290360cf09035e8735d81bb810cfc9f9031fc2ee2188f24a3d541644a",
    "runs/wine/split_29/generation_202/generators/ddpm/quantiles.npz": "1570859b2493e39cd9038520fabd2a99e95b1f547a3549a222377e27fb17578b",
    "runs/wine/split_29/generation_202/generators/ddpm/weights.pt": "20ca5e9d63dc224cdef6d6f496f24c68bc22fd7730f3cb2a0291b967841984a9",
    "runs/wine/split_29/generation_202/generators/ddpm_standardized/audit.json": "a46fb210c5b6020920f2a596adea0dbc3b64cada99d34ebd733fb6988fa531bd",
    "runs/wine/split_29/generation_202/generators/ddpm_standardized/model.json": "a577b6f9cedafde751a11a2ee81fe4b32177749be2984d8b952a597b00b72c69",
    "runs/wine/split_29/generation_202/generators/ddpm_standardized/pool.npz": "ba482767c1b50be39b099bee7f96cce4ea87656e322970fc42870abc5775e6a2",
    "runs/wine/split_29/generation_202/generators/ddpm_standardized/quantiles.npz": "ea313975559229e1cd456f88a912597049947c68b31488faae05d04e4a3694ea",
    "runs/wine/split_29/generation_202/generators/ddpm_standardized/weights.pt": "ab756881ae3bb3063ab102e1e3af1146206516e071b5378e19a530397ad946fc",
    "runs/wine/split_29/generation_202/generators/ddpm_unconditional/audit.json": "2e07fa7968fed699c54cd9202859a3d62d83e7c59ce12ad2047f62f76256f2c9",
    "runs/wine/split_29/generation_202/generators/ddpm_unconditional/model.json": "f91f0ca53f4b3c9834f97a257896daacf84f1333b8d2a5f2d5f0630c7ba5b0db",
    "runs/wine/split_29/generation_202/generators/ddpm_unconditional/pool.npz": "197debbb4326a548ece3b2044c716ec9accc64a9ffb1f6c8147ee22f36df89ed",
    "runs/wine/split_29/generation_202/generators/ddpm_unconditional/quantiles.npz": "1570859b2493e39cd9038520fabd2a99e95b1f547a3549a222377e27fb17578b",
    "runs/wine/split_29/generation_202/generators/ddpm_unconditional/weights.pt": "e2a4cf493b0a985f340293bfc4ddc493e73a6d067fd83d117a3210946d22413f",
    "runs/wine/split_29/generation_202/generators/mixture_support/audit.json": "bfc6a1559e414e202de324b7b488ee93e987e47658d431e0f0d992849bee2565",
    "runs/wine/split_29/generation_202/generators/mixture_uniform/audit.json": "20f58e8070ffdb3e2e9556a4523339abb3d499da97e6375b25d936a8b14b07c2",
    "runs/wine/split_29/generation_202/generators/mixture_utility/audit.json": "c0edd14159687f8704a06f56a2d29e7822b932ee3db266bb7f1d2c739b371e7d",
    "runs/wine/split_29/generation_202/generators/mixture_utility_support/audit.json": "5aa9f2238869578f328a977c0b4a55d4c60c0d9f7cc3dba7407a9fbcdcd7eb2b",
    "runs/wine/split_29/generation_202/generators/smote/audit.json": "19058c70c9b30a44d667b50d3372badf60453af46230e0ed7730f3a7feed9437",
    "runs/wine/split_29/generation_202/generators/smote/model.json": "6a9d835dd060e427063223c0a511ea177f73c4a59fe2801240f76089d5c83867",
    "runs/wine/split_29/generation_202/generators/smote/model_arrays.npz": "f70f0219322078d6f9522a745ba66345d084488ff188b3a5e2c4fa7de7c171e5",
    "runs/wine/split_29/generation_202/generators/smote/pool.npz": "73427329ff5719e902567c35e28ee990acd75d61f9f20d82a95755c3d2d48bd6",
    "runs/wine/split_29/generation_202/generators/tvae/audit.json": "3a54e93c470523bbc8627da83e07c60316b1742eb163fff224c0131ff3218bb1",
    "runs/wine/split_29/generation_202/generators/tvae/model.json": "9a1ad21b7d317868c7c8ef2d66ea6de7fa279c551ce7b2c00c85c0a1ea4aa9b1",
    "runs/wine/split_29/generation_202/generators/tvae/pool.npz": "175d21e4edf150fcc2fd17d7804527ab008833461663b2c24d08af97c8b10dc4",
    "runs/wine/split_29/generation_202/generators/tvae/weights.pt": "87015962ea50576da6f12d954e400d7c90f5457c9b6b2dd2c43562376004cdbf",
    "runs/wine/split_29/generation_202/index.json": "25231a52f593adc7dfeba9b2d44efbf01a116c63e2ef08dc844eec497b298bd8",
    "runs/wine/split_29/generation_202/portfolio_inputs.json": "06fda1c3f6005d70062fd82a0a34051294a6c02c4cee5706193ab68e0d0f4577",
    "runs/wine/split_29/generation_202/probes/copula/11/development.json": "5eb3e377e217c14840d59d46da26aca306359516b76754b0a023dff03cbf372a",
    "runs/wine/split_29/generation_202/probes/copula/11/model.json": "e886acf7b365e78aa991ed6ece4debcc08905c39319f0b9590bb305151a3bf24",
    "runs/wine/split_29/generation_202/probes/copula/11/weights.pt": "bdb162f45da7c7aa24f6776dc92e5a913f6346b4bfdf410672c52092d11a3f71",
    "runs/wine/split_29/generation_202/probes/copula/7/development.json": "b80b32ef1bd04c5ec5ccbfa0702d684a48d417f7ddb4bef4a3327b6f58c8d47b",
    "runs/wine/split_29/generation_202/probes/copula/7/model.json": "1d03771bd7ec1284ec218518955675db8e817c6bb20a2131dc97f2602568b35b",
    "runs/wine/split_29/generation_202/probes/copula/7/weights.pt": "088ade3f6c346bcc288c5f02f3e6239e279b7b0848b0d4e226ac224ed8c3e171",
    "runs/wine/split_29/generation_202/probes/ctgan/11/development.json": "19295847f83a8644a63f00514bc88474dda0d808cc88dff90ac62ecf1a787262",
    "runs/wine/split_29/generation_202/probes/ctgan/11/model.json": "a8d5244efa3c788893d539cfe5d06da9b3502c703c191ac6536a4b7d26670441",
    "runs/wine/split_29/generation_202/probes/ctgan/11/weights.pt": "619353950d86a3dd376f9754fbf57e0b8f9b53cb65d126374ca0e7bce798f036",
    "runs/wine/split_29/generation_202/probes/ctgan/7/development.json": "e0ecaf58d2a41f7ba8fabdd62a6b212363efc95b5c12653a70b8148fb0b022cc",
    "runs/wine/split_29/generation_202/probes/ctgan/7/model.json": "786b16f2dd188e6cf8feaf0be2c74a25b20ea7d7fb8dd08345e64b5a5f652270",
    "runs/wine/split_29/generation_202/probes/ctgan/7/weights.pt": "a8d6dcd29dfc1c7868a73503b5bee171b02456c0f81b68807ba87b26ffe20bb0",
    "runs/wine/split_29/generation_202/probes/ddpm/11/development.json": "26e8c9e6e88b7520b5265c1f8e44cd95218607c6e897bb24fa201dc6975900ef",
    "runs/wine/split_29/generation_202/probes/ddpm/11/model.json": "2c3c97f24c3cf4281bae81dd44022cda0c976bdd2bca15880ea96440cbca6f84",
    "runs/wine/split_29/generation_202/probes/ddpm/11/weights.pt": "98f0a49b6bd6aebad19c29d83ce79238a08555027d1483af0b94c077f448a748",
    "runs/wine/split_29/generation_202/probes/ddpm/7/development.json": "069b458a54e897e5145dde0f7d43b6e2c70566f4261bc6c8ba7725425c928c04",
    "runs/wine/split_29/generation_202/probes/ddpm/7/model.json": "fde404ab8204726150db5d8f61fd0bb141fc4b3e3cbeb6037968dd04adebc440",
    "runs/wine/split_29/generation_202/probes/ddpm/7/weights.pt": "1fd930bab1aea42126dfae0cbe6478610e3b0b6833c5ae589d540430823d7d14",
    "runs/wine/split_29/generation_202/probes/tvae/11/development.json": "37f6819cee360154b59a152fb50cfefaaf38ac7c635ec649d8e6d99fe0d7695c",
    "runs/wine/split_29/generation_202/probes/tvae/11/model.json": "e249b0254279f4c30a17ee86c6940928517f780c11130f4fe24fa44f9c1f5199",
    "runs/wine/split_29/generation_202/probes/tvae/11/weights.pt": "e4d62dc34c21026c0f5f94ea009cff47f68b6f149c4e8c3af902a4460e659b86",
    "runs/wine/split_29/generation_202/probes/tvae/7/development.json": "1db12bc3117066deaff5addef112f44ac2955af51b291e1811bb4a893db3a981",
    "runs/wine/split_29/generation_202/probes/tvae/7/model.json": "8dc7a49fc9677583d5eca9a68b054f8bf4032e91c9ef61206a101107129a9827",
    "runs/wine/split_29/generation_202/probes/tvae/7/weights.pt": "a8a17eeacf748ab9eaf1a3d4f0676a9c6503aeaeb29242a71e6696c053138be0",
    "runs/wine/split_29/generation_202/students/bootstrap/augment/11/development_predictions.npz": "876e6960894d09d281c8ac1bb7ac8e6bb5a0087a99a8e02d0345cd38fb4a77b2",
    "runs/wine/split_29/generation_202/students/bootstrap/augment/11/model.json": "243db79e9df89116232e24955742a8fd02c09f713c678bba4055ee60dfc4b888",
    "runs/wine/split_29/generation_202/students/bootstrap/augment/11/weights.pt": "c8cfe295bb2c8624aa8f2ff19a74176ecd97cc5030d3092fdb85e935a451d06c",
    "runs/wine/split_29/generation_202/students/bootstrap/augment/7/development_predictions.npz": "390a629047fe0ef8d58898b0cff3ac883fd5e62fbfb8a899a0b94bb761aee395",
    "runs/wine/split_29/generation_202/students/bootstrap/augment/7/model.json": "19f6b7ef6b9cd0a449d660ca0bf65a12380edc92205495bcc59fde28ec779f52",
    "runs/wine/split_29/generation_202/students/bootstrap/augment/7/weights.pt": "ae0a1aeaa620d210da2658f197f00d31b7b3635e37ca5622fcc111121e631884",
    "runs/wine/split_29/generation_202/students/bootstrap/augment/logistic/model.json": "5d73cd73717f01b4ada4323e092e60c8459b91b01865503bb2f93784bee92d02",
    "runs/wine/split_29/generation_202/students/bootstrap/synthetic_only/11/development_predictions.npz": "66136453e122a1c734c56f1a89099b4e383d5d4e0dd8786b4f0da4180e6e664f",
    "runs/wine/split_29/generation_202/students/bootstrap/synthetic_only/11/model.json": "b7e8fe06bec4d6c43be01a51d05f70ac276bc51abb71bd682d93d4d93ddd46ad",
    "runs/wine/split_29/generation_202/students/bootstrap/synthetic_only/11/weights.pt": "3d1b68833f0885b14b89e06cd05672f22ff43a9445163f0342c97006e016a9e5",
    "runs/wine/split_29/generation_202/students/bootstrap/synthetic_only/7/development_predictions.npz": "dc45433dc5a9705b94b33045aed56830acfbdd5d5b2dfcb80e24c9318f434a9e",
    "runs/wine/split_29/generation_202/students/bootstrap/synthetic_only/7/model.json": "d66d6523cff288fafdc8e779003992bd5d2b17f2598368aa87f5219ec24adc7f",
    "runs/wine/split_29/generation_202/students/bootstrap/synthetic_only/7/weights.pt": "76a8561d218d366289240af0178f092ca756d401bae35800522871693e7126a3",
    "runs/wine/split_29/generation_202/students/bootstrap/synthetic_only/logistic/model.json": "a7d0c7c5750b23c171b2cc5998aebd29c87de718ead71ae0ebc493a4b752ade2",
    "runs/wine/split_29/generation_202/students/copula/augment/11/development_predictions.npz": "47a23bffa793e8d471283aaba4b500829783a11ab8663f45fcd2c56260b2321f",
    "runs/wine/split_29/generation_202/students/copula/augment/11/model.json": "62f9f7bf552c8999275deb9e0790b36ba58835dcaf7f0d9447d922592b4fa3d6",
    "runs/wine/split_29/generation_202/students/copula/augment/11/weights.pt": "79d0f090f07f9252ade5078a6cef5917aa23aa13e92353240791ed286774d68e",
    "runs/wine/split_29/generation_202/students/copula/augment/7/development_predictions.npz": "bed7e33806125d743116253f40110a090ba5a9b260ce01fcbf60dc1115240d1c",
    "runs/wine/split_29/generation_202/students/copula/augment/7/model.json": "4dd7f97dd0675883386561303ad5ea7c17065230dabb921dc10ed6aefa53cd04",
    "runs/wine/split_29/generation_202/students/copula/augment/7/weights.pt": "155d77dc289b779df2b80895f1f9219a766f3779fdc5cabe33d5ca72b0ad8db6",
    "runs/wine/split_29/generation_202/students/copula/augment/logistic/model.json": "fb87d21395654f2e24804869fcb32b5d0a589086082e4fb54d35487381a86fda",
    "runs/wine/split_29/generation_202/students/copula/synthetic_only/11/development_predictions.npz": "5195225291818c9f1e2a3ac6f47cc1afc44a8f35bccfb4f013c5992cd30255ee",
    "runs/wine/split_29/generation_202/students/copula/synthetic_only/11/model.json": "f44045aecbf3f1bfe8db3753cdf76e98e8f4fadeafeb26bd1aefddd366b9b35c",
    "runs/wine/split_29/generation_202/students/copula/synthetic_only/11/weights.pt": "766d50a4c2b5335bfd01c4943d3aa67aeb882200c53fa89c4af9e7b68291298f",
    "runs/wine/split_29/generation_202/students/copula/synthetic_only/7/development_predictions.npz": "e127b2787242b4b620bbddb79f33221a7da17651b4500d3f5a39bc299fcbb2f3",
    "runs/wine/split_29/generation_202/students/copula/synthetic_only/7/model.json": "97ec21b1795e9679937bb6b5e35c76251c4d034f556cd447a01285bf1489cc39",
    "runs/wine/split_29/generation_202/students/copula/synthetic_only/7/weights.pt": "efeaf8755dc594bf49d74d3d6cc192a514a1b43e1f53c15f4ff5691e44870b0d",
    "runs/wine/split_29/generation_202/students/copula/synthetic_only/logistic/model.json": "1d4a67d41eab13b87f97ba870b21db1e82ba3d51dd0838460f56a15f5e1f459e",
    "runs/wine/split_29/generation_202/students/ctgan/augment/11/development_predictions.npz": "dc1f2de42e2c5c8993205fbc233a7c69c3c8070dbb7de3a1e1fe6d73a7ee5aa8",
    "runs/wine/split_29/generation_202/students/ctgan/augment/11/model.json": "eab5b92275bd8d987ca8702cc598022c60012ad3c61f117571713f82d0950761",
    "runs/wine/split_29/generation_202/students/ctgan/augment/11/weights.pt": "1fe47f23c961161aae95330687e7a50892f463353ffdc94ae278ace15d566510",
    "runs/wine/split_29/generation_202/students/ctgan/augment/7/development_predictions.npz": "5aff2f08e052f4445254080847dabd46881e5b5366be5fb79fad71f5ba1d22a4",
    "runs/wine/split_29/generation_202/students/ctgan/augment/7/model.json": "bc9035722844dba5f855ee77143b5540609d707d229aca31ac0178cd17251ea6",
    "runs/wine/split_29/generation_202/students/ctgan/augment/7/weights.pt": "4583cfce1851cfee05145c2c6ef0cee117c79e4b78a2a6d51515d3b751015362",
    "runs/wine/split_29/generation_202/students/ctgan/augment/logistic/model.json": "6b3ada4902ed33e053e9c0671d9a2edf6d92d0bf3a8f4eb396e062a95620871e",
    "runs/wine/split_29/generation_202/students/ctgan/synthetic_only/11/development_predictions.npz": "3fef85d2463112068ddfcebbd8121aaa8439d9371e1d509bd14441099838b9e3",
    "runs/wine/split_29/generation_202/students/ctgan/synthetic_only/11/model.json": "d84d63d7e8686997ff3768b11d3074001bb462da5104b63f955481ed632b8d36",
    "runs/wine/split_29/generation_202/students/ctgan/synthetic_only/11/weights.pt": "e29be3413255708ee1fc4044395f8698fa612c3e5f1ea17da711fb55830c70b9",
    "runs/wine/split_29/generation_202/students/ctgan/synthetic_only/7/development_predictions.npz": "c04ba89e5dd68473b966faa2ce70a1782b9592e61e3f783a9e8731b0d0552817",
    "runs/wine/split_29/generation_202/students/ctgan/synthetic_only/7/model.json": "cd014853aa88f9ce94816d411d3ccf6959c0f3b71dc102e434722735de18e30f",
    "runs/wine/split_29/generation_202/students/ctgan/synthetic_only/7/weights.pt": "011b65aafe91061bec7fc96f5a6b769d55397ec2ccc34a9c6d49ad913c388e8c",
    "runs/wine/split_29/generation_202/students/ctgan/synthetic_only/logistic/model.json": "4152fee269f6059734998f2490ee97283444fe55eacefef9c8d0c6a419f262c2",
    "runs/wine/split_29/generation_202/students/ctgan_one_mode/augment/11/development_predictions.npz": "079399466eb1437e9145a2ecb766bbded41d7b20e62054cb590a87e675fc8b5d",
    "runs/wine/split_29/generation_202/students/ctgan_one_mode/augment/11/model.json": "967dfe42c6725e2148b38a40766e1457fe27dafa0a6f8b9e8b4013270396e589",
    "runs/wine/split_29/generation_202/students/ctgan_one_mode/augment/11/weights.pt": "fc39d52b9778095d7b99d2735e0b05727c641f104c30ac617cd27b16db4dba22",
    "runs/wine/split_29/generation_202/students/ctgan_one_mode/augment/7/development_predictions.npz": "1e49ea2d55049b4bd9e889160e3601ac3599ddfaea2ec922a0809fa5268c4421",
    "runs/wine/split_29/generation_202/students/ctgan_one_mode/augment/7/model.json": "7033f6e1e6481550a35bd06d420861fc98e6c346ed3cefefb710d31d218c1dcd",
    "runs/wine/split_29/generation_202/students/ctgan_one_mode/augment/7/weights.pt": "4621b106b9c6f72a1a61ebaf50e362f113d626bb00990e5a0c6862defaab3fcf",
    "runs/wine/split_29/generation_202/students/ctgan_one_mode/augment/logistic/model.json": "0679da8595a3ed72ae198970051b19141deabf72d65d2e5a63cdbd2f92fdcbe1",
    "runs/wine/split_29/generation_202/students/ctgan_one_mode/synthetic_only/11/development_predictions.npz": "8d87cd66b2fcc60c3aee41f4c8bd7e784e49d0b27636c300a6d974d4e224e97c",
    "runs/wine/split_29/generation_202/students/ctgan_one_mode/synthetic_only/11/model.json": "6adf3ceb04dcc307d18d939a334ef547979d409e158d908329c017321133aac2",
    "runs/wine/split_29/generation_202/students/ctgan_one_mode/synthetic_only/11/weights.pt": "f2a33bc2ca395ecee4e618cb8d7cce562ad8b2d66b93fedf9982178d0c135a84",
    "runs/wine/split_29/generation_202/students/ctgan_one_mode/synthetic_only/7/development_predictions.npz": "c0f716b6f62017852ea36e174699424c421105247937973df54decb34c4b9d3e",
    "runs/wine/split_29/generation_202/students/ctgan_one_mode/synthetic_only/7/model.json": "599758ff886c52675ea0f77500e66469dacf17b6d0c5c53f36d6e05064d6fbd2",
    "runs/wine/split_29/generation_202/students/ctgan_one_mode/synthetic_only/7/weights.pt": "243d04aab981c675d512da8103a5d1803d5df4fb0d7b475778c491ed966bdd31",
    "runs/wine/split_29/generation_202/students/ctgan_one_mode/synthetic_only/logistic/model.json": "36c872d85fcaa4390881ca42c3383ebd7cd1ded8bb5603fab2d4b331335696fe",
    "runs/wine/split_29/generation_202/students/ctgan_unpacked/augment/11/development_predictions.npz": "5564c3d9e94ab9d25cad55de98e3eebf604be1c9988e7bc894317fb3ac9f8026",
    "runs/wine/split_29/generation_202/students/ctgan_unpacked/augment/11/model.json": "56ad7ee4077635d168bb263f739eb1dbcc1a17ff23b1429b7c130e7b1076879d",
    "runs/wine/split_29/generation_202/students/ctgan_unpacked/augment/11/weights.pt": "825833c833b830e8ff31664762cabf2f24ae2768e2f9cf2021f4388d94364005",
    "runs/wine/split_29/generation_202/students/ctgan_unpacked/augment/7/development_predictions.npz": "3e2e4abbb1959273f935d1f86a4be031c50b2e09f5e6c3da20b2a605723ad7f0",
    "runs/wine/split_29/generation_202/students/ctgan_unpacked/augment/7/model.json": "c617b362f8d3a7ceeaa088ff0231305b9d2e68c8abff3a69b99c7a6cc2e0c818",
    "runs/wine/split_29/generation_202/students/ctgan_unpacked/augment/7/weights.pt": "70b826fd519fc989bc988fdddd386ece3934c6301b710a6e9cb4dd45af778b1a",
    "runs/wine/split_29/generation_202/students/ctgan_unpacked/augment/logistic/model.json": "b191a3b3aa3b1eff590cb881f283aefbd49bb8d29d5d48f2accb8d600e555bc6",
    "runs/wine/split_29/generation_202/students/ctgan_unpacked/synthetic_only/11/development_predictions.npz": "14c1b52a22c7d59e95e6836d19a8891da09adea9c510ce943c460174263b1c2e",
    "runs/wine/split_29/generation_202/students/ctgan_unpacked/synthetic_only/11/model.json": "19a1353918e2ad8020def9d9171904344f565bab59faae526b5aeb945a74b7d2",
    "runs/wine/split_29/generation_202/students/ctgan_unpacked/synthetic_only/11/weights.pt": "eea6dd96892e55aadcea69d66175911726ba79d9b9cf9d9e3c79c2a5f06201bc",
    "runs/wine/split_29/generation_202/students/ctgan_unpacked/synthetic_only/7/development_predictions.npz": "dedae49b420faca0417148ddad8337a40ebb4d5197b83b75bd5bddcde7272a54",
    "runs/wine/split_29/generation_202/students/ctgan_unpacked/synthetic_only/7/model.json": "ec61fa64be2551e457165348851831f8bbd1016baa83bc6a4d9752085b5b60c7",
    "runs/wine/split_29/generation_202/students/ctgan_unpacked/synthetic_only/7/weights.pt": "ceb0b30bbfa4a5cee15ff7c5233771cc1a255e5f44f9be19a8e6995af59b33df",
    "runs/wine/split_29/generation_202/students/ctgan_unpacked/synthetic_only/logistic/model.json": "4d4ed988a51ddd487115dd58ec4b92be3003f1caff98afd73b4431d5e35e6f13",
    "runs/wine/split_29/generation_202/students/ddpm/augment/11/development_predictions.npz": "e25927e4d983c5fdb7bc0d08826b47e7835d09e1a508c3a6ac475a62aeb0c0e7",
    "runs/wine/split_29/generation_202/students/ddpm/augment/11/model.json": "c6a2e3b3803db5cb2d2f53061c945f3fb183901e3d5c0c13f7abf0ab492a1de8",
    "runs/wine/split_29/generation_202/students/ddpm/augment/11/weights.pt": "62b8b853c51321b44ea8e2ad77455fdcb29c5856104ba08e044ba8b58007828f",
    "runs/wine/split_29/generation_202/students/ddpm/augment/7/development_predictions.npz": "08114ad0a3a5a82261b47cc3b6e22e9184065de67af7cfeb48433252486decc1",
    "runs/wine/split_29/generation_202/students/ddpm/augment/7/model.json": "5b9504db28ffe4da5ec0f40379b25a31c611a6c27f429cc3d9ddfdea9fffaa03",
    "runs/wine/split_29/generation_202/students/ddpm/augment/7/weights.pt": "99490ec5f8f2a9d3f89b0d11cf8d59493663fff741b2451a5e83968e482c25f8",
    "runs/wine/split_29/generation_202/students/ddpm/augment/logistic/model.json": "148d810e66ceb3d988c1c06fbdbdd0108d75d22bc04f351a600852783f15ee71",
    "runs/wine/split_29/generation_202/students/ddpm/synthetic_only/11/development_predictions.npz": "87b59eb838fb1edf1374a5edd48ce7ac12ad4cb0d446d607d39dfe4bbc858aeb",
    "runs/wine/split_29/generation_202/students/ddpm/synthetic_only/11/model.json": "5cb3f33b3f7ea96def34168d47f8c7335d0a9cbd8c7768a87d88fa44971f311f",
    "runs/wine/split_29/generation_202/students/ddpm/synthetic_only/11/weights.pt": "77ac130e94f868a35bc6e8d64c32492c4a328b4a882be66df54de32fb07bdaf5",
    "runs/wine/split_29/generation_202/students/ddpm/synthetic_only/7/development_predictions.npz": "fa5918aa4d1baf7d4795ad20cffed8b1cf3665a6f60da3541ce4fb52ceca6f0f",
    "runs/wine/split_29/generation_202/students/ddpm/synthetic_only/7/model.json": "157cb536e14cd6c2f8a40bb580c3ddb0591d4a87a85e791be866adb38c05c130",
    "runs/wine/split_29/generation_202/students/ddpm/synthetic_only/7/weights.pt": "4b8d8bf4a2fe0fcb8cb44f209faad34dff091ba39d7957ffe9f8fcfee7e45ac0",
    "runs/wine/split_29/generation_202/students/ddpm/synthetic_only/logistic/model.json": "2b27ed1b93189cd236baef0b219fff3b7bc3f0c04977a87cdd192dca707afcae",
    "runs/wine/split_29/generation_202/students/ddpm_standardized/augment/11/development_predictions.npz": "6f3de2b7bf3e812c9e55eee6c43f57df1acb7564f23ee32eb1be6ce205bae429",
    "runs/wine/split_29/generation_202/students/ddpm_standardized/augment/11/model.json": "6665483b63bf57083cb26dae23f5c2862cec78b304a1391d148eee2926f4c342",
    "runs/wine/split_29/generation_202/students/ddpm_standardized/augment/11/weights.pt": "21c8da7a57661ab69b37f952b129dffc761d01fd34dbee7ca5c259bb8af3e2d5",
    "runs/wine/split_29/generation_202/students/ddpm_standardized/augment/7/development_predictions.npz": "6915fbe1f2d16bbb1632e1948a86459c17594c5749dd4907070cfd491cc8ba4c",
    "runs/wine/split_29/generation_202/students/ddpm_standardized/augment/7/model.json": "a05c83f66358960198567f49812a8dc1b12ee3d434ec83e99ac1b6e132023c28",
    "runs/wine/split_29/generation_202/students/ddpm_standardized/augment/7/weights.pt": "546e23f819ee44b2c46923d5ca03db74b0673bf455de1347669d93cf04656987",
    "runs/wine/split_29/generation_202/students/ddpm_standardized/augment/logistic/model.json": "02354c9e07b1873eeb1862afdb659ee7cde6c1e833d6e80a0fdf5ae19def07cb",
    "runs/wine/split_29/generation_202/students/ddpm_standardized/synthetic_only/11/development_predictions.npz": "2bde433e58b50535e200d71af67d1050db90f4bd5bd659dca016462ccd26fab2",
    "runs/wine/split_29/generation_202/students/ddpm_standardized/synthetic_only/11/model.json": "1563160da9429236cd310b3185a1332bc97fd6a2c8345b22464cfb56194f02c8",
    "runs/wine/split_29/generation_202/students/ddpm_standardized/synthetic_only/11/weights.pt": "cddfd94d7718e429eb5f112ff0aef1bb8ee5fc91eb231a73fd4b9eefd4ea7fdd",
    "runs/wine/split_29/generation_202/students/ddpm_standardized/synthetic_only/7/development_predictions.npz": "1a549f39d8010b3b278f0c669cc1e5defefdb9e56b8221667b29ee76792760d4",
    "runs/wine/split_29/generation_202/students/ddpm_standardized/synthetic_only/7/model.json": "5b83ff8f5d25db1ebc3a6497303afd71889727f3cb9df4e17a191780f6ba52cc",
    "runs/wine/split_29/generation_202/students/ddpm_standardized/synthetic_only/7/weights.pt": "212b9767fe5de8a2c11dae7ce2bf6cc9c0157d99b3d855f806c52adde0bb32c0",
    "runs/wine/split_29/generation_202/students/ddpm_standardized/synthetic_only/logistic/model.json": "827c32b017066b7e8c9a0c4c9f4fcd4fbb75d0db8f71c045a95fb101f4cd2e01",
    "runs/wine/split_29/generation_202/students/ddpm_unconditional/augment/11/development_predictions.npz": "d6db7df410ad642ee678a6413d50b79e367f7cb49f55f9fa55514b5dbbdda54f",
    "runs/wine/split_29/generation_202/students/ddpm_unconditional/augment/11/model.json": "9e6836cbc1745966709947d2bae19fdfd838a49709eecf6cc3aaf34c5e4365a5",
    "runs/wine/split_29/generation_202/students/ddpm_unconditional/augment/11/weights.pt": "0b191f64e72eaf5bcfd10acde88f2008e3517bd1f714ef11be4359390d0ff004",
    "runs/wine/split_29/generation_202/students/ddpm_unconditional/augment/7/development_predictions.npz": "c49ec843811d1b3a2296c5bf9d0ab864d8c56c77c87cd73f07d0408c401a2671",
    "runs/wine/split_29/generation_202/students/ddpm_unconditional/augment/7/model.json": "d4c27bae1616f17aac8521a09fbfc7c3ba007fe37f43ca1521e276de3c873566",
    "runs/wine/split_29/generation_202/students/ddpm_unconditional/augment/7/weights.pt": "2e6d83d0db0b8159b783a329a53227171ddde956aa22fc0cbb348312d7660fa7",
    "runs/wine/split_29/generation_202/students/ddpm_unconditional/augment/logistic/model.json": "a4d38da88dd6b480f32d7c92f3a4b225ee8bd2ded3baafb77b135a10e61ca843",
    "runs/wine/split_29/generation_202/students/ddpm_unconditional/synthetic_only/11/development_predictions.npz": "30f6d7fb2a7dd3d2eaad16bdc550df110bcc6285cb2c6e45d2e4067439e351bd",
    "runs/wine/split_29/generation_202/students/ddpm_unconditional/synthetic_only/11/model.json": "fbc6a4703b29026162b0dc44a5608d2d45cac753be4d25c696886c2387e20c85",
    "runs/wine/split_29/generation_202/students/ddpm_unconditional/synthetic_only/11/weights.pt": "da6ffc0277a6351cd24c45c6ff7e8b5e73710b0e4738cf730263bdf558b1ffd3",
    "runs/wine/split_29/generation_202/students/ddpm_unconditional/synthetic_only/7/development_predictions.npz": "ffbe0f89fe48fdfedb9aa7c1903324fc7d3b5337ebb4484b1ce0274ee7dfd1d5",
    "runs/wine/split_29/generation_202/students/ddpm_unconditional/synthetic_only/7/model.json": "3686b2c2ae71496eefc9d588700addf6cec85ca3184209d18a52fa7a8fd12d0f",
    "runs/wine/split_29/generation_202/students/ddpm_unconditional/synthetic_only/7/weights.pt": "03e80f071a979bd1be52485a05a0793a904e6d93f4618e848336fdbe33c079cd",
    "runs/wine/split_29/generation_202/students/ddpm_unconditional/synthetic_only/logistic/model.json": "9a4a8c010c7fe359669998727b9e7e00c23c6d25bb26a74451e5ae13ff08ea1c",
    "runs/wine/split_29/generation_202/students/mixture_support/augment/11/development_predictions.npz": "c3bb9561a33e57c816f51088f07cf51fbdf662eeea4dd54a509425bc3a0449bd",
    "runs/wine/split_29/generation_202/students/mixture_support/augment/11/model.json": "d886ac378cb6bc8e59cb6da5868fbfa760e292b143c91b05fcccd5e2459b3ae8",
    "runs/wine/split_29/generation_202/students/mixture_support/augment/11/weights.pt": "324706664a8e367560b8a9bb0c4cb695a4064bdffbd5c8f6989e3b54cd79052e",
    "runs/wine/split_29/generation_202/students/mixture_support/augment/7/development_predictions.npz": "2da468f14b5711876438521cfa4bdb41325f9f125ee7efb618f294d00e083526",
    "runs/wine/split_29/generation_202/students/mixture_support/augment/7/model.json": "176038244d2ffc9520471d583c7d2ea2ca6a193b298be033d0ee676cbe11a10b",
    "runs/wine/split_29/generation_202/students/mixture_support/augment/7/weights.pt": "bb2eeed2db54b94877e5f2ad5ad2a07b9af9434d9ab00c7dbdd3022fa0cad8eb",
    "runs/wine/split_29/generation_202/students/mixture_support/augment/logistic/model.json": "70da50a6032e0e0454bacd755fe15c31cbb07d39cf58b7d605617bf8e8a33665",
    "runs/wine/split_29/generation_202/students/mixture_support/synthetic_only/11/development_predictions.npz": "4078dda8bf271a5aaa96db271c0d542d8c8a64ddd4cd2d9535ad11f164c85078",
    "runs/wine/split_29/generation_202/students/mixture_support/synthetic_only/11/model.json": "12f6dcdfccc6721cb569b77748d47061dcc634a66b21c367ebae0c39a1cfe674",
    "runs/wine/split_29/generation_202/students/mixture_support/synthetic_only/11/weights.pt": "7a8d48355f893a2770d5d9daa2e9ea50c1c98016ccefb267cb5a1bcc78220ad7",
    "runs/wine/split_29/generation_202/students/mixture_support/synthetic_only/7/development_predictions.npz": "0b803204eed4a54987c3405353458829d9a172469362349441a66d160ea0aa3f",
    "runs/wine/split_29/generation_202/students/mixture_support/synthetic_only/7/model.json": "f955cca956609c2a9aa09c746c773cb5493337162fe575abca954318115fac47",
    "runs/wine/split_29/generation_202/students/mixture_support/synthetic_only/7/weights.pt": "ea47b078055546a1fb7987cd3752cee0427af92eb3424b8d0ff90e6f943074fe",
    "runs/wine/split_29/generation_202/students/mixture_support/synthetic_only/logistic/model.json": "5881f3a69eb243bdcd0108b5475fdbbc88f56fabc4879aee6f6a6b505b721b19",
    "runs/wine/split_29/generation_202/students/mixture_uniform/augment/11/development_predictions.npz": "62b17fdbafa912060e26c945c54158d6b076246efcadec52fc6e4aa90108f7dc",
    "runs/wine/split_29/generation_202/students/mixture_uniform/augment/11/model.json": "43f311c946236bdc57b150a8e099b42a037ee8baa088a302bed46dd75698822f",
    "runs/wine/split_29/generation_202/students/mixture_uniform/augment/11/weights.pt": "a422e59d20d2f5456e1dde6c0c012216df7580e8e8853f894c4cef2b3b55e321",
    "runs/wine/split_29/generation_202/students/mixture_uniform/augment/7/development_predictions.npz": "15428e81337edda16f2fb88344a32e078517a14bff9ca0dc7daa6bf9b7903043",
    "runs/wine/split_29/generation_202/students/mixture_uniform/augment/7/model.json": "946244cb61b616c7eddb7ad0bb4c930854ba13ac29d4bd70a15844029655c724",
    "runs/wine/split_29/generation_202/students/mixture_uniform/augment/7/weights.pt": "8875f71d565dae85a24a9cbe27edc6a15326c48f2bf2428fbea1135d12e84e19",
    "runs/wine/split_29/generation_202/students/mixture_uniform/augment/logistic/model.json": "13f69c5122b5958b63e929a4dde80b2122818be99c2f7b1bbda8b5faaccff85d",
    "runs/wine/split_29/generation_202/students/mixture_uniform/synthetic_only/11/development_predictions.npz": "3009b652b39b2d90ba45207fcf3b22986062e0a4c5ef3090166c3d41732dec25",
    "runs/wine/split_29/generation_202/students/mixture_uniform/synthetic_only/11/model.json": "333d03255c0f9cbae6903969190401e1625249f160c36d3decac0d949a56022b",
    "runs/wine/split_29/generation_202/students/mixture_uniform/synthetic_only/11/weights.pt": "259dd376171e351856881305febf13b103a05413fa0eb7921636348bbe7ae56f",
    "runs/wine/split_29/generation_202/students/mixture_uniform/synthetic_only/7/development_predictions.npz": "96493f40bde193a5ef5f02e07e1cabea341c07dac45147bec0ce97b836c1cc4f",
    "runs/wine/split_29/generation_202/students/mixture_uniform/synthetic_only/7/model.json": "99843cf0b30e37ece928b243fb0df88ff720e816dc28bbe1d1bea02fc068c156",
    "runs/wine/split_29/generation_202/students/mixture_uniform/synthetic_only/7/weights.pt": "f0c8b210bcc524e70bc4e66a037d0c50334a2a02eec43abef93ba4f46d60cd90",
    "runs/wine/split_29/generation_202/students/mixture_uniform/synthetic_only/logistic/model.json": "97f56276299e6e5151a91a8ef1dfbf09121f065395d8561b7f810ae042f73a5a",
    "runs/wine/split_29/generation_202/students/mixture_utility/augment/11/development_predictions.npz": "81f51298edf379d752fe5971a8e9aaaea70bd85faa5a7883577c8a7488671e1e",
    "runs/wine/split_29/generation_202/students/mixture_utility/augment/11/model.json": "4ebfad04ce952c6aadb8f08f7bc0e5ea86d9557a15d45cc822f834ddcddb02be",
    "runs/wine/split_29/generation_202/students/mixture_utility/augment/11/weights.pt": "5b5222f35d8ea00c4f1e06d2b9105f0b1af01cf33d95ac5a4bc4c9cd0c62433d",
    "runs/wine/split_29/generation_202/students/mixture_utility/augment/7/development_predictions.npz": "7f5d7eff7f0fec2ed1473339b8528221dbf49b40224d0e0bedb5a8f32b1878ee",
    "runs/wine/split_29/generation_202/students/mixture_utility/augment/7/model.json": "2b810c484ab5b1d18393eb52b25d69c4e2b0901ce9afee62771278da5837edfe",
    "runs/wine/split_29/generation_202/students/mixture_utility/augment/7/weights.pt": "1a8a3f29450ab4279922279007943167d0672f532b52f2504b821eefc42fb335",
    "runs/wine/split_29/generation_202/students/mixture_utility/augment/logistic/model.json": "b84822c65676f5ac14ad578a3b1b76e6d597441d47a493ee1ddea33eadc77e6a",
    "runs/wine/split_29/generation_202/students/mixture_utility/synthetic_only/11/development_predictions.npz": "9676f4beac06d8f8b817c887242791f6f951a39d508d51cbd59c98cebe8f7e0d",
    "runs/wine/split_29/generation_202/students/mixture_utility/synthetic_only/11/model.json": "f2fb8edcb30da0cc7aa5777bf0211d628c44587ccb45d78cc64cb624e0621b35",
    "runs/wine/split_29/generation_202/students/mixture_utility/synthetic_only/11/weights.pt": "34c2e5fc508030b964da34a6c6023bc14a60adac181c22c3591ac5f056cd500d",
    "runs/wine/split_29/generation_202/students/mixture_utility/synthetic_only/7/development_predictions.npz": "e70fceaa506510f221ab2a7ee523c86fd8b3a520c376dbff0319bdfe0418cdab",
    "runs/wine/split_29/generation_202/students/mixture_utility/synthetic_only/7/model.json": "249f9a2b99d1f46b2faea5d75aa58fca0afb8eaa9b4eb58d11a6675f7ef2b232",
    "runs/wine/split_29/generation_202/students/mixture_utility/synthetic_only/7/weights.pt": "f0951bc9742989aa0d5a8b8f2e5c89ea6e0b6f5666b0beb1cf546a9ceb8540ce",
    "runs/wine/split_29/generation_202/students/mixture_utility/synthetic_only/logistic/model.json": "a4d13f2f70a3200c261e7ad3b5cf3d0b07e86dfe71c326d94ecd11dab2b707d6",
    "runs/wine/split_29/generation_202/students/mixture_utility_support/augment/11/development_predictions.npz": "93d8fafc4d0df7407b40e82c5c89f07bf9c57f8c672e610a0ffa05bd8ef5b14d",
    "runs/wine/split_29/generation_202/students/mixture_utility_support/augment/11/model.json": "c9b5c646ae5bd2c25bb0716373eae59520c5228598a4768ffb7005b279e11c90",
    "runs/wine/split_29/generation_202/students/mixture_utility_support/augment/11/weights.pt": "f1238c12cc197a6d20b4ce73fbec1a23960ee673e20ea3b0496606a62c12e116",
    "runs/wine/split_29/generation_202/students/mixture_utility_support/augment/7/development_predictions.npz": "3dc9e1c0f8689f209ae0c7fbe803b233b8d6e3f29e465915d63eb6fac173e313",
    "runs/wine/split_29/generation_202/students/mixture_utility_support/augment/7/model.json": "7b2de8e9e00be3b2b801e1f71d597c35873bf5649d56f1805145ee359a0b1361",
    "runs/wine/split_29/generation_202/students/mixture_utility_support/augment/7/weights.pt": "04647e752e996974fa31e01ebc75b7ad441fd1f98b3a3703ed1601c39eb04aeb",
    "runs/wine/split_29/generation_202/students/mixture_utility_support/augment/logistic/model.json": "0cb0bc06a6816cf35091b65a95df050037c2e3946fc6f6c4a8fa95212c9e7b8d",
    "runs/wine/split_29/generation_202/students/mixture_utility_support/synthetic_only/11/development_predictions.npz": "c4e45a00b355676720bf887506c325364e274a779a3f6fee5544dcb27bf9be5b",
    "runs/wine/split_29/generation_202/students/mixture_utility_support/synthetic_only/11/model.json": "0aa936b9e9c75d7b37aa378839d013d3993328688d636d97576c9301b9935e84",
    "runs/wine/split_29/generation_202/students/mixture_utility_support/synthetic_only/11/weights.pt": "129a4d8f73d82de2848a2206898aa8b6b37026fae1c8cddd5ce8fdda944a3709",
    "runs/wine/split_29/generation_202/students/mixture_utility_support/synthetic_only/7/development_predictions.npz": "f2cc858b07ea7ddce36b9ce7029bd2a08ad60c60174b963c08fb4f64d64472fc",
    "runs/wine/split_29/generation_202/students/mixture_utility_support/synthetic_only/7/model.json": "bdec630807fd9e7f3e53abb059172bd7b782b3e5101642d61ce18920f48b0f70",
    "runs/wine/split_29/generation_202/students/mixture_utility_support/synthetic_only/7/weights.pt": "2437534d5f9d12716a6d8dc933ba28bd9147061d282c99fcc01c8316f02c3a31",
    "runs/wine/split_29/generation_202/students/mixture_utility_support/synthetic_only/logistic/model.json": "fd22c7143e9f9b178e90c70b22f302dd93f35214e42eaadba857530b4e11a0fa",
    "runs/wine/split_29/generation_202/students/real_only/real_only/11/development_predictions.npz": "1cc89fee444a14a131b2606e862dea047385c76899273a7432e404aef398c232",
    "runs/wine/split_29/generation_202/students/real_only/real_only/11/model.json": "f655825365aa4cf88eca8e4ddebb871926edcd6f4999fac0b8c8d42496dab236",
    "runs/wine/split_29/generation_202/students/real_only/real_only/11/weights.pt": "c0d5d820beec2b926045a03d81d1e311b777b1d89897f01033acdbdb14899437",
    "runs/wine/split_29/generation_202/students/real_only/real_only/7/development_predictions.npz": "1fcce0d37bb4918e23b0a7e5356b8e9c3d86b22767d4a01bde256532395ac33b",
    "runs/wine/split_29/generation_202/students/real_only/real_only/7/model.json": "f718a8003fd0f0a6d34cf4cface45e3cad24fe1d1d8c8b0962c5e15a63d3e258",
    "runs/wine/split_29/generation_202/students/real_only/real_only/7/weights.pt": "c13ed0ea15508ffc3e20502fa309a140503c52de13353b6c3638f715e43e472f",
    "runs/wine/split_29/generation_202/students/real_only/real_only/logistic/model.json": "2117f381f1cb48b6200313d048f44cd024b0056a2938706927467806946b88a8",
    "runs/wine/split_29/generation_202/students/smote/augment/11/development_predictions.npz": "a140a5796b29cf4bf196caec31445fecea7d9474ce59a8604d46ab5e386807c0",
    "runs/wine/split_29/generation_202/students/smote/augment/11/model.json": "7303e8aa6a33e769c695ec86e06cdfdb26d221f5625a82a83c7c676bf2da103d",
    "runs/wine/split_29/generation_202/students/smote/augment/11/weights.pt": "a576c2c0143a97bc6bd0a6878e5ef3a4adb09790c065af4ba074cd6fa0e96d62",
    "runs/wine/split_29/generation_202/students/smote/augment/7/development_predictions.npz": "7a0fb5d8d8df04968d575b8918e363ae9ede4d82255ce47a787cfb3ae796760e",
    "runs/wine/split_29/generation_202/students/smote/augment/7/model.json": "c40fef66a3db49ad6b3e97960d94753296132089810a033c4d84a70272ed40d1",
    "runs/wine/split_29/generation_202/students/smote/augment/7/weights.pt": "9ce0fae9c0e28812eef9426cf3363bb21ed0ceefd92290332e26810878585d9d",
    "runs/wine/split_29/generation_202/students/smote/augment/logistic/model.json": "2e7c0c3e55197e05565658de4c76fb234e69198964efb7606885bb28289ed25e",
    "runs/wine/split_29/generation_202/students/smote/synthetic_only/11/development_predictions.npz": "8cd416a455bc48a6a2e18ba4427f4fe2e4a8f791c33b562dc6055a7a79f12a7d",
    "runs/wine/split_29/generation_202/students/smote/synthetic_only/11/model.json": "74b6546303c4a5e7aabfa74993fe378f9dd91aa8424a553a1fc51346c4d7a23c",
    "runs/wine/split_29/generation_202/students/smote/synthetic_only/11/weights.pt": "92a1b2091060517fbb0bbdb68538ea2b6342df314c5ce73cb7405218efc66e89",
    "runs/wine/split_29/generation_202/students/smote/synthetic_only/7/development_predictions.npz": "64c4b5f14eee7041ab2a331078120c6971ac2cbbbc3aefb1a8409ac493e90e5a",
    "runs/wine/split_29/generation_202/students/smote/synthetic_only/7/model.json": "255c4617c5198792f3f76e1d5c87a57c2f01b89a5bab1e9019fa3a49a0437237",
    "runs/wine/split_29/generation_202/students/smote/synthetic_only/7/weights.pt": "e0606ca5ca0391fad157dd5ff27d6548f347c06884c1d3c73c32e6516dee6c63",
    "runs/wine/split_29/generation_202/students/smote/synthetic_only/logistic/model.json": "b53f98f86f091bb0810210d43eaf22dbe5826c904e8e07eefc77008b52ed9a57",
    "runs/wine/split_29/generation_202/students/tvae/augment/11/development_predictions.npz": "53e206b8b9e035f833d0d21b62e4abe03d97ac471d0ba7391e0194532218f3da",
    "runs/wine/split_29/generation_202/students/tvae/augment/11/model.json": "acff0d754d5bd35749ac891d2d58b39792f8f2fe4a93fa6451149783ba57972c",
    "runs/wine/split_29/generation_202/students/tvae/augment/11/weights.pt": "7b7399a0d76a1b0f58a2b532a49bfa9676f82940652cbb6bb6ed121c05585f10",
    "runs/wine/split_29/generation_202/students/tvae/augment/7/development_predictions.npz": "0d5ca2ed776227f4641deb7784627b307a339e4fc46934164fcd9d3180eab142",
    "runs/wine/split_29/generation_202/students/tvae/augment/7/model.json": "f017f4a46b1e2ce80ee63b5d22a73c955aa10956ab9e89072a2c782666b62340",
    "runs/wine/split_29/generation_202/students/tvae/augment/7/weights.pt": "b6e2461239b600bbdf88123c2aa7da513b2f9c19c489842a209c57d4fb1f5380",
    "runs/wine/split_29/generation_202/students/tvae/augment/logistic/model.json": "e13a62a9eade92bff942e78285af918a13a90e18ca27ab2044a31ea0bc7eef26",
    "runs/wine/split_29/generation_202/students/tvae/synthetic_only/11/development_predictions.npz": "0aaffd4afb59e4ecdee570adfcae3a8704875eb78089ebeae53be1c5b83e8149",
    "runs/wine/split_29/generation_202/students/tvae/synthetic_only/11/model.json": "dc64e8b78e48641a9be4ad2841966366cad1444177f377da19f04fa8a4a99b91",
    "runs/wine/split_29/generation_202/students/tvae/synthetic_only/11/weights.pt": "80c493d4740d45364712d1088d7a032683b5131bdb06327f2139cc7facabdea2",
    "runs/wine/split_29/generation_202/students/tvae/synthetic_only/7/development_predictions.npz": "d05e588e306594ff093c94baddabb15bba0ec95b6c1add4dc770c3c90f50308f",
    "runs/wine/split_29/generation_202/students/tvae/synthetic_only/7/model.json": "5efe5a819c26d78a2cc4b3585b7b4f117f28b2c79bbcb345bebac7938069acad",
    "runs/wine/split_29/generation_202/students/tvae/synthetic_only/7/weights.pt": "61f12ac33320b918e05b802dfb6aa1ff4d05b4cd6243fb86aacc847665436a0f",
    "runs/wine/split_29/generation_202/students/tvae/synthetic_only/logistic/model.json": "c9f225d108e6b1f67b98e7324c057b65ba98df04d6db24c442819ceabff061ae",
    "runs/wine/split_41/generation_101/datasets/bootstrap/manifest.json": "322b0635bee107179fcc3933a4741493625c743a17ee06553d9d7097747d997b",
    "runs/wine/split_41/generation_101/datasets/bootstrap/training.npz": "8d630297407ee813a6bc15a1e7ea595c0cbb3467c408d2885aaef403e5031d23",
    "runs/wine/split_41/generation_101/datasets/copula/manifest.json": "b2a01215cbef2555f9cabd6cc540b79b0b0995d6cb4ad5815b5122bb84b6203c",
    "runs/wine/split_41/generation_101/datasets/copula/training.npz": "35d89042436655bca689fb97114be237efd158b7b465786705c36a24a2efcc27",
    "runs/wine/split_41/generation_101/datasets/ctgan/manifest.json": "47a10ffd18c3ff98fc806f16937ccf4cc222b5278280a36e428c0c5fb2798dbe",
    "runs/wine/split_41/generation_101/datasets/ctgan/training.npz": "7fb9c61ee3a62a4d092d8d141ef1540067a934006f363e7d2fb189b3d43d2af7",
    "runs/wine/split_41/generation_101/datasets/ctgan_one_mode/manifest.json": "1d3cd6f7a2ddca9935215828bce48a25a40b29f044502907a0b70d0a9ebff136",
    "runs/wine/split_41/generation_101/datasets/ctgan_one_mode/training.npz": "721b08874248219c527081ede9c32bd5f3049221fe1e952ece5c1ef63fde194c",
    "runs/wine/split_41/generation_101/datasets/ctgan_unpacked/manifest.json": "1aa2b9e58d2f1ed933acd7e6b1152e87c2a407f1e1421a904481cbe82fe2f09a",
    "runs/wine/split_41/generation_101/datasets/ctgan_unpacked/training.npz": "314ed28e6184ddea243487e7289a7e2e121700914b48ec8ccfc21313c5b47719",
    "runs/wine/split_41/generation_101/datasets/ddpm/manifest.json": "9a493eb9c55601b54ed643cce07561a2bb8cf3a8d49eb95dfccd7ef247e79f13",
    "runs/wine/split_41/generation_101/datasets/ddpm/training.npz": "be69234430641b823e00b1931506c495d6f442683324633671d2d053fa50d41c",
    "runs/wine/split_41/generation_101/datasets/ddpm_standardized/manifest.json": "9b07b51cba973afd6ae804d78c3a4a655703ab3087af70e304a4cef34575bbe7",
    "runs/wine/split_41/generation_101/datasets/ddpm_standardized/training.npz": "81d9d33793b9d9a1723b1a1810320dc92932be6a022c772a26cb27cc1d3db4af",
    "runs/wine/split_41/generation_101/datasets/ddpm_unconditional/manifest.json": "a958cd81a05ab2ab49b716864796fae1e3bc47c4984f03ea2971ececd5e33762",
    "runs/wine/split_41/generation_101/datasets/ddpm_unconditional/training.npz": "07cfbe4740d60cdb729c8994af869133cf63649afcf513e7830387f49140461f",
    "runs/wine/split_41/generation_101/datasets/mixture_support/manifest.json": "e5cace3999892549b4dba6e466cc66b153f8601881a93d0d6768058fb32aac93",
    "runs/wine/split_41/generation_101/datasets/mixture_support/training.npz": "907cca58cedf0fe3e076113d58fae217f28470a2a19f6f10bfd226a1b3480d59",
    "runs/wine/split_41/generation_101/datasets/mixture_uniform/manifest.json": "1063566b182b565558af055b7f402e2a713b4a482e0ba62e8213b8024a40d940",
    "runs/wine/split_41/generation_101/datasets/mixture_uniform/training.npz": "b19c4e605a17e04869dddd7b366e35bf84fcf22f721a36eb0767697b7dc45712",
    "runs/wine/split_41/generation_101/datasets/mixture_utility/manifest.json": "965221afb91abfab0cc4af233f078a8537f523f92d8c36644ef4993321812801",
    "runs/wine/split_41/generation_101/datasets/mixture_utility/training.npz": "00d67a2a44c53c3acccbd87a9249d825a7649c9efb3ff4e54bf3afdeb4f67ae5",
    "runs/wine/split_41/generation_101/datasets/mixture_utility_support/manifest.json": "94ba3fa4904d991779e4af31a81843ad81f2fcfeae1e96854129a73137305586",
    "runs/wine/split_41/generation_101/datasets/mixture_utility_support/training.npz": "833c826d27360092af27a83b069b1d25d2ca220f98afe00909087421f7bdd18f",
    "runs/wine/split_41/generation_101/datasets/smote/manifest.json": "c0ea12f3397b94f9407e4dd8f74041bc2673c10e4a0099eace9948189bf0938e",
    "runs/wine/split_41/generation_101/datasets/smote/training.npz": "8f02f1cdc9b9dcefb4a88eaf0c385c877f53fcd099e7ec8ae00bf72a6b9de660",
    "runs/wine/split_41/generation_101/datasets/tvae/manifest.json": "92d261d6aaf03f2fafe2f7c340f2d238df5ee35c637f5b3e5f5e5031f2ed7040",
    "runs/wine/split_41/generation_101/datasets/tvae/training.npz": "1c202d4ea8350992a747a348ddb2857cc797c1696ff3bba5248fbb283c7b2822",
    "runs/wine/split_41/generation_101/development_selection.json": "6c229f2af6c1577285d1e0f0e1d1fe75252493da8c8e478cd028acc641ef085b",
    "runs/wine/split_41/generation_101/generators/bootstrap/audit.json": "e245bd7c434a30837875dfe8e6869e9939de62eea9d5dc5ef95bd5576f3e16a0",
    "runs/wine/split_41/generation_101/generators/bootstrap/model.json": "bc43e0beb9fb383933f0be6ebc5596632d4138a118dd6de5d2af5ccc62ebff32",
    "runs/wine/split_41/generation_101/generators/bootstrap/pool.npz": "70a0aea8b50bc09a3ebd0f1077793505884b1e28a4623129d677302e99220f01",
    "runs/wine/split_41/generation_101/generators/copula/audit.json": "ae6887590f9d008791a237234931060f84ed17ebb002bfdca2155bead602f3fb",
    "runs/wine/split_41/generation_101/generators/copula/model.json": "c4b08ef2f19f0685970eaa6c77972f6b6242e40307e11e0e9f707d70b9cda788",
    "runs/wine/split_41/generation_101/generators/copula/model_arrays.npz": "344fdc166d07f1371f6887d11060a1640a3a23d72b76068e11269ee6df36fc63",
    "runs/wine/split_41/generation_101/generators/copula/pool.npz": "d4a3baaa7e42a50e69cd29d206cd4eb621d5a221d8cd56a87649807e980c9bab",
    "runs/wine/split_41/generation_101/generators/ctgan/audit.json": "f99c8a2695d273f077b7d7036314a38d40c1c7abf55dc441571e33ec506a064e",
    "runs/wine/split_41/generation_101/generators/ctgan/model.json": "90a4a30ec29b4bc691116331e21cb6cb4e6faefc4ca8495ad24651afd68e1044",
    "runs/wine/split_41/generation_101/generators/ctgan/pool.npz": "5aa95e8d6972146cdffbe9acffdd1e4b90cefcabdc7624126b3a24684469e31d",
    "runs/wine/split_41/generation_101/generators/ctgan/weights.pt": "4974133181ed18da1667575b27bac53ac5349924888253c5d667a1ce31a36aa4",
    "runs/wine/split_41/generation_101/generators/ctgan_one_mode/audit.json": "3a83c601c7adf13f8118115a964230b7793272a506dacc60f4c2019eda813163",
    "runs/wine/split_41/generation_101/generators/ctgan_one_mode/model.json": "20e197576fe4ea6e64433b19eb44f8e9f21557148bf7a3ebabe1b8e0121c4f75",
    "runs/wine/split_41/generation_101/generators/ctgan_one_mode/pool.npz": "4691c42f85686df2af3b1ddc14e6bd326c12ea07da235dc6f3bc4ee429b85c5e",
    "runs/wine/split_41/generation_101/generators/ctgan_one_mode/weights.pt": "70466cd01b21ff17b239daa5e7225c7e4548d291d1227edaa8b18dec8513c505",
    "runs/wine/split_41/generation_101/generators/ctgan_unpacked/audit.json": "64cebecae88760c3dfdf297333dff750802a76747a3f1b0904f1a99c04c08f87",
    "runs/wine/split_41/generation_101/generators/ctgan_unpacked/model.json": "d7200ef5ee35feb344069269bfa054c9f61e010e47d4524d513cfc4ca7a465b6",
    "runs/wine/split_41/generation_101/generators/ctgan_unpacked/pool.npz": "656672effd9c7fd6a3bf8654d58ee859c434d7f0b4ccbfd4b981c8ac7d5eed74",
    "runs/wine/split_41/generation_101/generators/ctgan_unpacked/weights.pt": "967594c274ce64c3a085965962f795ebab720c592e3e0fd27addd7c67ffe0bd8",
    "runs/wine/split_41/generation_101/generators/ddpm/audit.json": "30a13ff968194347b0a865cf910c45c161805553fce748d6cbc2d040ec9804b3",
    "runs/wine/split_41/generation_101/generators/ddpm/model.json": "11cfda1a4d7b9ece7da73b2024d7413a9045ebfe1c3336ab155c922c961036be",
    "runs/wine/split_41/generation_101/generators/ddpm/pool.npz": "cdb46addf865207f1cf0d858f8681d39dbd4ebc0d167d87ec76d9bb42e7e79ec",
    "runs/wine/split_41/generation_101/generators/ddpm/quantiles.npz": "318b33a90abc700cb5967957cbfca42e477cfbfcbe2a842bc04e43bf7b679213",
    "runs/wine/split_41/generation_101/generators/ddpm/weights.pt": "b85e60d61f8a456055bfba75c39865d777dbcee6bd1203b391f5e217f1198faa",
    "runs/wine/split_41/generation_101/generators/ddpm_standardized/audit.json": "95531f636595b663264187c803fbe9f4156cd4fd96eeb25e8b1bd15d0e469ef4",
    "runs/wine/split_41/generation_101/generators/ddpm_standardized/model.json": "8d78e2277f98d83232eeede86fb8c80d4061c6977412074ae3d40c8162dfca0f",
    "runs/wine/split_41/generation_101/generators/ddpm_standardized/pool.npz": "6e89d1e449db89aa49cb20d79ec9e855af493068524bce9125d8dbe507d6b9cd",
    "runs/wine/split_41/generation_101/generators/ddpm_standardized/quantiles.npz": "be5240164d5b92c104c0c619430359eb3d067876046159e4a9004a8fde9ff160",
    "runs/wine/split_41/generation_101/generators/ddpm_standardized/weights.pt": "130953401c0f76e70b382208dc812caacaeecfc169ad8f869eab3487511481a2",
    "runs/wine/split_41/generation_101/generators/ddpm_unconditional/audit.json": "8831337a969fec66920ab31a19725ea62d0be98e11d3f0462bc7413063e85e53",
    "runs/wine/split_41/generation_101/generators/ddpm_unconditional/model.json": "d44493c240c7b6d709ff7d70349cc033e2d80d63f21abf0519e37ea85964ee1d",
    "runs/wine/split_41/generation_101/generators/ddpm_unconditional/pool.npz": "b359e462a9487fa643836490ea5c0babdcfd1b03bc46fa7bdc13471b8e951f85",
    "runs/wine/split_41/generation_101/generators/ddpm_unconditional/quantiles.npz": "318b33a90abc700cb5967957cbfca42e477cfbfcbe2a842bc04e43bf7b679213",
    "runs/wine/split_41/generation_101/generators/ddpm_unconditional/weights.pt": "d920cba3981a049fa1812f74e4df29d38dbbb3e78b04fc91d8a77d53c56907ce",
    "runs/wine/split_41/generation_101/generators/mixture_support/audit.json": "161499c3701515fb8cee225dafa343affaf63e80910ffa2a2ba67379f632e12c",
    "runs/wine/split_41/generation_101/generators/mixture_uniform/audit.json": "85f71992c172415eecf28f6814580ca43552c0779c83d57d774a0300b84e2a1f",
    "runs/wine/split_41/generation_101/generators/mixture_utility/audit.json": "c33a16baa92b3dbfc20fceb74027ce8dd0177c736ed1b7a6405bc9b2d4f16464",
    "runs/wine/split_41/generation_101/generators/mixture_utility_support/audit.json": "216725d7e20f3457c922c05fa4bd28e24975151473fd50a4d15d97d392948039",
    "runs/wine/split_41/generation_101/generators/smote/audit.json": "218eaa5fc2c14633b8318d2d1c0c2b4a4dd80a9bb18acef17873b161ebfbc8b0",
    "runs/wine/split_41/generation_101/generators/smote/model.json": "eaaf216cde335810364e295d7534c3edf37434b4eccd472f8959dc61a026cc32",
    "runs/wine/split_41/generation_101/generators/smote/model_arrays.npz": "a15336ed0bc4c81a9c01db71dbadf714e160176a8cedbd3dbddabf3ec229a1b3",
    "runs/wine/split_41/generation_101/generators/smote/pool.npz": "c90aceff92bbf37bef227c3a295bc3e002032000f095f6226f40474aa617cf5e",
    "runs/wine/split_41/generation_101/generators/tvae/audit.json": "52ced96abc94ba4e2176acc14ef396afa3a79f2dcfc2188b2864bc887e59b290",
    "runs/wine/split_41/generation_101/generators/tvae/model.json": "9e13b5e8163b9cf66c32dcf43812494cc2f9fae20a059fb803bda879bcad430d",
    "runs/wine/split_41/generation_101/generators/tvae/pool.npz": "1ae48c79e2203be2a9a8ae23c0500042d74d8d955f622d318c231e4a4cf5998a",
    "runs/wine/split_41/generation_101/generators/tvae/weights.pt": "216daf952b527ac49db816dc99dcdaf33e40a913239c12ec908e850f2e6f7f28",
    "runs/wine/split_41/generation_101/index.json": "a223c5803644b9b3561d24f552ea8d79b5e369a9d5888d848802cee3b91cad8e",
    "runs/wine/split_41/generation_101/portfolio_inputs.json": "c1fdd5361d2684dd8e2c4a071fe89b232fb718520de337c21c29209b522235e8",
    "runs/wine/split_41/generation_101/probes/copula/11/development.json": "8e31384e40653fae04988a9d56b0f76e8ebbd958262d48a5c8c1f6539d466a44",
    "runs/wine/split_41/generation_101/probes/copula/11/model.json": "af351c8b1165ac75b020ebd7236b7dc718a0f4a406bed89e9d4f37e847299ac2",
    "runs/wine/split_41/generation_101/probes/copula/11/weights.pt": "f45de98a9caafd867ecf3603280d54461dabf0f68d68c2b2e6fc8e246ae061f2",
    "runs/wine/split_41/generation_101/probes/copula/7/development.json": "2c0bcf0ecf9192fc6ea5ccfe25d9b34c241dac6c8630287b9fa562fba1b73cdf",
    "runs/wine/split_41/generation_101/probes/copula/7/model.json": "48d3d8d4aa11368a99b82545d5ed750e59023e8a81f0c94ebb857c6f3150fa59",
    "runs/wine/split_41/generation_101/probes/copula/7/weights.pt": "8a27e373f1624515ea35fe4f125a255e2251a82a1bb4fb45ef02ee9151d4c99c",
    "runs/wine/split_41/generation_101/probes/ctgan/11/development.json": "5023ee810a9c638bbdf50dfe1f1ce9eefdabf10cf677b2390684defc53a9d78d",
    "runs/wine/split_41/generation_101/probes/ctgan/11/model.json": "aa36075f9d48b6a1611611acb1dd5ebecbc8987901ac2e30aa37609acbd33c43",
    "runs/wine/split_41/generation_101/probes/ctgan/11/weights.pt": "6f4f8c88e1b73090f016f754447d6d6735f9922fa1c53aaa95c76a0ce3df7cb8",
    "runs/wine/split_41/generation_101/probes/ctgan/7/development.json": "482c7cbaa95c8d070dab30f32597f949da9b06bc3d4a4dcd40c07e9b1afd6c5a",
    "runs/wine/split_41/generation_101/probes/ctgan/7/model.json": "a111b22c1aa12fb700a3560abcfeff5a30b664083702c999b1159a1de71ffc99",
    "runs/wine/split_41/generation_101/probes/ctgan/7/weights.pt": "1c3b8229c76a2b3c737d3eb42cbd9fc5c7d2154018c56cf62820749276c9474f",
    "runs/wine/split_41/generation_101/probes/ddpm/11/development.json": "40304bb022d3321bc66c7041b09238c300dfeda5d7de932873179c953cb40cce",
    "runs/wine/split_41/generation_101/probes/ddpm/11/model.json": "2c99a8111da4b30cb7736433d2039029062e6877e3cf85a1c51bda073d45df55",
    "runs/wine/split_41/generation_101/probes/ddpm/11/weights.pt": "b235b4f08dfe2eb5bc5935c901c32546c001558995091bb1c99c3b68d2fc5b0c",
    "runs/wine/split_41/generation_101/probes/ddpm/7/development.json": "728c615fe5b644319552efb587758bb599e48cf5d4483d895dc53b2d9ac43931",
    "runs/wine/split_41/generation_101/probes/ddpm/7/model.json": "77e7181cb08b6e8f150aee3527ff5ae92c775ebe2f1c984271092f786b38ed17",
    "runs/wine/split_41/generation_101/probes/ddpm/7/weights.pt": "f5eab694dcba6e21277f646e99b2f7c53b7c3803027c31df5a3e72f1e4d6e45a",
    "runs/wine/split_41/generation_101/probes/tvae/11/development.json": "2ef6145ea23abab37bcd9a3f3c8875466524cfffaa845faadb9e4ac120aeb75d",
    "runs/wine/split_41/generation_101/probes/tvae/11/model.json": "e2a38e403cf60c0acdcdf1c6b211cbd2dd1d36846c832c88d9b99596de8e7de5",
    "runs/wine/split_41/generation_101/probes/tvae/11/weights.pt": "d4e73a4e48d17de4b0bed6be72e5deaea080ef54df027fed2a7fbc84a4e3385b",
    "runs/wine/split_41/generation_101/probes/tvae/7/development.json": "661623a2efa443e53ee3541b044dc9ee34eea5a1ff46408e32156df4cdb6818d",
    "runs/wine/split_41/generation_101/probes/tvae/7/model.json": "fbb19062f0486f9e45b2fdd75e22f931ee275a26b0d5154026df6184a2b0b5b4",
    "runs/wine/split_41/generation_101/probes/tvae/7/weights.pt": "bb2180dda6b4f5dd0b2131c21f272c3771453069ef8afaacdb77db46d800ec00",
    "runs/wine/split_41/generation_101/students/bootstrap/augment/11/development_predictions.npz": "80dbaf6dc2dfca348a5f9045085920d60e7390c7c3496b7c6e0eb97ada872a44",
    "runs/wine/split_41/generation_101/students/bootstrap/augment/11/model.json": "4f793b8866e133f8f4f150353b92c5ed42e58238a339edfdd432afef6aeda9f7",
    "runs/wine/split_41/generation_101/students/bootstrap/augment/11/weights.pt": "13b2b3ce915d020cec21142f0bd4e5f394ac904a88768b4f2aa4b1676e20269f",
    "runs/wine/split_41/generation_101/students/bootstrap/augment/7/development_predictions.npz": "40679e90978231ffd50e5de573229f34be421649c0f33b22048afc4668e6506e",
    "runs/wine/split_41/generation_101/students/bootstrap/augment/7/model.json": "1bca07a1aaa120177bdc88cbdeae7096533a37d3eab159c65b2944a6516d23de",
    "runs/wine/split_41/generation_101/students/bootstrap/augment/7/weights.pt": "e677b6c5f9aac92ed8bcf6839c2a95ff214825a4d8f33d845f25a2666d327fa6",
    "runs/wine/split_41/generation_101/students/bootstrap/augment/logistic/model.json": "12912b7de654c2eb802e3848e296e51c2e01cb998f56c26587241271d9649c2e",
    "runs/wine/split_41/generation_101/students/bootstrap/synthetic_only/11/development_predictions.npz": "84289fcfd49ddf6fdb097ce1d750d7d62fa1eac75105d870b7f4b52e7661c213",
    "runs/wine/split_41/generation_101/students/bootstrap/synthetic_only/11/model.json": "990d34a7809615d11b6387e24551ee852a1146081be46c22b0f137a74024db00",
    "runs/wine/split_41/generation_101/students/bootstrap/synthetic_only/11/weights.pt": "c6a78db77a840a413356a59a9c3c783ea52c69a8c2c3f5a4333f01b097556df3",
    "runs/wine/split_41/generation_101/students/bootstrap/synthetic_only/7/development_predictions.npz": "e7f38ddae8cdfc3df227a5263f1323509011e99f1e746953e8bfa278c70b63e4",
    "runs/wine/split_41/generation_101/students/bootstrap/synthetic_only/7/model.json": "aafb551d637428f4a7326ca8b3919b86404e26306cdec4f9275e5da68fc77875",
    "runs/wine/split_41/generation_101/students/bootstrap/synthetic_only/7/weights.pt": "ab6b972af34d7169ad20811f350b03a5c267addfdc97f6226d33ea07f41176a2",
    "runs/wine/split_41/generation_101/students/bootstrap/synthetic_only/logistic/model.json": "1c1a8575374a8c8bd80c98a5ea58a9009f20922775ab0a22930a654c7e107270",
    "runs/wine/split_41/generation_101/students/copula/augment/11/development_predictions.npz": "58ae3fedd689ab8d129b34cb6a98db86cbe953c59209dff61ab0624d0131fa81",
    "runs/wine/split_41/generation_101/students/copula/augment/11/model.json": "d62c9e1d9000ff4d0ec7c121c257cc024be22e23434b7a17dc9e23047ee608c7",
    "runs/wine/split_41/generation_101/students/copula/augment/11/weights.pt": "f4b8260ef26c047d0802c7e7b4219d0d54eb4304c14bc67382bbde60c6589eec",
    "runs/wine/split_41/generation_101/students/copula/augment/7/development_predictions.npz": "e215ff19483e4f6bd27df69dee6bbd125cd609286985f3cca0b9204a2fd327aa",
    "runs/wine/split_41/generation_101/students/copula/augment/7/model.json": "25d41a7bc6d665bb6ddc5fa4cea7b3a18b8d01436596e3d68d11e9512e1faa0a",
    "runs/wine/split_41/generation_101/students/copula/augment/7/weights.pt": "2ee8f7c2c81729bff5e53563450b9a26c5154eff1a1d874058eab38d4437e3a0",
    "runs/wine/split_41/generation_101/students/copula/augment/logistic/model.json": "caf82faa3fb7b8547847b8959b4e017006df813addf381983b6029a2f92f9402",
    "runs/wine/split_41/generation_101/students/copula/synthetic_only/11/development_predictions.npz": "d34f4dbc3a53735c3ee329c84d481bdb971f8e570578bcce44d003772ab9840d",
    "runs/wine/split_41/generation_101/students/copula/synthetic_only/11/model.json": "e60095b3428b5eeb72c109daf3662b3bd47788ae89677336cff635d9c5b3b5b1",
    "runs/wine/split_41/generation_101/students/copula/synthetic_only/11/weights.pt": "d7bd3c296ea312b063e8cf6d40933aacf24565aa58b89e2ff10ff6801766a2a5",
    "runs/wine/split_41/generation_101/students/copula/synthetic_only/7/development_predictions.npz": "ba80c8a9976d5aa9bab966e2617d0a16ce3d3bc665f731cb241d17716ac6f9f6",
    "runs/wine/split_41/generation_101/students/copula/synthetic_only/7/model.json": "68da834c9c71127dd533916853e7ba32f87fe63f528996d104e9da2a3a9b9109",
    "runs/wine/split_41/generation_101/students/copula/synthetic_only/7/weights.pt": "7cfdb357aeb3cccd0dcb5fa115ecd069bc7eacccc3c5b652ccfea006472c11e8",
    "runs/wine/split_41/generation_101/students/copula/synthetic_only/logistic/model.json": "2f9526580a7034f8c728cc30e8139046c5f4c121d304aff4d3b67c486af6dc39",
    "runs/wine/split_41/generation_101/students/ctgan/augment/11/development_predictions.npz": "6291858309a7da90eedea03afc9bbf8c66cf9c6fe91e46be6ed8b251d1dd058e",
    "runs/wine/split_41/generation_101/students/ctgan/augment/11/model.json": "25a8f3c1cdddf48a660b86bf44f6becce25628f9ff7b2cc8603cca221d552c4d",
    "runs/wine/split_41/generation_101/students/ctgan/augment/11/weights.pt": "308d415764b591621f8633d5b3d938359f9ca011fc9c78aa8bef7a3b60ff844b",
    "runs/wine/split_41/generation_101/students/ctgan/augment/7/development_predictions.npz": "495a48b73c7a2db49492d9f1ac31a123c127a73a7413c351b7ac13dbb9f5be67",
    "runs/wine/split_41/generation_101/students/ctgan/augment/7/model.json": "4f1b6d36f712cc36322461a5f05e0159c9ad4bf01a30453a0d53fdf96a6a84a6",
    "runs/wine/split_41/generation_101/students/ctgan/augment/7/weights.pt": "520012a528fe6c75205fc85765221de8d463d2a51c3414525235633c157f6e08",
    "runs/wine/split_41/generation_101/students/ctgan/augment/logistic/model.json": "7790c1dd75eb33ce8d7daffdc327a362987ff1c9cc61970838d31e5f445abb7f",
    "runs/wine/split_41/generation_101/students/ctgan/synthetic_only/11/development_predictions.npz": "be113a53ac754a96d9eea6cedcd39369011897797eb5f1a94c3c317866a4681a",
    "runs/wine/split_41/generation_101/students/ctgan/synthetic_only/11/model.json": "70cc193f0229474cbd0cc306bac075d21a4cb5fde30234601b2628db1097a857",
    "runs/wine/split_41/generation_101/students/ctgan/synthetic_only/11/weights.pt": "23ca745abc35c5caddef92980bc816efda9c1f587c00bb5f2f205da02a74c1ec",
    "runs/wine/split_41/generation_101/students/ctgan/synthetic_only/7/development_predictions.npz": "d35ef876870fe7b7473dc73e2703f1ab784797e9386ecd3f1547cf70d3f5b976",
    "runs/wine/split_41/generation_101/students/ctgan/synthetic_only/7/model.json": "9afd0aad1f3ad1fe8901254dd891d50754fff232911cd4ca719db8b472b4f245",
    "runs/wine/split_41/generation_101/students/ctgan/synthetic_only/7/weights.pt": "af021a9c0a9cc7b7a45c3c125d58ac0a1f9b08f69bc9c481cddb5f04934165f3",
    "runs/wine/split_41/generation_101/students/ctgan/synthetic_only/logistic/model.json": "a803652afb34c6adc828a48ad8b0b5c458ee3ead2c58f7c5bb605c7703b61479",
    "runs/wine/split_41/generation_101/students/ctgan_one_mode/augment/11/development_predictions.npz": "d4719162565cc52d9cd891b7aa80588eb654bcab1505f6a46efe4ca348b1f926",
    "runs/wine/split_41/generation_101/students/ctgan_one_mode/augment/11/model.json": "be2ab42e4985546bcdefd6aa38599e58ac27dc92dc3d52888f5132e60063d17a",
    "runs/wine/split_41/generation_101/students/ctgan_one_mode/augment/11/weights.pt": "a3ca6a0a303b06614715b75e4aaa28b7e157fc0c30c6b1f7d5ae5a61dbbdd5de",
    "runs/wine/split_41/generation_101/students/ctgan_one_mode/augment/7/development_predictions.npz": "26aaae275d596197e0cfde8e5acd5bea77989a178ed118c2ecbf646cc9057cf3",
    "runs/wine/split_41/generation_101/students/ctgan_one_mode/augment/7/model.json": "63d83a8a475ee12c65634bf5c18c0bd54c753d82e7faf1c6d4076acec2255e20",
    "runs/wine/split_41/generation_101/students/ctgan_one_mode/augment/7/weights.pt": "abe41f28dc7ca8acff0a206fab355d6d56b146e4b480a515661ee320db4fc888",
    "runs/wine/split_41/generation_101/students/ctgan_one_mode/augment/logistic/model.json": "a70b8d950850c7086126e1a4a7470e251883b51cd2a86d18927bf2fe8c391f09",
    "runs/wine/split_41/generation_101/students/ctgan_one_mode/synthetic_only/11/development_predictions.npz": "8fa5ad1570f59d76ea1e3d3b862fed0618bcdfe6c4c371cfdeaa506b3e19b91b",
    "runs/wine/split_41/generation_101/students/ctgan_one_mode/synthetic_only/11/model.json": "2da79dafbdea2773303b7cc56bae70350c4eed380b68a2658555e9e36c878eb0",
    "runs/wine/split_41/generation_101/students/ctgan_one_mode/synthetic_only/11/weights.pt": "0383cb37a760153e451987b4bfe1053ecb7020698adcdc68869c8abd37470698",
    "runs/wine/split_41/generation_101/students/ctgan_one_mode/synthetic_only/7/development_predictions.npz": "fafc337c68e64cc1bb9654269b0587943b67aaaf6a966c0cd71cb7d001d20b5d",
    "runs/wine/split_41/generation_101/students/ctgan_one_mode/synthetic_only/7/model.json": "7df4ebc7a60378189aaf29d6ed80c07db0fda078f87e2f5234d50d2162c99891",
    "runs/wine/split_41/generation_101/students/ctgan_one_mode/synthetic_only/7/weights.pt": "4c72e8612c3b2bc214bcd64692fea48a34ef87389cc5ab5248eb50588483396e",
    "runs/wine/split_41/generation_101/students/ctgan_one_mode/synthetic_only/logistic/model.json": "28d7ceb965a975cc7256df979daf8c2623cacfcd519d4e9fad4bf588aa657c44",
    "runs/wine/split_41/generation_101/students/ctgan_unpacked/augment/11/development_predictions.npz": "cd207b2410657619516d963c6b27c6a6adb41fd8cba65d23e699450ff93134bc",
    "runs/wine/split_41/generation_101/students/ctgan_unpacked/augment/11/model.json": "72b9a8468ffa75effa572a708a331dd81853f9134b4efe76569342949097445d",
    "runs/wine/split_41/generation_101/students/ctgan_unpacked/augment/11/weights.pt": "f7b57ebb8730e3e4220db6ba42c23faf3eef696cd6c04df4d711e1cc26425873",
    "runs/wine/split_41/generation_101/students/ctgan_unpacked/augment/7/development_predictions.npz": "e7f256dc2c62ec623cca9652840e69ce9e5d86a27389e050501ab3805ffdc019",
    "runs/wine/split_41/generation_101/students/ctgan_unpacked/augment/7/model.json": "aa450685b49a6016b288d48696f413e33f5d0a372a89660657a29a57b2f9c5fd",
    "runs/wine/split_41/generation_101/students/ctgan_unpacked/augment/7/weights.pt": "f9b2085535a4a1ae43696f2ebc6f811342b69674635d6376154fe05688feda28",
    "runs/wine/split_41/generation_101/students/ctgan_unpacked/augment/logistic/model.json": "76fa07e5a0e7f6ae11669a3cadc3b08d29ed14e554278b9d13e5a99ac45d011c",
    "runs/wine/split_41/generation_101/students/ctgan_unpacked/synthetic_only/11/development_predictions.npz": "67273e3a2c54b7018e2dd2be04cf408d3acaa565346ce5b610c51f2354e5ee13",
    "runs/wine/split_41/generation_101/students/ctgan_unpacked/synthetic_only/11/model.json": "0a2c271daba2a420ca84c696f26c8dcf8c1f70909c089245ae4a4e4606fd3829",
    "runs/wine/split_41/generation_101/students/ctgan_unpacked/synthetic_only/11/weights.pt": "0b51ad2a4e6a9a9645afbb70f98827c96cb7484c092c9bb156ae23f8debf05f9",
    "runs/wine/split_41/generation_101/students/ctgan_unpacked/synthetic_only/7/development_predictions.npz": "97fe475ec6044b050fd34da51fd298da774a74834c3e52d5f212542a3eb6b2a0",
    "runs/wine/split_41/generation_101/students/ctgan_unpacked/synthetic_only/7/model.json": "8685eb992ba22827a313cefa9ff57a73c7557e816ff224cde7d6fbe504c82ee7",
    "runs/wine/split_41/generation_101/students/ctgan_unpacked/synthetic_only/7/weights.pt": "1f75afc77b1db6389d28c1966bdcee719ca8fb1191b7f5555371e6668c899fe3",
    "runs/wine/split_41/generation_101/students/ctgan_unpacked/synthetic_only/logistic/model.json": "2fe4959a478c8378c06d657c3ee5dd20771503174976a6314913416cf27c5d2c",
    "runs/wine/split_41/generation_101/students/ddpm/augment/11/development_predictions.npz": "8fa36a4ebc65378a3496c5e96899e9592578bf73f02a7e6351286a3c319cf21b",
    "runs/wine/split_41/generation_101/students/ddpm/augment/11/model.json": "e06149a3b939b3b999daf48123fddae1e5ee98e693ad5b3410b73c93acfeff00",
    "runs/wine/split_41/generation_101/students/ddpm/augment/11/weights.pt": "5d51eed78b2bfe25eeabaea7967997e3e1a55f544aee0b3a5188d962965a0a55",
    "runs/wine/split_41/generation_101/students/ddpm/augment/7/development_predictions.npz": "9bc34b65399b520502bf266cfbf18f3314a3cc0de3a4f1d2ab9cc67632118e30",
    "runs/wine/split_41/generation_101/students/ddpm/augment/7/model.json": "d68bc0481ae12b8c8d915f962d0e3389e045ab6aaee3bd312e8e0a8df3a6a0fb",
    "runs/wine/split_41/generation_101/students/ddpm/augment/7/weights.pt": "e7ed1b6270b71b8c49bb5acdef4db85d9f71672a6686f395113941a9b1c41b27",
    "runs/wine/split_41/generation_101/students/ddpm/augment/logistic/model.json": "92152cb207871e56c9c1700fdd2d912e3dfbd312a443a06ddc791470018f3695",
    "runs/wine/split_41/generation_101/students/ddpm/synthetic_only/11/development_predictions.npz": "944a760d64f67f2c5102955496d4609058d6b7c12671aa0ab1a379faeef6a10f",
    "runs/wine/split_41/generation_101/students/ddpm/synthetic_only/11/model.json": "99a8c30d39ce37b6908d4a45ce34ecafe7c4ae6da2a692288fea15c1dea84c98",
    "runs/wine/split_41/generation_101/students/ddpm/synthetic_only/11/weights.pt": "a1791a134b8cd2f5c134ace9d18622ee227481a07a9b4095ec852dd0d2d9656c",
    "runs/wine/split_41/generation_101/students/ddpm/synthetic_only/7/development_predictions.npz": "2d9fa1ddf0ddce3e3d198012394149464e3658e9ac43116c571ed2a13ea74739",
    "runs/wine/split_41/generation_101/students/ddpm/synthetic_only/7/model.json": "a18f7ea814d6aa5764999a5bc7830cb2ca833524038a9399a9fc30f886c2b5a6",
    "runs/wine/split_41/generation_101/students/ddpm/synthetic_only/7/weights.pt": "8cd3b0ad4626cba932885b3833f5ff8cb45ce77c9d58a37095b1f6ba7acc2790",
    "runs/wine/split_41/generation_101/students/ddpm/synthetic_only/logistic/model.json": "abb040aacce5fc95bc363ddd25baec8a50203151cafce1d66bc49da22fbcddc1",
    "runs/wine/split_41/generation_101/students/ddpm_standardized/augment/11/development_predictions.npz": "e59e92aee367e121494c5dca05a9ccd7c5dff66e70256f6db0d9bd6963a4332c",
    "runs/wine/split_41/generation_101/students/ddpm_standardized/augment/11/model.json": "2eca1849e5f65ab4e8a991b23084763e5be2d920aaf155550b57bbfa2c9696ee",
    "runs/wine/split_41/generation_101/students/ddpm_standardized/augment/11/weights.pt": "287804ebd59116c0ea4c4ef74a1cd08bec8e0d15c14d3f8fba235f2a2b98917a",
    "runs/wine/split_41/generation_101/students/ddpm_standardized/augment/7/development_predictions.npz": "9ee65b8e3955df22ed77c65cae5b9bbee575660a8bc6a0012cf306ac08f1b5c7",
    "runs/wine/split_41/generation_101/students/ddpm_standardized/augment/7/model.json": "44afda1a2b3daf9402cab8bf19c87861fe867febe80f540b8248465dfeef592d",
    "runs/wine/split_41/generation_101/students/ddpm_standardized/augment/7/weights.pt": "a79ff1518c4dc14727308dec5ac3c32f8880f30000e70b2dcf96aaa78caadd92",
    "runs/wine/split_41/generation_101/students/ddpm_standardized/augment/logistic/model.json": "6b9ece2cec5eba6e06280dc118db562f86e0deeffa303046a7156477db31f154",
    "runs/wine/split_41/generation_101/students/ddpm_standardized/synthetic_only/11/development_predictions.npz": "32bf7ba8bbaa12105cd12a44b0909e725f8ada22a75b3207775e0a6b4120d21b",
    "runs/wine/split_41/generation_101/students/ddpm_standardized/synthetic_only/11/model.json": "da9d21611f3ced10d49ea120a796f57e8f1b1a408634809132d73dbf9cdc044d",
    "runs/wine/split_41/generation_101/students/ddpm_standardized/synthetic_only/11/weights.pt": "b7d25d3c3bd7bf8addcc3f18088eae355eb270fc64c80c7b6e8c7e58dd8e1247",
    "runs/wine/split_41/generation_101/students/ddpm_standardized/synthetic_only/7/development_predictions.npz": "168f2e0d1d826691d557540a9b5992b9585a1a3ce669d032f2de989be406449d",
    "runs/wine/split_41/generation_101/students/ddpm_standardized/synthetic_only/7/model.json": "59e8d13611b977d42e95804c71737fdaee4e67c9baa58ec66d9147a198e40572",
    "runs/wine/split_41/generation_101/students/ddpm_standardized/synthetic_only/7/weights.pt": "721e49638dc5a6a1ee5aad50d02c1a3b5c91f79a3b6ccb6118cd8b1fbd471d2d",
    "runs/wine/split_41/generation_101/students/ddpm_standardized/synthetic_only/logistic/model.json": "fba54acfd254cf59e9a98f4027c8cb9639f6a920ad0401fecbf6bf8372f790a0",
    "runs/wine/split_41/generation_101/students/ddpm_unconditional/augment/11/development_predictions.npz": "2c3377ce0120d3d3c060098ead420b68468586f80fd14a4fb000d7a24cd2bc75",
    "runs/wine/split_41/generation_101/students/ddpm_unconditional/augment/11/model.json": "42716eeaffb0e37b705c7f3d41e765214ff362fd5776a09f6644d3ba1bf9b181",
    "runs/wine/split_41/generation_101/students/ddpm_unconditional/augment/11/weights.pt": "2367f75569a633ebef843880a7607fc28c3cb1bc956d6c49f48af0078cdd330a",
    "runs/wine/split_41/generation_101/students/ddpm_unconditional/augment/7/development_predictions.npz": "6f2a9ac9a682affa576af7eda5f71df6e25a2b49000b3dfa06761e6099f55c38",
    "runs/wine/split_41/generation_101/students/ddpm_unconditional/augment/7/model.json": "e5584253f1317d142178fa68be25826f057174dabf98b402b70a9e771142f81f",
    "runs/wine/split_41/generation_101/students/ddpm_unconditional/augment/7/weights.pt": "60bf36e8f11443c635cfb9efa4f2887367c402240faaf7ba5ce6eb78d3d4314b",
    "runs/wine/split_41/generation_101/students/ddpm_unconditional/augment/logistic/model.json": "a7584aa04d6d2f706b8dee92298da21808482a6a9b22028b7a27790e59a7f7dc",
    "runs/wine/split_41/generation_101/students/ddpm_unconditional/synthetic_only/11/development_predictions.npz": "535f60bfb24740c35aaae993a847bd364451abc65ffe7d61579fecc93565b611",
    "runs/wine/split_41/generation_101/students/ddpm_unconditional/synthetic_only/11/model.json": "d796a56362193934c48924d64c34ea4834cea9959e6987d4b28884604d4f2f55",
    "runs/wine/split_41/generation_101/students/ddpm_unconditional/synthetic_only/11/weights.pt": "3fe7df0b5744c480329c647aa29d59bc8bd93e840e82b9781ccfb40433bea82b",
    "runs/wine/split_41/generation_101/students/ddpm_unconditional/synthetic_only/7/development_predictions.npz": "e02214eda636fdac49a9da8ef8ef778d56cc9819f18d591e81078b79ba0c8678",
    "runs/wine/split_41/generation_101/students/ddpm_unconditional/synthetic_only/7/model.json": "4fa66a1f417a330b4f99b1c6b4ea99b9bde37a49e0d91f854f830c5a610bea9f",
    "runs/wine/split_41/generation_101/students/ddpm_unconditional/synthetic_only/7/weights.pt": "89af24034b5d9162462ead9070355c7f68b5b3cd262de86076bb90c95277d128",
    "runs/wine/split_41/generation_101/students/ddpm_unconditional/synthetic_only/logistic/model.json": "0f32db6151b6e159b77b450dfe69a862847e84ea307762fc6ea398989ef867ba",
    "runs/wine/split_41/generation_101/students/mixture_support/augment/11/development_predictions.npz": "30944858f4cab262c1c539930d8ff5dc3f856990cb35ecd902e67014df29af38",
    "runs/wine/split_41/generation_101/students/mixture_support/augment/11/model.json": "05aa5527c1c32e37ee2ca7d29e0e03c801d8ba098b182e7dc03e76c3884f580c",
    "runs/wine/split_41/generation_101/students/mixture_support/augment/11/weights.pt": "5202710a0001ef5e888c140ce10fbcfbc9c5f59ed3f04e36680a72881f0148ba",
    "runs/wine/split_41/generation_101/students/mixture_support/augment/7/development_predictions.npz": "9895658f10883fc901c88129b9d908f4624b93c3802dc0e8a19125cfb67f45c0",
    "runs/wine/split_41/generation_101/students/mixture_support/augment/7/model.json": "918ac891340cd091dd3479d47f97b15a4ba54c3daec294126d091e394c703023",
    "runs/wine/split_41/generation_101/students/mixture_support/augment/7/weights.pt": "382ae58b88a34db7f021ef33252f14af10338550918cbc837bb442bf8b181d53",
    "runs/wine/split_41/generation_101/students/mixture_support/augment/logistic/model.json": "1d34c299cb93e872d0a10b7f2e82f8005e63a38202a56360c89b135695816802",
    "runs/wine/split_41/generation_101/students/mixture_support/synthetic_only/11/development_predictions.npz": "1495823a7a0f688ea1386a06ca7aa2ad7be59722ea70662464bf16235573d2df",
    "runs/wine/split_41/generation_101/students/mixture_support/synthetic_only/11/model.json": "354cb16ad4fde4c490fb496adc79b6f91fd6d2e02cba2383c04371bde377f59c",
    "runs/wine/split_41/generation_101/students/mixture_support/synthetic_only/11/weights.pt": "edb4d5f30c207097bf05da1679dac17b8a6c276443cfea8212381f46e4dccca1",
    "runs/wine/split_41/generation_101/students/mixture_support/synthetic_only/7/development_predictions.npz": "f3d64393e1b8beb80fe515acbb2106e2cf1c0446a8390859a96c209e72901bf1",
    "runs/wine/split_41/generation_101/students/mixture_support/synthetic_only/7/model.json": "acfc37d52efe3f4504805996d6a8301b4b2f650025810c8e19734a5e04312f35",
    "runs/wine/split_41/generation_101/students/mixture_support/synthetic_only/7/weights.pt": "8d3948efa50f5c4b7cf6b3ec22c2fcbbe4be7d623cbc47ae96115d2439ff4e70",
    "runs/wine/split_41/generation_101/students/mixture_support/synthetic_only/logistic/model.json": "2d4d595f6c22d99669644951ffcda8c3a2ca836c7849561fd0cfa770cf1a66ea",
    "runs/wine/split_41/generation_101/students/mixture_uniform/augment/11/development_predictions.npz": "d634fd5732313871578e5070d779b4fc6253ff504e3ce8ed8bfe63e5601dd36f",
    "runs/wine/split_41/generation_101/students/mixture_uniform/augment/11/model.json": "1295f98c06482e23f504dcca6b5fabc734b8b4d3375718f454b579fbc7b1a150",
    "runs/wine/split_41/generation_101/students/mixture_uniform/augment/11/weights.pt": "4438ff0a4bb9ad3f5df278cd49c5b886e36fc463c6348e3ff1831a91cc1c9748",
    "runs/wine/split_41/generation_101/students/mixture_uniform/augment/7/development_predictions.npz": "67944307b5828b0dec407541b19777ce28bb12226dd95e6524143773ae49c19c",
    "runs/wine/split_41/generation_101/students/mixture_uniform/augment/7/model.json": "f5838096f308696f5d8e9615cb4d7f9ca545cfdbbefadc88980de7b0b33fbc91",
    "runs/wine/split_41/generation_101/students/mixture_uniform/augment/7/weights.pt": "218329f5a0b2f5d3bd1424b5b21b6e0dc510233358a0729143aaca5857ec8803",
    "runs/wine/split_41/generation_101/students/mixture_uniform/augment/logistic/model.json": "73026ed177d9befab8a5dd983fe0a643f259c0ac60def90fe56f27cf7ebdd6ba",
    "runs/wine/split_41/generation_101/students/mixture_uniform/synthetic_only/11/development_predictions.npz": "4f1a5b4e0cf4d16bc882fab75625ba92ee32daefd965ec92dbc791ea3777b32a",
    "runs/wine/split_41/generation_101/students/mixture_uniform/synthetic_only/11/model.json": "6d6edd62749d46618e9b684fc7d58537b07fb257826239ebe51ade5e2269f12c",
    "runs/wine/split_41/generation_101/students/mixture_uniform/synthetic_only/11/weights.pt": "060eabbedb134bfa52bc82da55ebdbf7ef995483c1556bd26d820360b42d1dbc",
    "runs/wine/split_41/generation_101/students/mixture_uniform/synthetic_only/7/development_predictions.npz": "0858e5052cf7254d28de71a7e03d9fd0732f37ce3eef48a52eb5b0dbb634fddd",
    "runs/wine/split_41/generation_101/students/mixture_uniform/synthetic_only/7/model.json": "37bdfb2bb74da5861ae53f3e7d48c84d1e48f78a1bbdbbd07905d40aeb0e529c",
    "runs/wine/split_41/generation_101/students/mixture_uniform/synthetic_only/7/weights.pt": "5bc1c5ff934a41f201fc1ab43f6e1d0e62b144c0f2a12152ea387f031df6ec29",
    "runs/wine/split_41/generation_101/students/mixture_uniform/synthetic_only/logistic/model.json": "3211361dc893a1ba4205afd2c1333e195efdc14b6e3d4d38f45663b2e05550a3",
    "runs/wine/split_41/generation_101/students/mixture_utility/augment/11/development_predictions.npz": "5e5f7dbbc871c3e97a1dcd9998bd6717001bd44eb187c27980a6bfcb4f3b0edf",
    "runs/wine/split_41/generation_101/students/mixture_utility/augment/11/model.json": "386ca4dc18b7e089714584bbe0513c4661ce882eb7ffa82730aa9072c800812e",
    "runs/wine/split_41/generation_101/students/mixture_utility/augment/11/weights.pt": "4108aeb3fed859d5d97345369b7576a5fb508c15309cb026819e63670a896eac",
    "runs/wine/split_41/generation_101/students/mixture_utility/augment/7/development_predictions.npz": "9f036123ef49488ee40427794e623d054fce2adf4c2773439976530921d28621",
    "runs/wine/split_41/generation_101/students/mixture_utility/augment/7/model.json": "a88b516e76f7fcb645035f88d2d8e42d405a417b5f1deaa3749bb04cd24f5ca2",
    "runs/wine/split_41/generation_101/students/mixture_utility/augment/7/weights.pt": "29a5468881584399c57062b4a0e2adb7c8317735763b432189655203639b2682",
    "runs/wine/split_41/generation_101/students/mixture_utility/augment/logistic/model.json": "ba9b54c5ec420e5aea8307049cfd400040f53d3cb131cb81a12f6d04c620bc75",
    "runs/wine/split_41/generation_101/students/mixture_utility/synthetic_only/11/development_predictions.npz": "d2140f97f79170a8ae0b7e75e8f213f2cba03fa5a63c0570ca0b67f80bd8f806",
    "runs/wine/split_41/generation_101/students/mixture_utility/synthetic_only/11/model.json": "1b4c11b892c632bf8a61e736498dc335016574b70352a16f6fb2a8006cbaac4e",
    "runs/wine/split_41/generation_101/students/mixture_utility/synthetic_only/11/weights.pt": "d81e76b8fb147ff82f2a7fe976a45beddefced7d7acf3d358dc18cc2163f316d",
    "runs/wine/split_41/generation_101/students/mixture_utility/synthetic_only/7/development_predictions.npz": "7e58ecf81c611dc1bac8ae99e27ea6ebbad1b74ef132cc2d3d2138c85d2cea00",
    "runs/wine/split_41/generation_101/students/mixture_utility/synthetic_only/7/model.json": "c727a9df06665739ec217bccf41c07f0741b50956f80c38a3b363c84a1224764",
    "runs/wine/split_41/generation_101/students/mixture_utility/synthetic_only/7/weights.pt": "fb6dc63efef657d4fa8380defba91d84ba8eee410c47bfe7085a33b9e5c09207",
    "runs/wine/split_41/generation_101/students/mixture_utility/synthetic_only/logistic/model.json": "5aba5a108d0766d8d485f1b23142fea986076dc0261b49ef92848dcb4811192b",
    "runs/wine/split_41/generation_101/students/mixture_utility_support/augment/11/development_predictions.npz": "76fa97f937309972c8bc011ce79b12174f66ad20e53a3674487df4349727071e",
    "runs/wine/split_41/generation_101/students/mixture_utility_support/augment/11/model.json": "47af3ce4a98171e55588f2dc7a02903c98b4803fd32946ca09c935054d8a3162",
    "runs/wine/split_41/generation_101/students/mixture_utility_support/augment/11/weights.pt": "4684426665797303ce040a1399dc1bb4b65606a9c47fca134dd01d5e6903acf3",
    "runs/wine/split_41/generation_101/students/mixture_utility_support/augment/7/development_predictions.npz": "1c6b228464dece5952c814e05abafa9d9f49a6943b433f759419eed0988b0df1",
    "runs/wine/split_41/generation_101/students/mixture_utility_support/augment/7/model.json": "eb0a80969ed2d6dfdd4d83f2c4821b27fa683dc9e8c4261f23fc38a0944d1ff4",
    "runs/wine/split_41/generation_101/students/mixture_utility_support/augment/7/weights.pt": "9c5f3e1702d1aaf5ccd36cc9a4fa9600b66e3a67f837df1d03cc9ad1f9089270",
    "runs/wine/split_41/generation_101/students/mixture_utility_support/augment/logistic/model.json": "ebba2c6e5df2ff9a3e6de82ba6a225b2bb027feb9d86c61c7b0ca3619c336677",
    "runs/wine/split_41/generation_101/students/mixture_utility_support/synthetic_only/11/development_predictions.npz": "8546b7f7da8f809298dc110541c3fa00fa7d8851b45787ac7060ab88c711648f",
    "runs/wine/split_41/generation_101/students/mixture_utility_support/synthetic_only/11/model.json": "193753084b76b750cf54e8a276f957c023003d44a79b35caf7b60764aa953952",
    "runs/wine/split_41/generation_101/students/mixture_utility_support/synthetic_only/11/weights.pt": "52cf7a21e73c59342bea318a40fe20a8a2a37ada32f712f88afd0d20b979fb0f",
    "runs/wine/split_41/generation_101/students/mixture_utility_support/synthetic_only/7/development_predictions.npz": "c61b87f41610ef0adf6a53ea83e6c236dbbf038241d9bc3e2c10382475e1a1b2",
    "runs/wine/split_41/generation_101/students/mixture_utility_support/synthetic_only/7/model.json": "87f4f95f243fff75639c2007017711fbf88e307acdad33dbe1dfbd4cd7a3e3c1",
    "runs/wine/split_41/generation_101/students/mixture_utility_support/synthetic_only/7/weights.pt": "556d4f08f0f661892c56132d8bd4bde9c134c10bde04e6310143ccd8dbd59e5e",
    "runs/wine/split_41/generation_101/students/mixture_utility_support/synthetic_only/logistic/model.json": "b016548584c13104ba9a136bae4db26eb10da5bf4a0f9426958f9cefeca6b5a5",
    "runs/wine/split_41/generation_101/students/real_only/real_only/11/development_predictions.npz": "63ac5910c553c06b812ab6f2ecff4eef14a33ed9de5b7f376e4588fa9bcd1f33",
    "runs/wine/split_41/generation_101/students/real_only/real_only/11/model.json": "d0f6cb7e1f3cd48d53617c398c52e27a3994258fe6c9e4143df390f1bd1fdd0c",
    "runs/wine/split_41/generation_101/students/real_only/real_only/11/weights.pt": "5bcef2520ffc37b49e8b05ecf19608c67fd5c7d768e004a3d0c4fbc4605fe9d4",
    "runs/wine/split_41/generation_101/students/real_only/real_only/7/development_predictions.npz": "8582ac8de381ab84f2ab913ede7cba23238bf0354f6d309befbd19445756cdb0",
    "runs/wine/split_41/generation_101/students/real_only/real_only/7/model.json": "f0c6cc048846bcd07c267624c2b0c8d0fc311dac8630a12fd72b9c5d519b2393",
    "runs/wine/split_41/generation_101/students/real_only/real_only/7/weights.pt": "48cd25b4a6955995343021cf0b675f3abd0bcc86e5c061f63c739a41f14df183",
    "runs/wine/split_41/generation_101/students/real_only/real_only/logistic/model.json": "d9448bf3d20207ca731bb70461783d29bd02a7fd07fa44f436133f963c389af4",
    "runs/wine/split_41/generation_101/students/smote/augment/11/development_predictions.npz": "2d30809d73789b47522f0f0ecb0f6d8d4f75fc9004b24c2a4c9a1d6c322283f6",
    "runs/wine/split_41/generation_101/students/smote/augment/11/model.json": "2e82216cc9bfe31fb9b8a6b7087ab858e3ad53cb7b6d9be30b41c95768745322",
    "runs/wine/split_41/generation_101/students/smote/augment/11/weights.pt": "544429735b7d6333702be01cc5a6a92a370d5ffb24ab36e34fd3e6519747d9e8",
    "runs/wine/split_41/generation_101/students/smote/augment/7/development_predictions.npz": "d4375743b25c0dc9640e04c344de6074091a2b78df729f4f4a1c2fb102a71196",
    "runs/wine/split_41/generation_101/students/smote/augment/7/model.json": "9bc2204e9df561960d56b7cae3d061440b2da7e991d2aecec771c271ac89c41d",
    "runs/wine/split_41/generation_101/students/smote/augment/7/weights.pt": "4391dec99c98956402be2bfb466db64a1320438f2212c38a453f3e8b241a4152",
    "runs/wine/split_41/generation_101/students/smote/augment/logistic/model.json": "717063a0fb5569dc2d11ae74e53f85654911ee12a21c0216d1b3e950250925de",
    "runs/wine/split_41/generation_101/students/smote/synthetic_only/11/development_predictions.npz": "9d7132e1a78150047d7ff47f38ff14926664f120139e2c6f2ba19918bd81a927",
    "runs/wine/split_41/generation_101/students/smote/synthetic_only/11/model.json": "21503ddb23619c6df819ba790177147e7da53e8b517bab32fe1a3aa94417d3db",
    "runs/wine/split_41/generation_101/students/smote/synthetic_only/11/weights.pt": "5f6d8be1ce1a65ee7d34f82ca49c7efe5b3aa824e4104e004089de0fe11ef11b",
    "runs/wine/split_41/generation_101/students/smote/synthetic_only/7/development_predictions.npz": "608b8d73f05dc415a283046e6cd113416d02b28f392e6deaeafb7beaa7ff902a",
    "runs/wine/split_41/generation_101/students/smote/synthetic_only/7/model.json": "02458f4c8c3e9197e8831917429ece2df12a36902df70665bbfffad3e77d27f0",
    "runs/wine/split_41/generation_101/students/smote/synthetic_only/7/weights.pt": "6a171ea1c9d7ed21e10938f59bd80bb6cf96fcb7bd0d2a6528156190b2d37bca",
    "runs/wine/split_41/generation_101/students/smote/synthetic_only/logistic/model.json": "56e5e270feb481642caff03c40220c34a3c25006dde87cee536e5a7b61237e09",
    "runs/wine/split_41/generation_101/students/tvae/augment/11/development_predictions.npz": "58be875357548051b809c68d235de5d1888739d9bc5f3910d4114cac25bb9776",
    "runs/wine/split_41/generation_101/students/tvae/augment/11/model.json": "8441c3f69db4fd5ae332c4f9a2f5e66f6787e4163dbee91cc171e538fde23285",
    "runs/wine/split_41/generation_101/students/tvae/augment/11/weights.pt": "70f0ce791b859b1889d2d1bfd9bb4bba80019ef50a0300aaa85bbf55af9fe6a0",
    "runs/wine/split_41/generation_101/students/tvae/augment/7/development_predictions.npz": "baf7bbf4087823367a1b47cd040acd41d145966f286dff562fc0c8dfb9463743",
    "runs/wine/split_41/generation_101/students/tvae/augment/7/model.json": "b33082de633877e2ad34a17b976ed424a55763a5a9c4d140cc169c51244e6c35",
    "runs/wine/split_41/generation_101/students/tvae/augment/7/weights.pt": "61a1045797c5fcf2211784395d4b8fa1b6e6ff7cbe35dc69687c54a9c8b87b7b",
    "runs/wine/split_41/generation_101/students/tvae/augment/logistic/model.json": "c3ec9d0a22d967397bf4619fbd0d9ec575a03d8a875c86089448e7c8f8ee749f",
    "runs/wine/split_41/generation_101/students/tvae/synthetic_only/11/development_predictions.npz": "b7b8beee4d4804cea0306b27538e3758578a4a66f1a0c6cb42568999bd26b201",
    "runs/wine/split_41/generation_101/students/tvae/synthetic_only/11/model.json": "c99a556f49847f0b5314064e8c0f6bb47502f38a4d7590ed7a6fae89ea969a21",
    "runs/wine/split_41/generation_101/students/tvae/synthetic_only/11/weights.pt": "226f5a949b26d5f5010896bebb8003c6ba81e3748a2298dcbe4790df9815f885",
    "runs/wine/split_41/generation_101/students/tvae/synthetic_only/7/development_predictions.npz": "6d37be1599864e3866adf1e70fc48da16dd3af11b7eed57e76b8082b95a42a44",
    "runs/wine/split_41/generation_101/students/tvae/synthetic_only/7/model.json": "b2aac352d5407706b53b1d7247d144743707ac82955c6231515de8af4e1b1f02",
    "runs/wine/split_41/generation_101/students/tvae/synthetic_only/7/weights.pt": "f55fa273066f825cc0a642400a2b60b67938adc982c935f369ce96d51f6e7830",
    "runs/wine/split_41/generation_101/students/tvae/synthetic_only/logistic/model.json": "205e93ac6c6f8efdb8eaa96791b108693dd59160272f99cd01a974abfc232c58",
    "runs/wine/split_41/generation_202/datasets/bootstrap/manifest.json": "1d0a9fb5d7168e4e20e7b3ddbf41125c0251003c9099a9d2ac4c2ddd27921771",
    "runs/wine/split_41/generation_202/datasets/bootstrap/training.npz": "ba437a567658e7380721867c8853320909cbd4d7fa159d9af061bae7bb5653b8",
    "runs/wine/split_41/generation_202/datasets/copula/manifest.json": "15fb99b09ff2267725be40d312e12142cb768d7974391a2acdeb680d9710481c",
    "runs/wine/split_41/generation_202/datasets/copula/training.npz": "39e33886d58b040a5b725a94f97d1a7fa765e1ed941465f172cb2569f78abc36",
    "runs/wine/split_41/generation_202/datasets/ctgan/manifest.json": "e34c6b3f220b273c8361ce11fbc5647293dc82f30f188a09ce5b4dbc5057de52",
    "runs/wine/split_41/generation_202/datasets/ctgan/training.npz": "fc1e648db998354b2cf0583800b1f470d48762c9aef2892ff9449e716d4e0a57",
    "runs/wine/split_41/generation_202/datasets/ctgan_one_mode/manifest.json": "d08f2bdd7e4e538c87279a6c1730fd9e4f8d3c5bb064e9219b8fc568a5ad1bf1",
    "runs/wine/split_41/generation_202/datasets/ctgan_one_mode/training.npz": "ffaceadb5d75c768f22bf16d966a7361381d2302b03ff8f0c976150b04f85be0",
    "runs/wine/split_41/generation_202/datasets/ctgan_unpacked/manifest.json": "a23f917a772294a2cc4b9cfc7283106ea3b568afa12a771d37f5ad23cf5b1cab",
    "runs/wine/split_41/generation_202/datasets/ctgan_unpacked/training.npz": "85b743b449fd14cef528c7a08d7769250ec238fbfc8222f6afdf6f308ff57a44",
    "runs/wine/split_41/generation_202/datasets/ddpm/manifest.json": "00be8c8060e85ab727444a1f9215c6ff7dfa51a1ff68759b7d62e9dde6d5a411",
    "runs/wine/split_41/generation_202/datasets/ddpm/training.npz": "3e5fa825a331a18fbe62ae14d30b35d0c34947872fcb7a30a4472221b1cefc17",
    "runs/wine/split_41/generation_202/datasets/ddpm_standardized/manifest.json": "72a0e10948377d3661376cb7f342e6065ee99e1c24347b0224d337e5e33a6bc3",
    "runs/wine/split_41/generation_202/datasets/ddpm_standardized/training.npz": "17e9773e89de7941a93229084101737dbe50ba7f1cd5cb65c8e6d483054f1204",
    "runs/wine/split_41/generation_202/datasets/ddpm_unconditional/manifest.json": "8de74b0aca519e90a7d71278bb8be525701203f7956aa936ee09768c043ac62b",
    "runs/wine/split_41/generation_202/datasets/ddpm_unconditional/training.npz": "6c0ffc3a82ea6126f926a5c3de714ad733652158698bf618f8f559e7c4054e5e",
    "runs/wine/split_41/generation_202/datasets/mixture_support/manifest.json": "7eb25a3468be6d565c76ff4a4ebc12bbf1c77df36c3045a114e95923d543fb93",
    "runs/wine/split_41/generation_202/datasets/mixture_support/training.npz": "4685cbcfe16843f6eeb88c19b78d5aad38a9154c5c451be7625c8d27eb13f3b9",
    "runs/wine/split_41/generation_202/datasets/mixture_uniform/manifest.json": "de1e0ffdddad553e52ba6194d3ca8ff10f100279b77a53db9ecb4ae432713734",
    "runs/wine/split_41/generation_202/datasets/mixture_uniform/training.npz": "24c5f6d5cd2e360ccca01b35953d3e68a523ee51b2e36a910875b50463c6fd8a",
    "runs/wine/split_41/generation_202/datasets/mixture_utility/manifest.json": "a6f576ebd6c4ccffa5d431ec907d30f1fe5c467d03f5dec485ed8f1850b85d4c",
    "runs/wine/split_41/generation_202/datasets/mixture_utility/training.npz": "4f0971584f27beee1723e3269920d23c9035153d71ac037b5f1ff58d9a862fff",
    "runs/wine/split_41/generation_202/datasets/mixture_utility_support/manifest.json": "95d35f781dcace15b5611510ae434ee0b9c4d569bd51abb142c8a707336c7d23",
    "runs/wine/split_41/generation_202/datasets/mixture_utility_support/training.npz": "b4751d1de3043aab5d1f114adc9226af5ecc8fcac71786d1d99f3049a794490e",
    "runs/wine/split_41/generation_202/datasets/smote/manifest.json": "f7db92af4a944ccf14a90ed1f07c6bcd0136e0e38d7006056acefee0f92f3663",
    "runs/wine/split_41/generation_202/datasets/smote/training.npz": "7b42d45db3f4299be3ee7eafca419e9f2642cd920b0f33c04c54eb7cb9c0685c",
    "runs/wine/split_41/generation_202/datasets/tvae/manifest.json": "b6444a36f7b0aaf0fd0946fc3477a727e7304649f19a6331cff3d2077acc3e76",
    "runs/wine/split_41/generation_202/datasets/tvae/training.npz": "2db2d36c4c90ecfb997b8821a29137ccfaad3e84b84a75380ad7501e1bf82991",
    "runs/wine/split_41/generation_202/development_selection.json": "cc07642717f397b9d8c8287c2c80ed7f03da089cb822c533d249d5be6db54520",
    "runs/wine/split_41/generation_202/generators/bootstrap/audit.json": "8d78652536a75137350eb55d439b1bd5d9e60fc11a3303f366fa2c9efd1ccfb7",
    "runs/wine/split_41/generation_202/generators/bootstrap/model.json": "bc43e0beb9fb383933f0be6ebc5596632d4138a118dd6de5d2af5ccc62ebff32",
    "runs/wine/split_41/generation_202/generators/bootstrap/pool.npz": "39a7834960631cede538ccae418c96238e022edff926f7b686809e2df394ef79",
    "runs/wine/split_41/generation_202/generators/copula/audit.json": "c1848a9c1f22b95a8a1e9b204f812249aa466daee79374d344c2e45d54e8f880",
    "runs/wine/split_41/generation_202/generators/copula/model.json": "d2e19399e0dd0b2b1a4261f25d0302048ce88b845737cef9854c0d0626b1b6ec",
    "runs/wine/split_41/generation_202/generators/copula/model_arrays.npz": "344fdc166d07f1371f6887d11060a1640a3a23d72b76068e11269ee6df36fc63",
    "runs/wine/split_41/generation_202/generators/copula/pool.npz": "3487ce876d74f837c00832df068ea659fd4d2099c17e7caf12924f744e62fdae",
    "runs/wine/split_41/generation_202/generators/ctgan/audit.json": "3d46d5d11e62e28de46deae74c5cc348599c1b9566556ca7f385b43beeb3edde",
    "runs/wine/split_41/generation_202/generators/ctgan/model.json": "e7a9792fc237e214a488265c3d3eadd678e6dac2592b69c6e139ca5a7cd3d664",
    "runs/wine/split_41/generation_202/generators/ctgan/pool.npz": "79b6a234f78e77917ea886e2ffd77aa765869edde939447767c2ada885f60666",
    "runs/wine/split_41/generation_202/generators/ctgan/weights.pt": "ad08720dad28d98474793558a8e0a63edafc9283e0366c5b6d0dd3f49167a99d",
    "runs/wine/split_41/generation_202/generators/ctgan_one_mode/audit.json": "c74c0e3139683b5bf213a09be96d8aaac9090c9a0ff4039e128027d339337180",
    "runs/wine/split_41/generation_202/generators/ctgan_one_mode/model.json": "ddf697487d841fbbe7bc10e30dff491726a84fd8a5609e1e0b74d5bab112b735",
    "runs/wine/split_41/generation_202/generators/ctgan_one_mode/pool.npz": "7d856512be02840e19ef8db984e4c68af743ace85af354754777d2278d8fd714",
    "runs/wine/split_41/generation_202/generators/ctgan_one_mode/weights.pt": "12aebf8d103c5edc81a32e1ea98d8501cd188ed14408b636ecef128ff3c2a43f",
    "runs/wine/split_41/generation_202/generators/ctgan_unpacked/audit.json": "a2a6736431b7a0a30ef9997a424985c41bc99d228b3a1af66e3e20e5559f7a96",
    "runs/wine/split_41/generation_202/generators/ctgan_unpacked/model.json": "3f0dfc9448ee437ee399c5c876145f7569976a51de2dfca521ce83e0cf48130e",
    "runs/wine/split_41/generation_202/generators/ctgan_unpacked/pool.npz": "ed733d5c439478eab17072e373dae21f41238077f5cb27f0c925b815f4731b96",
    "runs/wine/split_41/generation_202/generators/ctgan_unpacked/weights.pt": "d669d9758d4cec40a13a841994d8b00461f8aa5e26a8e2c043fabc510b10fda0",
    "runs/wine/split_41/generation_202/generators/ddpm/audit.json": "e058bf5a39a9c51b1ae4747df4ff8dc763a5e3e5b4d1ab6e22fdc202c59c5624",
    "runs/wine/split_41/generation_202/generators/ddpm/model.json": "5b9dd14f4231bb3515cc77de71e1407db0d5271140b49b1a2f930df6d08e428a",
    "runs/wine/split_41/generation_202/generators/ddpm/pool.npz": "21fd38d9536cdb6203ed8b410626e19dfd604a5eee7b3cde8940cc6357e26993",
    "runs/wine/split_41/generation_202/generators/ddpm/quantiles.npz": "318b33a90abc700cb5967957cbfca42e477cfbfcbe2a842bc04e43bf7b679213",
    "runs/wine/split_41/generation_202/generators/ddpm/weights.pt": "1f09478537b5b1c600e715711fbe2c5cd6a6831bef3d555fd389bfdfe80261ae",
    "runs/wine/split_41/generation_202/generators/ddpm_standardized/audit.json": "a8925821a93718785fb573b0f77e94ebe9c34eb91f9d66a8436ac43b0955ebdb",
    "runs/wine/split_41/generation_202/generators/ddpm_standardized/model.json": "66baa713c6d48ce6ccfe8911262cfd3d36b64a5a29560b25ea5df5e53f54bd15",
    "runs/wine/split_41/generation_202/generators/ddpm_standardized/pool.npz": "a33977dd8d78c6f23b702555f362cc1eabbc4c2b4331783f270003a92c9b7996",
    "runs/wine/split_41/generation_202/generators/ddpm_standardized/quantiles.npz": "be5240164d5b92c104c0c619430359eb3d067876046159e4a9004a8fde9ff160",
    "runs/wine/split_41/generation_202/generators/ddpm_standardized/weights.pt": "3e2aa76c1f3eb4857907730c98e0ff0d4f5ac2e232a3ef07ea57da09c56f1814",
    "runs/wine/split_41/generation_202/generators/ddpm_unconditional/audit.json": "52436536bfe9eea671017ca8e3ac2470dc9d5b5457dc08a5c4482e250b00cc75",
    "runs/wine/split_41/generation_202/generators/ddpm_unconditional/model.json": "5d1ac6ba2b797733cc4070c7d0b6b520b45cc3c2e432e0e0abddc6417510fcb9",
    "runs/wine/split_41/generation_202/generators/ddpm_unconditional/pool.npz": "17b572e4a3e2417299de5dd88b693ce658752dd658866bef74404d2f83d97c23",
    "runs/wine/split_41/generation_202/generators/ddpm_unconditional/quantiles.npz": "318b33a90abc700cb5967957cbfca42e477cfbfcbe2a842bc04e43bf7b679213",
    "runs/wine/split_41/generation_202/generators/ddpm_unconditional/weights.pt": "5e7962275e07a9f440613859dea39b4f5f122bec35e1049e4bf30d08f31edcb0",
    "runs/wine/split_41/generation_202/generators/mixture_support/audit.json": "558935afaa8cab535698ac3b3ae7866aa2f1e906a02a0e2841fa2b756c42fa16",
    "runs/wine/split_41/generation_202/generators/mixture_uniform/audit.json": "c5551a0a5389d84a5f2fdc8a100a4afe938c66202f14edd36ca04c734fc5b9ae",
    "runs/wine/split_41/generation_202/generators/mixture_utility/audit.json": "a557a96098ec294d4ec0e7dde73cafa0250b53c4f6b0942e92c42be79ee50989",
    "runs/wine/split_41/generation_202/generators/mixture_utility_support/audit.json": "89857c72734628ff5cc8d00c0af1fdb3d010b99755b8eaf4b056f785737a3bf0",
    "runs/wine/split_41/generation_202/generators/smote/audit.json": "e16df5ff97fdb0d1232d0ce8606e5368a0ec90b308e507047ed2588b463a31cd",
    "runs/wine/split_41/generation_202/generators/smote/model.json": "ab203ff86e34aef7869b38ea042f181bd1462c934d00c7ee5f1ab7fa63ac1dd3",
    "runs/wine/split_41/generation_202/generators/smote/model_arrays.npz": "a15336ed0bc4c81a9c01db71dbadf714e160176a8cedbd3dbddabf3ec229a1b3",
    "runs/wine/split_41/generation_202/generators/smote/pool.npz": "768169042e0f234dc3bd02b936ebe73b09209c75d04fc507b0f99c2f72a9877f",
    "runs/wine/split_41/generation_202/generators/tvae/audit.json": "f8e942ce2bf7672cfa4344d8fbe570cf80037985f0430ff5b95a7d1f7be70a14",
    "runs/wine/split_41/generation_202/generators/tvae/model.json": "89de640850f20633cf4c150a1bf2de77001304f271073a683fb48e7cd0ca1579",
    "runs/wine/split_41/generation_202/generators/tvae/pool.npz": "7197654bf793d79c5ffebc578b2a9d3404292286a0d16c1ab6b97b0280d2c4ee",
    "runs/wine/split_41/generation_202/generators/tvae/weights.pt": "e3eb8ffc23bd911028a1d0d0a373f18236f0de4c52986771c8302463fcceaba3",
    "runs/wine/split_41/generation_202/index.json": "986fab1c45401ded55ba6111c08f5af4d1b801ccb2649a55c8fb34d9d7a4b8fb",
    "runs/wine/split_41/generation_202/portfolio_inputs.json": "8ee72bc1bd8ecb9fa73a02e6351a86cc7493e83cb7f925536bd25293f6d9f71f",
    "runs/wine/split_41/generation_202/probes/copula/11/development.json": "2e3b92d6a86fa3b08b02f6ef4ba6aeeae4e88b47ac3a20e4cdb630b4acdf064d",
    "runs/wine/split_41/generation_202/probes/copula/11/model.json": "b1b3f619b4fe793ec1e1364fd66b9b669e122ed8324c3dc2ced7ba1577313adf",
    "runs/wine/split_41/generation_202/probes/copula/11/weights.pt": "2b8cad019e4d0560d020b637556405ee739d3c79ef8f7c31140709e8352fe8d9",
    "runs/wine/split_41/generation_202/probes/copula/7/development.json": "ae5fc81721f87bfe632f51c4f2dc1d21dac260614b7ab30fbae5347977a9cefe",
    "runs/wine/split_41/generation_202/probes/copula/7/model.json": "21ff2bec2c7ab49f5283bd7f1f5dccf68bc5aab8cb529f19cfc90d5cca4caef5",
    "runs/wine/split_41/generation_202/probes/copula/7/weights.pt": "d72ba343fd13b8a882a2943c271f94056c9d708564ceda92d6caea3e34a4523f",
    "runs/wine/split_41/generation_202/probes/ctgan/11/development.json": "b2760efed7eec8f65c599f586ceb775ffdfdffb70611a03f8adf926c042690f3",
    "runs/wine/split_41/generation_202/probes/ctgan/11/model.json": "e6cba0a196f77c2f5e0ed118bcf11dbaad3e751a1b642bf6aea19420002af833",
    "runs/wine/split_41/generation_202/probes/ctgan/11/weights.pt": "c714a219186bdf3938ac8b2e74889eb1c5f7c12dfce8ba03a475243b8aa12fee",
    "runs/wine/split_41/generation_202/probes/ctgan/7/development.json": "b6ea5416544d0a813f4e75d7cbe701f22e283866e24c79a3cd06fe5f47739557",
    "runs/wine/split_41/generation_202/probes/ctgan/7/model.json": "3f71d63f809b52f85aba21755659bef412495e126431a9effdbadb8308412d5d",
    "runs/wine/split_41/generation_202/probes/ctgan/7/weights.pt": "10fb0b5e121e63af349f27a24d9ba573528ddf871c4289dc6093a672d17e65d4",
    "runs/wine/split_41/generation_202/probes/ddpm/11/development.json": "a0a556f6b8bf65575e7aeb4c98887035fc499309840a8bbd8f8e5d9efef1829d",
    "runs/wine/split_41/generation_202/probes/ddpm/11/model.json": "e4ef85371fa696c89bd6c3cbd5266d13e889330c43f8964e9a3126c6a49bb221",
    "runs/wine/split_41/generation_202/probes/ddpm/11/weights.pt": "01d32818aba2bbb5b936834b3bb6af12e603c9ac61ffa7625d72b195bca744c0",
    "runs/wine/split_41/generation_202/probes/ddpm/7/development.json": "a7415994c27daa5a2c2c201e8cb193a5e1a89810a26767c0f502f872e18a53aa",
    "runs/wine/split_41/generation_202/probes/ddpm/7/model.json": "89c35478ec967bca79911f18e333ba071f817abdac4704ca2eee17cddbd94a26",
    "runs/wine/split_41/generation_202/probes/ddpm/7/weights.pt": "d2e55c68bb1b512512c7ae8c2d1bb11f583cb994e3341e9a29c6f32e525f2381",
    "runs/wine/split_41/generation_202/probes/tvae/11/development.json": "f2acb28a2506c698a01628bf580ca171b53d4a624b7a366d411fef70303102ee",
    "runs/wine/split_41/generation_202/probes/tvae/11/model.json": "ab779d0bec89b5208d4fb00f5dfcfe46e73ee0b7048938ac611bc92b04dcceb2",
    "runs/wine/split_41/generation_202/probes/tvae/11/weights.pt": "593cca8a807e597e883ee35766cd7fff017bdcc4889d991ae464a1057d586206",
    "runs/wine/split_41/generation_202/probes/tvae/7/development.json": "cb84aeba7d92b0fbaf35d62060459d9997b9d2d6d2b183f1529c3510cf17f0c1",
    "runs/wine/split_41/generation_202/probes/tvae/7/model.json": "dded747258ebad3d0942aceccbe207b3edc4461569fb6458c3303f494f9e80dc",
    "runs/wine/split_41/generation_202/probes/tvae/7/weights.pt": "a8a7d02c309946092bca0befecbcd10788df478c8f9671182d89502677d1e72b",
    "runs/wine/split_41/generation_202/students/bootstrap/augment/11/development_predictions.npz": "9612f44c1c5433365d27b65d27ec7dd558749eb1d6e27949d5c6e6910ecb55e5",
    "runs/wine/split_41/generation_202/students/bootstrap/augment/11/model.json": "e7646660d6cea31f4df814853740b5896218e4bd952fc340cf192e5e7ad42ed7",
    "runs/wine/split_41/generation_202/students/bootstrap/augment/11/weights.pt": "516508b8669805fc4b5318a6d0c1bd7b302bb902abdbba9795ff5b257fb8324e",
    "runs/wine/split_41/generation_202/students/bootstrap/augment/7/development_predictions.npz": "0d63bfeef0facf78757ea2b0aa00348288f3ac8fd118236f5ed06c6537f5283f",
    "runs/wine/split_41/generation_202/students/bootstrap/augment/7/model.json": "4b6ac6dd54f1b9ec5cf77f4cf0662f088a9b300cfc3e7f6c5ba375b362b326fd",
    "runs/wine/split_41/generation_202/students/bootstrap/augment/7/weights.pt": "220f9f39d6e926e4d7542c5d84ff8191949bca6f8c3a6a30f92943dcf6425217",
    "runs/wine/split_41/generation_202/students/bootstrap/augment/logistic/model.json": "30ecd1e08eeec4166f8afebb84e0bb169860425c69be05c8da08ae2c66274bc2",
    "runs/wine/split_41/generation_202/students/bootstrap/synthetic_only/11/development_predictions.npz": "c7d6f7682b0630c5b169f850922c4e95d7b5f22d9000d96cb0ca13d508014328",
    "runs/wine/split_41/generation_202/students/bootstrap/synthetic_only/11/model.json": "a98e2d7d13ec5c0ce046087c3a8f3eee9314d42122101c1f05b80ebe27347414",
    "runs/wine/split_41/generation_202/students/bootstrap/synthetic_only/11/weights.pt": "2d1317a0aba49cba9f288240810a76df1242779c617c5d4fb063acadda8fe54d",
    "runs/wine/split_41/generation_202/students/bootstrap/synthetic_only/7/development_predictions.npz": "15533dbce22729c0eaf831209080f3c9a840a42c6894e60eb757a1f41e61155b",
    "runs/wine/split_41/generation_202/students/bootstrap/synthetic_only/7/model.json": "85e38fb1d1803c318828e45a8b19ed17ac7e8a97f152d27eac65ca1cd1f7d61d",
    "runs/wine/split_41/generation_202/students/bootstrap/synthetic_only/7/weights.pt": "1d327c1a58fea4dc89ea0abd76b05adc916eec9ca2edbaf477cace1151966bda",
    "runs/wine/split_41/generation_202/students/bootstrap/synthetic_only/logistic/model.json": "4feadfff7fac475bef60e2dedf8826f01fe59a8ebe8c2e21df13afc5062b36e1",
    "runs/wine/split_41/generation_202/students/copula/augment/11/development_predictions.npz": "67b12384792e0273ac0023465842f41d8a22f03752adddc16dcd4034f443010d",
    "runs/wine/split_41/generation_202/students/copula/augment/11/model.json": "49281dd07c4e0425638e6e0d6449112ae296d08c9e61c30131f9f0a7c6fda292",
    "runs/wine/split_41/generation_202/students/copula/augment/11/weights.pt": "050402ae0ad3327533b8934a6b9af7f78434fe383486b4009efad84ae350db33",
    "runs/wine/split_41/generation_202/students/copula/augment/7/development_predictions.npz": "a7d4b9c41645a16e16a6151f22e01aa12eb57f6344a496f4458808ca818d5ae0",
    "runs/wine/split_41/generation_202/students/copula/augment/7/model.json": "83b32c9004ea19ee9236d75ffd2f53b62751b4693ac8d6e3f72e147671a501d4",
    "runs/wine/split_41/generation_202/students/copula/augment/7/weights.pt": "3f56fadb7211c9ab05b7fa9e529b739c3a7f4fe873cc7797bf92bc21ffa220b5",
    "runs/wine/split_41/generation_202/students/copula/augment/logistic/model.json": "ac4a39a384405d48809d360c962949762352debf1be97e6a826c08e90f41cf50",
    "runs/wine/split_41/generation_202/students/copula/synthetic_only/11/development_predictions.npz": "6d0a4387546da27cde6daaacb775c2a0c321010271487791ecb28279ae9c8d78",
    "runs/wine/split_41/generation_202/students/copula/synthetic_only/11/model.json": "744bb604e5221ce89d993497b5927e946fb5d6f452f5dba970886e54bea0b72b",
    "runs/wine/split_41/generation_202/students/copula/synthetic_only/11/weights.pt": "3504052ed29931e3fb8596d24112c75d10e6e945e041b65fc59872e60aee6fa7",
    "runs/wine/split_41/generation_202/students/copula/synthetic_only/7/development_predictions.npz": "a5c99fa3893e4f4e4ab5afeca0826e93a1ad6962edff725351a42a3d47fca005",
    "runs/wine/split_41/generation_202/students/copula/synthetic_only/7/model.json": "86a1d5f0a2aaa6b09ce2fbd7d084619dd3b1a0bbaf7b861d190ff377ddda1b3b",
    "runs/wine/split_41/generation_202/students/copula/synthetic_only/7/weights.pt": "a28eaf5d9848c1979ca9fb1df1c04b2dfe7735f572efdc4ef2f7784ad654bec2",
    "runs/wine/split_41/generation_202/students/copula/synthetic_only/logistic/model.json": "953e64a7da2e49da2f57b4a07b5bc7eff956b34b1d82f6bee8944d8fb27639c2",
    "runs/wine/split_41/generation_202/students/ctgan/augment/11/development_predictions.npz": "02a4938bd1daf67508257ec985d716a20244ecf9227b3013b1909157595c7865",
    "runs/wine/split_41/generation_202/students/ctgan/augment/11/model.json": "b0446847601fc3c0470776816eb87b965726ba512a3bd029cdb81afd67fab8b6",
    "runs/wine/split_41/generation_202/students/ctgan/augment/11/weights.pt": "cc21c7c0ec7c1b43abf06dc324dd5b15ad6f2239f302e1c40acd9e8994d9d1a2",
    "runs/wine/split_41/generation_202/students/ctgan/augment/7/development_predictions.npz": "0c45f2d0e991959197aa3e918b4f619cc2f0cba39901c6e362d4046afc59f523",
    "runs/wine/split_41/generation_202/students/ctgan/augment/7/model.json": "c03fb535037d1fac9e3ae1110155b2612bd27c2842728696eb0fd1c6d5c1d857",
    "runs/wine/split_41/generation_202/students/ctgan/augment/7/weights.pt": "44b696303926ac3e1f9c08be444959f30d16f58c08c05f40ab16ac5d7ed10c10",
    "runs/wine/split_41/generation_202/students/ctgan/augment/logistic/model.json": "93e2f7c897d2ff6fcdbea9433f867d326525ce8b8730affb487b8c835cd229ae",
    "runs/wine/split_41/generation_202/students/ctgan/synthetic_only/11/development_predictions.npz": "f3fe29b975e9fe3250c090e876b7fe358cc1cad20d3f96fe5e3df4ef4bcb664b",
    "runs/wine/split_41/generation_202/students/ctgan/synthetic_only/11/model.json": "2b806141361464cf34f5a998ec3435d920ab33a98362c0fb646e868ac42ff753",
    "runs/wine/split_41/generation_202/students/ctgan/synthetic_only/11/weights.pt": "7fb7794d896860529ebb9e82f0a3c1632b2fe3b06838b09d8a64b8c97c6777a5",
    "runs/wine/split_41/generation_202/students/ctgan/synthetic_only/7/development_predictions.npz": "96c1a8750da3d0aacb963501ad1caa4716bb554c38b3c919993f46b12551809c",
    "runs/wine/split_41/generation_202/students/ctgan/synthetic_only/7/model.json": "b6d4d225961d205c9fccf7e1ef12799018c2b4d72c42ed45dc118cafb124b88e",
    "runs/wine/split_41/generation_202/students/ctgan/synthetic_only/7/weights.pt": "d745d4107da0907c974d57be8b848575540adc2b42bf5415c09385e5f8c53e95",
    "runs/wine/split_41/generation_202/students/ctgan/synthetic_only/logistic/model.json": "65d424ce2911b7632b20b122ab2cf4b31fa7a25490e7267a065fe339c20b924e",
    "runs/wine/split_41/generation_202/students/ctgan_one_mode/augment/11/development_predictions.npz": "933c754c65e638889f3717f7aa9aee5726ad96b35bd36621c4f08e04d4808a04",
    "runs/wine/split_41/generation_202/students/ctgan_one_mode/augment/11/model.json": "fb03c83de5d3bb1c95ebede47082503383c2a5a2dea717b0869bc0f6585c2291",
    "runs/wine/split_41/generation_202/students/ctgan_one_mode/augment/11/weights.pt": "b41ba1755630864cab91b50ff47937817c02b934965751dd2e8310bf7094446c",
    "runs/wine/split_41/generation_202/students/ctgan_one_mode/augment/7/development_predictions.npz": "a111a03c2862a78a4cac6d0bb7c397a93dbf42d211d7d99d71112c5f5c661161",
    "runs/wine/split_41/generation_202/students/ctgan_one_mode/augment/7/model.json": "f44a56799075620b81054e0b50bd1e5f2a65567dd6621811bc4f320db523560f",
    "runs/wine/split_41/generation_202/students/ctgan_one_mode/augment/7/weights.pt": "ac1c037061e9ca546f9d4d1b3b7dce35d3fa34ee471febd56f8a6d6afcfebf18",
    "runs/wine/split_41/generation_202/students/ctgan_one_mode/augment/logistic/model.json": "5b28505c4cb4b01c35ae3a0db80933a16c10e2fbbb96b8304cb1d193b6a9c629",
    "runs/wine/split_41/generation_202/students/ctgan_one_mode/synthetic_only/11/development_predictions.npz": "19eaa48f3a62eadf88eac17ae40527150a3d457feaca093af4f0626ad4b95990",
    "runs/wine/split_41/generation_202/students/ctgan_one_mode/synthetic_only/11/model.json": "e2961e0b82be328ffad7c94160e1106f593999a7b8dadb848eefa0fd17e85877",
    "runs/wine/split_41/generation_202/students/ctgan_one_mode/synthetic_only/11/weights.pt": "31521701fc0e814cec846c668cac376038361629133c59f4e2e88f6471b28884",
    "runs/wine/split_41/generation_202/students/ctgan_one_mode/synthetic_only/7/development_predictions.npz": "68f590cd52a99daec816756688ecbc2ad627fc9e4d3084a02b23e74362f5e7ca",
    "runs/wine/split_41/generation_202/students/ctgan_one_mode/synthetic_only/7/model.json": "0f150b4678d91d8120cd4b2c06e2c5eed6c75edefd739a67341d1b6af234feb5",
    "runs/wine/split_41/generation_202/students/ctgan_one_mode/synthetic_only/7/weights.pt": "037c25900c977fdae54be37d08bc3a885a1a1103c5b685a7daee0f80a4d311bd",
    "runs/wine/split_41/generation_202/students/ctgan_one_mode/synthetic_only/logistic/model.json": "e886fb8c0cd6469f0e418ce61a8a57476a3cf1f1b0c75a7d0d1fb4aae2b4af1d",
    "runs/wine/split_41/generation_202/students/ctgan_unpacked/augment/11/development_predictions.npz": "ae3fe8ab4d75f5a9c2c5fe477eb59a887c9e659f3592ae6d441dfd547226f8ad",
    "runs/wine/split_41/generation_202/students/ctgan_unpacked/augment/11/model.json": "bdd2f95da1c00aee1e9a14182c49951d77218718202940c6a0bb84f3da284f3e",
    "runs/wine/split_41/generation_202/students/ctgan_unpacked/augment/11/weights.pt": "3733d859d12e6207aafad823372bafd9b8158887773ec7524884565c0046ada3",
    "runs/wine/split_41/generation_202/students/ctgan_unpacked/augment/7/development_predictions.npz": "f7aa40ce175b27f74d2a8e51f812af0c3f02f2c6edecd069919e9557fa7bae6f",
    "runs/wine/split_41/generation_202/students/ctgan_unpacked/augment/7/model.json": "2c42963d1c4f6f02baebda9cb5977e55da986c41a93950fb653805b82559845e",
    "runs/wine/split_41/generation_202/students/ctgan_unpacked/augment/7/weights.pt": "2ba6c5e70d6ce2bf081dbb3a3b12ae093e0fa54a0269ec07902bb3323440dfe5",
    "runs/wine/split_41/generation_202/students/ctgan_unpacked/augment/logistic/model.json": "7977be53159bb6c9a125f3ceca8552e9ff01e022f9d0045b1209571133469f8d",
    "runs/wine/split_41/generation_202/students/ctgan_unpacked/synthetic_only/11/development_predictions.npz": "d4b94385e941bae6c8cadaafb98f1bb1eabb298b6c2c4aaf098d9f9be0a301e3",
    "runs/wine/split_41/generation_202/students/ctgan_unpacked/synthetic_only/11/model.json": "72e6e03a8a9562457fce8ff4b288a218257fe46ed158c978e70c368cf52c9d2b",
    "runs/wine/split_41/generation_202/students/ctgan_unpacked/synthetic_only/11/weights.pt": "2043911e843c9b41164d0ba6a5c63ebf367dc9456a6c0fc9edc43aba37e0cc72",
    "runs/wine/split_41/generation_202/students/ctgan_unpacked/synthetic_only/7/development_predictions.npz": "56b5fb0c31740b3af25ddef27810113d7fd69c515ca1057c71fb6b51997414c1",
    "runs/wine/split_41/generation_202/students/ctgan_unpacked/synthetic_only/7/model.json": "f3fa9dfb6970e61af56d20f0e3e3c807e9bc93f5fb7259aa4068728ba81b86e3",
    "runs/wine/split_41/generation_202/students/ctgan_unpacked/synthetic_only/7/weights.pt": "ba531703f70f3ca03ee19791695caf46669efabe5208b99cd8464ead93e6b3fb",
    "runs/wine/split_41/generation_202/students/ctgan_unpacked/synthetic_only/logistic/model.json": "2e42095842b94cf0732c3a3969f665d8a9586b9ce190c22fe6808578d11a1458",
    "runs/wine/split_41/generation_202/students/ddpm/augment/11/development_predictions.npz": "b5e93e911da5ad17548b3772619772f5eb5b83ffa84c536698df4f30c6b2fa1a",
    "runs/wine/split_41/generation_202/students/ddpm/augment/11/model.json": "86144bb24b700e9df8499615bfd81a97a8279b66cf68350cf505a821adfc479d",
    "runs/wine/split_41/generation_202/students/ddpm/augment/11/weights.pt": "1e6d5477ebcf94fc8040ba89f616e6081a80a758be1d079c7b30947d9b88553a",
    "runs/wine/split_41/generation_202/students/ddpm/augment/7/development_predictions.npz": "2a84584aeef9db05ae2de62d300d2b828de521fc3d5ef91c1fdf765abd60187b",
    "runs/wine/split_41/generation_202/students/ddpm/augment/7/model.json": "0a915925825dae324db48fba928e913d0609b731a072a6125c9d615655195f59",
    "runs/wine/split_41/generation_202/students/ddpm/augment/7/weights.pt": "e055c5b5068006056b4d3905965954ab4ef985ba20cf64275744f6dec8f812a5",
    "runs/wine/split_41/generation_202/students/ddpm/augment/logistic/model.json": "c908737b0fb0bc1352a1ab63d3dc7aad5cd0b97262381d09f57bd50714c71f25",
    "runs/wine/split_41/generation_202/students/ddpm/synthetic_only/11/development_predictions.npz": "a45502e5e75427d0b6252d88de560944650e600eab905446e514fdc3333c0eb2",
    "runs/wine/split_41/generation_202/students/ddpm/synthetic_only/11/model.json": "a082cae5881e21fa8ba9a7513c75c1bc8b062b378ae1e9d76a94a474179a6fae",
    "runs/wine/split_41/generation_202/students/ddpm/synthetic_only/11/weights.pt": "fe19148b16a815da56ac59828a43d655ee1392ab61e3be7d756e2757677ea0f3",
    "runs/wine/split_41/generation_202/students/ddpm/synthetic_only/7/development_predictions.npz": "1695da1884fe78806b393d00af6066f3bbf3f136aa7197a6bad4d8d273d01560",
    "runs/wine/split_41/generation_202/students/ddpm/synthetic_only/7/model.json": "90e5a8572d3aacfd2a1eb65efcf58686ea4791a478d1c432d900b4058c588e40",
    "runs/wine/split_41/generation_202/students/ddpm/synthetic_only/7/weights.pt": "5f37699f2a65ac2bf8606a69bfed7169d2bfe307f871541c0b369b90f866596e",
    "runs/wine/split_41/generation_202/students/ddpm/synthetic_only/logistic/model.json": "96312eeaae3b7d08a09bb6d66de63c8f7d1482d5cf51e3278dd7c418799826e1",
    "runs/wine/split_41/generation_202/students/ddpm_standardized/augment/11/development_predictions.npz": "bda653310130a2af5b8d70e06a8dc446d76448aa6f6815e1ccfc8df3a6d8c37c",
    "runs/wine/split_41/generation_202/students/ddpm_standardized/augment/11/model.json": "31557f5fc3295ffc0a902188ee25cf7fe47c8ca1c6cf35b276e4e03a245de1ef",
    "runs/wine/split_41/generation_202/students/ddpm_standardized/augment/11/weights.pt": "f08dd67be47a239637d3be51c7efba2615ab998950457fa4c84b3826e9a04650",
    "runs/wine/split_41/generation_202/students/ddpm_standardized/augment/7/development_predictions.npz": "867dd7897b679a2b1710abbda5e9d654141530f4a7c005a3e502ac32f5018ac3",
    "runs/wine/split_41/generation_202/students/ddpm_standardized/augment/7/model.json": "a5c8f493fffa1aa3bd97ab4cb046bc1c25c169cbe5ccc0619c1ea61e38f9fe07",
    "runs/wine/split_41/generation_202/students/ddpm_standardized/augment/7/weights.pt": "aa0480a014b728be7c99decd063495e24e193609fc6b4648f0b620cef6454ed9",
    "runs/wine/split_41/generation_202/students/ddpm_standardized/augment/logistic/model.json": "55330947bbf6c136b6b5248cec1ea36388a59c3217b6ea8b7d3dfd578225c247",
    "runs/wine/split_41/generation_202/students/ddpm_standardized/synthetic_only/11/development_predictions.npz": "df1761e1c871075a3099b749e788e80846030cd122c572a5661a834690f5c457",
    "runs/wine/split_41/generation_202/students/ddpm_standardized/synthetic_only/11/model.json": "8350f815d2fa8939e93bef5030894a21e7a52079d4b018b526501c3350bf491d",
    "runs/wine/split_41/generation_202/students/ddpm_standardized/synthetic_only/11/weights.pt": "99ed9e54f19708e49b9887731456e4e6ef553be218e24096f643f812ece88550",
    "runs/wine/split_41/generation_202/students/ddpm_standardized/synthetic_only/7/development_predictions.npz": "39dfe760756c9ceea8dc1c96b867c4d9a0c5d310dee58f1ea4965be179b027b4",
    "runs/wine/split_41/generation_202/students/ddpm_standardized/synthetic_only/7/model.json": "a4587258285c8c5d17f9cbc5a44e91ddd30b7f33e72df5d5790526d55eb840a8",
    "runs/wine/split_41/generation_202/students/ddpm_standardized/synthetic_only/7/weights.pt": "ab0c0fbd00dc8818c436464bef26eb5d7aed0a2eb20dfb6704174e564e296aaf",
    "runs/wine/split_41/generation_202/students/ddpm_standardized/synthetic_only/logistic/model.json": "4a822e78a69598915d1c1cc02a157e5482080576bba942b4e7bf1ab5d8b7b7bf",
    "runs/wine/split_41/generation_202/students/ddpm_unconditional/augment/11/development_predictions.npz": "d552e10a9e04fb7c74604659be6dbf69aae44fd18b7e6cd0a0c8348deada2b2b",
    "runs/wine/split_41/generation_202/students/ddpm_unconditional/augment/11/model.json": "a4cb71381375080adaab4dc0f56b23f47ad61568b52641be7e1da39eb4cd2149",
    "runs/wine/split_41/generation_202/students/ddpm_unconditional/augment/11/weights.pt": "7b2352412ad213b4596ac8087a2e1332fe26b15ef9b3899e50113f2346372ff2",
    "runs/wine/split_41/generation_202/students/ddpm_unconditional/augment/7/development_predictions.npz": "555296ac43dd40fce40355f54c1a0da7f17b447b29e86005da8573252a76602a",
    "runs/wine/split_41/generation_202/students/ddpm_unconditional/augment/7/model.json": "1a379b0243a71ce4cee84153b12bfb2cd9d9ee02ddf7a6576f237356855e9629",
    "runs/wine/split_41/generation_202/students/ddpm_unconditional/augment/7/weights.pt": "1d0efbeea8fae15044688caf634075d0ef74a46450de08edfb80ad377e5339d5",
    "runs/wine/split_41/generation_202/students/ddpm_unconditional/augment/logistic/model.json": "881537d358e4eb85312107dc3a261669b0ece4921d2a67bdc780a9c0aedeeb66",
    "runs/wine/split_41/generation_202/students/ddpm_unconditional/synthetic_only/11/development_predictions.npz": "00e477de05e66aaa5619a3b0a6141676ce11e04be6f41634780335c8f270d264",
    "runs/wine/split_41/generation_202/students/ddpm_unconditional/synthetic_only/11/model.json": "defec16257fc28651c2d3aee9b00ebf90a32fc6d9e58d7b633cf2b29e1794e02",
    "runs/wine/split_41/generation_202/students/ddpm_unconditional/synthetic_only/11/weights.pt": "67016cd49a94dafad5ac63e89313df6cd60b0bc689491e27c7a5b1387024eceb",
    "runs/wine/split_41/generation_202/students/ddpm_unconditional/synthetic_only/7/development_predictions.npz": "5dc3f35eb42284b198750a2d7a35242a57f00248126a5d1f464ae81521e94a92",
    "runs/wine/split_41/generation_202/students/ddpm_unconditional/synthetic_only/7/model.json": "11c7236398842c76107cef0cfd9c39a6c4ac72e40fdd62915a9ae0acbcacedf3",
    "runs/wine/split_41/generation_202/students/ddpm_unconditional/synthetic_only/7/weights.pt": "4886e3f961accb5d54f84ea2a833c8c0d190c353611dceecacf5d0cb09e22ec0",
    "runs/wine/split_41/generation_202/students/ddpm_unconditional/synthetic_only/logistic/model.json": "e9494510dc4a17d38bbf3aacebab3521da4a19b6964624d482ceb96b94a2a1b6",
    "runs/wine/split_41/generation_202/students/mixture_support/augment/11/development_predictions.npz": "e1ea1f20a1179225f156e81e8f571750de4ff1f8e42fa2ad86557e110096756e",
    "runs/wine/split_41/generation_202/students/mixture_support/augment/11/model.json": "4f6dca3a0eb504805c3fcf99d182333b91e359750a3d823b3772b6e4302eab9c",
    "runs/wine/split_41/generation_202/students/mixture_support/augment/11/weights.pt": "c32556118166b656e9c5c39f90c6abd564cda2648ffb80db7af7a7916b6f7ca8",
    "runs/wine/split_41/generation_202/students/mixture_support/augment/7/development_predictions.npz": "de11161b93d0e723e271c93032a56cf913e31421c27823ddf02cca0c0d8b4216",
    "runs/wine/split_41/generation_202/students/mixture_support/augment/7/model.json": "5e4d3071135228c76303d7334d28ff3ca93efa856927cd7be333ba4a91734d70",
    "runs/wine/split_41/generation_202/students/mixture_support/augment/7/weights.pt": "728df6c52694f6382b0a1f4ded9f4dc365cefe520e65d4fb5f92d212db48fd05",
    "runs/wine/split_41/generation_202/students/mixture_support/augment/logistic/model.json": "490b05426f73ed9ddf23ad14f937d79f2583e0a4b17cc8fb3738a8c61e82a261",
    "runs/wine/split_41/generation_202/students/mixture_support/synthetic_only/11/development_predictions.npz": "d4335c7374dfbd12b8e442507c810ff5c40b798da11044cdccd1d18e911a7ba5",
    "runs/wine/split_41/generation_202/students/mixture_support/synthetic_only/11/model.json": "99803d15179bde58f61128cb773a3b2a21653fed56ce04b950cb3f0f01991dfe",
    "runs/wine/split_41/generation_202/students/mixture_support/synthetic_only/11/weights.pt": "875201e542170eb3bb7e56fb2b1f64858e2c3c0b2bfb85e4783fae638f42043a",
    "runs/wine/split_41/generation_202/students/mixture_support/synthetic_only/7/development_predictions.npz": "3aa72b90721bfd7cb6c18b6c36b866a5b13f2cd7071e8202a41200e914e211b8",
    "runs/wine/split_41/generation_202/students/mixture_support/synthetic_only/7/model.json": "72173efae3ee526b5a6308b0f613dc20619c6a59aa765fdd29488bf08467fd61",
    "runs/wine/split_41/generation_202/students/mixture_support/synthetic_only/7/weights.pt": "2727884d49d5d8d9409018925c5478afac63fdb0c65482b0d2890a7247e890db",
    "runs/wine/split_41/generation_202/students/mixture_support/synthetic_only/logistic/model.json": "2baa8e0c71e05d1fbc2a5249c93ff98ba05818a9b8425f4b06dc765ea5419ebd",
    "runs/wine/split_41/generation_202/students/mixture_uniform/augment/11/development_predictions.npz": "2f43197b17055343561ddfc634853a4e5b56fcf2c0432e92db94fa4900ca3668",
    "runs/wine/split_41/generation_202/students/mixture_uniform/augment/11/model.json": "1bf35e42ec3f92ca9b3ef66d95fdb0720f6e3889796281cb887c6ea6c01beaca",
    "runs/wine/split_41/generation_202/students/mixture_uniform/augment/11/weights.pt": "e3e234793cdbf3cba71fe9464b998649ee47d40b2c8fba62631d5a404d84604e",
    "runs/wine/split_41/generation_202/students/mixture_uniform/augment/7/development_predictions.npz": "5c62594f295a4efc3da5eb347e3e2be5af59ac1a943b7ebee7ad0c4689ae1419",
    "runs/wine/split_41/generation_202/students/mixture_uniform/augment/7/model.json": "08dd2fa50f48644352479b25a8c914191806a5ec639f7dc4bee0053bfe42d27c",
    "runs/wine/split_41/generation_202/students/mixture_uniform/augment/7/weights.pt": "7d7179dd8868add970df796fe2e00a50fe69a53c99aef6028a6332aabe9bdada",
    "runs/wine/split_41/generation_202/students/mixture_uniform/augment/logistic/model.json": "2a9b7fd7ad82f3ba2049ab3ef311c715dff165e7248a297b2fa1514bfe8e563f",
    "runs/wine/split_41/generation_202/students/mixture_uniform/synthetic_only/11/development_predictions.npz": "8a69e3c44947229a140f8e4f32a84f9cb684fd970f6057cd89fffd0ff224310e",
    "runs/wine/split_41/generation_202/students/mixture_uniform/synthetic_only/11/model.json": "669b693b7d846654adf4506ef92cf6956e0871c1d046786e1fb6de8ce88d4f5e",
    "runs/wine/split_41/generation_202/students/mixture_uniform/synthetic_only/11/weights.pt": "c887804f41c2f787c431b8bff1c6953d43c26b47cbfd2442aa4d703ed1e18961",
    "runs/wine/split_41/generation_202/students/mixture_uniform/synthetic_only/7/development_predictions.npz": "dde2c7138f60a73a97827c1996fafd91f24cc7e4e69486d770f324449a0c2ace",
    "runs/wine/split_41/generation_202/students/mixture_uniform/synthetic_only/7/model.json": "c0042345447fa704caf2b0eb5952b1017e115038a56c63e1bf9cddddfd3c08d5",
    "runs/wine/split_41/generation_202/students/mixture_uniform/synthetic_only/7/weights.pt": "b755fadb4ef7468ca088bc9e669a089140639357716679f8bdba58018121553a",
    "runs/wine/split_41/generation_202/students/mixture_uniform/synthetic_only/logistic/model.json": "800d6669df4e6c8eac4a076d19539628f94eb9fa29b9691af7b32622f9e79320",
    "runs/wine/split_41/generation_202/students/mixture_utility/augment/11/development_predictions.npz": "b6897a77542ea22ec7e7f997834cd377994ea7df4e42bae9e090bbf3aebfc08c",
    "runs/wine/split_41/generation_202/students/mixture_utility/augment/11/model.json": "0fbf97a18ac3f467ddebbd8cdae11550e199524fd92c58fbd4e900ca6a8b2a33",
    "runs/wine/split_41/generation_202/students/mixture_utility/augment/11/weights.pt": "b1d7ce91daecca352811fc728ec067fe2fd2aab9b3ff3e38837fd9ab18d47746",
    "runs/wine/split_41/generation_202/students/mixture_utility/augment/7/development_predictions.npz": "b04d105fb66fdac0d4e1c79c44051f0d09807882a806c94bf1c875068f32213f",
    "runs/wine/split_41/generation_202/students/mixture_utility/augment/7/model.json": "b0c74a5da8665b6bbd112c02ff7b13a9a71a796e318a8c4381f611ddaa2f0c68",
    "runs/wine/split_41/generation_202/students/mixture_utility/augment/7/weights.pt": "2de4443f17a9d92769bfd6b1cd749fae294fc615aaeb6b978c91d3694cf4b726",
    "runs/wine/split_41/generation_202/students/mixture_utility/augment/logistic/model.json": "ef063d437e583b4dd384aa13b6e9ae44cfa4a6c20d7814c0a239e07b8f51616d",
    "runs/wine/split_41/generation_202/students/mixture_utility/synthetic_only/11/development_predictions.npz": "f4e8526be4d5b4835f2ba38a03b7b8ae5e8099a4ac924a651b8e3da28028fa79",
    "runs/wine/split_41/generation_202/students/mixture_utility/synthetic_only/11/model.json": "b0ebf77e5d5bc283b67b63f40e2588426958145a0cd1db6c344247ef54b84d93",
    "runs/wine/split_41/generation_202/students/mixture_utility/synthetic_only/11/weights.pt": "28e0ef12f3cf2b47d7a8621c73d02ad64de5e49688be76b7418480d9d7acf05c",
    "runs/wine/split_41/generation_202/students/mixture_utility/synthetic_only/7/development_predictions.npz": "13cf772c9aac360450339ca34ee17d67ab7c3c341faf40432c6f1518ac9496f5",
    "runs/wine/split_41/generation_202/students/mixture_utility/synthetic_only/7/model.json": "f43d23898f5fa73a586f4c476c6cad17ec4abe320bcfa73007d65bd33cb78433",
    "runs/wine/split_41/generation_202/students/mixture_utility/synthetic_only/7/weights.pt": "63bc2ba004cb189612d1a513be063eb0a2d697dc7a6baecc51a64913c2ff95f4",
    "runs/wine/split_41/generation_202/students/mixture_utility/synthetic_only/logistic/model.json": "b0f1465e921a1fd099c42cef4f7149e38e794224d694efbc132e34715227da02",
    "runs/wine/split_41/generation_202/students/mixture_utility_support/augment/11/development_predictions.npz": "c5f510607b65e4e3a775cf68fbbd201481f0050728932fbf332f46090e7ae052",
    "runs/wine/split_41/generation_202/students/mixture_utility_support/augment/11/model.json": "005df002e1dc42891b6c48f59e91813b5903c82b25e3c98a0b988ee0a78dcb6a",
    "runs/wine/split_41/generation_202/students/mixture_utility_support/augment/11/weights.pt": "b60f03bebcec088c36b95b54e9b8346b38f7617a1dcca472b843131ee9adf5e0",
    "runs/wine/split_41/generation_202/students/mixture_utility_support/augment/7/development_predictions.npz": "d93558fecb84d75e9b6206c720592441f188e239203011fd57c244fdd0f7c310",
    "runs/wine/split_41/generation_202/students/mixture_utility_support/augment/7/model.json": "845fbd20a56b10cf64bc2403a119be32dbca33db35b35da274f125138f6f7c82",
    "runs/wine/split_41/generation_202/students/mixture_utility_support/augment/7/weights.pt": "36974402745d7ce8e20ddbf66b0800d23155aa083ca096f2080723b320d558cd",
    "runs/wine/split_41/generation_202/students/mixture_utility_support/augment/logistic/model.json": "d446b576df72ca764d5b91759d8b06aa16476d87e0c35cec248fe6593cf807e1",
    "runs/wine/split_41/generation_202/students/mixture_utility_support/synthetic_only/11/development_predictions.npz": "65c08ccd3c3cd08bf5af4fd12306cdeb3b682ad8450f5bc05f2f3c424e00e444",
    "runs/wine/split_41/generation_202/students/mixture_utility_support/synthetic_only/11/model.json": "37d8437eb1d684f1a57c9d1e119bf687593bbc175178093e5af24ee4bc75c5d7",
    "runs/wine/split_41/generation_202/students/mixture_utility_support/synthetic_only/11/weights.pt": "c821a9a08dc3adb2b594f100cb2a32c10fecb93cc6dd3a0d6f261c0a64d9d59a",
    "runs/wine/split_41/generation_202/students/mixture_utility_support/synthetic_only/7/development_predictions.npz": "320f7f2edadefed66058cd5061589416c1d5f05b4b8e33c188e70f459aef52ed",
    "runs/wine/split_41/generation_202/students/mixture_utility_support/synthetic_only/7/model.json": "49fb676d24d79ad3fbb238c46209788980a6d62c3b9de4c6f9203af98529ea56",
    "runs/wine/split_41/generation_202/students/mixture_utility_support/synthetic_only/7/weights.pt": "17b7a8e3d656a4a2cd4961d74b04ac57e50804028a3f62c46af99e3a0dcb155b",
    "runs/wine/split_41/generation_202/students/mixture_utility_support/synthetic_only/logistic/model.json": "f71d8f2112002e2f3d3fa048de5ec3196faa9e9d40c86b7acb3cd96f10de3f9f",
    "runs/wine/split_41/generation_202/students/real_only/real_only/11/development_predictions.npz": "63ac5910c553c06b812ab6f2ecff4eef14a33ed9de5b7f376e4588fa9bcd1f33",
    "runs/wine/split_41/generation_202/students/real_only/real_only/11/model.json": "39798a271716d559d056e9b64a3d86e6d75d4f6b424e63a97c50b9f75a8f6fb9",
    "runs/wine/split_41/generation_202/students/real_only/real_only/11/weights.pt": "5bcef2520ffc37b49e8b05ecf19608c67fd5c7d768e004a3d0c4fbc4605fe9d4",
    "runs/wine/split_41/generation_202/students/real_only/real_only/7/development_predictions.npz": "8582ac8de381ab84f2ab913ede7cba23238bf0354f6d309befbd19445756cdb0",
    "runs/wine/split_41/generation_202/students/real_only/real_only/7/model.json": "9fe6757668f4192be0d9e0d9525f1e77e185c9e72f7024ac49d1830c1b56feff",
    "runs/wine/split_41/generation_202/students/real_only/real_only/7/weights.pt": "48cd25b4a6955995343021cf0b675f3abd0bcc86e5c061f63c739a41f14df183",
    "runs/wine/split_41/generation_202/students/real_only/real_only/logistic/model.json": "d9448bf3d20207ca731bb70461783d29bd02a7fd07fa44f436133f963c389af4",
    "runs/wine/split_41/generation_202/students/smote/augment/11/development_predictions.npz": "a94ece725cca920571349266ca9432f9475cb230a09712caa5f65c33dd7b917a",
    "runs/wine/split_41/generation_202/students/smote/augment/11/model.json": "9cd1f6af6f1ae469c234fe6c71e327da345460ac923f5ab3e6595b12ec1d7af5",
    "runs/wine/split_41/generation_202/students/smote/augment/11/weights.pt": "5472bb96cad5e1399b948598134882ed33053c732633f6ec84d4ca7b299d698a",
    "runs/wine/split_41/generation_202/students/smote/augment/7/development_predictions.npz": "a210118a9b331942b18652ab1346ffc207c2f38d3e52269c034a602b8107165d",
    "runs/wine/split_41/generation_202/students/smote/augment/7/model.json": "83b7745bad03485fd6388b355ee2586f0651c68d05edf45415bb0430b40a3d65",
    "runs/wine/split_41/generation_202/students/smote/augment/7/weights.pt": "70eea4ba9bb61ff99b996039a6200b54d5120b7210c76a93eb89f82bd3596995",
    "runs/wine/split_41/generation_202/students/smote/augment/logistic/model.json": "74ff55fd83e812a460ca13f9702dcde77abec8693d49de2990780c40487f9be2",
    "runs/wine/split_41/generation_202/students/smote/synthetic_only/11/development_predictions.npz": "7620e0ed55ed4c3f63ea0cdf32312c87760482a8b7132fcfe007bb0dda753fba",
    "runs/wine/split_41/generation_202/students/smote/synthetic_only/11/model.json": "f6db8b29671e9789fa66a389bceec8dff6d2f61942df2112069b811a57ed4301",
    "runs/wine/split_41/generation_202/students/smote/synthetic_only/11/weights.pt": "e866130be3240c8fc0f08b5a78b7ba60368f324e8ba51b699bc35d2ce124c9ba",
    "runs/wine/split_41/generation_202/students/smote/synthetic_only/7/development_predictions.npz": "61bf3956a9175664881454728e92a8bfe3fc1b808cbb60d99300b94003d06539",
    "runs/wine/split_41/generation_202/students/smote/synthetic_only/7/model.json": "c8addd6b7e0a6815657f4685930f366b85a19ff744d9c1d0511820781536f12c",
    "runs/wine/split_41/generation_202/students/smote/synthetic_only/7/weights.pt": "b371bfc57ba10aa9ba47aeb7707ad7e697986e7ed474081c0b67ad7a434df12a",
    "runs/wine/split_41/generation_202/students/smote/synthetic_only/logistic/model.json": "bf4ad54926d971448578bc020b08c8cc0bde39afb8091a72e0f4edce93caad6f",
    "runs/wine/split_41/generation_202/students/tvae/augment/11/development_predictions.npz": "35f43e119ce01eb5f611d4e25933e3e41406e72aba449f033d2a7b2be759a82c",
    "runs/wine/split_41/generation_202/students/tvae/augment/11/model.json": "e057fa478955e317f7fc8387eb1d90f661843b9318e6f43e78a2ac71e8e17d52",
    "runs/wine/split_41/generation_202/students/tvae/augment/11/weights.pt": "b175325a64556899e5093a4b57585e7a109180d86e1be1b6f84b0999ba82d0ec",
    "runs/wine/split_41/generation_202/students/tvae/augment/7/development_predictions.npz": "4a3fc14e23f620940116a692c0c8efb7a49257f90de78eb082807900a09d013a",
    "runs/wine/split_41/generation_202/students/tvae/augment/7/model.json": "87a30cbe5c25fc64b657c8239f853f01c46df7be75611a8582691cd647947720",
    "runs/wine/split_41/generation_202/students/tvae/augment/7/weights.pt": "3e1bc4700a9d7e3d110cba2b25f59647f12656d90430cf087d54a3044cd76579",
    "runs/wine/split_41/generation_202/students/tvae/augment/logistic/model.json": "329ea58c7efa054ad6c0070aeebdaa7af6d478ec520d0ec81cd71cc19ec1d3be",
    "runs/wine/split_41/generation_202/students/tvae/synthetic_only/11/development_predictions.npz": "062c4a7c0fd13b4496fe451f7e2bb9902fd9d3bce406855de8eddabe13d94580",
    "runs/wine/split_41/generation_202/students/tvae/synthetic_only/11/model.json": "7de9de5acbf3069f0be18f94ba9fce212b6d4d1e6c87c060a0b64968fda1164b",
    "runs/wine/split_41/generation_202/students/tvae/synthetic_only/11/weights.pt": "c98a1116b3c07a9e470c63d221d0880a1b1081d44a6056758ffc42765bdcad50",
    "runs/wine/split_41/generation_202/students/tvae/synthetic_only/7/development_predictions.npz": "e8b14a03ef67db3b75e1e2848011354686308a99899a0f32aae216cc4ba6f6ac",
    "runs/wine/split_41/generation_202/students/tvae/synthetic_only/7/model.json": "b86c6861552e2ad486165cf91c8e5bce422aa1c5ecab93257c1e0f1bd4ea2d12",
    "runs/wine/split_41/generation_202/students/tvae/synthetic_only/7/weights.pt": "30ff5581b45bfbc699d7ac55d566206b45d7e4aece679b7329ddbba1777cb323",
    "runs/wine/split_41/generation_202/students/tvae/synthetic_only/logistic/model.json": "5fe5dfc58ab734d6b2816d493ff2765782f240f8aafdcd27352fcd90beaec857",
    "splits/breast_cancer/17/dev.npz": "b9419b14890d644a03303b759c4a3e4b7c64a191c931b161ef5ca99a98769de1",
    "splits/breast_cancer/17/metadata.json": "da967e9967f9f4c7c83d17ececfe8f38500b40d86b29fda772d84c313be24001",
    "splits/breast_cancer/17/test.npz": "7d3a562e4bd647591620be51c89b2558f8086c7fc3a956c1590215bef7e889e6",
    "splits/breast_cancer/17/train.npz": "215376bd28aa15e7b3c52c78add4d252710789c4f944363bef2fa1027c60b4c8",
    "splits/breast_cancer/17/unused.npz": "6f61bd2cf2130b45f4815ef698645db662f7024d5ac4df884b1a08350e905aac",
    "splits/breast_cancer/29/dev.npz": "c9e1dcfc80375428d1fa306d1cd0cf1cbba665ac711d1142361d31ff51a92b8e",
    "splits/breast_cancer/29/metadata.json": "a1295db7fd78bffb2b49f3fd7d26542cae87b78ec9ba1358e81e38da2d05a5d1",
    "splits/breast_cancer/29/test.npz": "d93cd370a05e4c2274ba9e77ee71ade3ea5aee07262d6ba11e86671717eccd77",
    "splits/breast_cancer/29/train.npz": "8d354a33925b2fcc2bd007d4a289284874010e2325a9034959a703fac925aa38",
    "splits/breast_cancer/29/unused.npz": "16e0a9254e961b52630ad099d87ff0005236af2a90ebdc03b128be0b86875487",
    "splits/breast_cancer/41/dev.npz": "a407c193296c372cf4941e124141d88e075345af10be00a41e3b33259d7ece52",
    "splits/breast_cancer/41/metadata.json": "90301293a991c1c906301b3a76076df99e1c75c1d38d40cd7cecd83500f430b3",
    "splits/breast_cancer/41/test.npz": "18ffca9c8965d2f701c1ecd629cb95ff210fd87f2549208e17cef2a44bf561aa",
    "splits/breast_cancer/41/train.npz": "a2d0fc0e1d591d081b6b68a3740be67f694467caaddd26764a7de5e500463c43",
    "splits/breast_cancer/41/unused.npz": "921a8f8bd4a6aae7c4ad45f1e95c7339f30339910710b1d9a753b894607c0b9b",
    "splits/wine/17/dev.npz": "f1624344dc8e16cc8c2b7da11c9a3e43440736e9cf354da5fca60a4485dc97b0",
    "splits/wine/17/metadata.json": "2d9458a188f9a9045a1d4613fb43f8e4c6fb5d4768435e7b386b7e2ccf2b69ee",
    "splits/wine/17/test.npz": "25afa873a906f06c3702d2ad0e12de000e4d5c4f4af0b98e81e9a40fb105b486",
    "splits/wine/17/train.npz": "294f2d32287e300f70b8a7bd3e8140fcf43367bf4557be78af4983843093da2d",
    "splits/wine/17/unused.npz": "4f43e425a68878262f8dd6d0f142aea02f7af0649abd1fff94327a1eca144a76",
    "splits/wine/29/dev.npz": "165d913f5d9f80a1813739955431f5e7bb34b267363529e70143ec5294160fa3",
    "splits/wine/29/metadata.json": "7d669d593ab02762e235c55cac2cf80d20c9bcf851e4d97e7caef92f192bbcf0",
    "splits/wine/29/test.npz": "574b62a8c8a411640d8411cc1b56d0adcf1a63021e09973fb34942a18b70c447",
    "splits/wine/29/train.npz": "b44ef220db5f0baf477a3d6279cbcff9deb52e1e67537fdc8eb386202b676bd9",
    "splits/wine/29/unused.npz": "c18052ab99a0c5b9e733c2e0057e9df7becf54110a94ebdf479efcf7c111c49e",
    "splits/wine/41/dev.npz": "c142704d8f059fabb3c320db83c307883ad068966d2b48dd5f4977b37ef704f3",
    "splits/wine/41/metadata.json": "4d9da96dd51d46b7703fd41abb843e1f586725b3fb68e718e893b6ae30549743",
    "splits/wine/41/test.npz": "d8fe744f67de8fce8a419f71a9eb0d05cef48a6174a03e9b4024bc7e0f693867",
    "splits/wine/41/train.npz": "f8cfd810b104dbd1734860c61f150273d0f60219985c78be3a67462a79f03bc8",
    "splits/wine/41/unused.npz": "404e7f18076219ec7b1942c1deab7d15cbb55523676e2147f0235ca214ea48a0"
  },
  "meaning": "Candidate and development decisions frozen before final test evaluation",
  "manifest_sha256": "34d69efb3f9311f68c4cfaa4a1585f998f6504d449a53cf78b0717c9c8090095"
}
["/opt/hostedtoolcache/Python/3.13.5/x64/bin/python", "-m", "synthlab_next.cli", "evaluate", "--output", "results/pilot_v1"]
{
  "scored_conditions": 1044,
  "frozen_manifest_sha256": "34d69efb3f9311f68c4cfaa4a1585f998f6504d449a53cf78b0717c9c8090095"
}
["/opt/hostedtoolcache/Python/3.13.5/x64/bin/python", "-m", "synthlab_next.cli", "analyze", "--run", "results/pilot_v1", "--output", "results/analysis_v1"]
{
  "groups": 116,
  "paired_ablations": 64,
  "scored_conditions": 1044
}
["/opt/hostedtoolcache/Python/3.13.5/x64/bin/python", "review/audit_artifacts.py", "--run", "results/pilot_v1", "--output", "results/independent_audit.json"]
{
  "status": "passed",
  "original": {
    "candidate_manifest_sha256": "34d69efb3f9311f68c4cfaa4a1585f998f6504d449a53cf78b0717c9c8090095",
    "sealed_candidate_files": 3695,
    "sealed_evaluation_files": 1045,
    "independent_prediction_recomputations": 1044,
    "independent_metric_checks": 4176,
    "maximum_metric_errors": {
      "accuracy": 0.0,
      "balanced_accuracy": 0.0,
      "macro_f1": 0.0,
      "log_loss": 5.551115123125783e-17
    },
    "exact_prediction_arrays": 1044,
    "maximum_reload_probability_error": 0.0,
    "changed_reload_class_predictions": 0,
    "inference_comparison_tolerances": {
      "rtol": 1e-05,
      "atol": 1e-06
    },
    "partition_ID_checks": "passed",
    "neural_fit_counts": {
      "generator": 84,
      "primary": 696,
      "probe": 96,
      "logistic": 348
    },
    "reviewer_independence": "Same assistant, separate verifier code and process; no external author endorsement"
  }
}
["/opt/hostedtoolcache/Python/3.13.5/x64/bin/python", "scripts/export_wine.py"]
{
  "selected_student": {
    "balanced_accuracy": 1.0,
    "log_loss": 0.011185786248455277,
    "method": "ddpm_standardized",
    "regime": "augment"
  },
  "selected_generator": {
    "balanced_accuracy": 1.0,
    "log_loss": 0.012140809977205794,
    "method": "ddpm_standardized",
    "regime": "synthetic_only"
  },
  "sample_diagnostics": {
    "n": 1000,
    "marginal_wasserstein_train_standardized": 0.13057037465804136,
    "correlation_mean_absolute_error_train": 0.07353320169192652,
    "correlation_columns": 13,
    "exact_training_copy_rate": 0.0,
    "exact_internal_duplicate_rate": 0.0,
    "nearest_training_distance_median": 1.4683728784853898,
    "negative_feature_row_fraction": 0.0,
    "class_counts": [
      357,
      394,
      249
    ],
    "limitations": "Training reference diagnostics favor memorization; distances do not establish privacy or semantic validity"
  }
}
["/opt/hostedtoolcache/Python/3.13.5/x64/bin/python", "-m", "synthlab_next.cli", "screen-wine", "--input", "models/wine_demo/synthetic_wine_1000.csv", "--schema", "models/wine_demo/selected_generator/schema.json", "--output", "models/wine_schema_screen"]
{
  "source_sha256": "e1b670b5b0ed6ac8fdc84cef3d5910c4fec19f114253f3812fe6c64a4934455b",
  "input_rows": 1000,
  "accepted_rows": 1000,
  "rejected_rows": 0,
  "schema_sha256": "efe173bd673f713c47023bd74d80b978275fe2ee0a46ae46754b93d865a761fe",
  "rules": [
    "Exact named columns",
    "Finite numeric values",
    "Nonnegative feature values",
    "Known cultivar class id"
  ],
  "not_verified": [
    "Chemical consistency",
    "Measurement precision and units",
    "Cultivar correctness",
    "Out of distribution realism",
    "Privacy"
  ],
  "evaluation_status": "Postexperiment export screen only; no downstream improvement claim or rerun of the frozen test",
  "schema_checked_sha256": "e1b670b5b0ed6ac8fdc84cef3d5910c4fec19f114253f3812fe6c64a4934455b"
}
