{
  "status": "passed",
  "reviewer_independent_from_original_author": false,
  "production_modules_imported": false,
  "scope": "Separately implemented artifact, arithmetic, inference and development selection checks; not a scientific replication claim",
  "source_run": "/home/runner/work/mess-of-projects/mess-of-projects/synthetic-data-lab/ci_runs/34658103152-1/results/pilot_v1",
  "training_manifest_sha256": "34d69efb3f9311f68c4cfaa4a1585f998f6504d449a53cf78b0717c9c8090095",
  "final_manifest_sha256": "8bab84b12aae52d1c39af947cd8a4515df98ecb3c49a3e1005186e0440328b76",
  "sealed_training_files_verified": 3695,
  "sealed_evaluation_files_verified": 1045,
  "source_verified_disjoint_partitions": 6,
  "evaluation_conditions_checked": 1044,
  "neural_generator_weight_and_training_ledgers_checked": 84,
  "neural_students_checked": 696,
  "logistic_students_checked": 348,
  "development_probe_checkpoints_checked": 96,
  "development_winners_recomputed": 12,
  "test_prediction_arrays_exact": 4,
  "maximum_checkpoint_probability_error": 2.980232238769531e-07,
  "saved_development_probability_arrays_strictly_scored": 696,
  "development_inference_arrays_exact": 0,
  "inference_tolerances": {
    "absolute": 1e-06,
    "relative": 1e-05,
    "class_decisions_must_match": true
  },
  "saved_metric_tolerance": 1e-10,
  "nonexact_test_inference": [
    {
      "path": "runs/wine/split_17/generation_101/students/real_only/real_only/7/test",
      "exact": false,
      "maximum_absolute_probability_difference": 1.1920928955078125e-07
    },
    {
      "path": "runs/wine/split_17/generation_101/students/real_only/real_only/11/test",
      "exact": false,
      "maximum_absolute_probability_difference": 1.4901161193847656e-08
    },
    {
      "path": "runs/wine/split_17/generation_101/students/real_only/real_only/logistic/test",
      "exact": false,
      "maximum_absolute_probability_difference": 4.336808689942018e-19
    },
    {
      "path": "runs/wine/split_17/generation_101/students/bootstrap/synthetic_only/7/test",
      "exact": false,
      "maximum_absolute_probability_difference": 1.1920928955078125e-07
    },
    {
      "path": "runs/wine/split_17/generation_101/students/bootstrap/synthetic_only/11/test",
      "exact": false,
      "maximum_absolute_probability_difference": 6.705522537231445e-08
    },
    {
      "path": "runs/wine/split_17/generation_101/students/bootstrap/synthetic_only/logistic/test",
      "exact": false,
      "maximum_absolute_probability_difference": 2.7755575615628914e-17
    },
    {
      "path": "runs/wine/split_17/generation_101/students/bootstrap/augment/7/test",
      "exact": false,
      "maximum_absolute_probability_difference": 7.450580596923828e-09
    },
    {
      "path": "runs/wine/split_17/generation_101/students/bootstrap/augment/11/test",
      "exact": false,
      "maximum_absolute_probability_difference": 1.1920928955078125e-07
    },
    {
      "path": "runs/wine/split_17/generation_101/students/bootstrap/augment/logistic/test",
      "exact": false,
      "maximum_absolute_probability_difference": 3.469446951953614e-18
    },
    {
      "path": "runs/wine/split_17/generation_101/students/smote/synthetic_only/7/test",
      "exact": false,
      "maximum_absolute_probability_difference": 1.1920928955078125e-07
    },
    {
      "path": "runs/wine/split_17/generation_101/students/smote/synthetic_only/11/test",
      "exact": false,
      "maximum_absolute_probability_difference": 3.725290298461914e-08
    },
    {
      "path": "runs/wine/split_17/generation_101/students/smote/synthetic_only/logistic/test",
      "exact": false,
      "maximum_absolute_probability_difference": 2.220446049250313e-16
    },
    {
      "path": "runs/wine/split_17/generation_101/students/smote/augment/7/test",
      "exact": false,
      "maximum_absolute_probability_difference": 5.587935447692871e-09
    },
    {
      "path": "runs/wine/split_17/generation_101/students/smote/augment/11/test",
      "exact": false,
      "maximum_absolute_probability_difference": 2.2351741790771484e-08
    },
    {
      "path": "runs/wine/split_17/generation_101/students/smote/augment/logistic/test",
      "exact": false,
      "maximum_absolute_probability_difference": 8.673617379884035e-19
    },
    {
      "path": "runs/wine/split_17/generation_101/students/copula/synthetic_only/7/test",
      "exact": false,
      "maximum_absolute_probability_difference": 5.960464477539063e-08
    },
    {
      "path": "runs/wine/split_17/generation_101/students/copula/synthetic_only/11/test",
      "exact": false,
      "maximum_absolute_probability_difference": 6.51925802230835e-09
    },
    {
      "path": "runs/wine/split_17/generation_101/students/copula/augment/7/test",
      "exact": false,
      "maximum_absolute_probability_difference": 5.960464477539063e-08
    },
    {
      "path": "runs/wine/split_17/generation_101/students/copula/augment/11/test",
      "exact": false,
      "maximum_absolute_probability_difference": 1.1920928955078125e-07
    },
    {
      "path": "runs/wine/split_17/generation_101/students/copula/augment/logistic/test",
      "exact": false,
      "maximum_absolute_probability_difference": 1.3877787807814457e-17
    },
    {
      "path": "runs/wine/split_17/generation_101/students/ctgan/synthetic_only/7/test",
      "exact": false,
      "maximum_absolute_probability_difference": 2.9802322387695312e-08
    },
    {
      "path": "runs/wine/split_17/generation_101/students/ctgan/synthetic_only/11/test",
      "exact": false,
      "maximum_absolute_probability_difference": 5.960464477539063e-08
    },
    {
      "path": "runs/wine/split_17/generation_101/students/ctgan/synthetic_only/logistic/test",
      "exact": false,
      "maximum_absolute_probability_difference": 2.7755575615628914e-17
    },
    {
      "path": "runs/wine/split_17/generation_101/students/ctgan/augment/7/test",
      "exact": false,
      "maximum_absolute_probability_difference": 1.1920928955078125e-07
    },
    {
      "path": "runs/wine/split_17/generation_101/students/ctgan/augment/11/test",
      "exact": false,
      "maximum_absolute_probability_difference": 1.1920928955078125e-07
    },
    {
      "path": "runs/wine/split_17/generation_101/students/ctgan/augment/logistic/test",
      "exact": false,
      "maximum_absolute_probability_difference": 5.551115123125783e-17
    },
    {
      "path": "runs/wine/split_17/generation_101/students/tvae/synthetic_only/7/test",
      "exact": false,
      "maximum_absolute_probability_difference": 1.1920928955078125e-07
    },
    {
      "path": "runs/wine/split_17/generation_101/students/tvae/synthetic_only/11/test",
      "exact": false,
      "maximum_absolute_probability_difference": 1.7881393432617188e-07
    },
    {
      "path": "runs/wine/split_17/generation_101/students/tvae/synthetic_only/logistic/test",
      "exact": false,
      "maximum_absolute_probability_difference": 3.469446951953614e-18
    },
    {
      "path": "runs/wine/split_17/generation_101/students/tvae/augment/7/test",
      "exact": false,
      "maximum_absolute_probability_difference": 1.1920928955078125e-07
    },
    {
      "path": "runs/wine/split_17/generation_101/students/tvae/augment/11/test",
      "exact": false,
      "maximum_absolute_probability_difference": 1.1920928955078125e-07
    },
    {
      "path": "runs/wine/split_17/generation_101/students/tvae/augment/logistic/test",
      "exact": false,
      "maximum_absolute_probability_difference": 8.673617379884035e-19
    },
    {
      "path": "runs/wine/split_17/generation_101/students/ddpm/synthetic_only/7/test",
      "exact": false,
      "maximum_absolute_probability_difference": 1.1920928955078125e-07
    },
    {
      "path": "runs/wine/split_17/generation_101/students/ddpm/synthetic_only/11/test",
      "exact": false,
      "maximum_absolute_probability_difference": 1.7881393432617188e-07
    },
    {
      "path": "runs/wine/split_17/generation_101/students/ddpm/synthetic_only/logistic/test",
      "exact": false,
      "maximum_absolute_probability_difference": 2.168404344971009e-19
    },
    {
      "path": "runs/wine/split_17/generation_101/students/ddpm/augment/7/test",
      "exact": false,
      "maximum_absolute_probability_difference": 1.1920928955078125e-07
    },
    {
      "path": "runs/wine/split_17/generation_101/students/ddpm/augment/11/test",
      "exact": false,
      "maximum_absolute_probability_difference": 5.960464477539063e-08
    },
    {
      "path": "runs/wine/split_17/generation_101/students/ddpm/augment/logistic/test",
      "exact": false,
      "maximum_absolute_probability_difference": 6.938893903907228e-18
    },
    {
      "path": "runs/wine/split_17/generation_101/students/ctgan_unpacked/synthetic_only/7/test",
      "exact": false,
      "maximum_absolute_probability_difference": 1.1920928955078125e-07
    },
    {
      "path": "runs/wine/split_17/generation_101/students/ctgan_unpacked/synthetic_only/11/test",
      "exact": false,
      "maximum_absolute_probability_difference": 4.470348358154297e-08
    },
    {
      "path": "runs/wine/split_17/generation_101/students/ctgan_unpacked/synthetic_only/logistic/test",
      "exact": false,
      "maximum_absolute_probability_difference": 3.469446951953614e-18
    },
    {
      "path": "runs/wine/split_17/generation_101/students/ctgan_unpacked/augment/7/test",
      "exact": false,
      "maximum_absolute_probability_difference": 5.960464477539063e-08
    },
    {
      "path": "runs/wine/split_17/generation_101/students/ctgan_unpacked/augment/11/test",
      "exact": false,
      "maximum_absolute_probability_difference": 5.960464477539063e-08
    },
    {
      "path": "runs/wine/split_17/generation_101/students/ctgan_unpacked/augment/logistic/test",
      "exact": false,
      "maximum_absolute_probability_difference": 1.734723475976807e-18
    },
    {
      "path": "runs/wine/split_17/generation_101/students/ctgan_one_mode/synthetic_only/7/test",
      "exact": false,
      "maximum_absolute_probability_difference": 1.1920928955078125e-07
    },
    {
      "path": "runs/wine/split_17/generation_101/students/ctgan_one_mode/synthetic_only/11/test",
      "exact": false,
      "maximum_absolute_probability_difference": 1.1920928955078125e-07
    },
    {
      "path": "runs/wine/split_17/generation_101/students/ctgan_one_mode/synthetic_only/logistic/test",
      "exact": false,
      "maximum_absolute_probability_difference": 6.938893903907228e-18
    },
    {
      "path": "runs/wine/split_17/generation_101/students/ctgan_one_mode/augment/7/test",
      "exact": false,
      "maximum_absolute_probability_difference": 1.1920928955078125e-07
    },
    {
      "path": "runs/wine/split_17/generation_101/students/ctgan_one_mode/augment/11/test",
      "exact": false,
      "maximum_absolute_probability_difference": 5.960464477539063e-08
    },
    {
      "path": "runs/wine/split_17/generation_101/students/ctgan_one_mode/augment/logistic/test",
      "exact": false,
      "maximum_absolute_probability_difference": 3.469446951953614e-18
    },
    {
      "path": "runs/wine/split_17/generation_101/students/ddpm_unconditional/synthetic_only/7/test",
      "exact": false,
      "maximum_absolute_probability_difference": 1.1920928955078125e-07
    },
    {
      "path": "runs/wine/split_17/generation_101/students/ddpm_unconditional/synthetic_only/11/test",
      "exact": false,
      "maximum_absolute_probability_difference": 1.1920928955078125e-07
    },
    {
      "path": "runs/wine/split_17/generation_101/students/ddpm_unconditional/synthetic_only/logistic/test",
      "exact": false,
      "maximum_absolute_probability_difference": 1.1102230246251565e-16
    },
    {
      "path": "runs/wine/split_17/generation_101/students/ddpm_unconditional/augment/7/test",
      "exact": false,
      "maximum_absolute_probability_difference": 5.960464477539063e-08
    },
    {
      "path": "runs/wine/split_17/generation_101/students/ddpm_unconditional/augment/11/test",
      "exact": false,
      "maximum_absolute_probability_difference": 1.1920928955078125e-07
    },
    {
      "path": "runs/wine/split_17/generation_101/students/ddpm_unconditional/augment/logistic/test",
      "exact": false,
      "maximum_absolute_probability_difference": 2.7755575615628914e-17
    },
    {
      "path": "runs/wine/split_17/generation_101/students/ddpm_standardized/synthetic_only/7/test",
      "exact": false,
      "maximum_absolute_probability_difference": 5.960464477539063e-08
    },
    {
      "path": "runs/wine/split_17/generation_101/students/ddpm_standardized/synthetic_only/11/test",
      "exact": false,
      "maximum_absolute_probability_difference": 1.4901161193847656e-07
    },
    {
      "path": "runs/wine/split_17/generation_101/students/ddpm_standardized/synthetic_only/logistic/test",
      "exact": false,
      "maximum_absolute_probability_difference": 6.938893903907228e-18
    },
    {
      "path": "runs/wine/split_17/generation_101/students/ddpm_standardized/augment/7/test",
      "exact": false,
      "maximum_absolute_probability_difference": 2.9802322387695312e-08
    },
    {
      "path": "runs/wine/split_17/generation_101/students/ddpm_standardized/augment/11/test",
      "exact": false,
      "maximum_absolute_probability_difference": 1.1920928955078125e-07
    },
    {
      "path": "runs/wine/split_17/generation_101/students/ddpm_standardized/augment/logistic/test",
      "exact": false,
      "maximum_absolute_probability_difference": 3.469446951953614e-18
    },
    {
      "path": "runs/wine/split_17/generation_101/students/mixture_uniform/synthetic_only/7/test",
      "exact": false,
      "maximum_absolute_probability_difference": 1.1920928955078125e-07
    },
    {
      "path": "runs/wine/split_17/generation_101/students/mixture_uniform/synthetic_only/11/test",
      "exact": false,
      "maximum_absolute_probability_difference": 8.940696716308594e-08
    },
    {
      "path": "runs/wine/split_17/generation_101/students/mixture_uniform/synthetic_only/logistic/test",
      "exact": false,
      "maximum_absolute_probability_difference": 1.3877787807814457e-17
    },
    {
      "path": "runs/wine/split_17/generation_101/students/mixture_uniform/augment/7/test",
      "exact": false,
      "maximum_absolute_probability_difference": 1.1920928955078125e-07
    },
    {
      "path": "runs/wine/split_17/generation_101/students/mixture_uniform/augment/11/test",
      "exact": false,
      "maximum_absolute_probability_difference": 1.1920928955078125e-07
    },
    {
      "path": "runs/wine/split_17/generation_101/students/mixture_uniform/augment/logistic/test",
      "exact": false,
      "maximum_absolute_probability_difference": 6.938893903907228e-18
    },
    {
      "path": "runs/wine/split_17/generation_101/students/mixture_utility/synthetic_only/7/test",
      "exact": false,
      "maximum_absolute_probability_difference": 1.4901161193847656e-08
    },
    {
      "path": "runs/wine/split_17/generation_101/students/mixture_utility/synthetic_only/11/test",
      "exact": false,
      "maximum_absolute_probability_difference": 1.1920928955078125e-07
    },
    {
      "path": "runs/wine/split_17/generation_101/students/mixture_utility/synthetic_only/logistic/test",
      "exact": false,
      "maximum_absolute_probability_difference": 3.469446951953614e-18
    },
    {
      "path": "runs/wine/split_17/generation_101/students/mixture_utility/augment/7/test",
      "exact": false,
      "maximum_absolute_probability_difference": 1.1920928955078125e-07
    },
    {
      "path": "runs/wine/split_17/generation_101/students/mixture_utility/augment/11/test",
      "exact": false,
      "maximum_absolute_probability_difference": 2.384185791015625e-07
    },
    {
      "path": "runs/wine/split_17/generation_101/students/mixture_utility/augment/logistic/test",
      "exact": false,
      "maximum_absolute_probability_difference": 6.938893903907228e-18
    },
    {
      "path": "runs/wine/split_17/generation_101/students/mixture_support/synthetic_only/7/test",
      "exact": false,
      "maximum_absolute_probability_difference": 1.1920928955078125e-07
    },
    {
      "path": "runs/wine/split_17/generation_101/students/mixture_support/synthetic_only/11/test",
      "exact": false,
      "maximum_absolute_probability_difference": 1.1920928955078125e-07
    },
    {
      "path": "runs/wine/split_17/generation_101/students/mixture_support/synthetic_only/logistic/test",
      "exact": false,
      "maximum_absolute_probability_difference": 2.7755575615628914e-17
    },
    {
      "path": "runs/wine/split_17/generation_101/students/mixture_support/augment/7/test",
      "exact": false,
      "maximum_absolute_probability_difference": 1.1920928955078125e-07
    },
    {
      "path": "runs/wine/split_17/generation_101/students/mixture_support/augment/11/test",
      "exact": false,
      "maximum_absolute_probability_difference": 1.1920928955078125e-07
    },
    {
      "path": "runs/wine/split_17/generation_101/students/mixture_support/augment/logistic/test",
      "exact": false,
      "maximum_absolute_probability_difference": 6.938893903907228e-18
    },
    {
      "path": "runs/wine/split_17/generation_101/students/mixture_utility_support/synthetic_only/7/test",
      "exact": false,
      "maximum_absolute_probability_difference": 5.960464477539063e-08
    },
    {
      "path": "runs/wine/split_17/generation_101/students/mixture_utility_support/synthetic_only/11/test",
      "exact": false,
      "maximum_absolute_probability_difference": 1.1920928955078125e-07
    },
    {
      "path": "runs/wine/split_17/generation_101/students/mixture_utility_support/synthetic_only/logistic/test",
      "exact": false,
      "maximum_absolute_probability_difference": 5.551115123125783e-17
    },
    {
      "path": "runs/wine/split_17/generation_101/students/mixture_utility_support/augment/7/test",
      "exact": false,
      "maximum_absolute_probability_difference": 8.940696716308594e-08
    },
    {
      "path": "runs/wine/split_17/generation_101/students/mixture_utility_support/augment/11/test",
      "exact": false,
      "maximum_absolute_probability_difference": 1.7881393432617188e-07
    },
    {
      "path": "runs/wine/split_17/generation_101/students/mixture_utility_support/augment/logistic/test",
      "exact": false,
      "maximum_absolute_probability_difference": 2.168404344971009e-19
    },
    {
      "path": "runs/wine/split_17/generation_202/students/real_only/real_only/7/test",
      "exact": false,
      "maximum_absolute_probability_difference": 1.1920928955078125e-07
    },
    {
      "path": "runs/wine/split_17/generation_202/students/real_only/real_only/11/test",
      "exact": false,
      "maximum_absolute_probability_difference": 1.4901161193847656e-08
    },
    {
      "path": "runs/wine/split_17/generation_202/students/real_only/real_only/logistic/test",
      "exact": false,
      "maximum_absolute_probability_difference": 4.336808689942018e-19
    },
    {
      "path": "runs/wine/split_17/generation_202/students/bootstrap/synthetic_only/7/test",
      "exact": false,
      "maximum_absolute_probability_difference": 5.587935447692871e-09
    },
    {
      "path": "runs/wine/split_17/generation_202/students/bootstrap/synthetic_only/11/test",
      "exact": false,
      "maximum_absolute_probability_difference": 4.470348358154297e-08
    },
    {
      "path": "runs/wine/split_17/generation_202/students/bootstrap/synthetic_only/logistic/test",
      "exact": false,
      "maximum_absolute_probability_difference": 1.3877787807814457e-17
    },
    {
      "path": "runs/wine/split_17/generation_202/students/bootstrap/augment/7/test",
      "exact": false,
      "maximum_absolute_probability_difference": 1.1920928955078125e-07
    },
    {
      "path": "runs/wine/split_17/generation_202/students/bootstrap/augment/11/test",
      "exact": false,
      "maximum_absolute_probability_difference": 1.1920928955078125e-07
    },
    {
      "path": "runs/wine/split_17/generation_202/students/bootstrap/augment/logistic/test",
      "exact": false,
      "maximum_absolute_probability_difference": 4.336808689942018e-19
    },
    {
      "path": "runs/wine/split_17/generation_202/students/smote/synthetic_only/7/test",
      "exact": false,
      "maximum_absolute_probability_difference": 1.1920928955078125e-07
    },
    {
      "path": "runs/wine/split_17/generation_202/students/smote/synthetic_only/11/test",
      "exact": false,
      "maximum_absolute_probability_difference": 2.2351741790771484e-08
    },
    {
      "path": "runs/wine/split_17/generation_202/students/smote/synthetic_only/logistic/test",
      "exact": false,
      "maximum_absolute_probability_difference": 1.1102230246251565e-16
    },
    {
      "path": "runs/wine/split_17/generation_202/students/smote/augment/7/test",
      "exact": false,
      "maximum_absolute_probability_difference": 5.587935447692871e-09
    },
    {
      "path": "runs/wine/split_17/generation_202/students/smote/augment/11/test",
      "exact": false,
      "maximum_absolute_probability_difference": 1.1920928955078125e-07
    },
    {
      "path": "runs/wine/split_17/generation_202/students/smote/augment/logistic/test",
      "exact": false,
      "maximum_absolute_probability_difference": 1.0842021724855044e-19
    },
    {
      "path": "runs/wine/split_17/generation_202/students/copula/synthetic_only/7/test",
      "exact": false,
      "maximum_absolute_probability_difference": 1.862645149230957e-09
    },
    {
      "path": "runs/wine/split_17/generation_202/students/copula/synthetic_only/11/test",
      "exact": false,
      "maximum_absolute_probability_difference": 5.960464477539063e-08
    },
    {
      "path": "runs/wine/split_17/generation_202/students/copula/synthetic_only/logistic/test",
      "exact": false,
      "maximum_absolute_probability_difference": 5.551115123125783e-17
    },
    {
      "path": "runs/wine/split_17/generation_202/students/copula/augment/7/test",
      "exact": false,
      "maximum_absolute_probability_difference": 1.1920928955078125e-07
    },
    {
      "path": "runs/wine/split_17/generation_202/students/copula/augment/11/test",
      "exact": false,
      "maximum_absolute_probability_difference": 5.960464477539063e-08
    },
    {
      "path": "runs/wine/split_17/generation_202/students/copula/augment/logistic/test",
      "exact": false,
      "maximum_absolute_probability_difference": 3.469446951953614e-18
    },
    {
      "path": "runs/wine/split_17/generation_202/students/ctgan/synthetic_only/7/test",
      "exact": false,
      "maximum_absolute_probability_difference": 2.086162567138672e-07
    },
    {
      "path": "runs/wine/split_17/generation_202/students/ctgan/synthetic_only/11/test",
      "exact": false,
      "maximum_absolute_probability_difference": 1.1920928955078125e-07
    },
    {
      "path": "runs/wine/split_17/generation_202/students/ctgan/synthetic_only/logistic/test",
      "exact": false,
      "maximum_absolute_probability_difference": 5.551115123125783e-17
    },
    {
      "path": "runs/wine/split_17/generation_202/students/ctgan/augment/7/test",
      "exact": false,
      "maximum_absolute_probability_difference": 1.1920928955078125e-07
    },
    {
      "path": "runs/wine/split_17/generation_202/students/ctgan/augment/11/test",
      "exact": false,
      "maximum_absolute_probability_difference": 1.1920928955078125e-07
    },
    {
      "path": "runs/wine/split_17/generation_202/students/ctgan/augment/logistic/test",
      "exact": false,
      "maximum_absolute_probability_difference": 1.3877787807814457e-17
    },
    {
      "path": "runs/wine/split_17/generation_202/students/tvae/synthetic_only/7/test",
      "exact": false,
      "maximum_absolute_probability_difference": 1.7881393432617188e-07
    },
    {
      "path": "runs/wine/split_17/generation_202/students/tvae/synthetic_only/11/test",
      "exact": false,
      "maximum_absolute_probability_difference": 1.1920928955078125e-07
    },
    {
      "path": "runs/wine/split_17/generation_202/students/tvae/synthetic_only/logistic/test",
      "exact": false,
      "maximum_absolute_probability_difference": 3.469446951953614e-18
    },
    {
      "path": "runs/wine/split_17/generation_202/students/tvae/augment/7/test",
      "exact": false,
      "maximum_absolute_probability_difference": 5.960464477539063e-08
    },
    {
      "path": "runs/wine/split_17/generation_202/students/tvae/augment/11/test",
      "exact": false,
      "maximum_absolute_probability_difference": 2.9802322387695312e-08
    },
    {
      "path": "runs/wine/split_17/generation_202/students/tvae/augment/logistic/test",
      "exact": false,
      "maximum_absolute_probability_difference": 1.734723475976807e-18
    },
    {
      "path": "runs/wine/split_17/generation_202/students/ddpm/synthetic_only/7/test",
      "exact": false,
      "maximum_absolute_probability_difference": 5.960464477539063e-08
    },
    {
      "path": "runs/wine/split_17/generation_202/students/ddpm/synthetic_only/11/test",
      "exact": false,
      "maximum_absolute_probability_difference": 1.7881393432617188e-07
    },
    {
      "path": "runs/wine/split_17/generation_202/students/ddpm/synthetic_only/logistic/test",
      "exact": false,
      "maximum_absolute_probability_difference": 3.469446951953614e-18
    },
    {
      "path": "runs/wine/split_17/generation_202/students/ddpm/augment/7/test",
      "exact": false,
      "maximum_absolute_probability_difference": 5.960464477539063e-08
    },
    {
      "path": "runs/wine/split_17/generation_202/students/ddpm/augment/11/test",
      "exact": false,
      "maximum_absolute_probability_difference": 1.1920928955078125e-07
    },
    {
      "path": "runs/wine/split_17/generation_202/students/ddpm/augment/logistic/test",
      "exact": false,
      "maximum_absolute_probability_difference": 6.938893903907228e-18
    },
    {
      "path": "runs/wine/split_17/generation_202/students/ctgan_unpacked/synthetic_only/7/test",
      "exact": false,
      "maximum_absolute_probability_difference": 1.1920928955078125e-07
    },
    {
      "path": "runs/wine/split_17/generation_202/students/ctgan_unpacked/synthetic_only/11/test",
      "exact": false,
      "maximum_absolute_probability_difference": 1.1920928955078125e-07
    },
    {
      "path": "runs/wine/split_17/generation_202/students/ctgan_unpacked/synthetic_only/logistic/test",
      "exact": false,
      "maximum_absolute_probability_difference": 8.673617379884035e-19
    },
    {
      "path": "runs/wine/split_17/generation_202/students/ctgan_unpacked/augment/7/test",
      "exact": false,
      "maximum_absolute_probability_difference": 1.1920928955078125e-07
    },
    {
      "path": "runs/wine/split_17/generation_202/students/ctgan_unpacked/augment/11/test",
      "exact": false,
      "maximum_absolute_probability_difference": 1.1920928955078125e-07
    },
    {
      "path": "runs/wine/split_17/generation_202/students/ctgan_unpacked/augment/logistic/test",
      "exact": false,
      "maximum_absolute_probability_difference": 8.673617379884035e-19
    },
    {
      "path": "runs/wine/split_17/generation_202/students/ctgan_one_mode/synthetic_only/7/test",
      "exact": false,
      "maximum_absolute_probability_difference": 1.1920928955078125e-07
    },
    {
      "path": "runs/wine/split_17/generation_202/students/ctgan_one_mode/synthetic_only/11/test",
      "exact": false,
      "maximum_absolute_probability_difference": 5.960464477539063e-08
    },
    {
      "path": "runs/wine/split_17/generation_202/students/ctgan_one_mode/synthetic_only/logistic/test",
      "exact": false,
      "maximum_absolute_probability_difference": 2.7755575615628914e-17
    },
    {
      "path": "runs/wine/split_17/generation_202/students/ctgan_one_mode/augment/7/test",
      "exact": false,
      "maximum_absolute_probability_difference": 1.1920928955078125e-07
    },
    {
      "path": "runs/wine/split_17/generation_202/students/ctgan_one_mode/augment/11/test",
      "exact": false,
      "maximum_absolute_probability_difference": 5.960464477539063e-08
    },
    {
      "path": "runs/wine/split_17/generation_202/students/ctgan_one_mode/augment/logistic/test",
      "exact": false,
      "maximum_absolute_probability_difference": 2.7755575615628914e-17
    },
    {
      "path": "runs/wine/split_17/generation_202/students/ddpm_unconditional/synthetic_only/7/test",
      "exact": false,
      "maximum_absolute_probability_difference": 1.1920928955078125e-07
    },
    {
      "path": "runs/wine/split_17/generation_202/students/ddpm_unconditional/synthetic_only/11/test",
      "exact": false,
      "maximum_absolute_probability_difference": 1.1920928955078125e-07
    },
    {
      "path": "runs/wine/split_17/generation_202/students/ddpm_unconditional/synthetic_only/logistic/test",
      "exact": false,
      "maximum_absolute_probability_difference": 5.551115123125783e-17
    },
    {
      "path": "runs/wine/split_17/generation_202/students/ddpm_unconditional/augment/7/test",
      "exact": false,
      "maximum_absolute_probability_difference": 1.1920928955078125e-07
    },
    {
      "path": "runs/wine/split_17/generation_202/students/ddpm_unconditional/augment/11/test",
      "exact": false,
      "maximum_absolute_probability_difference": 1.1920928955078125e-07
    },
    {
      "path": "runs/wine/split_17/generation_202/students/ddpm_unconditional/augment/logistic/test",
      "exact": false,
      "maximum_absolute_probability_difference": 2.7755575615628914e-17
    },
    {
      "path": "runs/wine/split_17/generation_202/students/ddpm_standardized/synthetic_only/7/test",
      "exact": false,
      "maximum_absolute_probability_difference": 5.960464477539063e-08
    },
    {
      "path": "runs/wine/split_17/generation_202/students/ddpm_standardized/synthetic_only/11/test",
      "exact": false,
      "maximum_absolute_probability_difference": 1.1920928955078125e-07
    },
    {
      "path": "runs/wine/split_17/generation_202/students/ddpm_standardized/synthetic_only/logistic/test",
      "exact": false,
      "maximum_absolute_probability_difference": 2.7755575615628914e-17
    },
    {
      "path": "runs/wine/split_17/generation_202/students/ddpm_standardized/augment/7/test",
      "exact": false,
      "maximum_absolute_probability_difference": 5.960464477539063e-08
    },
    {
      "path": "runs/wine/split_17/generation_202/students/ddpm_standardized/augment/11/test",
      "exact": false,
      "maximum_absolute_probability_difference": 5.960464477539063e-08
    },
    {
      "path": "runs/wine/split_17/generation_202/students/ddpm_standardized/augment/logistic/test",
      "exact": false,
      "maximum_absolute_probability_difference": 1.734723475976807e-18
    },
    {
      "path": "runs/wine/split_17/generation_202/students/mixture_uniform/synthetic_only/7/test",
      "exact": false,
      "maximum_absolute_probability_difference": 5.960464477539063e-08
    },
    {
      "path": "runs/wine/split_17/generation_202/students/mixture_uniform/synthetic_only/11/test",
      "exact": false,
      "maximum_absolute_probability_difference": 1.1920928955078125e-07
    },
    {
      "path": "runs/wine/split_17/generation_202/students/mixture_uniform/synthetic_only/logistic/test",
      "exact": false,
      "maximum_absolute_probability_difference": 3.469446951953614e-18
    },
    {
      "path": "runs/wine/split_17/generation_202/students/mixture_uniform/augment/7/test",
      "exact": false,
      "maximum_absolute_probability_difference": 1.1920928955078125e-07
    },
    {
      "path": "runs/wine/split_17/generation_202/students/mixture_uniform/augment/11/test",
      "exact": false,
      "maximum_absolute_probability_difference": 2.2351741790771484e-08
    },
    {
      "path": "runs/wine/split_17/generation_202/students/mixture_uniform/augment/logistic/test",
      "exact": false,
      "maximum_absolute_probability_difference": 3.469446951953614e-18
    },
    {
      "path": "runs/wine/split_17/generation_202/students/mixture_utility/synthetic_only/7/test",
      "exact": false,
      "maximum_absolute_probability_difference": 1.7881393432617188e-07
    },
    {
      "path": "runs/wine/split_17/generation_202/students/mixture_utility/synthetic_only/11/test",
      "exact": false,
      "maximum_absolute_probability_difference": 1.1920928955078125e-07
    },
    {
      "path": "runs/wine/split_17/generation_202/students/mixture_utility/synthetic_only/logistic/test",
      "exact": false,
      "maximum_absolute_probability_difference": 6.938893903907228e-18
    },
    {
      "path": "runs/wine/split_17/generation_202/students/mixture_utility/augment/7/test",
      "exact": false,
      "maximum_absolute_probability_difference": 1.1920928955078125e-07
    },
    {
      "path": "runs/wine/split_17/generation_202/students/mixture_utility/augment/11/test",
      "exact": false,
      "maximum_absolute_probability_difference": 5.960464477539063e-08
    },
    {
      "path": "runs/wine/split_17/generation_202/students/mixture_utility/augment/logistic/test",
      "exact": false,
      "maximum_absolute_probability_difference": 2.220446049250313e-16
    },
    {
      "path": "runs/wine/split_17/generation_202/students/mixture_support/synthetic_only/7/test",
      "exact": false,
      "maximum_absolute_probability_difference": 1.1920928955078125e-07
    },
    {
      "path": "runs/wine/split_17/generation_202/students/mixture_support/synthetic_only/11/test",
      "exact": false,
      "maximum_absolute_probability_difference": 1.1920928955078125e-07
    },
    {
      "path": "runs/wine/split_17/generation_202/students/mixture_support/synthetic_only/logistic/test",
      "exact": false,
      "maximum_absolute_probability_difference": 1.3877787807814457e-17
    },
    {
      "path": "runs/wine/split_17/generation_202/students/mixture_support/augment/7/test",
      "exact": false,
      "maximum_absolute_probability_difference": 4.470348358154297e-08
    },
    {
      "path": "runs/wine/split_17/generation_202/students/mixture_support/augment/11/test",
      "exact": false,
      "maximum_absolute_probability_difference": 2.9802322387695312e-08
    },
    {
      "path": "runs/wine/split_17/generation_202/students/mixture_support/augment/logistic/test",
      "exact": false,
      "maximum_absolute_probability_difference": 2.7755575615628914e-17
    },
    {
      "path": "runs/wine/split_17/generation_202/students/mixture_utility_support/synthetic_only/7/test",
      "exact": false,
      "maximum_absolute_probability_difference": 1.4901161193847656e-07
    },
    {
      "path": "runs/wine/split_17/generation_202/students/mixture_utility_support/synthetic_only/11/test",
      "exact": false,
      "maximum_absolute_probability_difference": 5.960464477539063e-08
    },
    {
      "path": "runs/wine/split_17/generation_202/students/mixture_utility_support/synthetic_only/logistic/test",
      "exact": false,
      "maximum_absolute_probability_difference": 3.469446951953614e-18
    },
    {
      "path": "runs/wine/split_17/generation_202/students/mixture_utility_support/augment/7/test",
      "exact": false,
      "maximum_absolute_probability_difference": 1.1920928955078125e-07
    },
    {
      "path": "runs/wine/split_17/generation_202/students/mixture_utility_support/augment/11/test",
      "exact": false,
      "maximum_absolute_probability_difference": 4.470348358154297e-08
    },
    {
      "path": "runs/wine/split_17/generation_202/students/mixture_utility_support/augment/logistic/test",
      "exact": false,
      "maximum_absolute_probability_difference": 2.168404344971009e-19
    },
    {
      "path": "runs/wine/split_29/generation_101/students/real_only/real_only/7/test",
      "exact": false,
      "maximum_absolute_probability_difference": 1.1920928955078125e-07
    },
    {
      "path": "runs/wine/split_29/generation_101/students/real_only/real_only/11/test",
      "exact": false,
      "maximum_absolute_probability_difference": 1.1920928955078125e-07
    },
    {
      "path": "runs/wine/split_29/generation_101/students/real_only/real_only/logistic/test",
      "exact": false,
      "maximum_absolute_probability_difference": 8.673617379884035e-19
    },
    {
      "path": "runs/wine/split_29/generation_101/students/bootstrap/synthetic_only/7/test",
      "exact": false,
      "maximum_absolute_probability_difference": 5.960464477539063e-08
    },
    {
      "path": "runs/wine/split_29/generation_101/students/bootstrap/synthetic_only/11/test",
      "exact": false,
      "maximum_absolute_probability_difference": 5.960464477539063e-08
    },
    {
      "path": "runs/wine/split_29/generation_101/students/bootstrap/synthetic_only/logistic/test",
      "exact": false,
      "maximum_absolute_probability_difference": 3.469446951953614e-18
    },
    {
      "path": "runs/wine/split_29/generation_101/students/bootstrap/augment/7/test",
      "exact": false,
      "maximum_absolute_probability_difference": 1.4901161193847656e-07
    },
    {
      "path": "runs/wine/split_29/generation_101/students/bootstrap/augment/11/test",
      "exact": false,
      "maximum_absolute_probability_difference": 1.1920928955078125e-07
    },
    {
      "path": "runs/wine/split_29/generation_101/students/bootstrap/augment/logistic/test",
      "exact": false,
      "maximum_absolute_probability_difference": 4.336808689942018e-19
    },
    {
      "path": "runs/wine/split_29/generation_101/students/smote/synthetic_only/7/test",
      "exact": false,
      "maximum_absolute_probability_difference": 2.384185791015625e-07
    },
    {
      "path": "runs/wine/split_29/generation_101/students/smote/synthetic_only/11/test",
      "exact": false,
      "maximum_absolute_probability_difference": 1.1920928955078125e-07
    },
    {
      "path": "runs/wine/split_29/generation_101/students/smote/synthetic_only/logistic/test",
      "exact": false,
      "maximum_absolute_probability_difference": 5.551115123125783e-17
    },
    {
      "path": "runs/wine/split_29/generation_101/students/smote/augment/7/test",
      "exact": false,
      "maximum_absolute_probability_difference": 1.7881393432617188e-07
    },
    {
      "path": "runs/wine/split_29/generation_101/students/smote/augment/11/test",
      "exact": false,
      "maximum_absolute_probability_difference": 3.725290298461914e-08
    },
    {
      "path": "runs/wine/split_29/generation_101/students/smote/augment/logistic/test",
      "exact": false,
      "maximum_absolute_probability_difference": 1.1102230246251565e-16
    },
    {
      "path": "runs/wine/split_29/generation_101/students/copula/synthetic_only/7/test",
      "exact": false,
      "maximum_absolute_probability_difference": 5.21540641784668e-08
    },
    {
      "path": "runs/wine/split_29/generation_101/students/copula/synthetic_only/11/test",
      "exact": false,
      "maximum_absolute_probability_difference": 9.313225746154785e-09
    },
    {
      "path": "runs/wine/split_29/generation_101/students/copula/synthetic_only/logistic/test",
      "exact": false,
      "maximum_absolute_probability_difference": 2.7755575615628914e-17
    },
    {
      "path": "runs/wine/split_29/generation_101/students/copula/augment/7/test",
      "exact": false,
      "maximum_absolute_probability_difference": 1.1175870895385742e-08
    },
    {
      "path": "runs/wine/split_29/generation_101/students/copula/augment/11/test",
      "exact": false,
      "maximum_absolute_probability_difference": 2.9802322387695312e-08
    },
    {
      "path": "runs/wine/split_29/generation_101/students/copula/augment/logistic/test",
      "exact": false,
      "maximum_absolute_probability_difference": 8.673617379884035e-19
    },
    {
      "path": "runs/wine/split_29/generation_101/students/ctgan/synthetic_only/7/test",
      "exact": false,
      "maximum_absolute_probability_difference": 1.7881393432617188e-07
    },
    {
      "path": "runs/wine/split_29/generation_101/students/ctgan/synthetic_only/11/test",
      "exact": false,
      "maximum_absolute_probability_difference": 1.1920928955078125e-07
    },
    {
      "path": "runs/wine/split_29/generation_101/students/ctgan/synthetic_only/logistic/test",
      "exact": false,
      "maximum_absolute_probability_difference": 1.3877787807814457e-17
    },
    {
      "path": "runs/wine/split_29/generation_101/students/ctgan/augment/7/test",
      "exact": false,
      "maximum_absolute_probability_difference": 1.1920928955078125e-07
    },
    {
      "path": "runs/wine/split_29/generation_101/students/ctgan/augment/11/test",
      "exact": false,
      "maximum_absolute_probability_difference": 1.1920928955078125e-07
    },
    {
      "path": "runs/wine/split_29/generation_101/students/ctgan/augment/logistic/test",
      "exact": false,
      "maximum_absolute_probability_difference": 1.3877787807814457e-17
    },
    {
      "path": "runs/wine/split_29/generation_101/students/tvae/synthetic_only/7/test",
      "exact": false,
      "maximum_absolute_probability_difference": 1.7881393432617188e-07
    },
    {
      "path": "runs/wine/split_29/generation_101/students/tvae/synthetic_only/11/test",
      "exact": false,
      "maximum_absolute_probability_difference": 1.1920928955078125e-07
    },
    {
      "path": "runs/wine/split_29/generation_101/students/tvae/synthetic_only/logistic/test",
      "exact": false,
      "maximum_absolute_probability_difference": 1.3877787807814457e-17
    },
    {
      "path": "runs/wine/split_29/generation_101/students/tvae/augment/7/test",
      "exact": false,
      "maximum_absolute_probability_difference": 1.1920928955078125e-07
    },
    {
      "path": "runs/wine/split_29/generation_101/students/tvae/augment/11/test",
      "exact": false,
      "maximum_absolute_probability_difference": 5.960464477539063e-08
    },
    {
      "path": "runs/wine/split_29/generation_101/students/tvae/augment/logistic/test",
      "exact": false,
      "maximum_absolute_probability_difference": 2.7755575615628914e-17
    },
    {
      "path": "runs/wine/split_29/generation_101/students/ddpm/synthetic_only/7/test",
      "exact": false,
      "maximum_absolute_probability_difference": 1.1920928955078125e-07
    },
    {
      "path": "runs/wine/split_29/generation_101/students/ddpm/synthetic_only/11/test",
      "exact": false,
      "maximum_absolute_probability_difference": 1.1920928955078125e-07
    },
    {
      "path": "runs/wine/split_29/generation_101/students/ddpm/synthetic_only/logistic/test",
      "exact": false,
      "maximum_absolute_probability_difference": 8.673617379884035e-19
    },
    {
      "path": "runs/wine/split_29/generation_101/students/ddpm/augment/7/test",
      "exact": false,
      "maximum_absolute_probability_difference": 1.1920928955078125e-07
    },
    {
      "path": "runs/wine/split_29/generation_101/students/ddpm/augment/11/test",
      "exact": false,
      "maximum_absolute_probability_difference": 1.1920928955078125e-07
    },
    {
      "path": "runs/wine/split_29/generation_101/students/ddpm/augment/logistic/test",
      "exact": false,
      "maximum_absolute_probability_difference": 8.673617379884035e-19
    },
    {
      "path": "runs/wine/split_29/generation_101/students/ctgan_unpacked/synthetic_only/7/test",
      "exact": false,
      "maximum_absolute_probability_difference": 1.1920928955078125e-07
    },
    {
      "path": "runs/wine/split_29/generation_101/students/ctgan_unpacked/synthetic_only/11/test",
      "exact": false,
      "maximum_absolute_probability_difference": 1.4901161193847656e-08
    },
    {
      "path": "runs/wine/split_29/generation_101/students/ctgan_unpacked/synthetic_only/logistic/test",
      "exact": false,
      "maximum_absolute_probability_difference": 3.469446951953614e-18
    },
    {
      "path": "runs/wine/split_29/generation_101/students/ctgan_unpacked/augment/7/test",
      "exact": false,
      "maximum_absolute_probability_difference": 2.2351741790771484e-08
    },
    {
      "path": "runs/wine/split_29/generation_101/students/ctgan_unpacked/augment/11/test",
      "exact": false,
      "maximum_absolute_probability_difference": 5.960464477539063e-08
    },
    {
      "path": "runs/wine/split_29/generation_101/students/ctgan_unpacked/augment/logistic/test",
      "exact": false,
      "maximum_absolute_probability_difference": 1.0842021724855044e-19
    },
    {
      "path": "runs/wine/split_29/generation_101/students/ctgan_one_mode/synthetic_only/7/test",
      "exact": false,
      "maximum_absolute_probability_difference": 1.1920928955078125e-07
    },
    {
      "path": "runs/wine/split_29/generation_101/students/ctgan_one_mode/synthetic_only/11/test",
      "exact": false,
      "maximum_absolute_probability_difference": 1.1920928955078125e-07
    },
    {
      "path": "runs/wine/split_29/generation_101/students/ctgan_one_mode/synthetic_only/logistic/test",
      "exact": false,
      "maximum_absolute_probability_difference": 3.469446951953614e-18
    },
    {
      "path": "runs/wine/split_29/generation_101/students/ctgan_one_mode/augment/7/test",
      "exact": false,
      "maximum_absolute_probability_difference": 5.960464477539063e-08
    },
    {
      "path": "runs/wine/split_29/generation_101/students/ctgan_one_mode/augment/11/test",
      "exact": false,
      "maximum_absolute_probability_difference": 1.1920928955078125e-07
    },
    {
      "path": "runs/wine/split_29/generation_101/students/ctgan_one_mode/augment/logistic/test",
      "exact": false,
      "maximum_absolute_probability_difference": 1.734723475976807e-18
    },
    {
      "path": "runs/wine/split_29/generation_101/students/ddpm_unconditional/synthetic_only/7/test",
      "exact": false,
      "maximum_absolute_probability_difference": 1.1920928955078125e-07
    },
    {
      "path": "runs/wine/split_29/generation_101/students/ddpm_unconditional/synthetic_only/11/test",
      "exact": false,
      "maximum_absolute_probability_difference": 1.1920928955078125e-07
    },
    {
      "path": "runs/wine/split_29/generation_101/students/ddpm_unconditional/synthetic_only/logistic/test",
      "exact": false,
      "maximum_absolute_probability_difference": 5.551115123125783e-17
    },
    {
      "path": "runs/wine/split_29/generation_101/students/ddpm_unconditional/augment/7/test",
      "exact": false,
      "maximum_absolute_probability_difference": 1.1920928955078125e-07
    },
    {
      "path": "runs/wine/split_29/generation_101/students/ddpm_unconditional/augment/11/test",
      "exact": false,
      "maximum_absolute_probability_difference": 1.1920928955078125e-07
    },
    {
      "path": "runs/wine/split_29/generation_101/students/ddpm_unconditional/augment/logistic/test",
      "exact": false,
      "maximum_absolute_probability_difference": 1.1102230246251565e-16
    },
    {
      "path": "runs/wine/split_29/generation_101/students/ddpm_standardized/synthetic_only/7/test",
      "exact": false,
      "maximum_absolute_probability_difference": 1.1920928955078125e-07
    },
    {
      "path": "runs/wine/split_29/generation_101/students/ddpm_standardized/synthetic_only/11/test",
      "exact": false,
      "maximum_absolute_probability_difference": 5.960464477539063e-08
    },
    {
      "path": "runs/wine/split_29/generation_101/students/ddpm_standardized/synthetic_only/logistic/test",
      "exact": false,
      "maximum_absolute_probability_difference": 1.3877787807814457e-17
    },
    {
      "path": "runs/wine/split_29/generation_101/students/ddpm_standardized/augment/7/test",
      "exact": false,
      "maximum_absolute_probability_difference": 5.960464477539063e-08
    },
    {
      "path": "runs/wine/split_29/generation_101/students/ddpm_standardized/augment/11/test",
      "exact": false,
      "maximum_absolute_probability_difference": 1.4901161193847656e-08
    },
    {
      "path": "runs/wine/split_29/generation_101/students/ddpm_standardized/augment/logistic/test",
      "exact": false,
      "maximum_absolute_probability_difference": 2.7755575615628914e-17
    },
    {
      "path": "runs/wine/split_29/generation_101/students/mixture_uniform/synthetic_only/7/test",
      "exact": false,
      "maximum_absolute_probability_difference": 5.960464477539063e-08
    },
    {
      "path": "runs/wine/split_29/generation_101/students/mixture_uniform/synthetic_only/11/test",
      "exact": false,
      "maximum_absolute_probability_difference": 8.940696716308594e-08
    },
    {
      "path": "runs/wine/split_29/generation_101/students/mixture_uniform/synthetic_only/logistic/test",
      "exact": false,
      "maximum_absolute_probability_difference": 6.938893903907228e-18
    },
    {
      "path": "runs/wine/split_29/generation_101/students/mixture_uniform/augment/7/test",
      "exact": false,
      "maximum_absolute_probability_difference": 5.960464477539063e-08
    },
    {
      "path": "runs/wine/split_29/generation_101/students/mixture_uniform/augment/11/test",
      "exact": false,
      "maximum_absolute_probability_difference": 5.960464477539063e-08
    },
    {
      "path": "runs/wine/split_29/generation_101/students/mixture_uniform/augment/logistic/test",
      "exact": false,
      "maximum_absolute_probability_difference": 1.3877787807814457e-17
    },
    {
      "path": "runs/wine/split_29/generation_101/students/mixture_utility/synthetic_only/7/test",
      "exact": false,
      "maximum_absolute_probability_difference": 7.450580596923828e-08
    },
    {
      "path": "runs/wine/split_29/generation_101/students/mixture_utility/synthetic_only/11/test",
      "exact": false,
      "maximum_absolute_probability_difference": 1.1920928955078125e-07
    },
    {
      "path": "runs/wine/split_29/generation_101/students/mixture_utility/augment/7/test",
      "exact": false,
      "maximum_absolute_probability_difference": 6.705522537231445e-08
    },
    {
      "path": "runs/wine/split_29/generation_101/students/mixture_utility/augment/11/test",
      "exact": false,
      "maximum_absolute_probability_difference": 1.1920928955078125e-07
    },
    {
      "path": "runs/wine/split_29/generation_101/students/mixture_utility/augment/logistic/test",
      "exact": false,
      "maximum_absolute_probability_difference": 2.7755575615628914e-17
    },
    {
      "path": "runs/wine/split_29/generation_101/students/mixture_support/synthetic_only/7/test",
      "exact": false,
      "maximum_absolute_probability_difference": 1.1920928955078125e-07
    },
    {
      "path": "runs/wine/split_29/generation_101/students/mixture_support/synthetic_only/11/test",
      "exact": false,
      "maximum_absolute_probability_difference": 1.1920928955078125e-07
    },
    {
      "path": "runs/wine/split_29/generation_101/students/mixture_support/synthetic_only/logistic/test",
      "exact": false,
      "maximum_absolute_probability_difference": 2.220446049250313e-16
    },
    {
      "path": "runs/wine/split_29/generation_101/students/mixture_support/augment/7/test",
      "exact": false,
      "maximum_absolute_probability_difference": 8.940696716308594e-08
    },
    {
      "path": "runs/wine/split_29/generation_101/students/mixture_support/augment/11/test",
      "exact": false,
      "maximum_absolute_probability_difference": 1.1920928955078125e-07
    },
    {
      "path": "runs/wine/split_29/generation_101/students/mixture_support/augment/logistic/test",
      "exact": false,
      "maximum_absolute_probability_difference": 6.938893903907228e-18
    },
    {
      "path": "runs/wine/split_29/generation_101/students/mixture_utility_support/synthetic_only/7/test",
      "exact": false,
      "maximum_absolute_probability_difference": 2.384185791015625e-07
    },
    {
      "path": "runs/wine/split_29/generation_101/students/mixture_utility_support/synthetic_only/11/test",
      "exact": false,
      "maximum_absolute_probability_difference": 1.1920928955078125e-07
    },
    {
      "path": "runs/wine/split_29/generation_101/students/mixture_utility_support/synthetic_only/logistic/test",
      "exact": false,
      "maximum_absolute_probability_difference": 6.938893903907228e-18
    },
    {
      "path": "runs/wine/split_29/generation_101/students/mixture_utility_support/augment/7/test",
      "exact": false,
      "maximum_absolute_probability_difference": 1.1920928955078125e-07
    },
    {
      "path": "runs/wine/split_29/generation_101/students/mixture_utility_support/augment/11/test",
      "exact": false,
      "maximum_absolute_probability_difference": 1.4901161193847656e-07
    },
    {
      "path": "runs/wine/split_29/generation_101/students/mixture_utility_support/augment/logistic/test",
      "exact": false,
      "maximum_absolute_probability_difference": 5.421010862427522e-20
    },
    {
      "path": "runs/wine/split_29/generation_202/students/real_only/real_only/7/test",
      "exact": false,
      "maximum_absolute_probability_difference": 1.1920928955078125e-07
    },
    {
      "path": "runs/wine/split_29/generation_202/students/real_only/real_only/11/test",
      "exact": false,
      "maximum_absolute_probability_difference": 1.1920928955078125e-07
    },
    {
      "path": "runs/wine/split_29/generation_202/students/real_only/real_only/logistic/test",
      "exact": false,
      "maximum_absolute_probability_difference": 8.673617379884035e-19
    },
    {
      "path": "runs/wine/split_29/generation_202/students/bootstrap/synthetic_only/7/test",
      "exact": false,
      "maximum_absolute_probability_difference": 5.960464477539063e-08
    },
    {
      "path": "runs/wine/split_29/generation_202/students/bootstrap/synthetic_only/11/test",
      "exact": false,
      "maximum_absolute_probability_difference": 1.1920928955078125e-07
    },
    {
      "path": "runs/wine/split_29/generation_202/students/bootstrap/synthetic_only/logistic/test",
      "exact": false,
      "maximum_absolute_probability_difference": 2.7755575615628914e-17
    },
    {
      "path": "runs/wine/split_29/generation_202/students/bootstrap/augment/7/test",
      "exact": false,
      "maximum_absolute_probability_difference": 1.1920928955078125e-07
    },
    {
      "path": "runs/wine/split_29/generation_202/students/bootstrap/augment/11/test",
      "exact": false,
      "maximum_absolute_probability_difference": 1.1920928955078125e-07
    },
    {
      "path": "runs/wine/split_29/generation_202/students/bootstrap/augment/logistic/test",
      "exact": false,
      "maximum_absolute_probability_difference": 1.734723475976807e-18
    },
    {
      "path": "runs/wine/split_29/generation_202/students/smote/synthetic_only/7/test",
      "exact": false,
      "maximum_absolute_probability_difference": 1.1920928955078125e-07
    },
    {
      "path": "runs/wine/split_29/generation_202/students/smote/synthetic_only/11/test",
      "exact": false,
      "maximum_absolute_probability_difference": 8.940696716308594e-08
    },
    {
      "path": "runs/wine/split_29/generation_202/students/smote/synthetic_only/logistic/test",
      "exact": false,
      "maximum_absolute_probability_difference": 4.336808689942018e-19
    },
    {
      "path": "runs/wine/split_29/generation_202/students/smote/augment/7/test",
      "exact": false,
      "maximum_absolute_probability_difference": 1.7881393432617188e-07
    },
    {
      "path": "runs/wine/split_29/generation_202/students/smote/augment/11/test",
      "exact": false,
      "maximum_absolute_probability_difference": 5.960464477539063e-08
    },
    {
      "path": "runs/wine/split_29/generation_202/students/smote/augment/logistic/test",
      "exact": false,
      "maximum_absolute_probability_difference": 1.734723475976807e-18
    },
    {
      "path": "runs/wine/split_29/generation_202/students/copula/synthetic_only/7/test",
      "exact": false,
      "maximum_absolute_probability_difference": 1.1920928955078125e-07
    },
    {
      "path": "runs/wine/split_29/generation_202/students/copula/synthetic_only/11/test",
      "exact": false,
      "maximum_absolute_probability_difference": 7.450580596923828e-08
    },
    {
      "path": "runs/wine/split_29/generation_202/students/copula/synthetic_only/logistic/test",
      "exact": false,
      "maximum_absolute_probability_difference": 6.938893903907228e-18
    },
    {
      "path": "runs/wine/split_29/generation_202/students/copula/augment/7/test",
      "exact": false,
      "maximum_absolute_probability_difference": 4.470348358154297e-08
    },
    {
      "path": "runs/wine/split_29/generation_202/students/copula/augment/11/test",
      "exact": false,
      "maximum_absolute_probability_difference": 9.313225746154785e-09
    },
    {
      "path": "runs/wine/split_29/generation_202/students/copula/augment/logistic/test",
      "exact": false,
      "maximum_absolute_probability_difference": 1.1102230246251565e-16
    },
    {
      "path": "runs/wine/split_29/generation_202/students/ctgan/synthetic_only/7/test",
      "exact": false,
      "maximum_absolute_probability_difference": 2.980232238769531e-07
    },
    {
      "path": "runs/wine/split_29/generation_202/students/ctgan/synthetic_only/11/test",
      "exact": false,
      "maximum_absolute_probability_difference": 1.1920928955078125e-07
    },
    {
      "path": "runs/wine/split_29/generation_202/students/ctgan/synthetic_only/logistic/test",
      "exact": false,
      "maximum_absolute_probability_difference": 3.469446951953614e-18
    },
    {
      "path": "runs/wine/split_29/generation_202/students/ctgan/augment/7/test",
      "exact": false,
      "maximum_absolute_probability_difference": 1.1920928955078125e-07
    },
    {
      "path": "runs/wine/split_29/generation_202/students/ctgan/augment/11/test",
      "exact": false,
      "maximum_absolute_probability_difference": 8.940696716308594e-08
    },
    {
      "path": "runs/wine/split_29/generation_202/students/ctgan/augment/logistic/test",
      "exact": false,
      "maximum_absolute_probability_difference": 6.938893903907228e-18
    },
    {
      "path": "runs/wine/split_29/generation_202/students/tvae/synthetic_only/7/test",
      "exact": false,
      "maximum_absolute_probability_difference": 5.960464477539063e-08
    },
    {
      "path": "runs/wine/split_29/generation_202/students/tvae/synthetic_only/11/test",
      "exact": false,
      "maximum_absolute_probability_difference": 1.1920928955078125e-07
    },
    {
      "path": "runs/wine/split_29/generation_202/students/tvae/synthetic_only/logistic/test",
      "exact": false,
      "maximum_absolute_probability_difference": 3.469446951953614e-18
    },
    {
      "path": "runs/wine/split_29/generation_202/students/tvae/augment/7/test",
      "exact": false,
      "maximum_absolute_probability_difference": 5.960464477539063e-08
    },
    {
      "path": "runs/wine/split_29/generation_202/students/tvae/augment/11/test",
      "exact": false,
      "maximum_absolute_probability_difference": 1.1920928955078125e-07
    },
    {
      "path": "runs/wine/split_29/generation_202/students/tvae/augment/logistic/test",
      "exact": false,
      "maximum_absolute_probability_difference": 3.469446951953614e-18
    },
    {
      "path": "runs/wine/split_29/generation_202/students/ddpm/synthetic_only/7/test",
      "exact": false,
      "maximum_absolute_probability_difference": 4.470348358154297e-08
    },
    {
      "path": "runs/wine/split_29/generation_202/students/ddpm/synthetic_only/11/test",
      "exact": false,
      "maximum_absolute_probability_difference": 1.1920928955078125e-07
    },
    {
      "path": "runs/wine/split_29/generation_202/students/ddpm/synthetic_only/logistic/test",
      "exact": false,
      "maximum_absolute_probability_difference": 1.3877787807814457e-17
    },
    {
      "path": "runs/wine/split_29/generation_202/students/ddpm/augment/7/test",
      "exact": false,
      "maximum_absolute_probability_difference": 1.7881393432617188e-07
    },
    {
      "path": "runs/wine/split_29/generation_202/students/ddpm/augment/11/test",
      "exact": false,
      "maximum_absolute_probability_difference": 2.2351741790771484e-08
    },
    {
      "path": "runs/wine/split_29/generation_202/students/ddpm/augment/logistic/test",
      "exact": false,
      "maximum_absolute_probability_difference": 1.3877787807814457e-17
    },
    {
      "path": "runs/wine/split_29/generation_202/students/ctgan_unpacked/synthetic_only/7/test",
      "exact": false,
      "maximum_absolute_probability_difference": 1.1920928955078125e-07
    },
    {
      "path": "runs/wine/split_29/generation_202/students/ctgan_unpacked/synthetic_only/11/test",
      "exact": false,
      "maximum_absolute_probability_difference": 5.960464477539063e-08
    },
    {
      "path": "runs/wine/split_29/generation_202/students/ctgan_unpacked/synthetic_only/logistic/test",
      "exact": false,
      "maximum_absolute_probability_difference": 3.469446951953614e-18
    },
    {
      "path": "runs/wine/split_29/generation_202/students/ctgan_unpacked/augment/7/test",
      "exact": false,
      "maximum_absolute_probability_difference": 6.705522537231445e-08
    },
    {
      "path": "runs/wine/split_29/generation_202/students/ctgan_unpacked/augment/11/test",
      "exact": false,
      "maximum_absolute_probability_difference": 1.1920928955078125e-07
    },
    {
      "path": "runs/wine/split_29/generation_202/students/ctgan_unpacked/augment/logistic/test",
      "exact": false,
      "maximum_absolute_probability_difference": 1.1102230246251565e-16
    },
    {
      "path": "runs/wine/split_29/generation_202/students/ctgan_one_mode/synthetic_only/7/test",
      "exact": false,
      "maximum_absolute_probability_difference": 1.1920928955078125e-07
    },
    {
      "path": "runs/wine/split_29/generation_202/students/ctgan_one_mode/synthetic_only/11/test",
      "exact": false,
      "maximum_absolute_probability_difference": 5.960464477539063e-08
    },
    {
      "path": "runs/wine/split_29/generation_202/students/ctgan_one_mode/synthetic_only/logistic/test",
      "exact": false,
      "maximum_absolute_probability_difference": 5.551115123125783e-17
    },
    {
      "path": "runs/wine/split_29/generation_202/students/ctgan_one_mode/augment/7/test",
      "exact": false,
      "maximum_absolute_probability_difference": 1.1920928955078125e-07
    },
    {
      "path": "runs/wine/split_29/generation_202/students/ctgan_one_mode/augment/11/test",
      "exact": false,
      "maximum_absolute_probability_difference": 5.960464477539063e-08
    },
    {
      "path": "runs/wine/split_29/generation_202/students/ctgan_one_mode/augment/logistic/test",
      "exact": false,
      "maximum_absolute_probability_difference": 6.938893903907228e-18
    },
    {
      "path": "runs/wine/split_29/generation_202/students/ddpm_unconditional/synthetic_only/7/test",
      "exact": false,
      "maximum_absolute_probability_difference": 1.1920928955078125e-07
    },
    {
      "path": "runs/wine/split_29/generation_202/students/ddpm_unconditional/synthetic_only/11/test",
      "exact": false,
      "maximum_absolute_probability_difference": 1.1920928955078125e-07
    },
    {
      "path": "runs/wine/split_29/generation_202/students/ddpm_unconditional/synthetic_only/logistic/test",
      "exact": false,
      "maximum_absolute_probability_difference": 5.551115123125783e-17
    },
    {
      "path": "runs/wine/split_29/generation_202/students/ddpm_unconditional/augment/7/test",
      "exact": false,
      "maximum_absolute_probability_difference": 1.7881393432617188e-07
    },
    {
      "path": "runs/wine/split_29/generation_202/students/ddpm_unconditional/augment/11/test",
      "exact": false,
      "maximum_absolute_probability_difference": 1.4901161193847656e-07
    },
    {
      "path": "runs/wine/split_29/generation_202/students/ddpm_unconditional/augment/logistic/test",
      "exact": false,
      "maximum_absolute_probability_difference": 5.551115123125783e-17
    },
    {
      "path": "runs/wine/split_29/generation_202/students/ddpm_standardized/synthetic_only/7/test",
      "exact": false,
      "maximum_absolute_probability_difference": 1.7881393432617188e-07
    },
    {
      "path": "runs/wine/split_29/generation_202/students/ddpm_standardized/synthetic_only/11/test",
      "exact": false,
      "maximum_absolute_probability_difference": 1.1920928955078125e-07
    },
    {
      "path": "runs/wine/split_29/generation_202/students/ddpm_standardized/augment/7/test",
      "exact": false,
      "maximum_absolute_probability_difference": 2.682209014892578e-07
    },
    {
      "path": "runs/wine/split_29/generation_202/students/ddpm_standardized/augment/11/test",
      "exact": false,
      "maximum_absolute_probability_difference": 2.60770320892334e-08
    },
    {
      "path": "runs/wine/split_29/generation_202/students/ddpm_standardized/augment/logistic/test",
      "exact": false,
      "maximum_absolute_probability_difference": 2.7755575615628914e-17
    },
    {
      "path": "runs/wine/split_29/generation_202/students/mixture_uniform/synthetic_only/7/test",
      "exact": false,
      "maximum_absolute_probability_difference": 5.960464477539063e-08
    },
    {
      "path": "runs/wine/split_29/generation_202/students/mixture_uniform/synthetic_only/11/test",
      "exact": false,
      "maximum_absolute_probability_difference": 1.7881393432617188e-07
    },
    {
      "path": "runs/wine/split_29/generation_202/students/mixture_uniform/synthetic_only/logistic/test",
      "exact": false,
      "maximum_absolute_probability_difference": 3.469446951953614e-18
    },
    {
      "path": "runs/wine/split_29/generation_202/students/mixture_uniform/augment/7/test",
      "exact": false,
      "maximum_absolute_probability_difference": 4.470348358154297e-08
    },
    {
      "path": "runs/wine/split_29/generation_202/students/mixture_uniform/augment/11/test",
      "exact": false,
      "maximum_absolute_probability_difference": 1.1920928955078125e-07
    },
    {
      "path": "runs/wine/split_29/generation_202/students/mixture_uniform/augment/logistic/test",
      "exact": false,
      "maximum_absolute_probability_difference": 8.673617379884035e-19
    },
    {
      "path": "runs/wine/split_29/generation_202/students/mixture_utility/synthetic_only/7/test",
      "exact": false,
      "maximum_absolute_probability_difference": 1.1920928955078125e-07
    },
    {
      "path": "runs/wine/split_29/generation_202/students/mixture_utility/synthetic_only/11/test",
      "exact": false,
      "maximum_absolute_probability_difference": 1.1920928955078125e-07
    },
    {
      "path": "runs/wine/split_29/generation_202/students/mixture_utility/synthetic_only/logistic/test",
      "exact": false,
      "maximum_absolute_probability_difference": 8.673617379884035e-19
    },
    {
      "path": "runs/wine/split_29/generation_202/students/mixture_utility/augment/7/test",
      "exact": false,
      "maximum_absolute_probability_difference": 1.1920928955078125e-07
    },
    {
      "path": "runs/wine/split_29/generation_202/students/mixture_utility/augment/11/test",
      "exact": false,
      "maximum_absolute_probability_difference": 8.940696716308594e-08
    },
    {
      "path": "runs/wine/split_29/generation_202/students/mixture_utility/augment/logistic/test",
      "exact": false,
      "maximum_absolute_probability_difference": 2.220446049250313e-16
    },
    {
      "path": "runs/wine/split_29/generation_202/students/mixture_support/synthetic_only/7/test",
      "exact": false,
      "maximum_absolute_probability_difference": 1.1920928955078125e-07
    },
    {
      "path": "runs/wine/split_29/generation_202/students/mixture_support/synthetic_only/11/test",
      "exact": false,
      "maximum_absolute_probability_difference": 1.1920928955078125e-07
    },
    {
      "path": "runs/wine/split_29/generation_202/students/mixture_support/synthetic_only/logistic/test",
      "exact": false,
      "maximum_absolute_probability_difference": 2.7755575615628914e-17
    },
    {
      "path": "runs/wine/split_29/generation_202/students/mixture_support/augment/7/test",
      "exact": false,
      "maximum_absolute_probability_difference": 1.1920928955078125e-07
    },
    {
      "path": "runs/wine/split_29/generation_202/students/mixture_support/augment/11/test",
      "exact": false,
      "maximum_absolute_probability_difference": 1.1920928955078125e-07
    },
    {
      "path": "runs/wine/split_29/generation_202/students/mixture_support/augment/logistic/test",
      "exact": false,
      "maximum_absolute_probability_difference": 1.734723475976807e-18
    },
    {
      "path": "runs/wine/split_29/generation_202/students/mixture_utility_support/synthetic_only/7/test",
      "exact": false,
      "maximum_absolute_probability_difference": 1.7881393432617188e-07
    },
    {
      "path": "runs/wine/split_29/generation_202/students/mixture_utility_support/synthetic_only/11/test",
      "exact": false,
      "maximum_absolute_probability_difference": 1.1920928955078125e-07
    },
    {
      "path": "runs/wine/split_29/generation_202/students/mixture_utility_support/synthetic_only/logistic/test",
      "exact": false,
      "maximum_absolute_probability_difference": 5.551115123125783e-17
    },
    {
      "path": "runs/wine/split_29/generation_202/students/mixture_utility_support/augment/7/test",
      "exact": false,
      "maximum_absolute_probability_difference": 1.1920928955078125e-07
    },
    {
      "path": "runs/wine/split_29/generation_202/students/mixture_utility_support/augment/11/test",
      "exact": false,
      "maximum_absolute_probability_difference": 1.7881393432617188e-07
    },
    {
      "path": "runs/wine/split_29/generation_202/students/mixture_utility_support/augment/logistic/test",
      "exact": false,
      "maximum_absolute_probability_difference": 1.3877787807814457e-17
    },
    {
      "path": "runs/wine/split_41/generation_101/students/real_only/real_only/7/test",
      "exact": false,
      "maximum_absolute_probability_difference": 1.1920928955078125e-07
    },
    {
      "path": "runs/wine/split_41/generation_101/students/real_only/real_only/11/test",
      "exact": false,
      "maximum_absolute_probability_difference": 1.1920928955078125e-07
    },
    {
      "path": "runs/wine/split_41/generation_101/students/real_only/real_only/logistic/test",
      "exact": false,
      "maximum_absolute_probability_difference": 5.551115123125783e-17
    },
    {
      "path": "runs/wine/split_41/generation_101/students/bootstrap/synthetic_only/7/test",
      "exact": false,
      "maximum_absolute_probability_difference": 1.1920928955078125e-07
    },
    {
      "path": "runs/wine/split_41/generation_101/students/bootstrap/synthetic_only/11/test",
      "exact": false,
      "maximum_absolute_probability_difference": 5.960464477539063e-08
    },
    {
      "path": "runs/wine/split_41/generation_101/students/bootstrap/synthetic_only/logistic/test",
      "exact": false,
      "maximum_absolute_probability_difference": 5.551115123125783e-17
    },
    {
      "path": "runs/wine/split_41/generation_101/students/bootstrap/augment/7/test",
      "exact": false,
      "maximum_absolute_probability_difference": 1.1920928955078125e-07
    },
    {
      "path": "runs/wine/split_41/generation_101/students/bootstrap/augment/11/test",
      "exact": false,
      "maximum_absolute_probability_difference": 1.1920928955078125e-07
    },
    {
      "path": "runs/wine/split_41/generation_101/students/bootstrap/augment/logistic/test",
      "exact": false,
      "maximum_absolute_probability_difference": 1.3877787807814457e-17
    },
    {
      "path": "runs/wine/split_41/generation_101/students/smote/synthetic_only/7/test",
      "exact": false,
      "maximum_absolute_probability_difference": 1.1920928955078125e-07
    },
    {
      "path": "runs/wine/split_41/generation_101/students/smote/synthetic_only/11/test",
      "exact": false,
      "maximum_absolute_probability_difference": 1.7881393432617188e-07
    },
    {
      "path": "runs/wine/split_41/generation_101/students/smote/synthetic_only/logistic/test",
      "exact": false,
      "maximum_absolute_probability_difference": 5.421010862427522e-20
    },
    {
      "path": "runs/wine/split_41/generation_101/students/smote/augment/7/test",
      "exact": false,
      "maximum_absolute_probability_difference": 1.1920928955078125e-07
    },
    {
      "path": "runs/wine/split_41/generation_101/students/smote/augment/11/test",
      "exact": false,
      "maximum_absolute_probability_difference": 1.1920928955078125e-07
    },
    {
      "path": "runs/wine/split_41/generation_101/students/smote/augment/logistic/test",
      "exact": false,
      "maximum_absolute_probability_difference": 1.1102230246251565e-16
    },
    {
      "path": "runs/wine/split_41/generation_101/students/copula/synthetic_only/7/test",
      "exact": false,
      "maximum_absolute_probability_difference": 1.1920928955078125e-07
    },
    {
      "path": "runs/wine/split_41/generation_101/students/copula/synthetic_only/11/test",
      "exact": false,
      "maximum_absolute_probability_difference": 8.940696716308594e-08
    },
    {
      "path": "runs/wine/split_41/generation_101/students/copula/synthetic_only/logistic/test",
      "exact": false,
      "maximum_absolute_probability_difference": 6.938893903907228e-18
    },
    {
      "path": "runs/wine/split_41/generation_101/students/copula/augment/7/test",
      "exact": false,
      "maximum_absolute_probability_difference": 1.1920928955078125e-07
    },
    {
      "path": "runs/wine/split_41/generation_101/students/copula/augment/11/test",
      "exact": false,
      "maximum_absolute_probability_difference": 1.1920928955078125e-07
    },
    {
      "path": "runs/wine/split_41/generation_101/students/copula/augment/logistic/test",
      "exact": false,
      "maximum_absolute_probability_difference": 1.3877787807814457e-17
    },
    {
      "path": "runs/wine/split_41/generation_101/students/ctgan/synthetic_only/7/test",
      "exact": false,
      "maximum_absolute_probability_difference": 1.341104507446289e-07
    },
    {
      "path": "runs/wine/split_41/generation_101/students/ctgan/synthetic_only/11/test",
      "exact": false,
      "maximum_absolute_probability_difference": 1.1920928955078125e-07
    },
    {
      "path": "runs/wine/split_41/generation_101/students/ctgan/synthetic_only/logistic/test",
      "exact": false,
      "maximum_absolute_probability_difference": 2.220446049250313e-16
    },
    {
      "path": "runs/wine/split_41/generation_101/students/ctgan/augment/7/test",
      "exact": false,
      "maximum_absolute_probability_difference": 1.1920928955078125e-07
    },
    {
      "path": "runs/wine/split_41/generation_101/students/ctgan/augment/11/test",
      "exact": false,
      "maximum_absolute_probability_difference": 1.1920928955078125e-07
    },
    {
      "path": "runs/wine/split_41/generation_101/students/ctgan/augment/logistic/test",
      "exact": false,
      "maximum_absolute_probability_difference": 2.7755575615628914e-17
    },
    {
      "path": "runs/wine/split_41/generation_101/students/tvae/synthetic_only/7/test",
      "exact": false,
      "maximum_absolute_probability_difference": 1.1920928955078125e-07
    },
    {
      "path": "runs/wine/split_41/generation_101/students/tvae/synthetic_only/11/test",
      "exact": false,
      "maximum_absolute_probability_difference": 1.1920928955078125e-07
    },
    {
      "path": "runs/wine/split_41/generation_101/students/tvae/synthetic_only/logistic/test",
      "exact": false,
      "maximum_absolute_probability_difference": 1.1102230246251565e-16
    },
    {
      "path": "runs/wine/split_41/generation_101/students/tvae/augment/7/test",
      "exact": false,
      "maximum_absolute_probability_difference": 1.1920928955078125e-07
    },
    {
      "path": "runs/wine/split_41/generation_101/students/tvae/augment/11/test",
      "exact": false,
      "maximum_absolute_probability_difference": 1.1920928955078125e-07
    },
    {
      "path": "runs/wine/split_41/generation_101/students/tvae/augment/logistic/test",
      "exact": false,
      "maximum_absolute_probability_difference": 2.7755575615628914e-17
    },
    {
      "path": "runs/wine/split_41/generation_101/students/ddpm/synthetic_only/7/test",
      "exact": false,
      "maximum_absolute_probability_difference": 5.960464477539063e-08
    },
    {
      "path": "runs/wine/split_41/generation_101/students/ddpm/synthetic_only/11/test",
      "exact": false,
      "maximum_absolute_probability_difference": 2.384185791015625e-07
    },
    {
      "path": "runs/wine/split_41/generation_101/students/ddpm/synthetic_only/logistic/test",
      "exact": false,
      "maximum_absolute_probability_difference": 6.938893903907228e-18
    },
    {
      "path": "runs/wine/split_41/generation_101/students/ddpm/augment/7/test",
      "exact": false,
      "maximum_absolute_probability_difference": 5.960464477539063e-08
    },
    {
      "path": "runs/wine/split_41/generation_101/students/ddpm/augment/11/test",
      "exact": false,
      "maximum_absolute_probability_difference": 1.1920928955078125e-07
    },
    {
      "path": "runs/wine/split_41/generation_101/students/ddpm/augment/logistic/test",
      "exact": false,
      "maximum_absolute_probability_difference": 6.938893903907228e-18
    },
    {
      "path": "runs/wine/split_41/generation_101/students/ctgan_unpacked/synthetic_only/7/test",
      "exact": false,
      "maximum_absolute_probability_difference": 2.384185791015625e-07
    },
    {
      "path": "runs/wine/split_41/generation_101/students/ctgan_unpacked/synthetic_only/11/test",
      "exact": false,
      "maximum_absolute_probability_difference": 1.1920928955078125e-07
    },
    {
      "path": "runs/wine/split_41/generation_101/students/ctgan_unpacked/synthetic_only/logistic/test",
      "exact": false,
      "maximum_absolute_probability_difference": 4.336808689942018e-19
    },
    {
      "path": "runs/wine/split_41/generation_101/students/ctgan_unpacked/augment/7/test",
      "exact": false,
      "maximum_absolute_probability_difference": 2.682209014892578e-07
    },
    {
      "path": "runs/wine/split_41/generation_101/students/ctgan_unpacked/augment/11/test",
      "exact": false,
      "maximum_absolute_probability_difference": 1.1920928955078125e-07
    },
    {
      "path": "runs/wine/split_41/generation_101/students/ctgan_unpacked/augment/logistic/test",
      "exact": false,
      "maximum_absolute_probability_difference": 5.551115123125783e-17
    },
    {
      "path": "runs/wine/split_41/generation_101/students/ctgan_one_mode/synthetic_only/7/test",
      "exact": false,
      "maximum_absolute_probability_difference": 1.1920928955078125e-07
    },
    {
      "path": "runs/wine/split_41/generation_101/students/ctgan_one_mode/synthetic_only/11/test",
      "exact": false,
      "maximum_absolute_probability_difference": 1.1920928955078125e-07
    },
    {
      "path": "runs/wine/split_41/generation_101/students/ctgan_one_mode/synthetic_only/logistic/test",
      "exact": false,
      "maximum_absolute_probability_difference": 1.3552527156068805e-20
    },
    {
      "path": "runs/wine/split_41/generation_101/students/ctgan_one_mode/augment/7/test",
      "exact": false,
      "maximum_absolute_probability_difference": 2.980232238769531e-07
    },
    {
      "path": "runs/wine/split_41/generation_101/students/ctgan_one_mode/augment/11/test",
      "exact": false,
      "maximum_absolute_probability_difference": 1.7881393432617188e-07
    },
    {
      "path": "runs/wine/split_41/generation_101/students/ctgan_one_mode/augment/logistic/test",
      "exact": false,
      "maximum_absolute_probability_difference": 6.938893903907228e-18
    },
    {
      "path": "runs/wine/split_41/generation_101/students/ddpm_unconditional/synthetic_only/7/test",
      "exact": false,
      "maximum_absolute_probability_difference": 1.1920928955078125e-07
    },
    {
      "path": "runs/wine/split_41/generation_101/students/ddpm_unconditional/synthetic_only/11/test",
      "exact": false,
      "maximum_absolute_probability_difference": 1.1920928955078125e-07
    },
    {
      "path": "runs/wine/split_41/generation_101/students/ddpm_unconditional/synthetic_only/logistic/test",
      "exact": false,
      "maximum_absolute_probability_difference": 2.220446049250313e-16
    },
    {
      "path": "runs/wine/split_41/generation_101/students/ddpm_unconditional/augment/7/test",
      "exact": false,
      "maximum_absolute_probability_difference": 1.1920928955078125e-07
    },
    {
      "path": "runs/wine/split_41/generation_101/students/ddpm_unconditional/augment/11/test",
      "exact": false,
      "maximum_absolute_probability_difference": 1.1920928955078125e-07
    },
    {
      "path": "runs/wine/split_41/generation_101/students/ddpm_unconditional/augment/logistic/test",
      "exact": false,
      "maximum_absolute_probability_difference": 5.551115123125783e-17
    },
    {
      "path": "runs/wine/split_41/generation_101/students/ddpm_standardized/synthetic_only/7/test",
      "exact": false,
      "maximum_absolute_probability_difference": 1.1920928955078125e-07
    },
    {
      "path": "runs/wine/split_41/generation_101/students/ddpm_standardized/synthetic_only/11/test",
      "exact": false,
      "maximum_absolute_probability_difference": 8.940696716308594e-08
    },
    {
      "path": "runs/wine/split_41/generation_101/students/ddpm_standardized/synthetic_only/logistic/test",
      "exact": false,
      "maximum_absolute_probability_difference": 1.3877787807814457e-17
    },
    {
      "path": "runs/wine/split_41/generation_101/students/ddpm_standardized/augment/7/test",
      "exact": false,
      "maximum_absolute_probability_difference": 5.960464477539063e-08
    },
    {
      "path": "runs/wine/split_41/generation_101/students/ddpm_standardized/augment/11/test",
      "exact": false,
      "maximum_absolute_probability_difference": 3.725290298461914e-08
    },
    {
      "path": "runs/wine/split_41/generation_101/students/ddpm_standardized/augment/logistic/test",
      "exact": false,
      "maximum_absolute_probability_difference": 6.938893903907228e-18
    },
    {
      "path": "runs/wine/split_41/generation_101/students/mixture_uniform/synthetic_only/7/test",
      "exact": false,
      "maximum_absolute_probability_difference": 1.7881393432617188e-07
    },
    {
      "path": "runs/wine/split_41/generation_101/students/mixture_uniform/synthetic_only/11/test",
      "exact": false,
      "maximum_absolute_probability_difference": 1.1920928955078125e-07
    },
    {
      "path": "runs/wine/split_41/generation_101/students/mixture_uniform/synthetic_only/logistic/test",
      "exact": false,
      "maximum_absolute_probability_difference": 3.469446951953614e-18
    },
    {
      "path": "runs/wine/split_41/generation_101/students/mixture_uniform/augment/7/test",
      "exact": false,
      "maximum_absolute_probability_difference": 1.1920928955078125e-07
    },
    {
      "path": "runs/wine/split_41/generation_101/students/mixture_uniform/augment/11/test",
      "exact": false,
      "maximum_absolute_probability_difference": 1.1920928955078125e-07
    },
    {
      "path": "runs/wine/split_41/generation_101/students/mixture_uniform/augment/logistic/test",
      "exact": false,
      "maximum_absolute_probability_difference": 1.1102230246251565e-16
    },
    {
      "path": "runs/wine/split_41/generation_101/students/mixture_utility/synthetic_only/7/test",
      "exact": false,
      "maximum_absolute_probability_difference": 1.1920928955078125e-07
    },
    {
      "path": "runs/wine/split_41/generation_101/students/mixture_utility/synthetic_only/11/test",
      "exact": false,
      "maximum_absolute_probability_difference": 1.7881393432617188e-07
    },
    {
      "path": "runs/wine/split_41/generation_101/students/mixture_utility/synthetic_only/logistic/test",
      "exact": false,
      "maximum_absolute_probability_difference": 1.734723475976807e-18
    },
    {
      "path": "runs/wine/split_41/generation_101/students/mixture_utility/augment/7/test",
      "exact": false,
      "maximum_absolute_probability_difference": 1.1920928955078125e-07
    },
    {
      "path": "runs/wine/split_41/generation_101/students/mixture_utility/augment/11/test",
      "exact": false,
      "maximum_absolute_probability_difference": 1.1920928955078125e-07
    },
    {
      "path": "runs/wine/split_41/generation_101/students/mixture_utility/augment/logistic/test",
      "exact": false,
      "maximum_absolute_probability_difference": 1.1102230246251565e-16
    },
    {
      "path": "runs/wine/split_41/generation_101/students/mixture_support/synthetic_only/7/test",
      "exact": false,
      "maximum_absolute_probability_difference": 1.4901161193847656e-07
    },
    {
      "path": "runs/wine/split_41/generation_101/students/mixture_support/synthetic_only/11/test",
      "exact": false,
      "maximum_absolute_probability_difference": 1.1920928955078125e-07
    },
    {
      "path": "runs/wine/split_41/generation_101/students/mixture_support/synthetic_only/logistic/test",
      "exact": false,
      "maximum_absolute_probability_difference": 6.938893903907228e-18
    },
    {
      "path": "runs/wine/split_41/generation_101/students/mixture_support/augment/7/test",
      "exact": false,
      "maximum_absolute_probability_difference": 1.341104507446289e-07
    },
    {
      "path": "runs/wine/split_41/generation_101/students/mixture_support/augment/11/test",
      "exact": false,
      "maximum_absolute_probability_difference": 1.1920928955078125e-07
    },
    {
      "path": "runs/wine/split_41/generation_101/students/mixture_support/augment/logistic/test",
      "exact": false,
      "maximum_absolute_probability_difference": 2.7755575615628914e-17
    },
    {
      "path": "runs/wine/split_41/generation_101/students/mixture_utility_support/synthetic_only/7/test",
      "exact": false,
      "maximum_absolute_probability_difference": 1.1920928955078125e-07
    },
    {
      "path": "runs/wine/split_41/generation_101/students/mixture_utility_support/synthetic_only/11/test",
      "exact": false,
      "maximum_absolute_probability_difference": 1.4901161193847656e-07
    },
    {
      "path": "runs/wine/split_41/generation_101/students/mixture_utility_support/synthetic_only/logistic/test",
      "exact": false,
      "maximum_absolute_probability_difference": 1.3877787807814457e-17
    },
    {
      "path": "runs/wine/split_41/generation_101/students/mixture_utility_support/augment/7/test",
      "exact": false,
      "maximum_absolute_probability_difference": 1.1920928955078125e-07
    },
    {
      "path": "runs/wine/split_41/generation_101/students/mixture_utility_support/augment/11/test",
      "exact": false,
      "maximum_absolute_probability_difference": 1.1920928955078125e-07
    },
    {
      "path": "runs/wine/split_41/generation_101/students/mixture_utility_support/augment/logistic/test",
      "exact": false,
      "maximum_absolute_probability_difference": 5.551115123125783e-17
    },
    {
      "path": "runs/wine/split_41/generation_202/students/real_only/real_only/7/test",
      "exact": false,
      "maximum_absolute_probability_difference": 1.1920928955078125e-07
    },
    {
      "path": "runs/wine/split_41/generation_202/students/real_only/real_only/11/test",
      "exact": false,
      "maximum_absolute_probability_difference": 1.1920928955078125e-07
    },
    {
      "path": "runs/wine/split_41/generation_202/students/real_only/real_only/logistic/test",
      "exact": false,
      "maximum_absolute_probability_difference": 5.551115123125783e-17
    },
    {
      "path": "runs/wine/split_41/generation_202/students/bootstrap/synthetic_only/7/test",
      "exact": false,
      "maximum_absolute_probability_difference": 1.4901161193847656e-08
    },
    {
      "path": "runs/wine/split_41/generation_202/students/bootstrap/synthetic_only/11/test",
      "exact": false,
      "maximum_absolute_probability_difference": 1.1920928955078125e-07
    },
    {
      "path": "runs/wine/split_41/generation_202/students/bootstrap/augment/7/test",
      "exact": false,
      "maximum_absolute_probability_difference": 2.2351741790771484e-08
    },
    {
      "path": "runs/wine/split_41/generation_202/students/bootstrap/augment/11/test",
      "exact": false,
      "maximum_absolute_probability_difference": 1.1920928955078125e-07
    },
    {
      "path": "runs/wine/split_41/generation_202/students/bootstrap/augment/logistic/test",
      "exact": false,
      "maximum_absolute_probability_difference": 1.6940658945086007e-21
    },
    {
      "path": "runs/wine/split_41/generation_202/students/smote/synthetic_only/7/test",
      "exact": false,
      "maximum_absolute_probability_difference": 5.960464477539063e-08
    },
    {
      "path": "runs/wine/split_41/generation_202/students/smote/synthetic_only/11/test",
      "exact": false,
      "maximum_absolute_probability_difference": 1.1920928955078125e-07
    },
    {
      "path": "runs/wine/split_41/generation_202/students/smote/synthetic_only/logistic/test",
      "exact": false,
      "maximum_absolute_probability_difference": 2.7755575615628914e-17
    },
    {
      "path": "runs/wine/split_41/generation_202/students/smote/augment/7/test",
      "exact": false,
      "maximum_absolute_probability_difference": 1.1920928955078125e-07
    },
    {
      "path": "runs/wine/split_41/generation_202/students/smote/augment/11/test",
      "exact": false,
      "maximum_absolute_probability_difference": 5.960464477539063e-08
    },
    {
      "path": "runs/wine/split_41/generation_202/students/smote/augment/logistic/test",
      "exact": false,
      "maximum_absolute_probability_difference": 1.1102230246251565e-16
    },
    {
      "path": "runs/wine/split_41/generation_202/students/copula/synthetic_only/7/test",
      "exact": false,
      "maximum_absolute_probability_difference": 1.341104507446289e-07
    },
    {
      "path": "runs/wine/split_41/generation_202/students/copula/synthetic_only/11/test",
      "exact": false,
      "maximum_absolute_probability_difference": 1.1920928955078125e-07
    },
    {
      "path": "runs/wine/split_41/generation_202/students/copula/synthetic_only/logistic/test",
      "exact": false,
      "maximum_absolute_probability_difference": 1.3877787807814457e-17
    },
    {
      "path": "runs/wine/split_41/generation_202/students/copula/augment/7/test",
      "exact": false,
      "maximum_absolute_probability_difference": 2.2351741790771484e-08
    },
    {
      "path": "runs/wine/split_41/generation_202/students/copula/augment/11/test",
      "exact": false,
      "maximum_absolute_probability_difference": 2.9802322387695312e-08
    },
    {
      "path": "runs/wine/split_41/generation_202/students/copula/augment/logistic/test",
      "exact": false,
      "maximum_absolute_probability_difference": 1.1102230246251565e-16
    },
    {
      "path": "runs/wine/split_41/generation_202/students/ctgan/synthetic_only/7/test",
      "exact": false,
      "maximum_absolute_probability_difference": 1.1920928955078125e-07
    },
    {
      "path": "runs/wine/split_41/generation_202/students/ctgan/synthetic_only/11/test",
      "exact": false,
      "maximum_absolute_probability_difference": 1.1920928955078125e-07
    },
    {
      "path": "runs/wine/split_41/generation_202/students/ctgan/synthetic_only/logistic/test",
      "exact": false,
      "maximum_absolute_probability_difference": 1.1102230246251565e-16
    },
    {
      "path": "runs/wine/split_41/generation_202/students/ctgan/augment/7/test",
      "exact": false,
      "maximum_absolute_probability_difference": 1.1920928955078125e-07
    },
    {
      "path": "runs/wine/split_41/generation_202/students/ctgan/augment/11/test",
      "exact": false,
      "maximum_absolute_probability_difference": 5.960464477539063e-08
    },
    {
      "path": "runs/wine/split_41/generation_202/students/ctgan/augment/logistic/test",
      "exact": false,
      "maximum_absolute_probability_difference": 2.7755575615628914e-17
    },
    {
      "path": "runs/wine/split_41/generation_202/students/tvae/synthetic_only/7/test",
      "exact": false,
      "maximum_absolute_probability_difference": 1.4901161193847656e-07
    },
    {
      "path": "runs/wine/split_41/generation_202/students/tvae/synthetic_only/11/test",
      "exact": false,
      "maximum_absolute_probability_difference": 2.384185791015625e-07
    },
    {
      "path": "runs/wine/split_41/generation_202/students/tvae/synthetic_only/logistic/test",
      "exact": false,
      "maximum_absolute_probability_difference": 1.3877787807814457e-17
    },
    {
      "path": "runs/wine/split_41/generation_202/students/tvae/augment/7/test",
      "exact": false,
      "maximum_absolute_probability_difference": 2.384185791015625e-07
    },
    {
      "path": "runs/wine/split_41/generation_202/students/tvae/augment/11/test",
      "exact": false,
      "maximum_absolute_probability_difference": 1.1920928955078125e-07
    },
    {
      "path": "runs/wine/split_41/generation_202/students/tvae/augment/logistic/test",
      "exact": false,
      "maximum_absolute_probability_difference": 1.1102230246251565e-16
    },
    {
      "path": "runs/wine/split_41/generation_202/students/ddpm/synthetic_only/7/test",
      "exact": false,
      "maximum_absolute_probability_difference": 7.450580596923828e-08
    },
    {
      "path": "runs/wine/split_41/generation_202/students/ddpm/synthetic_only/11/test",
      "exact": false,
      "maximum_absolute_probability_difference": 1.1920928955078125e-07
    },
    {
      "path": "runs/wine/split_41/generation_202/students/ddpm/synthetic_only/logistic/test",
      "exact": false,
      "maximum_absolute_probability_difference": 2.7755575615628914e-17
    },
    {
      "path": "runs/wine/split_41/generation_202/students/ddpm/augment/7/test",
      "exact": false,
      "maximum_absolute_probability_difference": 1.1920928955078125e-07
    },
    {
      "path": "runs/wine/split_41/generation_202/students/ddpm/augment/11/test",
      "exact": false,
      "maximum_absolute_probability_difference": 1.1920928955078125e-07
    },
    {
      "path": "runs/wine/split_41/generation_202/students/ddpm/augment/logistic/test",
      "exact": false,
      "maximum_absolute_probability_difference": 2.7755575615628914e-17
    },
    {
      "path": "runs/wine/split_41/generation_202/students/ctgan_unpacked/synthetic_only/7/test",
      "exact": false,
      "maximum_absolute_probability_difference": 1.4901161193847656e-08
    },
    {
      "path": "runs/wine/split_41/generation_202/students/ctgan_unpacked/synthetic_only/11/test",
      "exact": false,
      "maximum_absolute_probability_difference": 1.1920928955078125e-07
    },
    {
      "path": "runs/wine/split_41/generation_202/students/ctgan_unpacked/synthetic_only/logistic/test",
      "exact": false,
      "maximum_absolute_probability_difference": 5.551115123125783e-17
    },
    {
      "path": "runs/wine/split_41/generation_202/students/ctgan_unpacked/augment/7/test",
      "exact": false,
      "maximum_absolute_probability_difference": 1.043081283569336e-07
    },
    {
      "path": "runs/wine/split_41/generation_202/students/ctgan_unpacked/augment/11/test",
      "exact": false,
      "maximum_absolute_probability_difference": 1.1920928955078125e-07
    },
    {
      "path": "runs/wine/split_41/generation_202/students/ctgan_unpacked/augment/logistic/test",
      "exact": false,
      "maximum_absolute_probability_difference": 1.3877787807814457e-17
    },
    {
      "path": "runs/wine/split_41/generation_202/students/ctgan_one_mode/synthetic_only/7/test",
      "exact": false,
      "maximum_absolute_probability_difference": 2.384185791015625e-07
    },
    {
      "path": "runs/wine/split_41/generation_202/students/ctgan_one_mode/synthetic_only/11/test",
      "exact": false,
      "maximum_absolute_probability_difference": 1.7881393432617188e-07
    },
    {
      "path": "runs/wine/split_41/generation_202/students/ctgan_one_mode/synthetic_only/logistic/test",
      "exact": false,
      "maximum_absolute_probability_difference": 5.551115123125783e-17
    },
    {
      "path": "runs/wine/split_41/generation_202/students/ctgan_one_mode/augment/7/test",
      "exact": false,
      "maximum_absolute_probability_difference": 2.384185791015625e-07
    },
    {
      "path": "runs/wine/split_41/generation_202/students/ctgan_one_mode/augment/11/test",
      "exact": false,
      "maximum_absolute_probability_difference": 1.1920928955078125e-07
    },
    {
      "path": "runs/wine/split_41/generation_202/students/ctgan_one_mode/augment/logistic/test",
      "exact": false,
      "maximum_absolute_probability_difference": 3.469446951953614e-18
    },
    {
      "path": "runs/wine/split_41/generation_202/students/ddpm_unconditional/synthetic_only/7/test",
      "exact": false,
      "maximum_absolute_probability_difference": 1.1920928955078125e-07
    },
    {
      "path": "runs/wine/split_41/generation_202/students/ddpm_unconditional/synthetic_only/11/test",
      "exact": false,
      "maximum_absolute_probability_difference": 1.1920928955078125e-07
    },
    {
      "path": "runs/wine/split_41/generation_202/students/ddpm_unconditional/synthetic_only/logistic/test",
      "exact": false,
      "maximum_absolute_probability_difference": 5.551115123125783e-17
    },
    {
      "path": "runs/wine/split_41/generation_202/students/ddpm_unconditional/augment/7/test",
      "exact": false,
      "maximum_absolute_probability_difference": 1.7881393432617188e-07
    },
    {
      "path": "runs/wine/split_41/generation_202/students/ddpm_unconditional/augment/11/test",
      "exact": false,
      "maximum_absolute_probability_difference": 1.1920928955078125e-07
    },
    {
      "path": "runs/wine/split_41/generation_202/students/ddpm_unconditional/augment/logistic/test",
      "exact": false,
      "maximum_absolute_probability_difference": 5.551115123125783e-17
    },
    {
      "path": "runs/wine/split_41/generation_202/students/ddpm_standardized/synthetic_only/7/test",
      "exact": false,
      "maximum_absolute_probability_difference": 5.960464477539063e-08
    },
    {
      "path": "runs/wine/split_41/generation_202/students/ddpm_standardized/synthetic_only/11/test",
      "exact": false,
      "maximum_absolute_probability_difference": 1.1920928955078125e-07
    },
    {
      "path": "runs/wine/split_41/generation_202/students/ddpm_standardized/synthetic_only/logistic/test",
      "exact": false,
      "maximum_absolute_probability_difference": 8.673617379884035e-19
    },
    {
      "path": "runs/wine/split_41/generation_202/students/ddpm_standardized/augment/7/test",
      "exact": false,
      "maximum_absolute_probability_difference": 1.1920928955078125e-07
    },
    {
      "path": "runs/wine/split_41/generation_202/students/ddpm_standardized/augment/11/test",
      "exact": false,
      "maximum_absolute_probability_difference": 1.1920928955078125e-07
    },
    {
      "path": "runs/wine/split_41/generation_202/students/ddpm_standardized/augment/logistic/test",
      "exact": false,
      "maximum_absolute_probability_difference": 1.3877787807814457e-17
    },
    {
      "path": "runs/wine/split_41/generation_202/students/mixture_uniform/synthetic_only/7/test",
      "exact": false,
      "maximum_absolute_probability_difference": 1.1920928955078125e-07
    },
    {
      "path": "runs/wine/split_41/generation_202/students/mixture_uniform/synthetic_only/11/test",
      "exact": false,
      "maximum_absolute_probability_difference": 1.1920928955078125e-07
    },
    {
      "path": "runs/wine/split_41/generation_202/students/mixture_uniform/synthetic_only/logistic/test",
      "exact": false,
      "maximum_absolute_probability_difference": 1.734723475976807e-18
    },
    {
      "path": "runs/wine/split_41/generation_202/students/mixture_uniform/augment/7/test",
      "exact": false,
      "maximum_absolute_probability_difference": 1.1920928955078125e-07
    },
    {
      "path": "runs/wine/split_41/generation_202/students/mixture_uniform/augment/11/test",
      "exact": false,
      "maximum_absolute_probability_difference": 5.960464477539063e-08
    },
    {
      "path": "runs/wine/split_41/generation_202/students/mixture_uniform/augment/logistic/test",
      "exact": false,
      "maximum_absolute_probability_difference": 1.1102230246251565e-16
    },
    {
      "path": "runs/wine/split_41/generation_202/students/mixture_utility/synthetic_only/7/test",
      "exact": false,
      "maximum_absolute_probability_difference": 1.1920928955078125e-07
    },
    {
      "path": "runs/wine/split_41/generation_202/students/mixture_utility/synthetic_only/11/test",
      "exact": false,
      "maximum_absolute_probability_difference": 2.980232238769531e-07
    },
    {
      "path": "runs/wine/split_41/generation_202/students/mixture_utility/synthetic_only/logistic/test",
      "exact": false,
      "maximum_absolute_probability_difference": 1.3877787807814457e-17
    },
    {
      "path": "runs/wine/split_41/generation_202/students/mixture_utility/augment/7/test",
      "exact": false,
      "maximum_absolute_probability_difference": 5.960464477539063e-08
    },
    {
      "path": "runs/wine/split_41/generation_202/students/mixture_utility/augment/11/test",
      "exact": false,
      "maximum_absolute_probability_difference": 1.1920928955078125e-07
    },
    {
      "path": "runs/wine/split_41/generation_202/students/mixture_utility/augment/logistic/test",
      "exact": false,
      "maximum_absolute_probability_difference": 5.551115123125783e-17
    },
    {
      "path": "runs/wine/split_41/generation_202/students/mixture_support/synthetic_only/7/test",
      "exact": false,
      "maximum_absolute_probability_difference": 1.1920928955078125e-07
    },
    {
      "path": "runs/wine/split_41/generation_202/students/mixture_support/synthetic_only/11/test",
      "exact": false,
      "maximum_absolute_probability_difference": 8.940696716308594e-08
    },
    {
      "path": "runs/wine/split_41/generation_202/students/mixture_support/synthetic_only/logistic/test",
      "exact": false,
      "maximum_absolute_probability_difference": 1.1102230246251565e-16
    },
    {
      "path": "runs/wine/split_41/generation_202/students/mixture_support/augment/7/test",
      "exact": false,
      "maximum_absolute_probability_difference": 1.1920928955078125e-07
    },
    {
      "path": "runs/wine/split_41/generation_202/students/mixture_support/augment/11/test",
      "exact": false,
      "maximum_absolute_probability_difference": 1.1920928955078125e-07
    },
    {
      "path": "runs/wine/split_41/generation_202/students/mixture_support/augment/logistic/test",
      "exact": false,
      "maximum_absolute_probability_difference": 5.551115123125783e-17
    },
    {
      "path": "runs/wine/split_41/generation_202/students/mixture_utility_support/synthetic_only/7/test",
      "exact": false,
      "maximum_absolute_probability_difference": 1.7881393432617188e-07
    },
    {
      "path": "runs/wine/split_41/generation_202/students/mixture_utility_support/synthetic_only/11/test",
      "exact": false,
      "maximum_absolute_probability_difference": 1.4901161193847656e-07
    },
    {
      "path": "runs/wine/split_41/generation_202/students/mixture_utility_support/synthetic_only/logistic/test",
      "exact": false,
      "maximum_absolute_probability_difference": 1.1102230246251565e-16
    },
    {
      "path": "runs/wine/split_41/generation_202/students/mixture_utility_support/augment/7/test",
      "exact": false,
      "maximum_absolute_probability_difference": 5.960464477539063e-08
    },
    {
      "path": "runs/wine/split_41/generation_202/students/mixture_utility_support/augment/11/test",
      "exact": false,
      "maximum_absolute_probability_difference": 1.7881393432617188e-07
    },
    {
      "path": "runs/wine/split_41/generation_202/students/mixture_utility_support/augment/logistic/test",
      "exact": false,
      "maximum_absolute_probability_difference": 1.3877787807814457e-17
    },
    {
      "path": "runs/breast_cancer/split_17/generation_101/students/real_only/real_only/7/test",
      "exact": false,
      "maximum_absolute_probability_difference": 7.450580596923828e-09
    },
    {
      "path": "runs/breast_cancer/split_17/generation_101/students/real_only/real_only/11/test",
      "exact": false,
      "maximum_absolute_probability_difference": 1.1920928955078125e-07
    },
    {
      "path": "runs/breast_cancer/split_17/generation_101/students/real_only/real_only/logistic/test",
      "exact": false,
      "maximum_absolute_probability_difference": 2.168404344971009e-19
    },
    {
      "path": "runs/breast_cancer/split_17/generation_101/students/bootstrap/synthetic_only/7/test",
      "exact": false,
      "maximum_absolute_probability_difference": 1.1920928955078125e-07
    },
    {
      "path": "runs/breast_cancer/split_17/generation_101/students/bootstrap/synthetic_only/11/test",
      "exact": false,
      "maximum_absolute_probability_difference": 5.960464477539063e-08
    },
    {
      "path": "runs/breast_cancer/split_17/generation_101/students/bootstrap/synthetic_only/logistic/test",
      "exact": false,
      "maximum_absolute_probability_difference": 1.1102230246251565e-16
    },
    {
      "path": "runs/breast_cancer/split_17/generation_101/students/bootstrap/augment/7/test",
      "exact": false,
      "maximum_absolute_probability_difference": 3.725290298461914e-08
    },
    {
      "path": "runs/breast_cancer/split_17/generation_101/students/bootstrap/augment/11/test",
      "exact": false,
      "maximum_absolute_probability_difference": 5.960464477539063e-08
    },
    {
      "path": "runs/breast_cancer/split_17/generation_101/students/bootstrap/augment/logistic/test",
      "exact": false,
      "maximum_absolute_probability_difference": 1.1102230246251565e-16
    },
    {
      "path": "runs/breast_cancer/split_17/generation_101/students/smote/synthetic_only/7/test",
      "exact": false,
      "maximum_absolute_probability_difference": 5.21540641784668e-08
    },
    {
      "path": "runs/breast_cancer/split_17/generation_101/students/smote/synthetic_only/11/test",
      "exact": false,
      "maximum_absolute_probability_difference": 5.960464477539063e-08
    },
    {
      "path": "runs/breast_cancer/split_17/generation_101/students/smote/synthetic_only/logistic/test",
      "exact": false,
      "maximum_absolute_probability_difference": 3.469446951953614e-18
    },
    {
      "path": "runs/breast_cancer/split_17/generation_101/students/smote/augment/7/test",
      "exact": false,
      "maximum_absolute_probability_difference": 1.1920928955078125e-07
    },
    {
      "path": "runs/breast_cancer/split_17/generation_101/students/smote/augment/11/test",
      "exact": false,
      "maximum_absolute_probability_difference": 1.1920928955078125e-07
    },
    {
      "path": "runs/breast_cancer/split_17/generation_101/students/smote/augment/logistic/test",
      "exact": false,
      "maximum_absolute_probability_difference": 2.220446049250313e-16
    },
    {
      "path": "runs/breast_cancer/split_17/generation_101/students/copula/synthetic_only/7/test",
      "exact": false,
      "maximum_absolute_probability_difference": 5.960464477539063e-08
    },
    {
      "path": "runs/breast_cancer/split_17/generation_101/students/copula/synthetic_only/11/test",
      "exact": false,
      "maximum_absolute_probability_difference": 1.1920928955078125e-07
    },
    {
      "path": "runs/breast_cancer/split_17/generation_101/students/copula/synthetic_only/logistic/test",
      "exact": false,
      "maximum_absolute_probability_difference": 2.7755575615628914e-17
    },
    {
      "path": "runs/breast_cancer/split_17/generation_101/students/copula/augment/7/test",
      "exact": false,
      "maximum_absolute_probability_difference": 5.960464477539063e-08
    },
    {
      "path": "runs/breast_cancer/split_17/generation_101/students/copula/augment/11/test",
      "exact": false,
      "maximum_absolute_probability_difference": 7.450580596923828e-09
    },
    {
      "path": "runs/breast_cancer/split_17/generation_101/students/copula/augment/logistic/test",
      "exact": false,
      "maximum_absolute_probability_difference": 1.3877787807814457e-17
    },
    {
      "path": "runs/breast_cancer/split_17/generation_101/students/ctgan/synthetic_only/7/test",
      "exact": false,
      "maximum_absolute_probability_difference": 1.1920928955078125e-07
    },
    {
      "path": "runs/breast_cancer/split_17/generation_101/students/ctgan/synthetic_only/11/test",
      "exact": false,
      "maximum_absolute_probability_difference": 5.960464477539063e-08
    },
    {
      "path": "runs/breast_cancer/split_17/generation_101/students/ctgan/synthetic_only/logistic/test",
      "exact": false,
      "maximum_absolute_probability_difference": 6.938893903907228e-18
    },
    {
      "path": "runs/breast_cancer/split_17/generation_101/students/ctgan/augment/7/test",
      "exact": false,
      "maximum_absolute_probability_difference": 1.1920928955078125e-07
    },
    {
      "path": "runs/breast_cancer/split_17/generation_101/students/ctgan/augment/11/test",
      "exact": false,
      "maximum_absolute_probability_difference": 5.960464477539063e-08
    },
    {
      "path": "runs/breast_cancer/split_17/generation_101/students/ctgan/augment/logistic/test",
      "exact": false,
      "maximum_absolute_probability_difference": 1.734723475976807e-18
    },
    {
      "path": "runs/breast_cancer/split_17/generation_101/students/tvae/synthetic_only/7/test",
      "exact": false,
      "maximum_absolute_probability_difference": 1.1920928955078125e-07
    },
    {
      "path": "runs/breast_cancer/split_17/generation_101/students/tvae/synthetic_only/11/test",
      "exact": false,
      "maximum_absolute_probability_difference": 5.960464477539063e-08
    },
    {
      "path": "runs/breast_cancer/split_17/generation_101/students/tvae/synthetic_only/logistic/test",
      "exact": false,
      "maximum_absolute_probability_difference": 1.1102230246251565e-16
    },
    {
      "path": "runs/breast_cancer/split_17/generation_101/students/tvae/augment/7/test",
      "exact": false,
      "maximum_absolute_probability_difference": 2.9802322387695312e-08
    },
    {
      "path": "runs/breast_cancer/split_17/generation_101/students/tvae/augment/11/test",
      "exact": false,
      "maximum_absolute_probability_difference": 1.1920928955078125e-07
    },
    {
      "path": "runs/breast_cancer/split_17/generation_101/students/tvae/augment/logistic/test",
      "exact": false,
      "maximum_absolute_probability_difference": 3.469446951953614e-18
    },
    {
      "path": "runs/breast_cancer/split_17/generation_101/students/ddpm/synthetic_only/7/test",
      "exact": false,
      "maximum_absolute_probability_difference": 1.1920928955078125e-07
    },
    {
      "path": "runs/breast_cancer/split_17/generation_101/students/ddpm/synthetic_only/11/test",
      "exact": false,
      "maximum_absolute_probability_difference": 1.1920928955078125e-07
    },
    {
      "path": "runs/breast_cancer/split_17/generation_101/students/ddpm/synthetic_only/logistic/test",
      "exact": false,
      "maximum_absolute_probability_difference": 1.1102230246251565e-16
    },
    {
      "path": "runs/breast_cancer/split_17/generation_101/students/ddpm/augment/7/test",
      "exact": false,
      "maximum_absolute_probability_difference": 1.1920928955078125e-07
    },
    {
      "path": "runs/breast_cancer/split_17/generation_101/students/ddpm/augment/11/test",
      "exact": false,
      "maximum_absolute_probability_difference": 1.1920928955078125e-07
    },
    {
      "path": "runs/breast_cancer/split_17/generation_101/students/ddpm/augment/logistic/test",
      "exact": false,
      "maximum_absolute_probability_difference": 1.3877787807814457e-17
    },
    {
      "path": "runs/breast_cancer/split_17/generation_101/students/ctgan_unpacked/synthetic_only/7/test",
      "exact": false,
      "maximum_absolute_probability_difference": 1.1920928955078125e-07
    },
    {
      "path": "runs/breast_cancer/split_17/generation_101/students/ctgan_unpacked/synthetic_only/11/test",
      "exact": false,
      "maximum_absolute_probability_difference": 1.1920928955078125e-07
    },
    {
      "path": "runs/breast_cancer/split_17/generation_101/students/ctgan_unpacked/synthetic_only/logistic/test",
      "exact": false,
      "maximum_absolute_probability_difference": 1.3877787807814457e-17
    },
    {
      "path": "runs/breast_cancer/split_17/generation_101/students/ctgan_unpacked/augment/7/test",
      "exact": false,
      "maximum_absolute_probability_difference": 1.1920928955078125e-07
    },
    {
      "path": "runs/breast_cancer/split_17/generation_101/students/ctgan_unpacked/augment/11/test",
      "exact": false,
      "maximum_absolute_probability_difference": 5.960464477539063e-08
    },
    {
      "path": "runs/breast_cancer/split_17/generation_101/students/ctgan_unpacked/augment/logistic/test",
      "exact": false,
      "maximum_absolute_probability_difference": 8.673617379884035e-19
    },
    {
      "path": "runs/breast_cancer/split_17/generation_101/students/ctgan_one_mode/synthetic_only/7/test",
      "exact": false,
      "maximum_absolute_probability_difference": 5.960464477539063e-08
    },
    {
      "path": "runs/breast_cancer/split_17/generation_101/students/ctgan_one_mode/synthetic_only/11/test",
      "exact": false,
      "maximum_absolute_probability_difference": 5.960464477539063e-08
    },
    {
      "path": "runs/breast_cancer/split_17/generation_101/students/ctgan_one_mode/synthetic_only/logistic/test",
      "exact": false,
      "maximum_absolute_probability_difference": 2.220446049250313e-16
    },
    {
      "path": "runs/breast_cancer/split_17/generation_101/students/ctgan_one_mode/augment/7/test",
      "exact": false,
      "maximum_absolute_probability_difference": 1.1920928955078125e-07
    },
    {
      "path": "runs/breast_cancer/split_17/generation_101/students/ctgan_one_mode/augment/11/test",
      "exact": false,
      "maximum_absolute_probability_difference": 5.960464477539063e-08
    },
    {
      "path": "runs/breast_cancer/split_17/generation_101/students/ctgan_one_mode/augment/logistic/test",
      "exact": false,
      "maximum_absolute_probability_difference": 2.7755575615628914e-17
    },
    {
      "path": "runs/breast_cancer/split_17/generation_101/students/ddpm_unconditional/synthetic_only/7/test",
      "exact": false,
      "maximum_absolute_probability_difference": 1.1920928955078125e-07
    },
    {
      "path": "runs/breast_cancer/split_17/generation_101/students/ddpm_unconditional/synthetic_only/11/test",
      "exact": false,
      "maximum_absolute_probability_difference": 1.1920928955078125e-07
    },
    {
      "path": "runs/breast_cancer/split_17/generation_101/students/ddpm_unconditional/synthetic_only/logistic/test",
      "exact": false,
      "maximum_absolute_probability_difference": 1.1102230246251565e-16
    },
    {
      "path": "runs/breast_cancer/split_17/generation_101/students/ddpm_unconditional/augment/7/test",
      "exact": false,
      "maximum_absolute_probability_difference": 1.1920928955078125e-07
    },
    {
      "path": "runs/breast_cancer/split_17/generation_101/students/ddpm_unconditional/augment/11/test",
      "exact": false,
      "maximum_absolute_probability_difference": 1.1920928955078125e-07
    },
    {
      "path": "runs/breast_cancer/split_17/generation_101/students/ddpm_unconditional/augment/logistic/test",
      "exact": false,
      "maximum_absolute_probability_difference": 5.551115123125783e-17
    },
    {
      "path": "runs/breast_cancer/split_17/generation_101/students/ddpm_standardized/synthetic_only/7/test",
      "exact": false,
      "maximum_absolute_probability_difference": 1.1920928955078125e-07
    },
    {
      "path": "runs/breast_cancer/split_17/generation_101/students/ddpm_standardized/synthetic_only/11/test",
      "exact": false,
      "maximum_absolute_probability_difference": 1.1920928955078125e-07
    },
    {
      "path": "runs/breast_cancer/split_17/generation_101/students/ddpm_standardized/synthetic_only/logistic/test",
      "exact": false,
      "maximum_absolute_probability_difference": 2.7755575615628914e-17
    },
    {
      "path": "runs/breast_cancer/split_17/generation_101/students/ddpm_standardized/augment/7/test",
      "exact": false,
      "maximum_absolute_probability_difference": 1.1920928955078125e-07
    },
    {
      "path": "runs/breast_cancer/split_17/generation_101/students/ddpm_standardized/augment/11/test",
      "exact": false,
      "maximum_absolute_probability_difference": 1.1920928955078125e-07
    },
    {
      "path": "runs/breast_cancer/split_17/generation_101/students/ddpm_standardized/augment/logistic/test",
      "exact": false,
      "maximum_absolute_probability_difference": 5.551115123125783e-17
    },
    {
      "path": "runs/breast_cancer/split_17/generation_101/students/mixture_uniform/synthetic_only/7/test",
      "exact": false,
      "maximum_absolute_probability_difference": 1.1920928955078125e-07
    },
    {
      "path": "runs/breast_cancer/split_17/generation_101/students/mixture_uniform/synthetic_only/11/test",
      "exact": false,
      "maximum_absolute_probability_difference": 1.1920928955078125e-07
    },
    {
      "path": "runs/breast_cancer/split_17/generation_101/students/mixture_uniform/synthetic_only/logistic/test",
      "exact": false,
      "maximum_absolute_probability_difference": 2.7755575615628914e-17
    },
    {
      "path": "runs/breast_cancer/split_17/generation_101/students/mixture_uniform/augment/7/test",
      "exact": false,
      "maximum_absolute_probability_difference": 5.960464477539063e-08
    },
    {
      "path": "runs/breast_cancer/split_17/generation_101/students/mixture_uniform/augment/11/test",
      "exact": false,
      "maximum_absolute_probability_difference": 5.960464477539063e-08
    },
    {
      "path": "runs/breast_cancer/split_17/generation_101/students/mixture_uniform/augment/logistic/test",
      "exact": false,
      "maximum_absolute_probability_difference": 5.551115123125783e-17
    },
    {
      "path": "runs/breast_cancer/split_17/generation_101/students/mixture_utility/synthetic_only/7/test",
      "exact": false,
      "maximum_absolute_probability_difference": 2.9802322387695312e-08
    },
    {
      "path": "runs/breast_cancer/split_17/generation_101/students/mixture_utility/synthetic_only/11/test",
      "exact": false,
      "maximum_absolute_probability_difference": 1.1920928955078125e-07
    },
    {
      "path": "runs/breast_cancer/split_17/generation_101/students/mixture_utility/synthetic_only/logistic/test",
      "exact": false,
      "maximum_absolute_probability_difference": 6.938893903907228e-18
    },
    {
      "path": "runs/breast_cancer/split_17/generation_101/students/mixture_utility/augment/7/test",
      "exact": false,
      "maximum_absolute_probability_difference": 5.960464477539063e-08
    },
    {
      "path": "runs/breast_cancer/split_17/generation_101/students/mixture_utility/augment/11/test",
      "exact": false,
      "maximum_absolute_probability_difference": 5.960464477539063e-08
    },
    {
      "path": "runs/breast_cancer/split_17/generation_101/students/mixture_utility/augment/logistic/test",
      "exact": false,
      "maximum_absolute_probability_difference": 2.7755575615628914e-17
    },
    {
      "path": "runs/breast_cancer/split_17/generation_101/students/mixture_support/synthetic_only/7/test",
      "exact": false,
      "maximum_absolute_probability_difference": 5.960464477539063e-08
    },
    {
      "path": "runs/breast_cancer/split_17/generation_101/students/mixture_support/synthetic_only/11/test",
      "exact": false,
      "maximum_absolute_probability_difference": 1.1920928955078125e-07
    },
    {
      "path": "runs/breast_cancer/split_17/generation_101/students/mixture_support/synthetic_only/logistic/test",
      "exact": false,
      "maximum_absolute_probability_difference": 1.3877787807814457e-17
    },
    {
      "path": "runs/breast_cancer/split_17/generation_101/students/mixture_support/augment/7/test",
      "exact": false,
      "maximum_absolute_probability_difference": 5.960464477539063e-08
    },
    {
      "path": "runs/breast_cancer/split_17/generation_101/students/mixture_support/augment/11/test",
      "exact": false,
      "maximum_absolute_probability_difference": 1.1920928955078125e-07
    },
    {
      "path": "runs/breast_cancer/split_17/generation_101/students/mixture_support/augment/logistic/test",
      "exact": false,
      "maximum_absolute_probability_difference": 4.336808689942018e-19
    },
    {
      "path": "runs/breast_cancer/split_17/generation_101/students/mixture_utility_support/synthetic_only/7/test",
      "exact": false,
      "maximum_absolute_probability_difference": 1.1920928955078125e-07
    },
    {
      "path": "runs/breast_cancer/split_17/generation_101/students/mixture_utility_support/synthetic_only/11/test",
      "exact": false,
      "maximum_absolute_probability_difference": 5.960464477539063e-08
    },
    {
      "path": "runs/breast_cancer/split_17/generation_101/students/mixture_utility_support/synthetic_only/logistic/test",
      "exact": false,
      "maximum_absolute_probability_difference": 1.1102230246251565e-16
    },
    {
      "path": "runs/breast_cancer/split_17/generation_101/students/mixture_utility_support/augment/7/test",
      "exact": false,
      "maximum_absolute_probability_difference": 5.960464477539063e-08
    },
    {
      "path": "runs/breast_cancer/split_17/generation_101/students/mixture_utility_support/augment/11/test",
      "exact": false,
      "maximum_absolute_probability_difference": 1.1920928955078125e-07
    },
    {
      "path": "runs/breast_cancer/split_17/generation_101/students/mixture_utility_support/augment/logistic/test",
      "exact": false,
      "maximum_absolute_probability_difference": 3.469446951953614e-18
    },
    {
      "path": "runs/breast_cancer/split_17/generation_202/students/real_only/real_only/7/test",
      "exact": false,
      "maximum_absolute_probability_difference": 7.450580596923828e-09
    },
    {
      "path": "runs/breast_cancer/split_17/generation_202/students/real_only/real_only/11/test",
      "exact": false,
      "maximum_absolute_probability_difference": 1.1920928955078125e-07
    },
    {
      "path": "runs/breast_cancer/split_17/generation_202/students/real_only/real_only/logistic/test",
      "exact": false,
      "maximum_absolute_probability_difference": 2.168404344971009e-19
    },
    {
      "path": "runs/breast_cancer/split_17/generation_202/students/bootstrap/synthetic_only/7/test",
      "exact": false,
      "maximum_absolute_probability_difference": 5.587935447692871e-09
    },
    {
      "path": "runs/breast_cancer/split_17/generation_202/students/bootstrap/synthetic_only/11/test",
      "exact": false,
      "maximum_absolute_probability_difference": 1.1920928955078125e-07
    },
    {
      "path": "runs/breast_cancer/split_17/generation_202/students/bootstrap/synthetic_only/logistic/test",
      "exact": false,
      "maximum_absolute_probability_difference": 1.3877787807814457e-17
    },
    {
      "path": "runs/breast_cancer/split_17/generation_202/students/bootstrap/augment/7/test",
      "exact": false,
      "maximum_absolute_probability_difference": 2.2351741790771484e-08
    },
    {
      "path": "runs/breast_cancer/split_17/generation_202/students/bootstrap/augment/11/test",
      "exact": false,
      "maximum_absolute_probability_difference": 2.9802322387695312e-08
    },
    {
      "path": "runs/breast_cancer/split_17/generation_202/students/bootstrap/augment/logistic/test",
      "exact": false,
      "maximum_absolute_probability_difference": 1.734723475976807e-18
    },
    {
      "path": "runs/breast_cancer/split_17/generation_202/students/smote/synthetic_only/7/test",
      "exact": false,
      "maximum_absolute_probability_difference": 2.9802322387695312e-08
    },
    {
      "path": "runs/breast_cancer/split_17/generation_202/students/smote/synthetic_only/11/test",
      "exact": false,
      "maximum_absolute_probability_difference": 2.9802322387695312e-08
    },
    {
      "path": "runs/breast_cancer/split_17/generation_202/students/smote/synthetic_only/logistic/test",
      "exact": false,
      "maximum_absolute_probability_difference": 2.220446049250313e-16
    },
    {
      "path": "runs/breast_cancer/split_17/generation_202/students/smote/augment/7/test",
      "exact": false,
      "maximum_absolute_probability_difference": 2.2351741790771484e-08
    },
    {
      "path": "runs/breast_cancer/split_17/generation_202/students/smote/augment/11/test",
      "exact": false,
      "maximum_absolute_probability_difference": 2.9802322387695312e-08
    },
    {
      "path": "runs/breast_cancer/split_17/generation_202/students/smote/augment/logistic/test",
      "exact": false,
      "maximum_absolute_probability_difference": 2.168404344971009e-19
    },
    {
      "path": "runs/breast_cancer/split_17/generation_202/students/copula/synthetic_only/7/test",
      "exact": false,
      "maximum_absolute_probability_difference": 1.1920928955078125e-07
    },
    {
      "path": "runs/breast_cancer/split_17/generation_202/students/copula/synthetic_only/11/test",
      "exact": false,
      "maximum_absolute_probability_difference": 1.1920928955078125e-07
    },
    {
      "path": "runs/breast_cancer/split_17/generation_202/students/copula/synthetic_only/logistic/test",
      "exact": false,
      "maximum_absolute_probability_difference": 1.3877787807814457e-17
    },
    {
      "path": "runs/breast_cancer/split_17/generation_202/students/copula/augment/7/test",
      "exact": false,
      "maximum_absolute_probability_difference": 2.9802322387695312e-08
    },
    {
      "path": "runs/breast_cancer/split_17/generation_202/students/copula/augment/11/test",
      "exact": false,
      "maximum_absolute_probability_difference": 1.1920928955078125e-07
    },
    {
      "path": "runs/breast_cancer/split_17/generation_202/students/copula/augment/logistic/test",
      "exact": false,
      "maximum_absolute_probability_difference": 1.3877787807814457e-17
    },
    {
      "path": "runs/breast_cancer/split_17/generation_202/students/ctgan/synthetic_only/7/test",
      "exact": false,
      "maximum_absolute_probability_difference": 1.1920928955078125e-07
    },
    {
      "path": "runs/breast_cancer/split_17/generation_202/students/ctgan/synthetic_only/11/test",
      "exact": false,
      "maximum_absolute_probability_difference": 5.587935447692871e-09
    },
    {
      "path": "runs/breast_cancer/split_17/generation_202/students/ctgan/synthetic_only/logistic/test",
      "exact": false,
      "maximum_absolute_probability_difference": 1.1102230246251565e-16
    },
    {
      "path": "runs/breast_cancer/split_17/generation_202/students/ctgan/augment/7/test",
      "exact": false,
      "maximum_absolute_probability_difference": 5.960464477539063e-08
    },
    {
      "path": "runs/breast_cancer/split_17/generation_202/students/ctgan/augment/11/test",
      "exact": false,
      "maximum_absolute_probability_difference": 5.960464477539063e-08
    },
    {
      "path": "runs/breast_cancer/split_17/generation_202/students/ctgan/augment/logistic/test",
      "exact": false,
      "maximum_absolute_probability_difference": 1.1102230246251565e-16
    },
    {
      "path": "runs/breast_cancer/split_17/generation_202/students/tvae/synthetic_only/7/test",
      "exact": false,
      "maximum_absolute_probability_difference": 1.1920928955078125e-07
    },
    {
      "path": "runs/breast_cancer/split_17/generation_202/students/tvae/synthetic_only/11/test",
      "exact": false,
      "maximum_absolute_probability_difference": 1.1920928955078125e-07
    },
    {
      "path": "runs/breast_cancer/split_17/generation_202/students/tvae/synthetic_only/logistic/test",
      "exact": false,
      "maximum_absolute_probability_difference": 2.7755575615628914e-17
    },
    {
      "path": "runs/breast_cancer/split_17/generation_202/students/tvae/augment/7/test",
      "exact": false,
      "maximum_absolute_probability_difference": 1.1920928955078125e-07
    },
    {
      "path": "runs/breast_cancer/split_17/generation_202/students/tvae/augment/11/test",
      "exact": false,
      "maximum_absolute_probability_difference": 1.1920928955078125e-07
    },
    {
      "path": "runs/breast_cancer/split_17/generation_202/students/tvae/augment/logistic/test",
      "exact": false,
      "maximum_absolute_probability_difference": 3.469446951953614e-18
    },
    {
      "path": "runs/breast_cancer/split_17/generation_202/students/ddpm/synthetic_only/7/test",
      "exact": false,
      "maximum_absolute_probability_difference": 1.1920928955078125e-07
    },
    {
      "path": "runs/breast_cancer/split_17/generation_202/students/ddpm/synthetic_only/11/test",
      "exact": false,
      "maximum_absolute_probability_difference": 1.1920928955078125e-07
    },
    {
      "path": "runs/breast_cancer/split_17/generation_202/students/ddpm/synthetic_only/logistic/test",
      "exact": false,
      "maximum_absolute_probability_difference": 1.3877787807814457e-17
    },
    {
      "path": "runs/breast_cancer/split_17/generation_202/students/ddpm/augment/7/test",
      "exact": false,
      "maximum_absolute_probability_difference": 1.1920928955078125e-07
    },
    {
      "path": "runs/breast_cancer/split_17/generation_202/students/ddpm/augment/11/test",
      "exact": false,
      "maximum_absolute_probability_difference": 5.960464477539063e-08
    },
    {
      "path": "runs/breast_cancer/split_17/generation_202/students/ddpm/augment/logistic/test",
      "exact": false,
      "maximum_absolute_probability_difference": 6.938893903907228e-18
    },
    {
      "path": "runs/breast_cancer/split_17/generation_202/students/ctgan_unpacked/synthetic_only/7/test",
      "exact": false,
      "maximum_absolute_probability_difference": 5.960464477539063e-08
    },
    {
      "path": "runs/breast_cancer/split_17/generation_202/students/ctgan_unpacked/synthetic_only/11/test",
      "exact": false,
      "maximum_absolute_probability_difference": 1.1920928955078125e-07
    },
    {
      "path": "runs/breast_cancer/split_17/generation_202/students/ctgan_unpacked/synthetic_only/logistic/test",
      "exact": false,
      "maximum_absolute_probability_difference": 2.220446049250313e-16
    },
    {
      "path": "runs/breast_cancer/split_17/generation_202/students/ctgan_unpacked/augment/7/test",
      "exact": false,
      "maximum_absolute_probability_difference": 2.2351741790771484e-08
    },
    {
      "path": "runs/breast_cancer/split_17/generation_202/students/ctgan_unpacked/augment/11/test",
      "exact": false,
      "maximum_absolute_probability_difference": 1.1920928955078125e-07
    },
    {
      "path": "runs/breast_cancer/split_17/generation_202/students/ctgan_unpacked/augment/logistic/test",
      "exact": false,
      "maximum_absolute_probability_difference": 2.7755575615628914e-17
    },
    {
      "path": "runs/breast_cancer/split_17/generation_202/students/ctgan_one_mode/synthetic_only/7/test",
      "exact": false,
      "maximum_absolute_probability_difference": 1.1920928955078125e-07
    },
    {
      "path": "runs/breast_cancer/split_17/generation_202/students/ctgan_one_mode/synthetic_only/11/test",
      "exact": false,
      "maximum_absolute_probability_difference": 1.1920928955078125e-07
    },
    {
      "path": "runs/breast_cancer/split_17/generation_202/students/ctgan_one_mode/synthetic_only/logistic/test",
      "exact": false,
      "maximum_absolute_probability_difference": 1.1102230246251565e-16
    },
    {
      "path": "runs/breast_cancer/split_17/generation_202/students/ctgan_one_mode/augment/7/test",
      "exact": false,
      "maximum_absolute_probability_difference": 5.960464477539063e-08
    },
    {
      "path": "runs/breast_cancer/split_17/generation_202/students/ctgan_one_mode/augment/11/test",
      "exact": false,
      "maximum_absolute_probability_difference": 1.1920928955078125e-07
    },
    {
      "path": "runs/breast_cancer/split_17/generation_202/students/ctgan_one_mode/augment/logistic/test",
      "exact": false,
      "maximum_absolute_probability_difference": 1.3877787807814457e-17
    },
    {
      "path": "runs/breast_cancer/split_17/generation_202/students/ddpm_unconditional/synthetic_only/7/test",
      "exact": false,
      "maximum_absolute_probability_difference": 1.1920928955078125e-07
    },
    {
      "path": "runs/breast_cancer/split_17/generation_202/students/ddpm_unconditional/synthetic_only/11/test",
      "exact": false,
      "maximum_absolute_probability_difference": 1.1920928955078125e-07
    },
    {
      "path": "runs/breast_cancer/split_17/generation_202/students/ddpm_unconditional/synthetic_only/logistic/test",
      "exact": false,
      "maximum_absolute_probability_difference": 1.1102230246251565e-16
    },
    {
      "path": "runs/breast_cancer/split_17/generation_202/students/ddpm_unconditional/augment/7/test",
      "exact": false,
      "maximum_absolute_probability_difference": 1.1920928955078125e-07
    },
    {
      "path": "runs/breast_cancer/split_17/generation_202/students/ddpm_unconditional/augment/11/test",
      "exact": false,
      "maximum_absolute_probability_difference": 1.1920928955078125e-07
    },
    {
      "path": "runs/breast_cancer/split_17/generation_202/students/ddpm_unconditional/augment/logistic/test",
      "exact": false,
      "maximum_absolute_probability_difference": 1.1102230246251565e-16
    },
    {
      "path": "runs/breast_cancer/split_17/generation_202/students/ddpm_standardized/synthetic_only/7/test",
      "exact": false,
      "maximum_absolute_probability_difference": 1.1920928955078125e-07
    },
    {
      "path": "runs/breast_cancer/split_17/generation_202/students/ddpm_standardized/synthetic_only/11/test",
      "exact": false,
      "maximum_absolute_probability_difference": 1.1920928955078125e-07
    },
    {
      "path": "runs/breast_cancer/split_17/generation_202/students/ddpm_standardized/synthetic_only/logistic/test",
      "exact": false,
      "maximum_absolute_probability_difference": 2.7755575615628914e-17
    },
    {
      "path": "runs/breast_cancer/split_17/generation_202/students/ddpm_standardized/augment/7/test",
      "exact": false,
      "maximum_absolute_probability_difference": 1.1920928955078125e-07
    },
    {
      "path": "runs/breast_cancer/split_17/generation_202/students/ddpm_standardized/augment/11/test",
      "exact": false,
      "maximum_absolute_probability_difference": 1.1920928955078125e-07
    },
    {
      "path": "runs/breast_cancer/split_17/generation_202/students/ddpm_standardized/augment/logistic/test",
      "exact": false,
      "maximum_absolute_probability_difference": 1.3877787807814457e-17
    },
    {
      "path": "runs/breast_cancer/split_17/generation_202/students/mixture_uniform/synthetic_only/7/test",
      "exact": false,
      "maximum_absolute_probability_difference": 5.960464477539063e-08
    },
    {
      "path": "runs/breast_cancer/split_17/generation_202/students/mixture_uniform/synthetic_only/11/test",
      "exact": false,
      "maximum_absolute_probability_difference": 1.1920928955078125e-07
    },
    {
      "path": "runs/breast_cancer/split_17/generation_202/students/mixture_uniform/synthetic_only/logistic/test",
      "exact": false,
      "maximum_absolute_probability_difference": 2.7755575615628914e-17
    },
    {
      "path": "runs/breast_cancer/split_17/generation_202/students/mixture_uniform/augment/7/test",
      "exact": false,
      "maximum_absolute_probability_difference": 1.1920928955078125e-07
    },
    {
      "path": "runs/breast_cancer/split_17/generation_202/students/mixture_uniform/augment/11/test",
      "exact": false,
      "maximum_absolute_probability_difference": 5.960464477539063e-08
    },
    {
      "path": "runs/breast_cancer/split_17/generation_202/students/mixture_uniform/augment/logistic/test",
      "exact": false,
      "maximum_absolute_probability_difference": 1.1102230246251565e-16
    },
    {
      "path": "runs/breast_cancer/split_17/generation_202/students/mixture_utility/synthetic_only/7/test",
      "exact": false,
      "maximum_absolute_probability_difference": 8.940696716308594e-08
    },
    {
      "path": "runs/breast_cancer/split_17/generation_202/students/mixture_utility/synthetic_only/11/test",
      "exact": false,
      "maximum_absolute_probability_difference": 1.1920928955078125e-07
    },
    {
      "path": "runs/breast_cancer/split_17/generation_202/students/mixture_utility/synthetic_only/logistic/test",
      "exact": false,
      "maximum_absolute_probability_difference": 2.7755575615628914e-17
    },
    {
      "path": "runs/breast_cancer/split_17/generation_202/students/mixture_utility/augment/7/test",
      "exact": false,
      "maximum_absolute_probability_difference": 1.1920928955078125e-07
    },
    {
      "path": "runs/breast_cancer/split_17/generation_202/students/mixture_utility/augment/11/test",
      "exact": false,
      "maximum_absolute_probability_difference": 1.1920928955078125e-07
    },
    {
      "path": "runs/breast_cancer/split_17/generation_202/students/mixture_utility/augment/logistic/test",
      "exact": false,
      "maximum_absolute_probability_difference": 1.3877787807814457e-17
    },
    {
      "path": "runs/breast_cancer/split_17/generation_202/students/mixture_support/synthetic_only/7/test",
      "exact": false,
      "maximum_absolute_probability_difference": 2.9802322387695312e-08
    },
    {
      "path": "runs/breast_cancer/split_17/generation_202/students/mixture_support/synthetic_only/11/test",
      "exact": false,
      "maximum_absolute_probability_difference": 4.470348358154297e-08
    },
    {
      "path": "runs/breast_cancer/split_17/generation_202/students/mixture_support/synthetic_only/logistic/test",
      "exact": false,
      "maximum_absolute_probability_difference": 5.551115123125783e-17
    },
    {
      "path": "runs/breast_cancer/split_17/generation_202/students/mixture_support/augment/7/test",
      "exact": false,
      "maximum_absolute_probability_difference": 1.1920928955078125e-07
    },
    {
      "path": "runs/breast_cancer/split_17/generation_202/students/mixture_support/augment/11/test",
      "exact": false,
      "maximum_absolute_probability_difference": 5.960464477539063e-08
    },
    {
      "path": "runs/breast_cancer/split_17/generation_202/students/mixture_support/augment/logistic/test",
      "exact": false,
      "maximum_absolute_probability_difference": 8.673617379884035e-19
    },
    {
      "path": "runs/breast_cancer/split_17/generation_202/students/mixture_utility_support/synthetic_only/7/test",
      "exact": false,
      "maximum_absolute_probability_difference": 1.1920928955078125e-07
    },
    {
      "path": "runs/breast_cancer/split_17/generation_202/students/mixture_utility_support/synthetic_only/11/test",
      "exact": false,
      "maximum_absolute_probability_difference": 1.1920928955078125e-07
    },
    {
      "path": "runs/breast_cancer/split_17/generation_202/students/mixture_utility_support/synthetic_only/logistic/test",
      "exact": false,
      "maximum_absolute_probability_difference": 1.3877787807814457e-17
    },
    {
      "path": "runs/breast_cancer/split_17/generation_202/students/mixture_utility_support/augment/7/test",
      "exact": false,
      "maximum_absolute_probability_difference": 1.1920928955078125e-07
    },
    {
      "path": "runs/breast_cancer/split_17/generation_202/students/mixture_utility_support/augment/11/test",
      "exact": false,
      "maximum_absolute_probability_difference": 1.1920928955078125e-07
    },
    {
      "path": "runs/breast_cancer/split_17/generation_202/students/mixture_utility_support/augment/logistic/test",
      "exact": false,
      "maximum_absolute_probability_difference": 5.551115123125783e-17
    },
    {
      "path": "runs/breast_cancer/split_29/generation_101/students/real_only/real_only/7/test",
      "exact": false,
      "maximum_absolute_probability_difference": 5.960464477539063e-08
    },
    {
      "path": "runs/breast_cancer/split_29/generation_101/students/real_only/real_only/11/test",
      "exact": false,
      "maximum_absolute_probability_difference": 1.1920928955078125e-07
    },
    {
      "path": "runs/breast_cancer/split_29/generation_101/students/real_only/real_only/logistic/test",
      "exact": false,
      "maximum_absolute_probability_difference": 2.220446049250313e-16
    },
    {
      "path": "runs/breast_cancer/split_29/generation_101/students/bootstrap/synthetic_only/7/test",
      "exact": false,
      "maximum_absolute_probability_difference": 1.1920928955078125e-07
    },
    {
      "path": "runs/breast_cancer/split_29/generation_101/students/bootstrap/synthetic_only/11/test",
      "exact": false,
      "maximum_absolute_probability_difference": 1.1920928955078125e-07
    },
    {
      "path": "runs/breast_cancer/split_29/generation_101/students/bootstrap/synthetic_only/logistic/test",
      "exact": false,
      "maximum_absolute_probability_difference": 3.469446951953614e-18
    },
    {
      "path": "runs/breast_cancer/split_29/generation_101/students/bootstrap/augment/7/test",
      "exact": false,
      "maximum_absolute_probability_difference": 8.940696716308594e-08
    },
    {
      "path": "runs/breast_cancer/split_29/generation_101/students/bootstrap/augment/11/test",
      "exact": false,
      "maximum_absolute_probability_difference": 1.1920928955078125e-07
    },
    {
      "path": "runs/breast_cancer/split_29/generation_101/students/bootstrap/augment/logistic/test",
      "exact": false,
      "maximum_absolute_probability_difference": 5.551115123125783e-17
    },
    {
      "path": "runs/breast_cancer/split_29/generation_101/students/smote/synthetic_only/7/test",
      "exact": false,
      "maximum_absolute_probability_difference": 1.1920928955078125e-07
    },
    {
      "path": "runs/breast_cancer/split_29/generation_101/students/smote/synthetic_only/11/test",
      "exact": false,
      "maximum_absolute_probability_difference": 1.1920928955078125e-07
    },
    {
      "path": "runs/breast_cancer/split_29/generation_101/students/smote/synthetic_only/logistic/test",
      "exact": false,
      "maximum_absolute_probability_difference": 1.3877787807814457e-17
    },
    {
      "path": "runs/breast_cancer/split_29/generation_101/students/smote/augment/7/test",
      "exact": false,
      "maximum_absolute_probability_difference": 1.1920928955078125e-07
    },
    {
      "path": "runs/breast_cancer/split_29/generation_101/students/smote/augment/11/test",
      "exact": false,
      "maximum_absolute_probability_difference": 1.1920928955078125e-07
    },
    {
      "path": "runs/breast_cancer/split_29/generation_101/students/smote/augment/logistic/test",
      "exact": false,
      "maximum_absolute_probability_difference": 1.1102230246251565e-16
    },
    {
      "path": "runs/breast_cancer/split_29/generation_101/students/copula/synthetic_only/7/test",
      "exact": false,
      "maximum_absolute_probability_difference": 5.960464477539063e-08
    },
    {
      "path": "runs/breast_cancer/split_29/generation_101/students/copula/synthetic_only/11/test",
      "exact": false,
      "maximum_absolute_probability_difference": 1.1920928955078125e-07
    },
    {
      "path": "runs/breast_cancer/split_29/generation_101/students/copula/synthetic_only/logistic/test",
      "exact": false,
      "maximum_absolute_probability_difference": 2.220446049250313e-16
    },
    {
      "path": "runs/breast_cancer/split_29/generation_101/students/copula/augment/7/test",
      "exact": false,
      "maximum_absolute_probability_difference": 8.940696716308594e-08
    },
    {
      "path": "runs/breast_cancer/split_29/generation_101/students/copula/augment/11/test",
      "exact": false,
      "maximum_absolute_probability_difference": 1.1920928955078125e-07
    },
    {
      "path": "runs/breast_cancer/split_29/generation_101/students/copula/augment/logistic/test",
      "exact": false,
      "maximum_absolute_probability_difference": 1.3877787807814457e-17
    },
    {
      "path": "runs/breast_cancer/split_29/generation_101/students/ctgan/synthetic_only/7/test",
      "exact": false,
      "maximum_absolute_probability_difference": 1.1920928955078125e-07
    },
    {
      "path": "runs/breast_cancer/split_29/generation_101/students/ctgan/synthetic_only/11/test",
      "exact": false,
      "maximum_absolute_probability_difference": 1.1920928955078125e-07
    },
    {
      "path": "runs/breast_cancer/split_29/generation_101/students/ctgan/synthetic_only/logistic/test",
      "exact": false,
      "maximum_absolute_probability_difference": 2.7755575615628914e-17
    },
    {
      "path": "runs/breast_cancer/split_29/generation_101/students/ctgan/augment/7/test",
      "exact": false,
      "maximum_absolute_probability_difference": 1.1920928955078125e-07
    },
    {
      "path": "runs/breast_cancer/split_29/generation_101/students/ctgan/augment/11/test",
      "exact": false,
      "maximum_absolute_probability_difference": 1.1920928955078125e-07
    },
    {
      "path": "runs/breast_cancer/split_29/generation_101/students/ctgan/augment/logistic/test",
      "exact": false,
      "maximum_absolute_probability_difference": 1.1102230246251565e-16
    },
    {
      "path": "runs/breast_cancer/split_29/generation_101/students/tvae/synthetic_only/7/test",
      "exact": false,
      "maximum_absolute_probability_difference": 1.1920928955078125e-07
    },
    {
      "path": "runs/breast_cancer/split_29/generation_101/students/tvae/synthetic_only/11/test",
      "exact": false,
      "maximum_absolute_probability_difference": 1.1920928955078125e-07
    },
    {
      "path": "runs/breast_cancer/split_29/generation_101/students/tvae/synthetic_only/logistic/test",
      "exact": false,
      "maximum_absolute_probability_difference": 1.1102230246251565e-16
    },
    {
      "path": "runs/breast_cancer/split_29/generation_101/students/tvae/augment/7/test",
      "exact": false,
      "maximum_absolute_probability_difference": 4.470348358154297e-08
    },
    {
      "path": "runs/breast_cancer/split_29/generation_101/students/tvae/augment/11/test",
      "exact": false,
      "maximum_absolute_probability_difference": 1.1920928955078125e-07
    },
    {
      "path": "runs/breast_cancer/split_29/generation_101/students/tvae/augment/logistic/test",
      "exact": false,
      "maximum_absolute_probability_difference": 1.3877787807814457e-17
    },
    {
      "path": "runs/breast_cancer/split_29/generation_101/students/ddpm/synthetic_only/7/test",
      "exact": false,
      "maximum_absolute_probability_difference": 1.1920928955078125e-07
    },
    {
      "path": "runs/breast_cancer/split_29/generation_101/students/ddpm/synthetic_only/11/test",
      "exact": false,
      "maximum_absolute_probability_difference": 1.1920928955078125e-07
    },
    {
      "path": "runs/breast_cancer/split_29/generation_101/students/ddpm/synthetic_only/logistic/test",
      "exact": false,
      "maximum_absolute_probability_difference": 6.938893903907228e-18
    },
    {
      "path": "runs/breast_cancer/split_29/generation_101/students/ddpm/augment/7/test",
      "exact": false,
      "maximum_absolute_probability_difference": 5.960464477539063e-08
    },
    {
      "path": "runs/breast_cancer/split_29/generation_101/students/ddpm/augment/11/test",
      "exact": false,
      "maximum_absolute_probability_difference": 1.1920928955078125e-07
    },
    {
      "path": "runs/breast_cancer/split_29/generation_101/students/ddpm/augment/logistic/test",
      "exact": false,
      "maximum_absolute_probability_difference": 1.1102230246251565e-16
    },
    {
      "path": "runs/breast_cancer/split_29/generation_101/students/ctgan_unpacked/synthetic_only/7/test",
      "exact": false,
      "maximum_absolute_probability_difference": 5.960464477539063e-08
    },
    {
      "path": "runs/breast_cancer/split_29/generation_101/students/ctgan_unpacked/synthetic_only/11/test",
      "exact": false,
      "maximum_absolute_probability_difference": 1.1920928955078125e-07
    },
    {
      "path": "runs/breast_cancer/split_29/generation_101/students/ctgan_unpacked/synthetic_only/logistic/test",
      "exact": false,
      "maximum_absolute_probability_difference": 2.7755575615628914e-17
    },
    {
      "path": "runs/breast_cancer/split_29/generation_101/students/ctgan_unpacked/augment/7/test",
      "exact": false,
      "maximum_absolute_probability_difference": 2.384185791015625e-07
    },
    {
      "path": "runs/breast_cancer/split_29/generation_101/students/ctgan_unpacked/augment/11/test",
      "exact": false,
      "maximum_absolute_probability_difference": 5.960464477539063e-08
    },
    {
      "path": "runs/breast_cancer/split_29/generation_101/students/ctgan_unpacked/augment/logistic/test",
      "exact": false,
      "maximum_absolute_probability_difference": 1.1102230246251565e-16
    },
    {
      "path": "runs/breast_cancer/split_29/generation_101/students/ctgan_one_mode/synthetic_only/7/test",
      "exact": false,
      "maximum_absolute_probability_difference": 1.1920928955078125e-07
    },
    {
      "path": "runs/breast_cancer/split_29/generation_101/students/ctgan_one_mode/synthetic_only/11/test",
      "exact": false,
      "maximum_absolute_probability_difference": 1.4901161193847656e-07
    },
    {
      "path": "runs/breast_cancer/split_29/generation_101/students/ctgan_one_mode/synthetic_only/logistic/test",
      "exact": false,
      "maximum_absolute_probability_difference": 2.220446049250313e-16
    },
    {
      "path": "runs/breast_cancer/split_29/generation_101/students/ctgan_one_mode/augment/7/test",
      "exact": false,
      "maximum_absolute_probability_difference": 8.940696716308594e-08
    },
    {
      "path": "runs/breast_cancer/split_29/generation_101/students/ctgan_one_mode/augment/11/test",
      "exact": false,
      "maximum_absolute_probability_difference": 1.1920928955078125e-07
    },
    {
      "path": "runs/breast_cancer/split_29/generation_101/students/ctgan_one_mode/augment/logistic/test",
      "exact": false,
      "maximum_absolute_probability_difference": 1.1102230246251565e-16
    },
    {
      "path": "runs/breast_cancer/split_29/generation_101/students/ddpm_unconditional/synthetic_only/7/test",
      "exact": false,
      "maximum_absolute_probability_difference": 1.1920928955078125e-07
    },
    {
      "path": "runs/breast_cancer/split_29/generation_101/students/ddpm_unconditional/synthetic_only/11/test",
      "exact": false,
      "maximum_absolute_probability_difference": 1.1920928955078125e-07
    },
    {
      "path": "runs/breast_cancer/split_29/generation_101/students/ddpm_unconditional/synthetic_only/logistic/test",
      "exact": false,
      "maximum_absolute_probability_difference": 5.551115123125783e-17
    },
    {
      "path": "runs/breast_cancer/split_29/generation_101/students/ddpm_unconditional/augment/7/test",
      "exact": false,
      "maximum_absolute_probability_difference": 1.1920928955078125e-07
    },
    {
      "path": "runs/breast_cancer/split_29/generation_101/students/ddpm_unconditional/augment/11/test",
      "exact": false,
      "maximum_absolute_probability_difference": 1.1920928955078125e-07
    },
    {
      "path": "runs/breast_cancer/split_29/generation_101/students/ddpm_unconditional/augment/logistic/test",
      "exact": false,
      "maximum_absolute_probability_difference": 1.1102230246251565e-16
    },
    {
      "path": "runs/breast_cancer/split_29/generation_101/students/ddpm_standardized/synthetic_only/7/test",
      "exact": false,
      "maximum_absolute_probability_difference": 1.1920928955078125e-07
    },
    {
      "path": "runs/breast_cancer/split_29/generation_101/students/ddpm_standardized/synthetic_only/11/test",
      "exact": false,
      "maximum_absolute_probability_difference": 1.1920928955078125e-07
    },
    {
      "path": "runs/breast_cancer/split_29/generation_101/students/ddpm_standardized/synthetic_only/logistic/test",
      "exact": false,
      "maximum_absolute_probability_difference": 5.551115123125783e-17
    },
    {
      "path": "runs/breast_cancer/split_29/generation_101/students/ddpm_standardized/augment/7/test",
      "exact": false,
      "maximum_absolute_probability_difference": 1.1920928955078125e-07
    },
    {
      "path": "runs/breast_cancer/split_29/generation_101/students/ddpm_standardized/augment/11/test",
      "exact": false,
      "maximum_absolute_probability_difference": 1.1920928955078125e-07
    },
    {
      "path": "runs/breast_cancer/split_29/generation_101/students/ddpm_standardized/augment/logistic/test",
      "exact": false,
      "maximum_absolute_probability_difference": 1.3877787807814457e-17
    },
    {
      "path": "runs/breast_cancer/split_29/generation_101/students/mixture_uniform/synthetic_only/7/test",
      "exact": false,
      "maximum_absolute_probability_difference": 5.960464477539063e-08
    },
    {
      "path": "runs/breast_cancer/split_29/generation_101/students/mixture_uniform/synthetic_only/11/test",
      "exact": false,
      "maximum_absolute_probability_difference": 1.1920928955078125e-07
    },
    {
      "path": "runs/breast_cancer/split_29/generation_101/students/mixture_uniform/synthetic_only/logistic/test",
      "exact": false,
      "maximum_absolute_probability_difference": 1.1102230246251565e-16
    },
    {
      "path": "runs/breast_cancer/split_29/generation_101/students/mixture_uniform/augment/7/test",
      "exact": false,
      "maximum_absolute_probability_difference": 1.1920928955078125e-07
    },
    {
      "path": "runs/breast_cancer/split_29/generation_101/students/mixture_uniform/augment/11/test",
      "exact": false,
      "maximum_absolute_probability_difference": 1.1920928955078125e-07
    },
    {
      "path": "runs/breast_cancer/split_29/generation_101/students/mixture_uniform/augment/logistic/test",
      "exact": false,
      "maximum_absolute_probability_difference": 1.734723475976807e-18
    },
    {
      "path": "runs/breast_cancer/split_29/generation_101/students/mixture_utility/synthetic_only/7/test",
      "exact": false,
      "maximum_absolute_probability_difference": 1.1920928955078125e-07
    },
    {
      "path": "runs/breast_cancer/split_29/generation_101/students/mixture_utility/synthetic_only/11/test",
      "exact": false,
      "maximum_absolute_probability_difference": 1.1920928955078125e-07
    },
    {
      "path": "runs/breast_cancer/split_29/generation_101/students/mixture_utility/synthetic_only/logistic/test",
      "exact": false,
      "maximum_absolute_probability_difference": 5.551115123125783e-17
    },
    {
      "path": "runs/breast_cancer/split_29/generation_101/students/mixture_utility/augment/7/test",
      "exact": false,
      "maximum_absolute_probability_difference": 1.1920928955078125e-07
    },
    {
      "path": "runs/breast_cancer/split_29/generation_101/students/mixture_utility/augment/11/test",
      "exact": false,
      "maximum_absolute_probability_difference": 5.960464477539063e-08
    },
    {
      "path": "runs/breast_cancer/split_29/generation_101/students/mixture_utility/augment/logistic/test",
      "exact": false,
      "maximum_absolute_probability_difference": 2.7755575615628914e-17
    },
    {
      "path": "runs/breast_cancer/split_29/generation_101/students/mixture_support/synthetic_only/7/test",
      "exact": false,
      "maximum_absolute_probability_difference": 1.1920928955078125e-07
    },
    {
      "path": "runs/breast_cancer/split_29/generation_101/students/mixture_support/synthetic_only/11/test",
      "exact": false,
      "maximum_absolute_probability_difference": 4.470348358154297e-08
    },
    {
      "path": "runs/breast_cancer/split_29/generation_101/students/mixture_support/synthetic_only/logistic/test",
      "exact": false,
      "maximum_absolute_probability_difference": 5.551115123125783e-17
    },
    {
      "path": "runs/breast_cancer/split_29/generation_101/students/mixture_support/augment/7/test",
      "exact": false,
      "maximum_absolute_probability_difference": 5.960464477539063e-08
    },
    {
      "path": "runs/breast_cancer/split_29/generation_101/students/mixture_support/augment/11/test",
      "exact": false,
      "maximum_absolute_probability_difference": 1.1920928955078125e-07
    },
    {
      "path": "runs/breast_cancer/split_29/generation_101/students/mixture_support/augment/logistic/test",
      "exact": false,
      "maximum_absolute_probability_difference": 2.220446049250313e-16
    },
    {
      "path": "runs/breast_cancer/split_29/generation_101/students/mixture_utility_support/synthetic_only/7/test",
      "exact": false,
      "maximum_absolute_probability_difference": 5.960464477539063e-08
    },
    {
      "path": "runs/breast_cancer/split_29/generation_101/students/mixture_utility_support/synthetic_only/11/test",
      "exact": false,
      "maximum_absolute_probability_difference": 5.960464477539063e-08
    },
    {
      "path": "runs/breast_cancer/split_29/generation_101/students/mixture_utility_support/synthetic_only/logistic/test",
      "exact": false,
      "maximum_absolute_probability_difference": 8.673617379884035e-19
    },
    {
      "path": "runs/breast_cancer/split_29/generation_101/students/mixture_utility_support/augment/7/test",
      "exact": false,
      "maximum_absolute_probability_difference": 1.1920928955078125e-07
    },
    {
      "path": "runs/breast_cancer/split_29/generation_101/students/mixture_utility_support/augment/11/test",
      "exact": false,
      "maximum_absolute_probability_difference": 1.1920928955078125e-07
    },
    {
      "path": "runs/breast_cancer/split_29/generation_101/students/mixture_utility_support/augment/logistic/test",
      "exact": false,
      "maximum_absolute_probability_difference": 1.3877787807814457e-17
    },
    {
      "path": "runs/breast_cancer/split_29/generation_202/students/real_only/real_only/7/test",
      "exact": false,
      "maximum_absolute_probability_difference": 5.960464477539063e-08
    },
    {
      "path": "runs/breast_cancer/split_29/generation_202/students/real_only/real_only/11/test",
      "exact": false,
      "maximum_absolute_probability_difference": 1.1920928955078125e-07
    },
    {
      "path": "runs/breast_cancer/split_29/generation_202/students/real_only/real_only/logistic/test",
      "exact": false,
      "maximum_absolute_probability_difference": 2.220446049250313e-16
    },
    {
      "path": "runs/breast_cancer/split_29/generation_202/students/bootstrap/synthetic_only/7/test",
      "exact": false,
      "maximum_absolute_probability_difference": 1.1920928955078125e-07
    },
    {
      "path": "runs/breast_cancer/split_29/generation_202/students/bootstrap/synthetic_only/11/test",
      "exact": false,
      "maximum_absolute_probability_difference": 5.960464477539063e-08
    },
    {
      "path": "runs/breast_cancer/split_29/generation_202/students/bootstrap/synthetic_only/logistic/test",
      "exact": false,
      "maximum_absolute_probability_difference": 5.551115123125783e-17
    },
    {
      "path": "runs/breast_cancer/split_29/generation_202/students/bootstrap/augment/7/test",
      "exact": false,
      "maximum_absolute_probability_difference": 5.960464477539063e-08
    },
    {
      "path": "runs/breast_cancer/split_29/generation_202/students/bootstrap/augment/11/test",
      "exact": false,
      "maximum_absolute_probability_difference": 1.1920928955078125e-07
    },
    {
      "path": "runs/breast_cancer/split_29/generation_202/students/bootstrap/augment/logistic/test",
      "exact": false,
      "maximum_absolute_probability_difference": 2.7755575615628914e-17
    },
    {
      "path": "runs/breast_cancer/split_29/generation_202/students/smote/synthetic_only/7/test",
      "exact": false,
      "maximum_absolute_probability_difference": 1.1920928955078125e-07
    },
    {
      "path": "runs/breast_cancer/split_29/generation_202/students/smote/synthetic_only/11/test",
      "exact": false,
      "maximum_absolute_probability_difference": 1.1920928955078125e-07
    },
    {
      "path": "runs/breast_cancer/split_29/generation_202/students/smote/synthetic_only/logistic/test",
      "exact": false,
      "maximum_absolute_probability_difference": 2.7755575615628914e-17
    },
    {
      "path": "runs/breast_cancer/split_29/generation_202/students/smote/augment/7/test",
      "exact": false,
      "maximum_absolute_probability_difference": 8.940696716308594e-08
    },
    {
      "path": "runs/breast_cancer/split_29/generation_202/students/smote/augment/11/test",
      "exact": false,
      "maximum_absolute_probability_difference": 8.940696716308594e-08
    },
    {
      "path": "runs/breast_cancer/split_29/generation_202/students/smote/augment/logistic/test",
      "exact": false,
      "maximum_absolute_probability_difference": 5.551115123125783e-17
    },
    {
      "path": "runs/breast_cancer/split_29/generation_202/students/copula/synthetic_only/7/test",
      "exact": false,
      "maximum_absolute_probability_difference": 1.1920928955078125e-07
    },
    {
      "path": "runs/breast_cancer/split_29/generation_202/students/copula/synthetic_only/11/test",
      "exact": false,
      "maximum_absolute_probability_difference": 1.1920928955078125e-07
    },
    {
      "path": "runs/breast_cancer/split_29/generation_202/students/copula/synthetic_only/logistic/test",
      "exact": false,
      "maximum_absolute_probability_difference": 5.551115123125783e-17
    },
    {
      "path": "runs/breast_cancer/split_29/generation_202/students/copula/augment/7/test",
      "exact": false,
      "maximum_absolute_probability_difference": 8.940696716308594e-08
    },
    {
      "path": "runs/breast_cancer/split_29/generation_202/students/copula/augment/11/test",
      "exact": false,
      "maximum_absolute_probability_difference": 5.960464477539063e-08
    },
    {
      "path": "runs/breast_cancer/split_29/generation_202/students/copula/augment/logistic/test",
      "exact": false,
      "maximum_absolute_probability_difference": 2.7755575615628914e-17
    },
    {
      "path": "runs/breast_cancer/split_29/generation_202/students/ctgan/synthetic_only/7/test",
      "exact": false,
      "maximum_absolute_probability_difference": 1.1920928955078125e-07
    },
    {
      "path": "runs/breast_cancer/split_29/generation_202/students/ctgan/synthetic_only/11/test",
      "exact": false,
      "maximum_absolute_probability_difference": 1.1920928955078125e-07
    },
    {
      "path": "runs/breast_cancer/split_29/generation_202/students/ctgan/synthetic_only/logistic/test",
      "exact": false,
      "maximum_absolute_probability_difference": 2.220446049250313e-16
    },
    {
      "path": "runs/breast_cancer/split_29/generation_202/students/ctgan/augment/7/test",
      "exact": false,
      "maximum_absolute_probability_difference": 1.1920928955078125e-07
    },
    {
      "path": "runs/breast_cancer/split_29/generation_202/students/ctgan/augment/11/test",
      "exact": false,
      "maximum_absolute_probability_difference": 1.1920928955078125e-07
    },
    {
      "path": "runs/breast_cancer/split_29/generation_202/students/ctgan/augment/logistic/test",
      "exact": false,
      "maximum_absolute_probability_difference": 1.3877787807814457e-17
    },
    {
      "path": "runs/breast_cancer/split_29/generation_202/students/tvae/synthetic_only/7/test",
      "exact": false,
      "maximum_absolute_probability_difference": 1.1920928955078125e-07
    },
    {
      "path": "runs/breast_cancer/split_29/generation_202/students/tvae/synthetic_only/11/test",
      "exact": false,
      "maximum_absolute_probability_difference": 1.1920928955078125e-07
    },
    {
      "path": "runs/breast_cancer/split_29/generation_202/students/tvae/synthetic_only/logistic/test",
      "exact": false,
      "maximum_absolute_probability_difference": 1.734723475976807e-18
    },
    {
      "path": "runs/breast_cancer/split_29/generation_202/students/tvae/augment/7/test",
      "exact": false,
      "maximum_absolute_probability_difference": 1.1920928955078125e-07
    },
    {
      "path": "runs/breast_cancer/split_29/generation_202/students/tvae/augment/11/test",
      "exact": false,
      "maximum_absolute_probability_difference": 1.1920928955078125e-07
    },
    {
      "path": "runs/breast_cancer/split_29/generation_202/students/tvae/augment/logistic/test",
      "exact": false,
      "maximum_absolute_probability_difference": 2.7755575615628914e-17
    },
    {
      "path": "runs/breast_cancer/split_29/generation_202/students/ddpm/synthetic_only/7/test",
      "exact": false,
      "maximum_absolute_probability_difference": 1.1920928955078125e-07
    },
    {
      "path": "runs/breast_cancer/split_29/generation_202/students/ddpm/synthetic_only/11/test",
      "exact": false,
      "maximum_absolute_probability_difference": 5.960464477539063e-08
    },
    {
      "path": "runs/breast_cancer/split_29/generation_202/students/ddpm/synthetic_only/logistic/test",
      "exact": false,
      "maximum_absolute_probability_difference": 2.7755575615628914e-17
    },
    {
      "path": "runs/breast_cancer/split_29/generation_202/students/ddpm/augment/7/test",
      "exact": false,
      "maximum_absolute_probability_difference": 5.960464477539063e-08
    },
    {
      "path": "runs/breast_cancer/split_29/generation_202/students/ddpm/augment/11/test",
      "exact": false,
      "maximum_absolute_probability_difference": 1.1920928955078125e-07
    },
    {
      "path": "runs/breast_cancer/split_29/generation_202/students/ddpm/augment/logistic/test",
      "exact": false,
      "maximum_absolute_probability_difference": 5.551115123125783e-17
    },
    {
      "path": "runs/breast_cancer/split_29/generation_202/students/ctgan_unpacked/synthetic_only/7/test",
      "exact": false,
      "maximum_absolute_probability_difference": 5.960464477539063e-08
    },
    {
      "path": "runs/breast_cancer/split_29/generation_202/students/ctgan_unpacked/synthetic_only/11/test",
      "exact": false,
      "maximum_absolute_probability_difference": 1.1920928955078125e-07
    },
    {
      "path": "runs/breast_cancer/split_29/generation_202/students/ctgan_unpacked/synthetic_only/logistic/test",
      "exact": false,
      "maximum_absolute_probability_difference": 2.220446049250313e-16
    },
    {
      "path": "runs/breast_cancer/split_29/generation_202/students/ctgan_unpacked/augment/7/test",
      "exact": false,
      "maximum_absolute_probability_difference": 8.940696716308594e-08
    },
    {
      "path": "runs/breast_cancer/split_29/generation_202/students/ctgan_unpacked/augment/11/test",
      "exact": false,
      "maximum_absolute_probability_difference": 1.1920928955078125e-07
    },
    {
      "path": "runs/breast_cancer/split_29/generation_202/students/ctgan_unpacked/augment/logistic/test",
      "exact": false,
      "maximum_absolute_probability_difference": 1.1102230246251565e-16
    },
    {
      "path": "runs/breast_cancer/split_29/generation_202/students/ctgan_one_mode/synthetic_only/7/test",
      "exact": false,
      "maximum_absolute_probability_difference": 1.1920928955078125e-07
    },
    {
      "path": "runs/breast_cancer/split_29/generation_202/students/ctgan_one_mode/synthetic_only/11/test",
      "exact": false,
      "maximum_absolute_probability_difference": 1.1920928955078125e-07
    },
    {
      "path": "runs/breast_cancer/split_29/generation_202/students/ctgan_one_mode/synthetic_only/logistic/test",
      "exact": false,
      "maximum_absolute_probability_difference": 5.551115123125783e-17
    },
    {
      "path": "runs/breast_cancer/split_29/generation_202/students/ctgan_one_mode/augment/7/test",
      "exact": false,
      "maximum_absolute_probability_difference": 8.940696716308594e-08
    },
    {
      "path": "runs/breast_cancer/split_29/generation_202/students/ctgan_one_mode/augment/11/test",
      "exact": false,
      "maximum_absolute_probability_difference": 5.960464477539063e-08
    },
    {
      "path": "runs/breast_cancer/split_29/generation_202/students/ctgan_one_mode/augment/logistic/test",
      "exact": false,
      "maximum_absolute_probability_difference": 2.220446049250313e-16
    },
    {
      "path": "runs/breast_cancer/split_29/generation_202/students/ddpm_unconditional/synthetic_only/7/test",
      "exact": false,
      "maximum_absolute_probability_difference": 1.1920928955078125e-07
    },
    {
      "path": "runs/breast_cancer/split_29/generation_202/students/ddpm_unconditional/synthetic_only/11/test",
      "exact": false,
      "maximum_absolute_probability_difference": 1.1920928955078125e-07
    },
    {
      "path": "runs/breast_cancer/split_29/generation_202/students/ddpm_unconditional/synthetic_only/logistic/test",
      "exact": false,
      "maximum_absolute_probability_difference": 1.1102230246251565e-16
    },
    {
      "path": "runs/breast_cancer/split_29/generation_202/students/ddpm_unconditional/augment/7/test",
      "exact": false,
      "maximum_absolute_probability_difference": 1.1920928955078125e-07
    },
    {
      "path": "runs/breast_cancer/split_29/generation_202/students/ddpm_unconditional/augment/11/test",
      "exact": false,
      "maximum_absolute_probability_difference": 1.1920928955078125e-07
    },
    {
      "path": "runs/breast_cancer/split_29/generation_202/students/ddpm_unconditional/augment/logistic/test",
      "exact": false,
      "maximum_absolute_probability_difference": 1.1102230246251565e-16
    },
    {
      "path": "runs/breast_cancer/split_29/generation_202/students/ddpm_standardized/synthetic_only/7/test",
      "exact": false,
      "maximum_absolute_probability_difference": 1.1920928955078125e-07
    },
    {
      "path": "runs/breast_cancer/split_29/generation_202/students/ddpm_standardized/synthetic_only/11/test",
      "exact": false,
      "maximum_absolute_probability_difference": 1.1920928955078125e-07
    },
    {
      "path": "runs/breast_cancer/split_29/generation_202/students/ddpm_standardized/synthetic_only/logistic/test",
      "exact": false,
      "maximum_absolute_probability_difference": 5.551115123125783e-17
    },
    {
      "path": "runs/breast_cancer/split_29/generation_202/students/ddpm_standardized/augment/7/test",
      "exact": false,
      "maximum_absolute_probability_difference": 1.1920928955078125e-07
    },
    {
      "path": "runs/breast_cancer/split_29/generation_202/students/ddpm_standardized/augment/11/test",
      "exact": false,
      "maximum_absolute_probability_difference": 1.1920928955078125e-07
    },
    {
      "path": "runs/breast_cancer/split_29/generation_202/students/ddpm_standardized/augment/logistic/test",
      "exact": false,
      "maximum_absolute_probability_difference": 1.1102230246251565e-16
    },
    {
      "path": "runs/breast_cancer/split_29/generation_202/students/mixture_uniform/synthetic_only/7/test",
      "exact": false,
      "maximum_absolute_probability_difference": 5.960464477539063e-08
    },
    {
      "path": "runs/breast_cancer/split_29/generation_202/students/mixture_uniform/synthetic_only/11/test",
      "exact": false,
      "maximum_absolute_probability_difference": 1.1920928955078125e-07
    },
    {
      "path": "runs/breast_cancer/split_29/generation_202/students/mixture_uniform/synthetic_only/logistic/test",
      "exact": false,
      "maximum_absolute_probability_difference": 3.469446951953614e-18
    },
    {
      "path": "runs/breast_cancer/split_29/generation_202/students/mixture_uniform/augment/7/test",
      "exact": false,
      "maximum_absolute_probability_difference": 1.1920928955078125e-07
    },
    {
      "path": "runs/breast_cancer/split_29/generation_202/students/mixture_uniform/augment/11/test",
      "exact": false,
      "maximum_absolute_probability_difference": 1.1920928955078125e-07
    },
    {
      "path": "runs/breast_cancer/split_29/generation_202/students/mixture_uniform/augment/logistic/test",
      "exact": false,
      "maximum_absolute_probability_difference": 5.551115123125783e-17
    },
    {
      "path": "runs/breast_cancer/split_29/generation_202/students/mixture_utility/synthetic_only/7/test",
      "exact": false,
      "maximum_absolute_probability_difference": 1.1920928955078125e-07
    },
    {
      "path": "runs/breast_cancer/split_29/generation_202/students/mixture_utility/synthetic_only/11/test",
      "exact": false,
      "maximum_absolute_probability_difference": 1.1920928955078125e-07
    },
    {
      "path": "runs/breast_cancer/split_29/generation_202/students/mixture_utility/synthetic_only/logistic/test",
      "exact": false,
      "maximum_absolute_probability_difference": 2.220446049250313e-16
    },
    {
      "path": "runs/breast_cancer/split_29/generation_202/students/mixture_utility/augment/7/test",
      "exact": false,
      "maximum_absolute_probability_difference": 7.450580596923828e-08
    },
    {
      "path": "runs/breast_cancer/split_29/generation_202/students/mixture_utility/augment/11/test",
      "exact": false,
      "maximum_absolute_probability_difference": 5.960464477539063e-08
    },
    {
      "path": "runs/breast_cancer/split_29/generation_202/students/mixture_utility/augment/logistic/test",
      "exact": false,
      "maximum_absolute_probability_difference": 1.1102230246251565e-16
    },
    {
      "path": "runs/breast_cancer/split_29/generation_202/students/mixture_support/synthetic_only/7/test",
      "exact": false,
      "maximum_absolute_probability_difference": 5.960464477539063e-08
    },
    {
      "path": "runs/breast_cancer/split_29/generation_202/students/mixture_support/synthetic_only/11/test",
      "exact": false,
      "maximum_absolute_probability_difference": 1.1920928955078125e-07
    },
    {
      "path": "runs/breast_cancer/split_29/generation_202/students/mixture_support/synthetic_only/logistic/test",
      "exact": false,
      "maximum_absolute_probability_difference": 5.551115123125783e-17
    },
    {
      "path": "runs/breast_cancer/split_29/generation_202/students/mixture_support/augment/7/test",
      "exact": false,
      "maximum_absolute_probability_difference": 5.960464477539063e-08
    },
    {
      "path": "runs/breast_cancer/split_29/generation_202/students/mixture_support/augment/11/test",
      "exact": false,
      "maximum_absolute_probability_difference": 1.1920928955078125e-07
    },
    {
      "path": "runs/breast_cancer/split_29/generation_202/students/mixture_support/augment/logistic/test",
      "exact": false,
      "maximum_absolute_probability_difference": 1.1102230246251565e-16
    },
    {
      "path": "runs/breast_cancer/split_29/generation_202/students/mixture_utility_support/synthetic_only/7/test",
      "exact": false,
      "maximum_absolute_probability_difference": 1.1920928955078125e-07
    },
    {
      "path": "runs/breast_cancer/split_29/generation_202/students/mixture_utility_support/synthetic_only/11/test",
      "exact": false,
      "maximum_absolute_probability_difference": 1.1920928955078125e-07
    },
    {
      "path": "runs/breast_cancer/split_29/generation_202/students/mixture_utility_support/synthetic_only/logistic/test",
      "exact": false,
      "maximum_absolute_probability_difference": 1.1102230246251565e-16
    },
    {
      "path": "runs/breast_cancer/split_29/generation_202/students/mixture_utility_support/augment/7/test",
      "exact": false,
      "maximum_absolute_probability_difference": 5.960464477539063e-08
    },
    {
      "path": "runs/breast_cancer/split_29/generation_202/students/mixture_utility_support/augment/11/test",
      "exact": false,
      "maximum_absolute_probability_difference": 1.1920928955078125e-07
    },
    {
      "path": "runs/breast_cancer/split_29/generation_202/students/mixture_utility_support/augment/logistic/test",
      "exact": false,
      "maximum_absolute_probability_difference": 2.7755575615628914e-17
    },
    {
      "path": "runs/breast_cancer/split_41/generation_101/students/real_only/real_only/7/test",
      "exact": false,
      "maximum_absolute_probability_difference": 1.1920928955078125e-07
    },
    {
      "path": "runs/breast_cancer/split_41/generation_101/students/real_only/real_only/11/test",
      "exact": false,
      "maximum_absolute_probability_difference": 1.1920928955078125e-07
    },
    {
      "path": "runs/breast_cancer/split_41/generation_101/students/real_only/real_only/logistic/test",
      "exact": false,
      "maximum_absolute_probability_difference": 5.551115123125783e-17
    },
    {
      "path": "runs/breast_cancer/split_41/generation_101/students/bootstrap/synthetic_only/7/test",
      "exact": false,
      "maximum_absolute_probability_difference": 1.1920928955078125e-07
    },
    {
      "path": "runs/breast_cancer/split_41/generation_101/students/bootstrap/synthetic_only/11/test",
      "exact": false,
      "maximum_absolute_probability_difference": 5.960464477539063e-08
    },
    {
      "path": "runs/breast_cancer/split_41/generation_101/students/bootstrap/synthetic_only/logistic/test",
      "exact": false,
      "maximum_absolute_probability_difference": 8.673617379884035e-19
    },
    {
      "path": "runs/breast_cancer/split_41/generation_101/students/bootstrap/augment/7/test",
      "exact": false,
      "maximum_absolute_probability_difference": 1.1920928955078125e-07
    },
    {
      "path": "runs/breast_cancer/split_41/generation_101/students/bootstrap/augment/11/test",
      "exact": false,
      "maximum_absolute_probability_difference": 5.960464477539063e-08
    },
    {
      "path": "runs/breast_cancer/split_41/generation_101/students/bootstrap/augment/logistic/test",
      "exact": false,
      "maximum_absolute_probability_difference": 2.168404344971009e-19
    },
    {
      "path": "runs/breast_cancer/split_41/generation_101/students/smote/synthetic_only/7/test",
      "exact": false,
      "maximum_absolute_probability_difference": 5.960464477539063e-08
    },
    {
      "path": "runs/breast_cancer/split_41/generation_101/students/smote/synthetic_only/11/test",
      "exact": false,
      "maximum_absolute_probability_difference": 2.9802322387695312e-08
    },
    {
      "path": "runs/breast_cancer/split_41/generation_101/students/smote/synthetic_only/logistic/test",
      "exact": false,
      "maximum_absolute_probability_difference": 2.7755575615628914e-17
    },
    {
      "path": "runs/breast_cancer/split_41/generation_101/students/smote/augment/7/test",
      "exact": false,
      "maximum_absolute_probability_difference": 1.1920928955078125e-07
    },
    {
      "path": "runs/breast_cancer/split_41/generation_101/students/smote/augment/11/test",
      "exact": false,
      "maximum_absolute_probability_difference": 1.1920928955078125e-07
    },
    {
      "path": "runs/breast_cancer/split_41/generation_101/students/smote/augment/logistic/test",
      "exact": false,
      "maximum_absolute_probability_difference": 1.3877787807814457e-17
    },
    {
      "path": "runs/breast_cancer/split_41/generation_101/students/copula/synthetic_only/7/test",
      "exact": false,
      "maximum_absolute_probability_difference": 1.1920928955078125e-07
    },
    {
      "path": "runs/breast_cancer/split_41/generation_101/students/copula/synthetic_only/11/test",
      "exact": false,
      "maximum_absolute_probability_difference": 1.1920928955078125e-07
    },
    {
      "path": "runs/breast_cancer/split_41/generation_101/students/copula/synthetic_only/logistic/test",
      "exact": false,
      "maximum_absolute_probability_difference": 5.551115123125783e-17
    },
    {
      "path": "runs/breast_cancer/split_41/generation_101/students/copula/augment/7/test",
      "exact": false,
      "maximum_absolute_probability_difference": 5.960464477539063e-08
    },
    {
      "path": "runs/breast_cancer/split_41/generation_101/students/copula/augment/11/test",
      "exact": false,
      "maximum_absolute_probability_difference": 2.9802322387695312e-08
    },
    {
      "path": "runs/breast_cancer/split_41/generation_101/students/copula/augment/logistic/test",
      "exact": false,
      "maximum_absolute_probability_difference": 1.734723475976807e-18
    },
    {
      "path": "runs/breast_cancer/split_41/generation_101/students/ctgan/synthetic_only/7/test",
      "exact": false,
      "maximum_absolute_probability_difference": 1.1920928955078125e-07
    },
    {
      "path": "runs/breast_cancer/split_41/generation_101/students/ctgan/synthetic_only/11/test",
      "exact": false,
      "maximum_absolute_probability_difference": 1.1920928955078125e-07
    },
    {
      "path": "runs/breast_cancer/split_41/generation_101/students/ctgan/synthetic_only/logistic/test",
      "exact": false,
      "maximum_absolute_probability_difference": 1.3877787807814457e-17
    },
    {
      "path": "runs/breast_cancer/split_41/generation_101/students/ctgan/augment/7/test",
      "exact": false,
      "maximum_absolute_probability_difference": 5.960464477539063e-08
    },
    {
      "path": "runs/breast_cancer/split_41/generation_101/students/ctgan/augment/11/test",
      "exact": false,
      "maximum_absolute_probability_difference": 1.1920928955078125e-07
    },
    {
      "path": "runs/breast_cancer/split_41/generation_101/students/ctgan/augment/logistic/test",
      "exact": false,
      "maximum_absolute_probability_difference": 1.1102230246251565e-16
    },
    {
      "path": "runs/breast_cancer/split_41/generation_101/students/tvae/synthetic_only/7/test",
      "exact": false,
      "maximum_absolute_probability_difference": 5.960464477539063e-08
    },
    {
      "path": "runs/breast_cancer/split_41/generation_101/students/tvae/synthetic_only/11/test",
      "exact": false,
      "maximum_absolute_probability_difference": 1.1920928955078125e-07
    },
    {
      "path": "runs/breast_cancer/split_41/generation_101/students/tvae/synthetic_only/logistic/test",
      "exact": false,
      "maximum_absolute_probability_difference": 3.469446951953614e-18
    },
    {
      "path": "runs/breast_cancer/split_41/generation_101/students/tvae/augment/7/test",
      "exact": false,
      "maximum_absolute_probability_difference": 8.940696716308594e-08
    },
    {
      "path": "runs/breast_cancer/split_41/generation_101/students/tvae/augment/11/test",
      "exact": false,
      "maximum_absolute_probability_difference": 5.960464477539063e-08
    },
    {
      "path": "runs/breast_cancer/split_41/generation_101/students/tvae/augment/logistic/test",
      "exact": false,
      "maximum_absolute_probability_difference": 3.469446951953614e-18
    },
    {
      "path": "runs/breast_cancer/split_41/generation_101/students/ddpm/synthetic_only/7/test",
      "exact": false,
      "maximum_absolute_probability_difference": 1.1920928955078125e-07
    },
    {
      "path": "runs/breast_cancer/split_41/generation_101/students/ddpm/synthetic_only/11/test",
      "exact": false,
      "maximum_absolute_probability_difference": 1.1920928955078125e-07
    },
    {
      "path": "runs/breast_cancer/split_41/generation_101/students/ddpm/synthetic_only/logistic/test",
      "exact": false,
      "maximum_absolute_probability_difference": 2.7755575615628914e-17
    },
    {
      "path": "runs/breast_cancer/split_41/generation_101/students/ddpm/augment/7/test",
      "exact": false,
      "maximum_absolute_probability_difference": 1.1920928955078125e-07
    },
    {
      "path": "runs/breast_cancer/split_41/generation_101/students/ddpm/augment/11/test",
      "exact": false,
      "maximum_absolute_probability_difference": 5.960464477539063e-08
    },
    {
      "path": "runs/breast_cancer/split_41/generation_101/students/ddpm/augment/logistic/test",
      "exact": false,
      "maximum_absolute_probability_difference": 5.551115123125783e-17
    },
    {
      "path": "runs/breast_cancer/split_41/generation_101/students/ctgan_unpacked/synthetic_only/7/test",
      "exact": false,
      "maximum_absolute_probability_difference": 5.960464477539063e-08
    },
    {
      "path": "runs/breast_cancer/split_41/generation_101/students/ctgan_unpacked/synthetic_only/11/test",
      "exact": false,
      "maximum_absolute_probability_difference": 1.1920928955078125e-07
    },
    {
      "path": "runs/breast_cancer/split_41/generation_101/students/ctgan_unpacked/synthetic_only/logistic/test",
      "exact": false,
      "maximum_absolute_probability_difference": 1.1102230246251565e-16
    },
    {
      "path": "runs/breast_cancer/split_41/generation_101/students/ctgan_unpacked/augment/7/test",
      "exact": false,
      "maximum_absolute_probability_difference": 5.960464477539063e-08
    },
    {
      "path": "runs/breast_cancer/split_41/generation_101/students/ctgan_unpacked/augment/11/test",
      "exact": false,
      "maximum_absolute_probability_difference": 5.960464477539063e-08
    },
    {
      "path": "runs/breast_cancer/split_41/generation_101/students/ctgan_unpacked/augment/logistic/test",
      "exact": false,
      "maximum_absolute_probability_difference": 2.7755575615628914e-17
    },
    {
      "path": "runs/breast_cancer/split_41/generation_101/students/ctgan_one_mode/synthetic_only/7/test",
      "exact": false,
      "maximum_absolute_probability_difference": 5.960464477539063e-08
    },
    {
      "path": "runs/breast_cancer/split_41/generation_101/students/ctgan_one_mode/synthetic_only/11/test",
      "exact": false,
      "maximum_absolute_probability_difference": 1.1920928955078125e-07
    },
    {
      "path": "runs/breast_cancer/split_41/generation_101/students/ctgan_one_mode/synthetic_only/logistic/test",
      "exact": false,
      "maximum_absolute_probability_difference": 5.551115123125783e-17
    },
    {
      "path": "runs/breast_cancer/split_41/generation_101/students/ctgan_one_mode/augment/7/test",
      "exact": false,
      "maximum_absolute_probability_difference": 1.1920928955078125e-07
    },
    {
      "path": "runs/breast_cancer/split_41/generation_101/students/ctgan_one_mode/augment/11/test",
      "exact": false,
      "maximum_absolute_probability_difference": 1.1920928955078125e-07
    },
    {
      "path": "runs/breast_cancer/split_41/generation_101/students/ctgan_one_mode/augment/logistic/test",
      "exact": false,
      "maximum_absolute_probability_difference": 1.1102230246251565e-16
    },
    {
      "path": "runs/breast_cancer/split_41/generation_101/students/ddpm_unconditional/synthetic_only/7/test",
      "exact": false,
      "maximum_absolute_probability_difference": 1.1920928955078125e-07
    },
    {
      "path": "runs/breast_cancer/split_41/generation_101/students/ddpm_unconditional/synthetic_only/11/test",
      "exact": false,
      "maximum_absolute_probability_difference": 1.1920928955078125e-07
    },
    {
      "path": "runs/breast_cancer/split_41/generation_101/students/ddpm_unconditional/synthetic_only/logistic/test",
      "exact": false,
      "maximum_absolute_probability_difference": 1.1102230246251565e-16
    },
    {
      "path": "runs/breast_cancer/split_41/generation_101/students/ddpm_unconditional/augment/7/test",
      "exact": false,
      "maximum_absolute_probability_difference": 1.1920928955078125e-07
    },
    {
      "path": "runs/breast_cancer/split_41/generation_101/students/ddpm_unconditional/augment/11/test",
      "exact": false,
      "maximum_absolute_probability_difference": 1.1920928955078125e-07
    },
    {
      "path": "runs/breast_cancer/split_41/generation_101/students/ddpm_unconditional/augment/logistic/test",
      "exact": false,
      "maximum_absolute_probability_difference": 1.1102230246251565e-16
    },
    {
      "path": "runs/breast_cancer/split_41/generation_101/students/ddpm_standardized/synthetic_only/7/test",
      "exact": false,
      "maximum_absolute_probability_difference": 7.450580596923828e-08
    },
    {
      "path": "runs/breast_cancer/split_41/generation_101/students/ddpm_standardized/synthetic_only/11/test",
      "exact": false,
      "maximum_absolute_probability_difference": 1.1920928955078125e-07
    },
    {
      "path": "runs/breast_cancer/split_41/generation_101/students/ddpm_standardized/synthetic_only/logistic/test",
      "exact": false,
      "maximum_absolute_probability_difference": 1.1102230246251565e-16
    },
    {
      "path": "runs/breast_cancer/split_41/generation_101/students/ddpm_standardized/augment/7/test",
      "exact": false,
      "maximum_absolute_probability_difference": 5.960464477539063e-08
    },
    {
      "path": "runs/breast_cancer/split_41/generation_101/students/ddpm_standardized/augment/11/test",
      "exact": false,
      "maximum_absolute_probability_difference": 5.960464477539063e-08
    },
    {
      "path": "runs/breast_cancer/split_41/generation_101/students/ddpm_standardized/augment/logistic/test",
      "exact": false,
      "maximum_absolute_probability_difference": 1.1102230246251565e-16
    },
    {
      "path": "runs/breast_cancer/split_41/generation_101/students/mixture_uniform/synthetic_only/7/test",
      "exact": false,
      "maximum_absolute_probability_difference": 5.960464477539063e-08
    },
    {
      "path": "runs/breast_cancer/split_41/generation_101/students/mixture_uniform/synthetic_only/11/test",
      "exact": false,
      "maximum_absolute_probability_difference": 8.940696716308594e-08
    },
    {
      "path": "runs/breast_cancer/split_41/generation_101/students/mixture_uniform/synthetic_only/logistic/test",
      "exact": false,
      "maximum_absolute_probability_difference": 5.551115123125783e-17
    },
    {
      "path": "runs/breast_cancer/split_41/generation_101/students/mixture_uniform/augment/7/test",
      "exact": false,
      "maximum_absolute_probability_difference": 5.960464477539063e-08
    },
    {
      "path": "runs/breast_cancer/split_41/generation_101/students/mixture_uniform/augment/11/test",
      "exact": false,
      "maximum_absolute_probability_difference": 5.960464477539063e-08
    },
    {
      "path": "runs/breast_cancer/split_41/generation_101/students/mixture_uniform/augment/logistic/test",
      "exact": false,
      "maximum_absolute_probability_difference": 5.551115123125783e-17
    },
    {
      "path": "runs/breast_cancer/split_41/generation_101/students/mixture_utility/synthetic_only/7/test",
      "exact": false,
      "maximum_absolute_probability_difference": 1.1920928955078125e-07
    },
    {
      "path": "runs/breast_cancer/split_41/generation_101/students/mixture_utility/synthetic_only/11/test",
      "exact": false,
      "maximum_absolute_probability_difference": 4.470348358154297e-08
    },
    {
      "path": "runs/breast_cancer/split_41/generation_101/students/mixture_utility/synthetic_only/logistic/test",
      "exact": false,
      "maximum_absolute_probability_difference": 2.220446049250313e-16
    },
    {
      "path": "runs/breast_cancer/split_41/generation_101/students/mixture_utility/augment/7/test",
      "exact": false,
      "maximum_absolute_probability_difference": 1.1920928955078125e-07
    },
    {
      "path": "runs/breast_cancer/split_41/generation_101/students/mixture_utility/augment/11/test",
      "exact": false,
      "maximum_absolute_probability_difference": 5.960464477539063e-08
    },
    {
      "path": "runs/breast_cancer/split_41/generation_101/students/mixture_utility/augment/logistic/test",
      "exact": false,
      "maximum_absolute_probability_difference": 1.1102230246251565e-16
    },
    {
      "path": "runs/breast_cancer/split_41/generation_101/students/mixture_support/synthetic_only/7/test",
      "exact": false,
      "maximum_absolute_probability_difference": 2.9802322387695312e-08
    },
    {
      "path": "runs/breast_cancer/split_41/generation_101/students/mixture_support/synthetic_only/11/test",
      "exact": false,
      "maximum_absolute_probability_difference": 2.9802322387695312e-08
    },
    {
      "path": "runs/breast_cancer/split_41/generation_101/students/mixture_support/synthetic_only/logistic/test",
      "exact": false,
      "maximum_absolute_probability_difference": 2.7755575615628914e-17
    },
    {
      "path": "runs/breast_cancer/split_41/generation_101/students/mixture_support/augment/7/test",
      "exact": false,
      "maximum_absolute_probability_difference": 1.1920928955078125e-07
    },
    {
      "path": "runs/breast_cancer/split_41/generation_101/students/mixture_support/augment/11/test",
      "exact": false,
      "maximum_absolute_probability_difference": 1.1920928955078125e-07
    },
    {
      "path": "runs/breast_cancer/split_41/generation_101/students/mixture_support/augment/logistic/test",
      "exact": false,
      "maximum_absolute_probability_difference": 2.7755575615628914e-17
    },
    {
      "path": "runs/breast_cancer/split_41/generation_101/students/mixture_utility_support/synthetic_only/7/test",
      "exact": false,
      "maximum_absolute_probability_difference": 1.1920928955078125e-07
    },
    {
      "path": "runs/breast_cancer/split_41/generation_101/students/mixture_utility_support/synthetic_only/11/test",
      "exact": false,
      "maximum_absolute_probability_difference": 1.1920928955078125e-07
    },
    {
      "path": "runs/breast_cancer/split_41/generation_101/students/mixture_utility_support/synthetic_only/logistic/test",
      "exact": false,
      "maximum_absolute_probability_difference": 5.551115123125783e-17
    },
    {
      "path": "runs/breast_cancer/split_41/generation_101/students/mixture_utility_support/augment/7/test",
      "exact": false,
      "maximum_absolute_probability_difference": 1.1920928955078125e-07
    },
    {
      "path": "runs/breast_cancer/split_41/generation_101/students/mixture_utility_support/augment/11/test",
      "exact": false,
      "maximum_absolute_probability_difference": 1.862645149230957e-08
    },
    {
      "path": "runs/breast_cancer/split_41/generation_101/students/mixture_utility_support/augment/logistic/test",
      "exact": false,
      "maximum_absolute_probability_difference": 1.3877787807814457e-17
    },
    {
      "path": "runs/breast_cancer/split_41/generation_202/students/real_only/real_only/7/test",
      "exact": false,
      "maximum_absolute_probability_difference": 1.1920928955078125e-07
    },
    {
      "path": "runs/breast_cancer/split_41/generation_202/students/real_only/real_only/11/test",
      "exact": false,
      "maximum_absolute_probability_difference": 1.1920928955078125e-07
    },
    {
      "path": "runs/breast_cancer/split_41/generation_202/students/real_only/real_only/logistic/test",
      "exact": false,
      "maximum_absolute_probability_difference": 5.551115123125783e-17
    },
    {
      "path": "runs/breast_cancer/split_41/generation_202/students/bootstrap/synthetic_only/7/test",
      "exact": false,
      "maximum_absolute_probability_difference": 5.960464477539063e-08
    },
    {
      "path": "runs/breast_cancer/split_41/generation_202/students/bootstrap/synthetic_only/11/test",
      "exact": false,
      "maximum_absolute_probability_difference": 2.9802322387695312e-08
    },
    {
      "path": "runs/breast_cancer/split_41/generation_202/students/bootstrap/synthetic_only/logistic/test",
      "exact": false,
      "maximum_absolute_probability_difference": 2.168404344971009e-19
    },
    {
      "path": "runs/breast_cancer/split_41/generation_202/students/bootstrap/augment/7/test",
      "exact": false,
      "maximum_absolute_probability_difference": 2.9802322387695312e-08
    },
    {
      "path": "runs/breast_cancer/split_41/generation_202/students/bootstrap/augment/11/test",
      "exact": false,
      "maximum_absolute_probability_difference": 1.1920928955078125e-07
    },
    {
      "path": "runs/breast_cancer/split_41/generation_202/students/bootstrap/augment/logistic/test",
      "exact": false,
      "maximum_absolute_probability_difference": 2.220446049250313e-16
    },
    {
      "path": "runs/breast_cancer/split_41/generation_202/students/smote/synthetic_only/7/test",
      "exact": false,
      "maximum_absolute_probability_difference": 5.960464477539063e-08
    },
    {
      "path": "runs/breast_cancer/split_41/generation_202/students/smote/synthetic_only/11/test",
      "exact": false,
      "maximum_absolute_probability_difference": 5.960464477539063e-08
    },
    {
      "path": "runs/breast_cancer/split_41/generation_202/students/smote/synthetic_only/logistic/test",
      "exact": false,
      "maximum_absolute_probability_difference": 1.734723475976807e-18
    },
    {
      "path": "runs/breast_cancer/split_41/generation_202/students/smote/augment/7/test",
      "exact": false,
      "maximum_absolute_probability_difference": 5.960464477539063e-08
    },
    {
      "path": "runs/breast_cancer/split_41/generation_202/students/smote/augment/11/test",
      "exact": false,
      "maximum_absolute_probability_difference": 1.1920928955078125e-07
    },
    {
      "path": "runs/breast_cancer/split_41/generation_202/students/smote/augment/logistic/test",
      "exact": false,
      "maximum_absolute_probability_difference": 2.7755575615628914e-17
    },
    {
      "path": "runs/breast_cancer/split_41/generation_202/students/copula/synthetic_only/7/test",
      "exact": false,
      "maximum_absolute_probability_difference": 1.1920928955078125e-07
    },
    {
      "path": "runs/breast_cancer/split_41/generation_202/students/copula/synthetic_only/11/test",
      "exact": false,
      "maximum_absolute_probability_difference": 1.1920928955078125e-07
    },
    {
      "path": "runs/breast_cancer/split_41/generation_202/students/copula/synthetic_only/logistic/test",
      "exact": false,
      "maximum_absolute_probability_difference": 1.734723475976807e-18
    },
    {
      "path": "runs/breast_cancer/split_41/generation_202/students/copula/augment/7/test",
      "exact": false,
      "maximum_absolute_probability_difference": 5.960464477539063e-08
    },
    {
      "path": "runs/breast_cancer/split_41/generation_202/students/copula/augment/11/test",
      "exact": false,
      "maximum_absolute_probability_difference": 5.960464477539063e-08
    },
    {
      "path": "runs/breast_cancer/split_41/generation_202/students/copula/augment/logistic/test",
      "exact": false,
      "maximum_absolute_probability_difference": 2.220446049250313e-16
    },
    {
      "path": "runs/breast_cancer/split_41/generation_202/students/ctgan/synthetic_only/7/test",
      "exact": false,
      "maximum_absolute_probability_difference": 5.960464477539063e-08
    },
    {
      "path": "runs/breast_cancer/split_41/generation_202/students/ctgan/synthetic_only/11/test",
      "exact": false,
      "maximum_absolute_probability_difference": 1.1920928955078125e-07
    },
    {
      "path": "runs/breast_cancer/split_41/generation_202/students/ctgan/synthetic_only/logistic/test",
      "exact": false,
      "maximum_absolute_probability_difference": 6.938893903907228e-18
    },
    {
      "path": "runs/breast_cancer/split_41/generation_202/students/ctgan/augment/7/test",
      "exact": false,
      "maximum_absolute_probability_difference": 5.960464477539063e-08
    },
    {
      "path": "runs/breast_cancer/split_41/generation_202/students/ctgan/augment/11/test",
      "exact": false,
      "maximum_absolute_probability_difference": 1.1920928955078125e-07
    },
    {
      "path": "runs/breast_cancer/split_41/generation_202/students/ctgan/augment/logistic/test",
      "exact": false,
      "maximum_absolute_probability_difference": 3.469446951953614e-18
    },
    {
      "path": "runs/breast_cancer/split_41/generation_202/students/tvae/synthetic_only/7/test",
      "exact": false,
      "maximum_absolute_probability_difference": 5.960464477539063e-08
    },
    {
      "path": "runs/breast_cancer/split_41/generation_202/students/tvae/synthetic_only/11/test",
      "exact": false,
      "maximum_absolute_probability_difference": 1.1920928955078125e-07
    },
    {
      "path": "runs/breast_cancer/split_41/generation_202/students/tvae/synthetic_only/logistic/test",
      "exact": false,
      "maximum_absolute_probability_difference": 3.469446951953614e-18
    },
    {
      "path": "runs/breast_cancer/split_41/generation_202/students/tvae/augment/7/test",
      "exact": false,
      "maximum_absolute_probability_difference": 1.1920928955078125e-07
    },
    {
      "path": "runs/breast_cancer/split_41/generation_202/students/tvae/augment/11/test",
      "exact": false,
      "maximum_absolute_probability_difference": 1.1920928955078125e-07
    },
    {
      "path": "runs/breast_cancer/split_41/generation_202/students/tvae/augment/logistic/test",
      "exact": false,
      "maximum_absolute_probability_difference": 1.1102230246251565e-16
    },
    {
      "path": "runs/breast_cancer/split_41/generation_202/students/ddpm/synthetic_only/7/test",
      "exact": false,
      "maximum_absolute_probability_difference": 1.1920928955078125e-07
    },
    {
      "path": "runs/breast_cancer/split_41/generation_202/students/ddpm/synthetic_only/11/test",
      "exact": false,
      "maximum_absolute_probability_difference": 1.1920928955078125e-07
    },
    {
      "path": "runs/breast_cancer/split_41/generation_202/students/ddpm/synthetic_only/logistic/test",
      "exact": false,
      "maximum_absolute_probability_difference": 1.1102230246251565e-16
    },
    {
      "path": "runs/breast_cancer/split_41/generation_202/students/ddpm/augment/7/test",
      "exact": false,
      "maximum_absolute_probability_difference": 6.705522537231445e-08
    },
    {
      "path": "runs/breast_cancer/split_41/generation_202/students/ddpm/augment/11/test",
      "exact": false,
      "maximum_absolute_probability_difference": 1.1920928955078125e-07
    },
    {
      "path": "runs/breast_cancer/split_41/generation_202/students/ddpm/augment/logistic/test",
      "exact": false,
      "maximum_absolute_probability_difference": 1.3877787807814457e-17
    },
    {
      "path": "runs/breast_cancer/split_41/generation_202/students/ctgan_unpacked/synthetic_only/7/test",
      "exact": false,
      "maximum_absolute_probability_difference": 1.1920928955078125e-07
    },
    {
      "path": "runs/breast_cancer/split_41/generation_202/students/ctgan_unpacked/synthetic_only/11/test",
      "exact": false,
      "maximum_absolute_probability_difference": 5.960464477539063e-08
    },
    {
      "path": "runs/breast_cancer/split_41/generation_202/students/ctgan_unpacked/synthetic_only/logistic/test",
      "exact": false,
      "maximum_absolute_probability_difference": 1.1102230246251565e-16
    },
    {
      "path": "runs/breast_cancer/split_41/generation_202/students/ctgan_unpacked/augment/7/test",
      "exact": false,
      "maximum_absolute_probability_difference": 1.1920928955078125e-07
    },
    {
      "path": "runs/breast_cancer/split_41/generation_202/students/ctgan_unpacked/augment/11/test",
      "exact": false,
      "maximum_absolute_probability_difference": 5.960464477539063e-08
    },
    {
      "path": "runs/breast_cancer/split_41/generation_202/students/ctgan_unpacked/augment/logistic/test",
      "exact": false,
      "maximum_absolute_probability_difference": 2.7755575615628914e-17
    },
    {
      "path": "runs/breast_cancer/split_41/generation_202/students/ctgan_one_mode/synthetic_only/7/test",
      "exact": false,
      "maximum_absolute_probability_difference": 5.960464477539063e-08
    },
    {
      "path": "runs/breast_cancer/split_41/generation_202/students/ctgan_one_mode/synthetic_only/11/test",
      "exact": false,
      "maximum_absolute_probability_difference": 1.1920928955078125e-07
    },
    {
      "path": "runs/breast_cancer/split_41/generation_202/students/ctgan_one_mode/synthetic_only/logistic/test",
      "exact": false,
      "maximum_absolute_probability_difference": 1.1102230246251565e-16
    },
    {
      "path": "runs/breast_cancer/split_41/generation_202/students/ctgan_one_mode/augment/7/test",
      "exact": false,
      "maximum_absolute_probability_difference": 5.960464477539063e-08
    },
    {
      "path": "runs/breast_cancer/split_41/generation_202/students/ctgan_one_mode/augment/11/test",
      "exact": false,
      "maximum_absolute_probability_difference": 5.960464477539063e-08
    },
    {
      "path": "runs/breast_cancer/split_41/generation_202/students/ctgan_one_mode/augment/logistic/test",
      "exact": false,
      "maximum_absolute_probability_difference": 1.1102230246251565e-16
    },
    {
      "path": "runs/breast_cancer/split_41/generation_202/students/ddpm_unconditional/synthetic_only/7/test",
      "exact": false,
      "maximum_absolute_probability_difference": 5.960464477539063e-08
    },
    {
      "path": "runs/breast_cancer/split_41/generation_202/students/ddpm_unconditional/synthetic_only/11/test",
      "exact": false,
      "maximum_absolute_probability_difference": 1.1920928955078125e-07
    },
    {
      "path": "runs/breast_cancer/split_41/generation_202/students/ddpm_unconditional/synthetic_only/logistic/test",
      "exact": false,
      "maximum_absolute_probability_difference": 1.1102230246251565e-16
    },
    {
      "path": "runs/breast_cancer/split_41/generation_202/students/ddpm_unconditional/augment/7/test",
      "exact": false,
      "maximum_absolute_probability_difference": 1.1920928955078125e-07
    },
    {
      "path": "runs/breast_cancer/split_41/generation_202/students/ddpm_unconditional/augment/11/test",
      "exact": false,
      "maximum_absolute_probability_difference": 1.1920928955078125e-07
    },
    {
      "path": "runs/breast_cancer/split_41/generation_202/students/ddpm_unconditional/augment/logistic/test",
      "exact": false,
      "maximum_absolute_probability_difference": 1.1102230246251565e-16
    },
    {
      "path": "runs/breast_cancer/split_41/generation_202/students/ddpm_standardized/synthetic_only/7/test",
      "exact": false,
      "maximum_absolute_probability_difference": 8.940696716308594e-08
    },
    {
      "path": "runs/breast_cancer/split_41/generation_202/students/ddpm_standardized/synthetic_only/11/test",
      "exact": false,
      "maximum_absolute_probability_difference": 1.1920928955078125e-07
    },
    {
      "path": "runs/breast_cancer/split_41/generation_202/students/ddpm_standardized/synthetic_only/logistic/test",
      "exact": false,
      "maximum_absolute_probability_difference": 5.551115123125783e-17
    },
    {
      "path": "runs/breast_cancer/split_41/generation_202/students/ddpm_standardized/augment/7/test",
      "exact": false,
      "maximum_absolute_probability_difference": 1.1920928955078125e-07
    },
    {
      "path": "runs/breast_cancer/split_41/generation_202/students/ddpm_standardized/augment/11/test",
      "exact": false,
      "maximum_absolute_probability_difference": 1.1920928955078125e-07
    },
    {
      "path": "runs/breast_cancer/split_41/generation_202/students/ddpm_standardized/augment/logistic/test",
      "exact": false,
      "maximum_absolute_probability_difference": 8.673617379884035e-19
    },
    {
      "path": "runs/breast_cancer/split_41/generation_202/students/mixture_uniform/synthetic_only/7/test",
      "exact": false,
      "maximum_absolute_probability_difference": 1.1920928955078125e-07
    },
    {
      "path": "runs/breast_cancer/split_41/generation_202/students/mixture_uniform/synthetic_only/11/test",
      "exact": false,
      "maximum_absolute_probability_difference": 5.960464477539063e-08
    },
    {
      "path": "runs/breast_cancer/split_41/generation_202/students/mixture_uniform/synthetic_only/logistic/test",
      "exact": false,
      "maximum_absolute_probability_difference": 2.7755575615628914e-17
    },
    {
      "path": "runs/breast_cancer/split_41/generation_202/students/mixture_uniform/augment/7/test",
      "exact": false,
      "maximum_absolute_probability_difference": 8.940696716308594e-08
    },
    {
      "path": "runs/breast_cancer/split_41/generation_202/students/mixture_uniform/augment/11/test",
      "exact": false,
      "maximum_absolute_probability_difference": 5.960464477539063e-08
    },
    {
      "path": "runs/breast_cancer/split_41/generation_202/students/mixture_uniform/augment/logistic/test",
      "exact": false,
      "maximum_absolute_probability_difference": 2.7755575615628914e-17
    },
    {
      "path": "runs/breast_cancer/split_41/generation_202/students/mixture_utility/synthetic_only/7/test",
      "exact": false,
      "maximum_absolute_probability_difference": 1.1920928955078125e-07
    },
    {
      "path": "runs/breast_cancer/split_41/generation_202/students/mixture_utility/synthetic_only/11/test",
      "exact": false,
      "maximum_absolute_probability_difference": 5.960464477539063e-08
    },
    {
      "path": "runs/breast_cancer/split_41/generation_202/students/mixture_utility/synthetic_only/logistic/test",
      "exact": false,
      "maximum_absolute_probability_difference": 6.938893903907228e-18
    },
    {
      "path": "runs/breast_cancer/split_41/generation_202/students/mixture_utility/augment/7/test",
      "exact": false,
      "maximum_absolute_probability_difference": 1.1920928955078125e-07
    },
    {
      "path": "runs/breast_cancer/split_41/generation_202/students/mixture_utility/augment/11/test",
      "exact": false,
      "maximum_absolute_probability_difference": 1.1920928955078125e-07
    },
    {
      "path": "runs/breast_cancer/split_41/generation_202/students/mixture_utility/augment/logistic/test",
      "exact": false,
      "maximum_absolute_probability_difference": 1.3877787807814457e-17
    },
    {
      "path": "runs/breast_cancer/split_41/generation_202/students/mixture_support/synthetic_only/7/test",
      "exact": false,
      "maximum_absolute_probability_difference": 5.960464477539063e-08
    },
    {
      "path": "runs/breast_cancer/split_41/generation_202/students/mixture_support/synthetic_only/11/test",
      "exact": false,
      "maximum_absolute_probability_difference": 1.1920928955078125e-07
    },
    {
      "path": "runs/breast_cancer/split_41/generation_202/students/mixture_support/synthetic_only/logistic/test",
      "exact": false,
      "maximum_absolute_probability_difference": 5.551115123125783e-17
    },
    {
      "path": "runs/breast_cancer/split_41/generation_202/students/mixture_support/augment/7/test",
      "exact": false,
      "maximum_absolute_probability_difference": 1.1920928955078125e-07
    },
    {
      "path": "runs/breast_cancer/split_41/generation_202/students/mixture_support/augment/11/test",
      "exact": false,
      "maximum_absolute_probability_difference": 5.960464477539063e-08
    },
    {
      "path": "runs/breast_cancer/split_41/generation_202/students/mixture_support/augment/logistic/test",
      "exact": false,
      "maximum_absolute_probability_difference": 6.938893903907228e-18
    },
    {
      "path": "runs/breast_cancer/split_41/generation_202/students/mixture_utility_support/synthetic_only/7/test",
      "exact": false,
      "maximum_absolute_probability_difference": 5.960464477539063e-08
    },
    {
      "path": "runs/breast_cancer/split_41/generation_202/students/mixture_utility_support/synthetic_only/11/test",
      "exact": false,
      "maximum_absolute_probability_difference": 1.1920928955078125e-07
    },
    {
      "path": "runs/breast_cancer/split_41/generation_202/students/mixture_utility_support/synthetic_only/logistic/test",
      "exact": false,
      "maximum_absolute_probability_difference": 1.1102230246251565e-16
    },
    {
      "path": "runs/breast_cancer/split_41/generation_202/students/mixture_utility_support/augment/7/test",
      "exact": false,
      "maximum_absolute_probability_difference": 1.1920928955078125e-07
    },
    {
      "path": "runs/breast_cancer/split_41/generation_202/students/mixture_utility_support/augment/11/test",
      "exact": false,
      "maximum_absolute_probability_difference": 1.1920928955078125e-07
    },
    {
      "path": "runs/breast_cancer/split_41/generation_202/students/mixture_utility_support/augment/logistic/test",
      "exact": false,
      "maximum_absolute_probability_difference": 2.7755575615628914e-17
    }
  ],
  "nonexact_development_inference": [
    {
      "path": "runs/wine/split_17/generation_101/students/real_only/real_only/7/dev",
      "exact": false,
      "maximum_absolute_probability_difference": 2.384185791015625e-07
    },
    {
      "path": "runs/wine/split_17/generation_101/students/real_only/real_only/11/dev",
      "exact": false,
      "maximum_absolute_probability_difference": 5.960464477539063e-08
    },
    {
      "path": "runs/wine/split_17/generation_101/students/bootstrap/synthetic_only/7/dev",
      "exact": false,
      "maximum_absolute_probability_difference": 1.1920928955078125e-07
    },
    {
      "path": "runs/wine/split_17/generation_101/students/bootstrap/synthetic_only/11/dev",
      "exact": false,
      "maximum_absolute_probability_difference": 1.7881393432617188e-07
    },
    {
      "path": "runs/wine/split_17/generation_101/students/bootstrap/augment/7/dev",
      "exact": false,
      "maximum_absolute_probability_difference": 1.341104507446289e-07
    },
    {
      "path": "runs/wine/split_17/generation_101/students/bootstrap/augment/11/dev",
      "exact": false,
      "maximum_absolute_probability_difference": 5.960464477539063e-08
    },
    {
      "path": "runs/wine/split_17/generation_101/students/smote/synthetic_only/7/dev",
      "exact": false,
      "maximum_absolute_probability_difference": 1.1920928955078125e-07
    },
    {
      "path": "runs/wine/split_17/generation_101/students/smote/synthetic_only/11/dev",
      "exact": false,
      "maximum_absolute_probability_difference": 5.960464477539063e-08
    },
    {
      "path": "runs/wine/split_17/generation_101/students/smote/augment/7/dev",
      "exact": false,
      "maximum_absolute_probability_difference": 1.1920928955078125e-07
    },
    {
      "path": "runs/wine/split_17/generation_101/students/smote/augment/11/dev",
      "exact": false,
      "maximum_absolute_probability_difference": 5.960464477539063e-08
    },
    {
      "path": "runs/wine/split_17/generation_101/students/copula/synthetic_only/7/dev",
      "exact": false,
      "maximum_absolute_probability_difference": 5.960464477539063e-08
    },
    {
      "path": "runs/wine/split_17/generation_101/students/copula/synthetic_only/11/dev",
      "exact": false,
      "maximum_absolute_probability_difference": 7.450580596923828e-08
    },
    {
      "path": "runs/wine/split_17/generation_101/students/copula/augment/7/dev",
      "exact": false,
      "maximum_absolute_probability_difference": 1.1920928955078125e-07
    },
    {
      "path": "runs/wine/split_17/generation_101/students/copula/augment/11/dev",
      "exact": false,
      "maximum_absolute_probability_difference": 1.1920928955078125e-07
    },
    {
      "path": "runs/wine/split_17/generation_101/students/ctgan/synthetic_only/7/dev",
      "exact": false,
      "maximum_absolute_probability_difference": 1.1920928955078125e-07
    },
    {
      "path": "runs/wine/split_17/generation_101/students/ctgan/synthetic_only/11/dev",
      "exact": false,
      "maximum_absolute_probability_difference": 1.1920928955078125e-07
    },
    {
      "path": "runs/wine/split_17/generation_101/students/ctgan/augment/7/dev",
      "exact": false,
      "maximum_absolute_probability_difference": 1.1920928955078125e-07
    },
    {
      "path": "runs/wine/split_17/generation_101/students/ctgan/augment/11/dev",
      "exact": false,
      "maximum_absolute_probability_difference": 1.1920928955078125e-07
    },
    {
      "path": "runs/wine/split_17/generation_101/students/tvae/synthetic_only/7/dev",
      "exact": false,
      "maximum_absolute_probability_difference": 5.960464477539063e-08
    },
    {
      "path": "runs/wine/split_17/generation_101/students/tvae/synthetic_only/11/dev",
      "exact": false,
      "maximum_absolute_probability_difference": 1.1920928955078125e-07
    },
    {
      "path": "runs/wine/split_17/generation_101/students/tvae/augment/7/dev",
      "exact": false,
      "maximum_absolute_probability_difference": 1.1920928955078125e-07
    },
    {
      "path": "runs/wine/split_17/generation_101/students/tvae/augment/11/dev",
      "exact": false,
      "maximum_absolute_probability_difference": 1.1920928955078125e-07
    },
    {
      "path": "runs/wine/split_17/generation_101/students/ddpm/synthetic_only/7/dev",
      "exact": false,
      "maximum_absolute_probability_difference": 1.1920928955078125e-07
    },
    {
      "path": "runs/wine/split_17/generation_101/students/ddpm/synthetic_only/11/dev",
      "exact": false,
      "maximum_absolute_probability_difference": 5.960464477539063e-08
    },
    {
      "path": "runs/wine/split_17/generation_101/students/ddpm/augment/7/dev",
      "exact": false,
      "maximum_absolute_probability_difference": 5.960464477539063e-08
    },
    {
      "path": "runs/wine/split_17/generation_101/students/ddpm/augment/11/dev",
      "exact": false,
      "maximum_absolute_probability_difference": 5.960464477539063e-08
    },
    {
      "path": "runs/wine/split_17/generation_101/students/ctgan_unpacked/synthetic_only/7/dev",
      "exact": false,
      "maximum_absolute_probability_difference": 2.9802322387695312e-08
    },
    {
      "path": "runs/wine/split_17/generation_101/students/ctgan_unpacked/synthetic_only/11/dev",
      "exact": false,
      "maximum_absolute_probability_difference": 1.4901161193847656e-08
    },
    {
      "path": "runs/wine/split_17/generation_101/students/ctgan_unpacked/augment/7/dev",
      "exact": false,
      "maximum_absolute_probability_difference": 5.960464477539063e-08
    },
    {
      "path": "runs/wine/split_17/generation_101/students/ctgan_unpacked/augment/11/dev",
      "exact": false,
      "maximum_absolute_probability_difference": 1.1920928955078125e-07
    },
    {
      "path": "runs/wine/split_17/generation_101/students/ctgan_one_mode/synthetic_only/7/dev",
      "exact": false,
      "maximum_absolute_probability_difference": 2.384185791015625e-07
    },
    {
      "path": "runs/wine/split_17/generation_101/students/ctgan_one_mode/synthetic_only/11/dev",
      "exact": false,
      "maximum_absolute_probability_difference": 2.2351741790771484e-08
    },
    {
      "path": "runs/wine/split_17/generation_101/students/ctgan_one_mode/augment/7/dev",
      "exact": false,
      "maximum_absolute_probability_difference": 1.1920928955078125e-07
    },
    {
      "path": "runs/wine/split_17/generation_101/students/ctgan_one_mode/augment/11/dev",
      "exact": false,
      "maximum_absolute_probability_difference": 3.725290298461914e-09
    },
    {
      "path": "runs/wine/split_17/generation_101/students/ddpm_unconditional/synthetic_only/7/dev",
      "exact": false,
      "maximum_absolute_probability_difference": 8.940696716308594e-08
    },
    {
      "path": "runs/wine/split_17/generation_101/students/ddpm_unconditional/synthetic_only/11/dev",
      "exact": false,
      "maximum_absolute_probability_difference": 5.960464477539063e-08
    },
    {
      "path": "runs/wine/split_17/generation_101/students/ddpm_unconditional/augment/7/dev",
      "exact": false,
      "maximum_absolute_probability_difference": 5.960464477539063e-08
    },
    {
      "path": "runs/wine/split_17/generation_101/students/ddpm_unconditional/augment/11/dev",
      "exact": false,
      "maximum_absolute_probability_difference": 1.1920928955078125e-07
    },
    {
      "path": "runs/wine/split_17/generation_101/students/ddpm_standardized/synthetic_only/7/dev",
      "exact": false,
      "maximum_absolute_probability_difference": 1.1920928955078125e-07
    },
    {
      "path": "runs/wine/split_17/generation_101/students/ddpm_standardized/synthetic_only/11/dev",
      "exact": false,
      "maximum_absolute_probability_difference": 8.940696716308594e-08
    },
    {
      "path": "runs/wine/split_17/generation_101/students/ddpm_standardized/augment/7/dev",
      "exact": false,
      "maximum_absolute_probability_difference": 1.4901161193847656e-08
    },
    {
      "path": "runs/wine/split_17/generation_101/students/ddpm_standardized/augment/11/dev",
      "exact": false,
      "maximum_absolute_probability_difference": 7.450580596923828e-08
    },
    {
      "path": "runs/wine/split_17/generation_101/students/mixture_uniform/synthetic_only/7/dev",
      "exact": false,
      "maximum_absolute_probability_difference": 8.940696716308594e-08
    },
    {
      "path": "runs/wine/split_17/generation_101/students/mixture_uniform/synthetic_only/11/dev",
      "exact": false,
      "maximum_absolute_probability_difference": 5.960464477539063e-08
    },
    {
      "path": "runs/wine/split_17/generation_101/students/mixture_uniform/augment/7/dev",
      "exact": false,
      "maximum_absolute_probability_difference": 1.1920928955078125e-07
    },
    {
      "path": "runs/wine/split_17/generation_101/students/mixture_uniform/augment/11/dev",
      "exact": false,
      "maximum_absolute_probability_difference": 1.1920928955078125e-07
    },
    {
      "path": "runs/wine/split_17/generation_101/students/mixture_utility/synthetic_only/7/dev",
      "exact": false,
      "maximum_absolute_probability_difference": 1.341104507446289e-07
    },
    {
      "path": "runs/wine/split_17/generation_101/students/mixture_utility/synthetic_only/11/dev",
      "exact": false,
      "maximum_absolute_probability_difference": 5.960464477539063e-08
    },
    {
      "path": "runs/wine/split_17/generation_101/students/mixture_utility/augment/7/dev",
      "exact": false,
      "maximum_absolute_probability_difference": 5.960464477539063e-08
    },
    {
      "path": "runs/wine/split_17/generation_101/students/mixture_utility/augment/11/dev",
      "exact": false,
      "maximum_absolute_probability_difference": 2.2351741790771484e-08
    },
    {
      "path": "runs/wine/split_17/generation_101/students/mixture_support/synthetic_only/7/dev",
      "exact": false,
      "maximum_absolute_probability_difference": 1.4901161193847656e-07
    },
    {
      "path": "runs/wine/split_17/generation_101/students/mixture_support/synthetic_only/11/dev",
      "exact": false,
      "maximum_absolute_probability_difference": 5.960464477539063e-08
    },
    {
      "path": "runs/wine/split_17/generation_101/students/mixture_support/augment/7/dev",
      "exact": false,
      "maximum_absolute_probability_difference": 1.6391277313232422e-07
    },
    {
      "path": "runs/wine/split_17/generation_101/students/mixture_support/augment/11/dev",
      "exact": false,
      "maximum_absolute_probability_difference": 1.1920928955078125e-07
    },
    {
      "path": "runs/wine/split_17/generation_101/students/mixture_utility_support/synthetic_only/7/dev",
      "exact": false,
      "maximum_absolute_probability_difference": 5.960464477539063e-08
    },
    {
      "path": "runs/wine/split_17/generation_101/students/mixture_utility_support/synthetic_only/11/dev",
      "exact": false,
      "maximum_absolute_probability_difference": 5.960464477539063e-08
    },
    {
      "path": "runs/wine/split_17/generation_101/students/mixture_utility_support/augment/7/dev",
      "exact": false,
      "maximum_absolute_probability_difference": 5.960464477539063e-08
    },
    {
      "path": "runs/wine/split_17/generation_101/students/mixture_utility_support/augment/11/dev",
      "exact": false,
      "maximum_absolute_probability_difference": 3.725290298461914e-08
    },
    {
      "path": "runs/wine/split_17/generation_202/students/real_only/real_only/7/dev",
      "exact": false,
      "maximum_absolute_probability_difference": 2.384185791015625e-07
    },
    {
      "path": "runs/wine/split_17/generation_202/students/real_only/real_only/11/dev",
      "exact": false,
      "maximum_absolute_probability_difference": 5.960464477539063e-08
    },
    {
      "path": "runs/wine/split_17/generation_202/students/bootstrap/synthetic_only/7/dev",
      "exact": false,
      "maximum_absolute_probability_difference": 1.7881393432617188e-07
    },
    {
      "path": "runs/wine/split_17/generation_202/students/bootstrap/synthetic_only/11/dev",
      "exact": false,
      "maximum_absolute_probability_difference": 1.1920928955078125e-07
    },
    {
      "path": "runs/wine/split_17/generation_202/students/bootstrap/augment/7/dev",
      "exact": false,
      "maximum_absolute_probability_difference": 1.1920928955078125e-07
    },
    {
      "path": "runs/wine/split_17/generation_202/students/bootstrap/augment/11/dev",
      "exact": false,
      "maximum_absolute_probability_difference": 1.1920928955078125e-07
    },
    {
      "path": "runs/wine/split_17/generation_202/students/smote/synthetic_only/7/dev",
      "exact": false,
      "maximum_absolute_probability_difference": 1.1920928955078125e-07
    },
    {
      "path": "runs/wine/split_17/generation_202/students/smote/synthetic_only/11/dev",
      "exact": false,
      "maximum_absolute_probability_difference": 5.960464477539063e-08
    },
    {
      "path": "runs/wine/split_17/generation_202/students/smote/augment/7/dev",
      "exact": false,
      "maximum_absolute_probability_difference": 1.7881393432617188e-07
    },
    {
      "path": "runs/wine/split_17/generation_202/students/smote/augment/11/dev",
      "exact": false,
      "maximum_absolute_probability_difference": 5.960464477539063e-08
    },
    {
      "path": "runs/wine/split_17/generation_202/students/copula/synthetic_only/7/dev",
      "exact": false,
      "maximum_absolute_probability_difference": 1.1920928955078125e-07
    },
    {
      "path": "runs/wine/split_17/generation_202/students/copula/synthetic_only/11/dev",
      "exact": false,
      "maximum_absolute_probability_difference": 1.1920928955078125e-07
    },
    {
      "path": "runs/wine/split_17/generation_202/students/copula/augment/7/dev",
      "exact": false,
      "maximum_absolute_probability_difference": 1.1175870895385742e-08
    },
    {
      "path": "runs/wine/split_17/generation_202/students/copula/augment/11/dev",
      "exact": false,
      "maximum_absolute_probability_difference": 1.1920928955078125e-07
    },
    {
      "path": "runs/wine/split_17/generation_202/students/ctgan/synthetic_only/7/dev",
      "exact": false,
      "maximum_absolute_probability_difference": 2.086162567138672e-07
    },
    {
      "path": "runs/wine/split_17/generation_202/students/ctgan/synthetic_only/11/dev",
      "exact": false,
      "maximum_absolute_probability_difference": 1.7881393432617188e-07
    },
    {
      "path": "runs/wine/split_17/generation_202/students/ctgan/augment/7/dev",
      "exact": false,
      "maximum_absolute_probability_difference": 2.980232238769531e-07
    },
    {
      "path": "runs/wine/split_17/generation_202/students/ctgan/augment/11/dev",
      "exact": false,
      "maximum_absolute_probability_difference": 1.1920928955078125e-07
    },
    {
      "path": "runs/wine/split_17/generation_202/students/tvae/synthetic_only/7/dev",
      "exact": false,
      "maximum_absolute_probability_difference": 1.7881393432617188e-07
    },
    {
      "path": "runs/wine/split_17/generation_202/students/tvae/synthetic_only/11/dev",
      "exact": false,
      "maximum_absolute_probability_difference": 5.960464477539063e-08
    },
    {
      "path": "runs/wine/split_17/generation_202/students/tvae/augment/7/dev",
      "exact": false,
      "maximum_absolute_probability_difference": 1.1920928955078125e-07
    },
    {
      "path": "runs/wine/split_17/generation_202/students/tvae/augment/11/dev",
      "exact": false,
      "maximum_absolute_probability_difference": 1.1920928955078125e-07
    },
    {
      "path": "runs/wine/split_17/generation_202/students/ddpm/synthetic_only/7/dev",
      "exact": false,
      "maximum_absolute_probability_difference": 1.1920928955078125e-07
    },
    {
      "path": "runs/wine/split_17/generation_202/students/ddpm/synthetic_only/11/dev",
      "exact": false,
      "maximum_absolute_probability_difference": 1.1920928955078125e-07
    },
    {
      "path": "runs/wine/split_17/generation_202/students/ddpm/augment/7/dev",
      "exact": false,
      "maximum_absolute_probability_difference": 5.960464477539063e-08
    },
    {
      "path": "runs/wine/split_17/generation_202/students/ddpm/augment/11/dev",
      "exact": false,
      "maximum_absolute_probability_difference": 8.940696716308594e-08
    },
    {
      "path": "runs/wine/split_17/generation_202/students/ctgan_unpacked/synthetic_only/7/dev",
      "exact": false,
      "maximum_absolute_probability_difference": 3.725290298461914e-08
    },
    {
      "path": "runs/wine/split_17/generation_202/students/ctgan_unpacked/synthetic_only/11/dev",
      "exact": false,
      "maximum_absolute_probability_difference": 5.960464477539063e-08
    },
    {
      "path": "runs/wine/split_17/generation_202/students/ctgan_unpacked/augment/7/dev",
      "exact": false,
      "maximum_absolute_probability_difference": 1.862645149230957e-08
    },
    {
      "path": "runs/wine/split_17/generation_202/students/ctgan_unpacked/augment/11/dev",
      "exact": false,
      "maximum_absolute_probability_difference": 1.1920928955078125e-07
    },
    {
      "path": "runs/wine/split_17/generation_202/students/ctgan_one_mode/synthetic_only/7/dev",
      "exact": false,
      "maximum_absolute_probability_difference": 1.1920928955078125e-07
    },
    {
      "path": "runs/wine/split_17/generation_202/students/ctgan_one_mode/synthetic_only/11/dev",
      "exact": false,
      "maximum_absolute_probability_difference": 5.960464477539063e-08
    },
    {
      "path": "runs/wine/split_17/generation_202/students/ctgan_one_mode/augment/7/dev",
      "exact": false,
      "maximum_absolute_probability_difference": 1.1920928955078125e-07
    },
    {
      "path": "runs/wine/split_17/generation_202/students/ctgan_one_mode/augment/11/dev",
      "exact": false,
      "maximum_absolute_probability_difference": 1.1920928955078125e-07
    },
    {
      "path": "runs/wine/split_17/generation_202/students/ddpm_unconditional/synthetic_only/7/dev",
      "exact": false,
      "maximum_absolute_probability_difference": 5.960464477539063e-08
    },
    {
      "path": "runs/wine/split_17/generation_202/students/ddpm_unconditional/synthetic_only/11/dev",
      "exact": false,
      "maximum_absolute_probability_difference": 1.1920928955078125e-07
    },
    {
      "path": "runs/wine/split_17/generation_202/students/ddpm_unconditional/augment/7/dev",
      "exact": false,
      "maximum_absolute_probability_difference": 1.1920928955078125e-07
    },
    {
      "path": "runs/wine/split_17/generation_202/students/ddpm_unconditional/augment/11/dev",
      "exact": false,
      "maximum_absolute_probability_difference": 8.940696716308594e-08
    },
    {
      "path": "runs/wine/split_17/generation_202/students/ddpm_standardized/synthetic_only/7/dev",
      "exact": false,
      "maximum_absolute_probability_difference": 1.1920928955078125e-07
    },
    {
      "path": "runs/wine/split_17/generation_202/students/ddpm_standardized/synthetic_only/11/dev",
      "exact": false,
      "maximum_absolute_probability_difference": 5.960464477539063e-08
    },
    {
      "path": "runs/wine/split_17/generation_202/students/ddpm_standardized/augment/7/dev",
      "exact": false,
      "maximum_absolute_probability_difference": 2.384185791015625e-07
    },
    {
      "path": "runs/wine/split_17/generation_202/students/ddpm_standardized/augment/11/dev",
      "exact": false,
      "maximum_absolute_probability_difference": 1.1920928955078125e-07
    },
    {
      "path": "runs/wine/split_17/generation_202/students/mixture_uniform/synthetic_only/7/dev",
      "exact": false,
      "maximum_absolute_probability_difference": 5.960464477539063e-08
    },
    {
      "path": "runs/wine/split_17/generation_202/students/mixture_uniform/synthetic_only/11/dev",
      "exact": false,
      "maximum_absolute_probability_difference": 1.1920928955078125e-07
    },
    {
      "path": "runs/wine/split_17/generation_202/students/mixture_uniform/augment/7/dev",
      "exact": false,
      "maximum_absolute_probability_difference": 1.1920928955078125e-07
    },
    {
      "path": "runs/wine/split_17/generation_202/students/mixture_uniform/augment/11/dev",
      "exact": false,
      "maximum_absolute_probability_difference": 5.960464477539063e-08
    },
    {
      "path": "runs/wine/split_17/generation_202/students/mixture_utility/synthetic_only/7/dev",
      "exact": false,
      "maximum_absolute_probability_difference": 1.1920928955078125e-07
    },
    {
      "path": "runs/wine/split_17/generation_202/students/mixture_utility/synthetic_only/11/dev",
      "exact": false,
      "maximum_absolute_probability_difference": 1.1920928955078125e-07
    },
    {
      "path": "runs/wine/split_17/generation_202/students/mixture_utility/augment/7/dev",
      "exact": false,
      "maximum_absolute_probability_difference": 1.1920928955078125e-07
    },
    {
      "path": "runs/wine/split_17/generation_202/students/mixture_utility/augment/11/dev",
      "exact": false,
      "maximum_absolute_probability_difference": 1.7881393432617188e-07
    },
    {
      "path": "runs/wine/split_17/generation_202/students/mixture_support/synthetic_only/7/dev",
      "exact": false,
      "maximum_absolute_probability_difference": 8.940696716308594e-08
    },
    {
      "path": "runs/wine/split_17/generation_202/students/mixture_support/synthetic_only/11/dev",
      "exact": false,
      "maximum_absolute_probability_difference": 1.1920928955078125e-07
    },
    {
      "path": "runs/wine/split_17/generation_202/students/mixture_support/augment/7/dev",
      "exact": false,
      "maximum_absolute_probability_difference": 1.7881393432617188e-07
    },
    {
      "path": "runs/wine/split_17/generation_202/students/mixture_support/augment/11/dev",
      "exact": false,
      "maximum_absolute_probability_difference": 1.1920928955078125e-07
    },
    {
      "path": "runs/wine/split_17/generation_202/students/mixture_utility_support/synthetic_only/7/dev",
      "exact": false,
      "maximum_absolute_probability_difference": 1.1920928955078125e-07
    },
    {
      "path": "runs/wine/split_17/generation_202/students/mixture_utility_support/synthetic_only/11/dev",
      "exact": false,
      "maximum_absolute_probability_difference": 1.1920928955078125e-07
    },
    {
      "path": "runs/wine/split_17/generation_202/students/mixture_utility_support/augment/7/dev",
      "exact": false,
      "maximum_absolute_probability_difference": 1.1920928955078125e-07
    },
    {
      "path": "runs/wine/split_17/generation_202/students/mixture_utility_support/augment/11/dev",
      "exact": false,
      "maximum_absolute_probability_difference": 8.940696716308594e-08
    },
    {
      "path": "runs/wine/split_29/generation_101/students/real_only/real_only/7/dev",
      "exact": false,
      "maximum_absolute_probability_difference": 5.960464477539063e-08
    },
    {
      "path": "runs/wine/split_29/generation_101/students/real_only/real_only/11/dev",
      "exact": false,
      "maximum_absolute_probability_difference": 1.1920928955078125e-07
    },
    {
      "path": "runs/wine/split_29/generation_101/students/bootstrap/synthetic_only/7/dev",
      "exact": false,
      "maximum_absolute_probability_difference": 1.1920928955078125e-07
    },
    {
      "path": "runs/wine/split_29/generation_101/students/bootstrap/synthetic_only/11/dev",
      "exact": false,
      "maximum_absolute_probability_difference": 5.960464477539063e-08
    },
    {
      "path": "runs/wine/split_29/generation_101/students/bootstrap/augment/7/dev",
      "exact": false,
      "maximum_absolute_probability_difference": 3.725290298461914e-08
    },
    {
      "path": "runs/wine/split_29/generation_101/students/bootstrap/augment/11/dev",
      "exact": false,
      "maximum_absolute_probability_difference": 2.384185791015625e-07
    },
    {
      "path": "runs/wine/split_29/generation_101/students/smote/synthetic_only/7/dev",
      "exact": false,
      "maximum_absolute_probability_difference": 2.2351741790771484e-08
    },
    {
      "path": "runs/wine/split_29/generation_101/students/smote/synthetic_only/11/dev",
      "exact": false,
      "maximum_absolute_probability_difference": 1.7881393432617188e-07
    },
    {
      "path": "runs/wine/split_29/generation_101/students/smote/augment/7/dev",
      "exact": false,
      "maximum_absolute_probability_difference": 2.9802322387695312e-08
    },
    {
      "path": "runs/wine/split_29/generation_101/students/smote/augment/11/dev",
      "exact": false,
      "maximum_absolute_probability_difference": 8.940696716308594e-08
    },
    {
      "path": "runs/wine/split_29/generation_101/students/copula/synthetic_only/7/dev",
      "exact": false,
      "maximum_absolute_probability_difference": 1.1920928955078125e-07
    },
    {
      "path": "runs/wine/split_29/generation_101/students/copula/synthetic_only/11/dev",
      "exact": false,
      "maximum_absolute_probability_difference": 5.960464477539063e-08
    },
    {
      "path": "runs/wine/split_29/generation_101/students/copula/augment/7/dev",
      "exact": false,
      "maximum_absolute_probability_difference": 7.450580596923828e-09
    },
    {
      "path": "runs/wine/split_29/generation_101/students/copula/augment/11/dev",
      "exact": false,
      "maximum_absolute_probability_difference": 5.960464477539063e-08
    },
    {
      "path": "runs/wine/split_29/generation_101/students/ctgan/synthetic_only/7/dev",
      "exact": false,
      "maximum_absolute_probability_difference": 1.1920928955078125e-07
    },
    {
      "path": "runs/wine/split_29/generation_101/students/ctgan/synthetic_only/11/dev",
      "exact": false,
      "maximum_absolute_probability_difference": 8.940696716308594e-08
    },
    {
      "path": "runs/wine/split_29/generation_101/students/ctgan/augment/7/dev",
      "exact": false,
      "maximum_absolute_probability_difference": 1.1920928955078125e-07
    },
    {
      "path": "runs/wine/split_29/generation_101/students/ctgan/augment/11/dev",
      "exact": false,
      "maximum_absolute_probability_difference": 8.940696716308594e-08
    },
    {
      "path": "runs/wine/split_29/generation_101/students/tvae/synthetic_only/7/dev",
      "exact": false,
      "maximum_absolute_probability_difference": 1.1920928955078125e-07
    },
    {
      "path": "runs/wine/split_29/generation_101/students/tvae/synthetic_only/11/dev",
      "exact": false,
      "maximum_absolute_probability_difference": 5.960464477539063e-08
    },
    {
      "path": "runs/wine/split_29/generation_101/students/tvae/augment/7/dev",
      "exact": false,
      "maximum_absolute_probability_difference": 5.960464477539063e-08
    },
    {
      "path": "runs/wine/split_29/generation_101/students/tvae/augment/11/dev",
      "exact": false,
      "maximum_absolute_probability_difference": 5.960464477539063e-08
    },
    {
      "path": "runs/wine/split_29/generation_101/students/ddpm/synthetic_only/7/dev",
      "exact": false,
      "maximum_absolute_probability_difference": 2.9802322387695312e-08
    },
    {
      "path": "runs/wine/split_29/generation_101/students/ddpm/synthetic_only/11/dev",
      "exact": false,
      "maximum_absolute_probability_difference": 5.960464477539063e-08
    },
    {
      "path": "runs/wine/split_29/generation_101/students/ddpm/augment/7/dev",
      "exact": false,
      "maximum_absolute_probability_difference": 2.9802322387695312e-08
    },
    {
      "path": "runs/wine/split_29/generation_101/students/ddpm/augment/11/dev",
      "exact": false,
      "maximum_absolute_probability_difference": 1.1920928955078125e-07
    },
    {
      "path": "runs/wine/split_29/generation_101/students/ctgan_unpacked/synthetic_only/7/dev",
      "exact": false,
      "maximum_absolute_probability_difference": 1.1920928955078125e-07
    },
    {
      "path": "runs/wine/split_29/generation_101/students/ctgan_unpacked/synthetic_only/11/dev",
      "exact": false,
      "maximum_absolute_probability_difference": 3.259629011154175e-09
    },
    {
      "path": "runs/wine/split_29/generation_101/students/ctgan_unpacked/augment/7/dev",
      "exact": false,
      "maximum_absolute_probability_difference": 6.984919309616089e-10
    },
    {
      "path": "runs/wine/split_29/generation_101/students/ctgan_unpacked/augment/11/dev",
      "exact": false,
      "maximum_absolute_probability_difference": 8.940696716308594e-08
    },
    {
      "path": "runs/wine/split_29/generation_101/students/ctgan_one_mode/synthetic_only/7/dev",
      "exact": false,
      "maximum_absolute_probability_difference": 2.0489096641540527e-08
    },
    {
      "path": "runs/wine/split_29/generation_101/students/ctgan_one_mode/synthetic_only/11/dev",
      "exact": false,
      "maximum_absolute_probability_difference": 3.725290298461914e-08
    },
    {
      "path": "runs/wine/split_29/generation_101/students/ctgan_one_mode/augment/7/dev",
      "exact": false,
      "maximum_absolute_probability_difference": 1.1920928955078125e-07
    },
    {
      "path": "runs/wine/split_29/generation_101/students/ctgan_one_mode/augment/11/dev",
      "exact": false,
      "maximum_absolute_probability_difference": 1.4901161193847656e-08
    },
    {
      "path": "runs/wine/split_29/generation_101/students/ddpm_unconditional/synthetic_only/7/dev",
      "exact": false,
      "maximum_absolute_probability_difference": 1.1920928955078125e-07
    },
    {
      "path": "runs/wine/split_29/generation_101/students/ddpm_unconditional/synthetic_only/11/dev",
      "exact": false,
      "maximum_absolute_probability_difference": 1.1920928955078125e-07
    },
    {
      "path": "runs/wine/split_29/generation_101/students/ddpm_unconditional/augment/7/dev",
      "exact": false,
      "maximum_absolute_probability_difference": 1.1920928955078125e-07
    },
    {
      "path": "runs/wine/split_29/generation_101/students/ddpm_unconditional/augment/11/dev",
      "exact": false,
      "maximum_absolute_probability_difference": 1.7881393432617188e-07
    },
    {
      "path": "runs/wine/split_29/generation_101/students/ddpm_standardized/synthetic_only/7/dev",
      "exact": false,
      "maximum_absolute_probability_difference": 2.9802322387695312e-08
    },
    {
      "path": "runs/wine/split_29/generation_101/students/ddpm_standardized/synthetic_only/11/dev",
      "exact": false,
      "maximum_absolute_probability_difference": 5.960464477539063e-08
    },
    {
      "path": "runs/wine/split_29/generation_101/students/ddpm_standardized/augment/7/dev",
      "exact": false,
      "maximum_absolute_probability_difference": 5.587935447692871e-09
    },
    {
      "path": "runs/wine/split_29/generation_101/students/ddpm_standardized/augment/11/dev",
      "exact": false,
      "maximum_absolute_probability_difference": 5.960464477539063e-08
    },
    {
      "path": "runs/wine/split_29/generation_101/students/mixture_uniform/synthetic_only/7/dev",
      "exact": false,
      "maximum_absolute_probability_difference": 1.7881393432617188e-07
    },
    {
      "path": "runs/wine/split_29/generation_101/students/mixture_uniform/synthetic_only/11/dev",
      "exact": false,
      "maximum_absolute_probability_difference": 1.1920928955078125e-07
    },
    {
      "path": "runs/wine/split_29/generation_101/students/mixture_uniform/augment/7/dev",
      "exact": false,
      "maximum_absolute_probability_difference": 1.4901161193847656e-08
    },
    {
      "path": "runs/wine/split_29/generation_101/students/mixture_uniform/augment/11/dev",
      "exact": false,
      "maximum_absolute_probability_difference": 1.1920928955078125e-07
    },
    {
      "path": "runs/wine/split_29/generation_101/students/mixture_utility/synthetic_only/7/dev",
      "exact": false,
      "maximum_absolute_probability_difference": 5.960464477539063e-08
    },
    {
      "path": "runs/wine/split_29/generation_101/students/mixture_utility/synthetic_only/11/dev",
      "exact": false,
      "maximum_absolute_probability_difference": 1.1175870895385742e-08
    },
    {
      "path": "runs/wine/split_29/generation_101/students/mixture_utility/augment/7/dev",
      "exact": false,
      "maximum_absolute_probability_difference": 2.2351741790771484e-08
    },
    {
      "path": "runs/wine/split_29/generation_101/students/mixture_utility/augment/11/dev",
      "exact": false,
      "maximum_absolute_probability_difference": 1.1920928955078125e-07
    },
    {
      "path": "runs/wine/split_29/generation_101/students/mixture_support/synthetic_only/7/dev",
      "exact": false,
      "maximum_absolute_probability_difference": 1.1920928955078125e-07
    },
    {
      "path": "runs/wine/split_29/generation_101/students/mixture_support/synthetic_only/11/dev",
      "exact": false,
      "maximum_absolute_probability_difference": 8.940696716308594e-08
    },
    {
      "path": "runs/wine/split_29/generation_101/students/mixture_support/augment/7/dev",
      "exact": false,
      "maximum_absolute_probability_difference": 8.940696716308594e-08
    },
    {
      "path": "runs/wine/split_29/generation_101/students/mixture_support/augment/11/dev",
      "exact": false,
      "maximum_absolute_probability_difference": 4.470348358154297e-08
    },
    {
      "path": "runs/wine/split_29/generation_101/students/mixture_utility_support/synthetic_only/7/dev",
      "exact": false,
      "maximum_absolute_probability_difference": 5.960464477539063e-08
    },
    {
      "path": "runs/wine/split_29/generation_101/students/mixture_utility_support/synthetic_only/11/dev",
      "exact": false,
      "maximum_absolute_probability_difference": 8.940696716308594e-08
    },
    {
      "path": "runs/wine/split_29/generation_101/students/mixture_utility_support/augment/7/dev",
      "exact": false,
      "maximum_absolute_probability_difference": 1.1920928955078125e-07
    },
    {
      "path": "runs/wine/split_29/generation_101/students/mixture_utility_support/augment/11/dev",
      "exact": false,
      "maximum_absolute_probability_difference": 1.1920928955078125e-07
    },
    {
      "path": "runs/wine/split_29/generation_202/students/real_only/real_only/7/dev",
      "exact": false,
      "maximum_absolute_probability_difference": 5.960464477539063e-08
    },
    {
      "path": "runs/wine/split_29/generation_202/students/real_only/real_only/11/dev",
      "exact": false,
      "maximum_absolute_probability_difference": 1.1920928955078125e-07
    },
    {
      "path": "runs/wine/split_29/generation_202/students/bootstrap/synthetic_only/7/dev",
      "exact": false,
      "maximum_absolute_probability_difference": 1.1920928955078125e-07
    },
    {
      "path": "runs/wine/split_29/generation_202/students/bootstrap/synthetic_only/11/dev",
      "exact": false,
      "maximum_absolute_probability_difference": 5.960464477539063e-08
    },
    {
      "path": "runs/wine/split_29/generation_202/students/bootstrap/augment/7/dev",
      "exact": false,
      "maximum_absolute_probability_difference": 8.940696716308594e-08
    },
    {
      "path": "runs/wine/split_29/generation_202/students/bootstrap/augment/11/dev",
      "exact": false,
      "maximum_absolute_probability_difference": 5.960464477539063e-08
    },
    {
      "path": "runs/wine/split_29/generation_202/students/smote/synthetic_only/7/dev",
      "exact": false,
      "maximum_absolute_probability_difference": 5.960464477539063e-08
    },
    {
      "path": "runs/wine/split_29/generation_202/students/smote/synthetic_only/11/dev",
      "exact": false,
      "maximum_absolute_probability_difference": 5.960464477539063e-08
    },
    {
      "path": "runs/wine/split_29/generation_202/students/smote/augment/7/dev",
      "exact": false,
      "maximum_absolute_probability_difference": 2.9802322387695312e-08
    },
    {
      "path": "runs/wine/split_29/generation_202/students/smote/augment/11/dev",
      "exact": false,
      "maximum_absolute_probability_difference": 8.940696716308594e-08
    },
    {
      "path": "runs/wine/split_29/generation_202/students/copula/synthetic_only/7/dev",
      "exact": false,
      "maximum_absolute_probability_difference": 1.1920928955078125e-07
    },
    {
      "path": "runs/wine/split_29/generation_202/students/copula/synthetic_only/11/dev",
      "exact": false,
      "maximum_absolute_probability_difference": 5.960464477539063e-08
    },
    {
      "path": "runs/wine/split_29/generation_202/students/copula/augment/7/dev",
      "exact": false,
      "maximum_absolute_probability_difference": 5.960464477539063e-08
    },
    {
      "path": "runs/wine/split_29/generation_202/students/copula/augment/11/dev",
      "exact": false,
      "maximum_absolute_probability_difference": 2.9802322387695312e-08
    },
    {
      "path": "runs/wine/split_29/generation_202/students/ctgan/synthetic_only/7/dev",
      "exact": false,
      "maximum_absolute_probability_difference": 5.960464477539063e-08
    },
    {
      "path": "runs/wine/split_29/generation_202/students/ctgan/synthetic_only/11/dev",
      "exact": false,
      "maximum_absolute_probability_difference": 1.1920928955078125e-07
    },
    {
      "path": "runs/wine/split_29/generation_202/students/ctgan/augment/7/dev",
      "exact": false,
      "maximum_absolute_probability_difference": 1.1920928955078125e-07
    },
    {
      "path": "runs/wine/split_29/generation_202/students/ctgan/augment/11/dev",
      "exact": false,
      "maximum_absolute_probability_difference": 1.1920928955078125e-07
    },
    {
      "path": "runs/wine/split_29/generation_202/students/tvae/synthetic_only/7/dev",
      "exact": false,
      "maximum_absolute_probability_difference": 1.1920928955078125e-07
    },
    {
      "path": "runs/wine/split_29/generation_202/students/tvae/synthetic_only/11/dev",
      "exact": false,
      "maximum_absolute_probability_difference": 1.1920928955078125e-07
    },
    {
      "path": "runs/wine/split_29/generation_202/students/tvae/augment/7/dev",
      "exact": false,
      "maximum_absolute_probability_difference": 1.1920928955078125e-07
    },
    {
      "path": "runs/wine/split_29/generation_202/students/tvae/augment/11/dev",
      "exact": false,
      "maximum_absolute_probability_difference": 1.1920928955078125e-07
    },
    {
      "path": "runs/wine/split_29/generation_202/students/ddpm/synthetic_only/7/dev",
      "exact": false,
      "maximum_absolute_probability_difference": 2.9802322387695312e-08
    },
    {
      "path": "runs/wine/split_29/generation_202/students/ddpm/synthetic_only/11/dev",
      "exact": false,
      "maximum_absolute_probability_difference": 1.7881393432617188e-07
    },
    {
      "path": "runs/wine/split_29/generation_202/students/ddpm/augment/7/dev",
      "exact": false,
      "maximum_absolute_probability_difference": 8.940696716308594e-08
    },
    {
      "path": "runs/wine/split_29/generation_202/students/ddpm/augment/11/dev",
      "exact": false,
      "maximum_absolute_probability_difference": 1.1920928955078125e-07
    },
    {
      "path": "runs/wine/split_29/generation_202/students/ctgan_unpacked/synthetic_only/7/dev",
      "exact": false,
      "maximum_absolute_probability_difference": 2.9802322387695312e-08
    },
    {
      "path": "runs/wine/split_29/generation_202/students/ctgan_unpacked/synthetic_only/11/dev",
      "exact": false,
      "maximum_absolute_probability_difference": 2.9802322387695312e-08
    },
    {
      "path": "runs/wine/split_29/generation_202/students/ctgan_unpacked/augment/7/dev",
      "exact": false,
      "maximum_absolute_probability_difference": 1.1920928955078125e-07
    },
    {
      "path": "runs/wine/split_29/generation_202/students/ctgan_unpacked/augment/11/dev",
      "exact": false,
      "maximum_absolute_probability_difference": 2.9802322387695312e-08
    },
    {
      "path": "runs/wine/split_29/generation_202/students/ctgan_one_mode/synthetic_only/7/dev",
      "exact": false,
      "maximum_absolute_probability_difference": 1.1920928955078125e-07
    },
    {
      "path": "runs/wine/split_29/generation_202/students/ctgan_one_mode/synthetic_only/11/dev",
      "exact": false,
      "maximum_absolute_probability_difference": 1.4901161193847656e-07
    },
    {
      "path": "runs/wine/split_29/generation_202/students/ctgan_one_mode/augment/7/dev",
      "exact": false,
      "maximum_absolute_probability_difference": 1.4901161193847656e-08
    },
    {
      "path": "runs/wine/split_29/generation_202/students/ctgan_one_mode/augment/11/dev",
      "exact": false,
      "maximum_absolute_probability_difference": 1.1920928955078125e-07
    },
    {
      "path": "runs/wine/split_29/generation_202/students/ddpm_unconditional/synthetic_only/7/dev",
      "exact": false,
      "maximum_absolute_probability_difference": 1.1920928955078125e-07
    },
    {
      "path": "runs/wine/split_29/generation_202/students/ddpm_unconditional/synthetic_only/11/dev",
      "exact": false,
      "maximum_absolute_probability_difference": 5.960464477539063e-08
    },
    {
      "path": "runs/wine/split_29/generation_202/students/ddpm_unconditional/augment/7/dev",
      "exact": false,
      "maximum_absolute_probability_difference": 1.1920928955078125e-07
    },
    {
      "path": "runs/wine/split_29/generation_202/students/ddpm_unconditional/augment/11/dev",
      "exact": false,
      "maximum_absolute_probability_difference": 8.940696716308594e-08
    },
    {
      "path": "runs/wine/split_29/generation_202/students/ddpm_standardized/synthetic_only/7/dev",
      "exact": false,
      "maximum_absolute_probability_difference": 5.960464477539063e-08
    },
    {
      "path": "runs/wine/split_29/generation_202/students/ddpm_standardized/synthetic_only/11/dev",
      "exact": false,
      "maximum_absolute_probability_difference": 5.960464477539063e-08
    },
    {
      "path": "runs/wine/split_29/generation_202/students/ddpm_standardized/augment/7/dev",
      "exact": false,
      "maximum_absolute_probability_difference": 1.1920928955078125e-07
    },
    {
      "path": "runs/wine/split_29/generation_202/students/ddpm_standardized/augment/11/dev",
      "exact": false,
      "maximum_absolute_probability_difference": 1.4901161193847656e-07
    },
    {
      "path": "runs/wine/split_29/generation_202/students/mixture_uniform/synthetic_only/7/dev",
      "exact": false,
      "maximum_absolute_probability_difference": 1.4901161193847656e-07
    },
    {
      "path": "runs/wine/split_29/generation_202/students/mixture_uniform/synthetic_only/11/dev",
      "exact": false,
      "maximum_absolute_probability_difference": 5.960464477539063e-08
    },
    {
      "path": "runs/wine/split_29/generation_202/students/mixture_uniform/augment/7/dev",
      "exact": false,
      "maximum_absolute_probability_difference": 4.470348358154297e-08
    },
    {
      "path": "runs/wine/split_29/generation_202/students/mixture_uniform/augment/11/dev",
      "exact": false,
      "maximum_absolute_probability_difference": 1.1920928955078125e-07
    },
    {
      "path": "runs/wine/split_29/generation_202/students/mixture_utility/synthetic_only/7/dev",
      "exact": false,
      "maximum_absolute_probability_difference": 4.470348358154297e-08
    },
    {
      "path": "runs/wine/split_29/generation_202/students/mixture_utility/synthetic_only/11/dev",
      "exact": false,
      "maximum_absolute_probability_difference": 7.450580596923828e-08
    },
    {
      "path": "runs/wine/split_29/generation_202/students/mixture_utility/augment/7/dev",
      "exact": false,
      "maximum_absolute_probability_difference": 5.960464477539063e-08
    },
    {
      "path": "runs/wine/split_29/generation_202/students/mixture_utility/augment/11/dev",
      "exact": false,
      "maximum_absolute_probability_difference": 7.450580596923828e-09
    },
    {
      "path": "runs/wine/split_29/generation_202/students/mixture_support/synthetic_only/7/dev",
      "exact": false,
      "maximum_absolute_probability_difference": 1.1920928955078125e-07
    },
    {
      "path": "runs/wine/split_29/generation_202/students/mixture_support/synthetic_only/11/dev",
      "exact": false,
      "maximum_absolute_probability_difference": 1.1920928955078125e-07
    },
    {
      "path": "runs/wine/split_29/generation_202/students/mixture_support/augment/7/dev",
      "exact": false,
      "maximum_absolute_probability_difference": 1.1920928955078125e-07
    },
    {
      "path": "runs/wine/split_29/generation_202/students/mixture_support/augment/11/dev",
      "exact": false,
      "maximum_absolute_probability_difference": 1.4901161193847656e-07
    },
    {
      "path": "runs/wine/split_29/generation_202/students/mixture_utility_support/synthetic_only/7/dev",
      "exact": false,
      "maximum_absolute_probability_difference": 5.960464477539063e-08
    },
    {
      "path": "runs/wine/split_29/generation_202/students/mixture_utility_support/synthetic_only/11/dev",
      "exact": false,
      "maximum_absolute_probability_difference": 7.450580596923828e-09
    },
    {
      "path": "runs/wine/split_29/generation_202/students/mixture_utility_support/augment/7/dev",
      "exact": false,
      "maximum_absolute_probability_difference": 3.725290298461914e-09
    },
    {
      "path": "runs/wine/split_29/generation_202/students/mixture_utility_support/augment/11/dev",
      "exact": false,
      "maximum_absolute_probability_difference": 1.4901161193847656e-08
    },
    {
      "path": "runs/wine/split_41/generation_101/students/real_only/real_only/7/dev",
      "exact": false,
      "maximum_absolute_probability_difference": 1.1920928955078125e-07
    },
    {
      "path": "runs/wine/split_41/generation_101/students/real_only/real_only/11/dev",
      "exact": false,
      "maximum_absolute_probability_difference": 1.1920928955078125e-07
    },
    {
      "path": "runs/wine/split_41/generation_101/students/bootstrap/synthetic_only/7/dev",
      "exact": false,
      "maximum_absolute_probability_difference": 1.1920928955078125e-07
    },
    {
      "path": "runs/wine/split_41/generation_101/students/bootstrap/synthetic_only/11/dev",
      "exact": false,
      "maximum_absolute_probability_difference": 4.470348358154297e-08
    },
    {
      "path": "runs/wine/split_41/generation_101/students/bootstrap/augment/7/dev",
      "exact": false,
      "maximum_absolute_probability_difference": 1.1920928955078125e-07
    },
    {
      "path": "runs/wine/split_41/generation_101/students/bootstrap/augment/11/dev",
      "exact": false,
      "maximum_absolute_probability_difference": 8.940696716308594e-08
    },
    {
      "path": "runs/wine/split_41/generation_101/students/smote/synthetic_only/7/dev",
      "exact": false,
      "maximum_absolute_probability_difference": 1.7881393432617188e-07
    },
    {
      "path": "runs/wine/split_41/generation_101/students/smote/synthetic_only/11/dev",
      "exact": false,
      "maximum_absolute_probability_difference": 1.1920928955078125e-07
    },
    {
      "path": "runs/wine/split_41/generation_101/students/smote/augment/7/dev",
      "exact": false,
      "maximum_absolute_probability_difference": 1.1920928955078125e-07
    },
    {
      "path": "runs/wine/split_41/generation_101/students/smote/augment/11/dev",
      "exact": false,
      "maximum_absolute_probability_difference": 1.1920928955078125e-07
    },
    {
      "path": "runs/wine/split_41/generation_101/students/copula/synthetic_only/7/dev",
      "exact": false,
      "maximum_absolute_probability_difference": 1.1920928955078125e-07
    },
    {
      "path": "runs/wine/split_41/generation_101/students/copula/synthetic_only/11/dev",
      "exact": false,
      "maximum_absolute_probability_difference": 5.960464477539063e-08
    },
    {
      "path": "runs/wine/split_41/generation_101/students/copula/augment/7/dev",
      "exact": false,
      "maximum_absolute_probability_difference": 1.1920928955078125e-07
    },
    {
      "path": "runs/wine/split_41/generation_101/students/copula/augment/11/dev",
      "exact": false,
      "maximum_absolute_probability_difference": 5.960464477539063e-08
    },
    {
      "path": "runs/wine/split_41/generation_101/students/ctgan/synthetic_only/7/dev",
      "exact": false,
      "maximum_absolute_probability_difference": 1.1920928955078125e-07
    },
    {
      "path": "runs/wine/split_41/generation_101/students/ctgan/synthetic_only/11/dev",
      "exact": false,
      "maximum_absolute_probability_difference": 1.1920928955078125e-07
    },
    {
      "path": "runs/wine/split_41/generation_101/students/ctgan/augment/7/dev",
      "exact": false,
      "maximum_absolute_probability_difference": 1.4901161193847656e-07
    },
    {
      "path": "runs/wine/split_41/generation_101/students/ctgan/augment/11/dev",
      "exact": false,
      "maximum_absolute_probability_difference": 1.1920928955078125e-07
    },
    {
      "path": "runs/wine/split_41/generation_101/students/tvae/synthetic_only/7/dev",
      "exact": false,
      "maximum_absolute_probability_difference": 1.1920928955078125e-07
    },
    {
      "path": "runs/wine/split_41/generation_101/students/tvae/synthetic_only/11/dev",
      "exact": false,
      "maximum_absolute_probability_difference": 1.1920928955078125e-07
    },
    {
      "path": "runs/wine/split_41/generation_101/students/tvae/augment/7/dev",
      "exact": false,
      "maximum_absolute_probability_difference": 5.960464477539063e-08
    },
    {
      "path": "runs/wine/split_41/generation_101/students/tvae/augment/11/dev",
      "exact": false,
      "maximum_absolute_probability_difference": 5.960464477539063e-08
    },
    {
      "path": "runs/wine/split_41/generation_101/students/ddpm/synthetic_only/7/dev",
      "exact": false,
      "maximum_absolute_probability_difference": 1.1920928955078125e-07
    },
    {
      "path": "runs/wine/split_41/generation_101/students/ddpm/synthetic_only/11/dev",
      "exact": false,
      "maximum_absolute_probability_difference": 5.960464477539063e-08
    },
    {
      "path": "runs/wine/split_41/generation_101/students/ddpm/augment/7/dev",
      "exact": false,
      "maximum_absolute_probability_difference": 1.1920928955078125e-07
    },
    {
      "path": "runs/wine/split_41/generation_101/students/ddpm/augment/11/dev",
      "exact": false,
      "maximum_absolute_probability_difference": 1.1920928955078125e-07
    },
    {
      "path": "runs/wine/split_41/generation_101/students/ctgan_unpacked/synthetic_only/7/dev",
      "exact": false,
      "maximum_absolute_probability_difference": 1.1920928955078125e-07
    },
    {
      "path": "runs/wine/split_41/generation_101/students/ctgan_unpacked/synthetic_only/11/dev",
      "exact": false,
      "maximum_absolute_probability_difference": 5.960464477539063e-08
    },
    {
      "path": "runs/wine/split_41/generation_101/students/ctgan_unpacked/augment/7/dev",
      "exact": false,
      "maximum_absolute_probability_difference": 5.960464477539063e-08
    },
    {
      "path": "runs/wine/split_41/generation_101/students/ctgan_unpacked/augment/11/dev",
      "exact": false,
      "maximum_absolute_probability_difference": 2.9802322387695312e-08
    },
    {
      "path": "runs/wine/split_41/generation_101/students/ctgan_one_mode/synthetic_only/7/dev",
      "exact": false,
      "maximum_absolute_probability_difference": 1.7881393432617188e-07
    },
    {
      "path": "runs/wine/split_41/generation_101/students/ctgan_one_mode/synthetic_only/11/dev",
      "exact": false,
      "maximum_absolute_probability_difference": 5.960464477539063e-08
    },
    {
      "path": "runs/wine/split_41/generation_101/students/ctgan_one_mode/augment/7/dev",
      "exact": false,
      "maximum_absolute_probability_difference": 3.8743019104003906e-07
    },
    {
      "path": "runs/wine/split_41/generation_101/students/ctgan_one_mode/augment/11/dev",
      "exact": false,
      "maximum_absolute_probability_difference": 5.960464477539063e-08
    },
    {
      "path": "runs/wine/split_41/generation_101/students/ddpm_unconditional/synthetic_only/7/dev",
      "exact": false,
      "maximum_absolute_probability_difference": 8.940696716308594e-08
    },
    {
      "path": "runs/wine/split_41/generation_101/students/ddpm_unconditional/synthetic_only/11/dev",
      "exact": false,
      "maximum_absolute_probability_difference": 1.1920928955078125e-07
    },
    {
      "path": "runs/wine/split_41/generation_101/students/ddpm_unconditional/augment/7/dev",
      "exact": false,
      "maximum_absolute_probability_difference": 1.1920928955078125e-07
    },
    {
      "path": "runs/wine/split_41/generation_101/students/ddpm_unconditional/augment/11/dev",
      "exact": false,
      "maximum_absolute_probability_difference": 1.1920928955078125e-07
    },
    {
      "path": "runs/wine/split_41/generation_101/students/ddpm_standardized/synthetic_only/7/dev",
      "exact": false,
      "maximum_absolute_probability_difference": 1.1920928955078125e-07
    },
    {
      "path": "runs/wine/split_41/generation_101/students/ddpm_standardized/synthetic_only/11/dev",
      "exact": false,
      "maximum_absolute_probability_difference": 5.960464477539063e-08
    },
    {
      "path": "runs/wine/split_41/generation_101/students/ddpm_standardized/augment/7/dev",
      "exact": false,
      "maximum_absolute_probability_difference": 5.960464477539063e-08
    },
    {
      "path": "runs/wine/split_41/generation_101/students/ddpm_standardized/augment/11/dev",
      "exact": false,
      "maximum_absolute_probability_difference": 5.960464477539063e-08
    },
    {
      "path": "runs/wine/split_41/generation_101/students/mixture_uniform/synthetic_only/7/dev",
      "exact": false,
      "maximum_absolute_probability_difference": 5.960464477539063e-08
    },
    {
      "path": "runs/wine/split_41/generation_101/students/mixture_uniform/synthetic_only/11/dev",
      "exact": false,
      "maximum_absolute_probability_difference": 1.1920928955078125e-07
    },
    {
      "path": "runs/wine/split_41/generation_101/students/mixture_uniform/augment/7/dev",
      "exact": false,
      "maximum_absolute_probability_difference": 1.1920928955078125e-07
    },
    {
      "path": "runs/wine/split_41/generation_101/students/mixture_uniform/augment/11/dev",
      "exact": false,
      "maximum_absolute_probability_difference": 1.1920928955078125e-07
    },
    {
      "path": "runs/wine/split_41/generation_101/students/mixture_utility/synthetic_only/7/dev",
      "exact": false,
      "maximum_absolute_probability_difference": 5.587935447692871e-09
    },
    {
      "path": "runs/wine/split_41/generation_101/students/mixture_utility/synthetic_only/11/dev",
      "exact": false,
      "maximum_absolute_probability_difference": 1.1920928955078125e-07
    },
    {
      "path": "runs/wine/split_41/generation_101/students/mixture_utility/augment/7/dev",
      "exact": false,
      "maximum_absolute_probability_difference": 5.960464477539063e-08
    },
    {
      "path": "runs/wine/split_41/generation_101/students/mixture_utility/augment/11/dev",
      "exact": false,
      "maximum_absolute_probability_difference": 1.1920928955078125e-07
    },
    {
      "path": "runs/wine/split_41/generation_101/students/mixture_support/synthetic_only/7/dev",
      "exact": false,
      "maximum_absolute_probability_difference": 1.1920928955078125e-07
    },
    {
      "path": "runs/wine/split_41/generation_101/students/mixture_support/synthetic_only/11/dev",
      "exact": false,
      "maximum_absolute_probability_difference": 1.1920928955078125e-07
    },
    {
      "path": "runs/wine/split_41/generation_101/students/mixture_support/augment/7/dev",
      "exact": false,
      "maximum_absolute_probability_difference": 8.940696716308594e-08
    },
    {
      "path": "runs/wine/split_41/generation_101/students/mixture_support/augment/11/dev",
      "exact": false,
      "maximum_absolute_probability_difference": 5.960464477539063e-08
    },
    {
      "path": "runs/wine/split_41/generation_101/students/mixture_utility_support/synthetic_only/7/dev",
      "exact": false,
      "maximum_absolute_probability_difference": 1.1920928955078125e-07
    },
    {
      "path": "runs/wine/split_41/generation_101/students/mixture_utility_support/synthetic_only/11/dev",
      "exact": false,
      "maximum_absolute_probability_difference": 1.7881393432617188e-07
    },
    {
      "path": "runs/wine/split_41/generation_101/students/mixture_utility_support/augment/7/dev",
      "exact": false,
      "maximum_absolute_probability_difference": 5.960464477539063e-08
    },
    {
      "path": "runs/wine/split_41/generation_101/students/mixture_utility_support/augment/11/dev",
      "exact": false,
      "maximum_absolute_probability_difference": 5.960464477539063e-08
    },
    {
      "path": "runs/wine/split_41/generation_202/students/real_only/real_only/7/dev",
      "exact": false,
      "maximum_absolute_probability_difference": 1.1920928955078125e-07
    },
    {
      "path": "runs/wine/split_41/generation_202/students/real_only/real_only/11/dev",
      "exact": false,
      "maximum_absolute_probability_difference": 1.1920928955078125e-07
    },
    {
      "path": "runs/wine/split_41/generation_202/students/bootstrap/synthetic_only/7/dev",
      "exact": false,
      "maximum_absolute_probability_difference": 5.960464477539063e-08
    },
    {
      "path": "runs/wine/split_41/generation_202/students/bootstrap/synthetic_only/11/dev",
      "exact": false,
      "maximum_absolute_probability_difference": 2.9802322387695312e-08
    },
    {
      "path": "runs/wine/split_41/generation_202/students/bootstrap/augment/7/dev",
      "exact": false,
      "maximum_absolute_probability_difference": 5.960464477539063e-08
    },
    {
      "path": "runs/wine/split_41/generation_202/students/bootstrap/augment/11/dev",
      "exact": false,
      "maximum_absolute_probability_difference": 1.1920928955078125e-07
    },
    {
      "path": "runs/wine/split_41/generation_202/students/smote/synthetic_only/7/dev",
      "exact": false,
      "maximum_absolute_probability_difference": 1.1920928955078125e-07
    },
    {
      "path": "runs/wine/split_41/generation_202/students/smote/synthetic_only/11/dev",
      "exact": false,
      "maximum_absolute_probability_difference": 5.960464477539063e-08
    },
    {
      "path": "runs/wine/split_41/generation_202/students/smote/augment/7/dev",
      "exact": false,
      "maximum_absolute_probability_difference": 1.1920928955078125e-07
    },
    {
      "path": "runs/wine/split_41/generation_202/students/smote/augment/11/dev",
      "exact": false,
      "maximum_absolute_probability_difference": 2.9802322387695312e-08
    },
    {
      "path": "runs/wine/split_41/generation_202/students/copula/synthetic_only/7/dev",
      "exact": false,
      "maximum_absolute_probability_difference": 2.2351741790771484e-08
    },
    {
      "path": "runs/wine/split_41/generation_202/students/copula/synthetic_only/11/dev",
      "exact": false,
      "maximum_absolute_probability_difference": 5.960464477539063e-08
    },
    {
      "path": "runs/wine/split_41/generation_202/students/copula/augment/7/dev",
      "exact": false,
      "maximum_absolute_probability_difference": 5.960464477539063e-08
    },
    {
      "path": "runs/wine/split_41/generation_202/students/copula/augment/11/dev",
      "exact": false,
      "maximum_absolute_probability_difference": 7.450580596923828e-08
    },
    {
      "path": "runs/wine/split_41/generation_202/students/ctgan/synthetic_only/7/dev",
      "exact": false,
      "maximum_absolute_probability_difference": 1.7881393432617188e-07
    },
    {
      "path": "runs/wine/split_41/generation_202/students/ctgan/synthetic_only/11/dev",
      "exact": false,
      "maximum_absolute_probability_difference": 8.940696716308594e-08
    },
    {
      "path": "runs/wine/split_41/generation_202/students/ctgan/augment/7/dev",
      "exact": false,
      "maximum_absolute_probability_difference": 1.7881393432617188e-07
    },
    {
      "path": "runs/wine/split_41/generation_202/students/ctgan/augment/11/dev",
      "exact": false,
      "maximum_absolute_probability_difference": 5.960464477539063e-08
    },
    {
      "path": "runs/wine/split_41/generation_202/students/tvae/synthetic_only/7/dev",
      "exact": false,
      "maximum_absolute_probability_difference": 1.1920928955078125e-07
    },
    {
      "path": "runs/wine/split_41/generation_202/students/tvae/synthetic_only/11/dev",
      "exact": false,
      "maximum_absolute_probability_difference": 1.1920928955078125e-07
    },
    {
      "path": "runs/wine/split_41/generation_202/students/tvae/augment/7/dev",
      "exact": false,
      "maximum_absolute_probability_difference": 2.384185791015625e-07
    },
    {
      "path": "runs/wine/split_41/generation_202/students/tvae/augment/11/dev",
      "exact": false,
      "maximum_absolute_probability_difference": 1.1920928955078125e-07
    },
    {
      "path": "runs/wine/split_41/generation_202/students/ddpm/synthetic_only/7/dev",
      "exact": false,
      "maximum_absolute_probability_difference": 5.21540641784668e-08
    },
    {
      "path": "runs/wine/split_41/generation_202/students/ddpm/synthetic_only/11/dev",
      "exact": false,
      "maximum_absolute_probability_difference": 5.960464477539063e-08
    },
    {
      "path": "runs/wine/split_41/generation_202/students/ddpm/augment/7/dev",
      "exact": false,
      "maximum_absolute_probability_difference": 5.960464477539063e-08
    },
    {
      "path": "runs/wine/split_41/generation_202/students/ddpm/augment/11/dev",
      "exact": false,
      "maximum_absolute_probability_difference": 1.1920928955078125e-07
    },
    {
      "path": "runs/wine/split_41/generation_202/students/ctgan_unpacked/synthetic_only/7/dev",
      "exact": false,
      "maximum_absolute_probability_difference": 1.1920928955078125e-07
    },
    {
      "path": "runs/wine/split_41/generation_202/students/ctgan_unpacked/synthetic_only/11/dev",
      "exact": false,
      "maximum_absolute_probability_difference": 1.1920928955078125e-07
    },
    {
      "path": "runs/wine/split_41/generation_202/students/ctgan_unpacked/augment/7/dev",
      "exact": false,
      "maximum_absolute_probability_difference": 1.1920928955078125e-07
    },
    {
      "path": "runs/wine/split_41/generation_202/students/ctgan_unpacked/augment/11/dev",
      "exact": false,
      "maximum_absolute_probability_difference": 5.21540641784668e-08
    },
    {
      "path": "runs/wine/split_41/generation_202/students/ctgan_one_mode/synthetic_only/7/dev",
      "exact": false,
      "maximum_absolute_probability_difference": 1.7881393432617188e-07
    },
    {
      "path": "runs/wine/split_41/generation_202/students/ctgan_one_mode/synthetic_only/11/dev",
      "exact": false,
      "maximum_absolute_probability_difference": 1.7881393432617188e-07
    },
    {
      "path": "runs/wine/split_41/generation_202/students/ctgan_one_mode/augment/7/dev",
      "exact": false,
      "maximum_absolute_probability_difference": 1.1920928955078125e-07
    },
    {
      "path": "runs/wine/split_41/generation_202/students/ctgan_one_mode/augment/11/dev",
      "exact": false,
      "maximum_absolute_probability_difference": 7.450580596923828e-08
    },
    {
      "path": "runs/wine/split_41/generation_202/students/ddpm_unconditional/synthetic_only/7/dev",
      "exact": false,
      "maximum_absolute_probability_difference": 1.1920928955078125e-07
    },
    {
      "path": "runs/wine/split_41/generation_202/students/ddpm_unconditional/synthetic_only/11/dev",
      "exact": false,
      "maximum_absolute_probability_difference": 1.1920928955078125e-07
    },
    {
      "path": "runs/wine/split_41/generation_202/students/ddpm_unconditional/augment/7/dev",
      "exact": false,
      "maximum_absolute_probability_difference": 1.1920928955078125e-07
    },
    {
      "path": "runs/wine/split_41/generation_202/students/ddpm_unconditional/augment/11/dev",
      "exact": false,
      "maximum_absolute_probability_difference": 1.1920928955078125e-07
    },
    {
      "path": "runs/wine/split_41/generation_202/students/ddpm_standardized/synthetic_only/7/dev",
      "exact": false,
      "maximum_absolute_probability_difference": 1.1920928955078125e-07
    },
    {
      "path": "runs/wine/split_41/generation_202/students/ddpm_standardized/synthetic_only/11/dev",
      "exact": false,
      "maximum_absolute_probability_difference": 2.9802322387695312e-08
    },
    {
      "path": "runs/wine/split_41/generation_202/students/ddpm_standardized/augment/7/dev",
      "exact": false,
      "maximum_absolute_probability_difference": 7.450580596923828e-08
    },
    {
      "path": "runs/wine/split_41/generation_202/students/ddpm_standardized/augment/11/dev",
      "exact": false,
      "maximum_absolute_probability_difference": 5.960464477539063e-08
    },
    {
      "path": "runs/wine/split_41/generation_202/students/mixture_uniform/synthetic_only/7/dev",
      "exact": false,
      "maximum_absolute_probability_difference": 1.1920928955078125e-07
    },
    {
      "path": "runs/wine/split_41/generation_202/students/mixture_uniform/synthetic_only/11/dev",
      "exact": false,
      "maximum_absolute_probability_difference": 5.960464477539063e-08
    },
    {
      "path": "runs/wine/split_41/generation_202/students/mixture_uniform/augment/7/dev",
      "exact": false,
      "maximum_absolute_probability_difference": 5.960464477539063e-08
    },
    {
      "path": "runs/wine/split_41/generation_202/students/mixture_uniform/augment/11/dev",
      "exact": false,
      "maximum_absolute_probability_difference": 5.960464477539063e-08
    },
    {
      "path": "runs/wine/split_41/generation_202/students/mixture_utility/synthetic_only/7/dev",
      "exact": false,
      "maximum_absolute_probability_difference": 1.1920928955078125e-07
    },
    {
      "path": "runs/wine/split_41/generation_202/students/mixture_utility/synthetic_only/11/dev",
      "exact": false,
      "maximum_absolute_probability_difference": 1.1920928955078125e-07
    },
    {
      "path": "runs/wine/split_41/generation_202/students/mixture_utility/augment/7/dev",
      "exact": false,
      "maximum_absolute_probability_difference": 7.450580596923828e-08
    },
    {
      "path": "runs/wine/split_41/generation_202/students/mixture_utility/augment/11/dev",
      "exact": false,
      "maximum_absolute_probability_difference": 2.9802322387695312e-08
    },
    {
      "path": "runs/wine/split_41/generation_202/students/mixture_support/synthetic_only/7/dev",
      "exact": false,
      "maximum_absolute_probability_difference": 1.1920928955078125e-07
    },
    {
      "path": "runs/wine/split_41/generation_202/students/mixture_support/synthetic_only/11/dev",
      "exact": false,
      "maximum_absolute_probability_difference": 8.940696716308594e-08
    },
    {
      "path": "runs/wine/split_41/generation_202/students/mixture_support/augment/7/dev",
      "exact": false,
      "maximum_absolute_probability_difference": 1.1920928955078125e-07
    },
    {
      "path": "runs/wine/split_41/generation_202/students/mixture_support/augment/11/dev",
      "exact": false,
      "maximum_absolute_probability_difference": 5.960464477539063e-08
    },
    {
      "path": "runs/wine/split_41/generation_202/students/mixture_utility_support/synthetic_only/7/dev",
      "exact": false,
      "maximum_absolute_probability_difference": 1.1920928955078125e-07
    },
    {
      "path": "runs/wine/split_41/generation_202/students/mixture_utility_support/synthetic_only/11/dev",
      "exact": false,
      "maximum_absolute_probability_difference": 1.1920928955078125e-07
    },
    {
      "path": "runs/wine/split_41/generation_202/students/mixture_utility_support/augment/7/dev",
      "exact": false,
      "maximum_absolute_probability_difference": 1.4901161193847656e-07
    },
    {
      "path": "runs/wine/split_41/generation_202/students/mixture_utility_support/augment/11/dev",
      "exact": false,
      "maximum_absolute_probability_difference": 2.2351741790771484e-08
    },
    {
      "path": "runs/breast_cancer/split_17/generation_101/students/real_only/real_only/7/dev",
      "exact": false,
      "maximum_absolute_probability_difference": 1.1920928955078125e-07
    },
    {
      "path": "runs/breast_cancer/split_17/generation_101/students/real_only/real_only/11/dev",
      "exact": false,
      "maximum_absolute_probability_difference": 1.1175870895385742e-08
    },
    {
      "path": "runs/breast_cancer/split_17/generation_101/students/bootstrap/synthetic_only/7/dev",
      "exact": false,
      "maximum_absolute_probability_difference": 2.9802322387695312e-08
    },
    {
      "path": "runs/breast_cancer/split_17/generation_101/students/bootstrap/synthetic_only/11/dev",
      "exact": false,
      "maximum_absolute_probability_difference": 5.960464477539063e-08
    },
    {
      "path": "runs/breast_cancer/split_17/generation_101/students/bootstrap/augment/7/dev",
      "exact": false,
      "maximum_absolute_probability_difference": 3.259629011154175e-09
    },
    {
      "path": "runs/breast_cancer/split_17/generation_101/students/bootstrap/augment/11/dev",
      "exact": false,
      "maximum_absolute_probability_difference": 1.1920928955078125e-07
    },
    {
      "path": "runs/breast_cancer/split_17/generation_101/students/smote/synthetic_only/7/dev",
      "exact": false,
      "maximum_absolute_probability_difference": 2.9802322387695312e-08
    },
    {
      "path": "runs/breast_cancer/split_17/generation_101/students/smote/synthetic_only/11/dev",
      "exact": false,
      "maximum_absolute_probability_difference": 5.960464477539063e-08
    },
    {
      "path": "runs/breast_cancer/split_17/generation_101/students/smote/augment/7/dev",
      "exact": false,
      "maximum_absolute_probability_difference": 5.960464477539063e-08
    },
    {
      "path": "runs/breast_cancer/split_17/generation_101/students/smote/augment/11/dev",
      "exact": false,
      "maximum_absolute_probability_difference": 5.960464477539063e-08
    },
    {
      "path": "runs/breast_cancer/split_17/generation_101/students/copula/synthetic_only/7/dev",
      "exact": false,
      "maximum_absolute_probability_difference": 1.4901161193847656e-08
    },
    {
      "path": "runs/breast_cancer/split_17/generation_101/students/copula/synthetic_only/11/dev",
      "exact": false,
      "maximum_absolute_probability_difference": 1.1920928955078125e-07
    },
    {
      "path": "runs/breast_cancer/split_17/generation_101/students/copula/augment/7/dev",
      "exact": false,
      "maximum_absolute_probability_difference": 2.9802322387695312e-08
    },
    {
      "path": "runs/breast_cancer/split_17/generation_101/students/copula/augment/11/dev",
      "exact": false,
      "maximum_absolute_probability_difference": 1.1920928955078125e-07
    },
    {
      "path": "runs/breast_cancer/split_17/generation_101/students/ctgan/synthetic_only/7/dev",
      "exact": false,
      "maximum_absolute_probability_difference": 1.1920928955078125e-07
    },
    {
      "path": "runs/breast_cancer/split_17/generation_101/students/ctgan/synthetic_only/11/dev",
      "exact": false,
      "maximum_absolute_probability_difference": 1.1920928955078125e-07
    },
    {
      "path": "runs/breast_cancer/split_17/generation_101/students/ctgan/augment/7/dev",
      "exact": false,
      "maximum_absolute_probability_difference": 5.960464477539063e-08
    },
    {
      "path": "runs/breast_cancer/split_17/generation_101/students/ctgan/augment/11/dev",
      "exact": false,
      "maximum_absolute_probability_difference": 3.3527612686157227e-08
    },
    {
      "path": "runs/breast_cancer/split_17/generation_101/students/tvae/synthetic_only/7/dev",
      "exact": false,
      "maximum_absolute_probability_difference": 1.1920928955078125e-07
    },
    {
      "path": "runs/breast_cancer/split_17/generation_101/students/tvae/synthetic_only/11/dev",
      "exact": false,
      "maximum_absolute_probability_difference": 1.1920928955078125e-07
    },
    {
      "path": "runs/breast_cancer/split_17/generation_101/students/tvae/augment/7/dev",
      "exact": false,
      "maximum_absolute_probability_difference": 5.960464477539063e-08
    },
    {
      "path": "runs/breast_cancer/split_17/generation_101/students/tvae/augment/11/dev",
      "exact": false,
      "maximum_absolute_probability_difference": 1.1920928955078125e-07
    },
    {
      "path": "runs/breast_cancer/split_17/generation_101/students/ddpm/synthetic_only/7/dev",
      "exact": false,
      "maximum_absolute_probability_difference": 1.1920928955078125e-07
    },
    {
      "path": "runs/breast_cancer/split_17/generation_101/students/ddpm/synthetic_only/11/dev",
      "exact": false,
      "maximum_absolute_probability_difference": 1.1920928955078125e-07
    },
    {
      "path": "runs/breast_cancer/split_17/generation_101/students/ddpm/augment/7/dev",
      "exact": false,
      "maximum_absolute_probability_difference": 1.1920928955078125e-07
    },
    {
      "path": "runs/breast_cancer/split_17/generation_101/students/ddpm/augment/11/dev",
      "exact": false,
      "maximum_absolute_probability_difference": 1.7881393432617188e-07
    },
    {
      "path": "runs/breast_cancer/split_17/generation_101/students/ctgan_unpacked/synthetic_only/7/dev",
      "exact": false,
      "maximum_absolute_probability_difference": 1.1920928955078125e-07
    },
    {
      "path": "runs/breast_cancer/split_17/generation_101/students/ctgan_unpacked/synthetic_only/11/dev",
      "exact": false,
      "maximum_absolute_probability_difference": 1.1920928955078125e-07
    },
    {
      "path": "runs/breast_cancer/split_17/generation_101/students/ctgan_unpacked/augment/7/dev",
      "exact": false,
      "maximum_absolute_probability_difference": 5.960464477539063e-08
    },
    {
      "path": "runs/breast_cancer/split_17/generation_101/students/ctgan_unpacked/augment/11/dev",
      "exact": false,
      "maximum_absolute_probability_difference": 1.1920928955078125e-07
    },
    {
      "path": "runs/breast_cancer/split_17/generation_101/students/ctgan_one_mode/synthetic_only/7/dev",
      "exact": false,
      "maximum_absolute_probability_difference": 1.1920928955078125e-07
    },
    {
      "path": "runs/breast_cancer/split_17/generation_101/students/ctgan_one_mode/synthetic_only/11/dev",
      "exact": false,
      "maximum_absolute_probability_difference": 5.960464477539063e-08
    },
    {
      "path": "runs/breast_cancer/split_17/generation_101/students/ctgan_one_mode/augment/7/dev",
      "exact": false,
      "maximum_absolute_probability_difference": 1.7881393432617188e-07
    },
    {
      "path": "runs/breast_cancer/split_17/generation_101/students/ctgan_one_mode/augment/11/dev",
      "exact": false,
      "maximum_absolute_probability_difference": 1.1920928955078125e-07
    },
    {
      "path": "runs/breast_cancer/split_17/generation_101/students/ddpm_unconditional/synthetic_only/7/dev",
      "exact": false,
      "maximum_absolute_probability_difference": 1.1920928955078125e-07
    },
    {
      "path": "runs/breast_cancer/split_17/generation_101/students/ddpm_unconditional/synthetic_only/11/dev",
      "exact": false,
      "maximum_absolute_probability_difference": 1.1920928955078125e-07
    },
    {
      "path": "runs/breast_cancer/split_17/generation_101/students/ddpm_unconditional/augment/7/dev",
      "exact": false,
      "maximum_absolute_probability_difference": 1.1920928955078125e-07
    },
    {
      "path": "runs/breast_cancer/split_17/generation_101/students/ddpm_unconditional/augment/11/dev",
      "exact": false,
      "maximum_absolute_probability_difference": 1.1920928955078125e-07
    },
    {
      "path": "runs/breast_cancer/split_17/generation_101/students/ddpm_standardized/synthetic_only/7/dev",
      "exact": false,
      "maximum_absolute_probability_difference": 1.1920928955078125e-07
    },
    {
      "path": "runs/breast_cancer/split_17/generation_101/students/ddpm_standardized/synthetic_only/11/dev",
      "exact": false,
      "maximum_absolute_probability_difference": 1.1920928955078125e-07
    },
    {
      "path": "runs/breast_cancer/split_17/generation_101/students/ddpm_standardized/augment/7/dev",
      "exact": false,
      "maximum_absolute_probability_difference": 1.1920928955078125e-07
    },
    {
      "path": "runs/breast_cancer/split_17/generation_101/students/ddpm_standardized/augment/11/dev",
      "exact": false,
      "maximum_absolute_probability_difference": 1.1920928955078125e-07
    },
    {
      "path": "runs/breast_cancer/split_17/generation_101/students/mixture_uniform/synthetic_only/7/dev",
      "exact": false,
      "maximum_absolute_probability_difference": 5.960464477539063e-08
    },
    {
      "path": "runs/breast_cancer/split_17/generation_101/students/mixture_uniform/synthetic_only/11/dev",
      "exact": false,
      "maximum_absolute_probability_difference": 1.1920928955078125e-07
    },
    {
      "path": "runs/breast_cancer/split_17/generation_101/students/mixture_uniform/augment/7/dev",
      "exact": false,
      "maximum_absolute_probability_difference": 1.1920928955078125e-07
    },
    {
      "path": "runs/breast_cancer/split_17/generation_101/students/mixture_uniform/augment/11/dev",
      "exact": false,
      "maximum_absolute_probability_difference": 1.1920928955078125e-07
    },
    {
      "path": "runs/breast_cancer/split_17/generation_101/students/mixture_utility/synthetic_only/7/dev",
      "exact": false,
      "maximum_absolute_probability_difference": 1.1920928955078125e-07
    },
    {
      "path": "runs/breast_cancer/split_17/generation_101/students/mixture_utility/synthetic_only/11/dev",
      "exact": false,
      "maximum_absolute_probability_difference": 1.1920928955078125e-07
    },
    {
      "path": "runs/breast_cancer/split_17/generation_101/students/mixture_utility/augment/7/dev",
      "exact": false,
      "maximum_absolute_probability_difference": 1.1920928955078125e-07
    },
    {
      "path": "runs/breast_cancer/split_17/generation_101/students/mixture_utility/augment/11/dev",
      "exact": false,
      "maximum_absolute_probability_difference": 2.9802322387695312e-08
    },
    {
      "path": "runs/breast_cancer/split_17/generation_101/students/mixture_support/synthetic_only/7/dev",
      "exact": false,
      "maximum_absolute_probability_difference": 5.960464477539063e-08
    },
    {
      "path": "runs/breast_cancer/split_17/generation_101/students/mixture_support/synthetic_only/11/dev",
      "exact": false,
      "maximum_absolute_probability_difference": 1.1920928955078125e-07
    },
    {
      "path": "runs/breast_cancer/split_17/generation_101/students/mixture_support/augment/7/dev",
      "exact": false,
      "maximum_absolute_probability_difference": 1.1920928955078125e-07
    },
    {
      "path": "runs/breast_cancer/split_17/generation_101/students/mixture_support/augment/11/dev",
      "exact": false,
      "maximum_absolute_probability_difference": 5.21540641784668e-08
    },
    {
      "path": "runs/breast_cancer/split_17/generation_101/students/mixture_utility_support/synthetic_only/7/dev",
      "exact": false,
      "maximum_absolute_probability_difference": 1.1920928955078125e-07
    },
    {
      "path": "runs/breast_cancer/split_17/generation_101/students/mixture_utility_support/synthetic_only/11/dev",
      "exact": false,
      "maximum_absolute_probability_difference": 1.1920928955078125e-07
    },
    {
      "path": "runs/breast_cancer/split_17/generation_101/students/mixture_utility_support/augment/7/dev",
      "exact": false,
      "maximum_absolute_probability_difference": 1.1920928955078125e-07
    },
    {
      "path": "runs/breast_cancer/split_17/generation_101/students/mixture_utility_support/augment/11/dev",
      "exact": false,
      "maximum_absolute_probability_difference": 1.1920928955078125e-07
    },
    {
      "path": "runs/breast_cancer/split_17/generation_202/students/real_only/real_only/7/dev",
      "exact": false,
      "maximum_absolute_probability_difference": 1.1920928955078125e-07
    },
    {
      "path": "runs/breast_cancer/split_17/generation_202/students/real_only/real_only/11/dev",
      "exact": false,
      "maximum_absolute_probability_difference": 1.1175870895385742e-08
    },
    {
      "path": "runs/breast_cancer/split_17/generation_202/students/bootstrap/synthetic_only/7/dev",
      "exact": false,
      "maximum_absolute_probability_difference": 1.1920928955078125e-07
    },
    {
      "path": "runs/breast_cancer/split_17/generation_202/students/bootstrap/synthetic_only/11/dev",
      "exact": false,
      "maximum_absolute_probability_difference": 5.960464477539063e-08
    },
    {
      "path": "runs/breast_cancer/split_17/generation_202/students/bootstrap/augment/7/dev",
      "exact": false,
      "maximum_absolute_probability_difference": 2.9802322387695312e-08
    },
    {
      "path": "runs/breast_cancer/split_17/generation_202/students/bootstrap/augment/11/dev",
      "exact": false,
      "maximum_absolute_probability_difference": 1.1920928955078125e-07
    },
    {
      "path": "runs/breast_cancer/split_17/generation_202/students/smote/synthetic_only/7/dev",
      "exact": false,
      "maximum_absolute_probability_difference": 5.960464477539063e-08
    },
    {
      "path": "runs/breast_cancer/split_17/generation_202/students/smote/synthetic_only/11/dev",
      "exact": false,
      "maximum_absolute_probability_difference": 1.1920928955078125e-07
    },
    {
      "path": "runs/breast_cancer/split_17/generation_202/students/smote/augment/7/dev",
      "exact": false,
      "maximum_absolute_probability_difference": 1.1920928955078125e-07
    },
    {
      "path": "runs/breast_cancer/split_17/generation_202/students/smote/augment/11/dev",
      "exact": false,
      "maximum_absolute_probability_difference": 3.725290298461914e-08
    },
    {
      "path": "runs/breast_cancer/split_17/generation_202/students/copula/synthetic_only/7/dev",
      "exact": false,
      "maximum_absolute_probability_difference": 5.960464477539063e-08
    },
    {
      "path": "runs/breast_cancer/split_17/generation_202/students/copula/synthetic_only/11/dev",
      "exact": false,
      "maximum_absolute_probability_difference": 5.960464477539063e-08
    },
    {
      "path": "runs/breast_cancer/split_17/generation_202/students/copula/augment/7/dev",
      "exact": false,
      "maximum_absolute_probability_difference": 1.1920928955078125e-07
    },
    {
      "path": "runs/breast_cancer/split_17/generation_202/students/copula/augment/11/dev",
      "exact": false,
      "maximum_absolute_probability_difference": 1.4901161193847656e-08
    },
    {
      "path": "runs/breast_cancer/split_17/generation_202/students/ctgan/synthetic_only/7/dev",
      "exact": false,
      "maximum_absolute_probability_difference": 2.9802322387695312e-08
    },
    {
      "path": "runs/breast_cancer/split_17/generation_202/students/ctgan/synthetic_only/11/dev",
      "exact": false,
      "maximum_absolute_probability_difference": 5.960464477539063e-08
    },
    {
      "path": "runs/breast_cancer/split_17/generation_202/students/ctgan/augment/7/dev",
      "exact": false,
      "maximum_absolute_probability_difference": 1.4901161193847656e-08
    },
    {
      "path": "runs/breast_cancer/split_17/generation_202/students/ctgan/augment/11/dev",
      "exact": false,
      "maximum_absolute_probability_difference": 1.1920928955078125e-07
    },
    {
      "path": "runs/breast_cancer/split_17/generation_202/students/tvae/synthetic_only/7/dev",
      "exact": false,
      "maximum_absolute_probability_difference": 1.1920928955078125e-07
    },
    {
      "path": "runs/breast_cancer/split_17/generation_202/students/tvae/synthetic_only/11/dev",
      "exact": false,
      "maximum_absolute_probability_difference": 1.1920928955078125e-07
    },
    {
      "path": "runs/breast_cancer/split_17/generation_202/students/tvae/augment/7/dev",
      "exact": false,
      "maximum_absolute_probability_difference": 5.960464477539063e-08
    },
    {
      "path": "runs/breast_cancer/split_17/generation_202/students/tvae/augment/11/dev",
      "exact": false,
      "maximum_absolute_probability_difference": 5.960464477539063e-08
    },
    {
      "path": "runs/breast_cancer/split_17/generation_202/students/ddpm/synthetic_only/7/dev",
      "exact": false,
      "maximum_absolute_probability_difference": 1.1920928955078125e-07
    },
    {
      "path": "runs/breast_cancer/split_17/generation_202/students/ddpm/synthetic_only/11/dev",
      "exact": false,
      "maximum_absolute_probability_difference": 1.1920928955078125e-07
    },
    {
      "path": "runs/breast_cancer/split_17/generation_202/students/ddpm/augment/7/dev",
      "exact": false,
      "maximum_absolute_probability_difference": 5.960464477539063e-08
    },
    {
      "path": "runs/breast_cancer/split_17/generation_202/students/ddpm/augment/11/dev",
      "exact": false,
      "maximum_absolute_probability_difference": 1.1920928955078125e-07
    },
    {
      "path": "runs/breast_cancer/split_17/generation_202/students/ctgan_unpacked/synthetic_only/7/dev",
      "exact": false,
      "maximum_absolute_probability_difference": 5.960464477539063e-08
    },
    {
      "path": "runs/breast_cancer/split_17/generation_202/students/ctgan_unpacked/synthetic_only/11/dev",
      "exact": false,
      "maximum_absolute_probability_difference": 1.1920928955078125e-07
    },
    {
      "path": "runs/breast_cancer/split_17/generation_202/students/ctgan_unpacked/augment/7/dev",
      "exact": false,
      "maximum_absolute_probability_difference": 1.1920928955078125e-07
    },
    {
      "path": "runs/breast_cancer/split_17/generation_202/students/ctgan_unpacked/augment/11/dev",
      "exact": false,
      "maximum_absolute_probability_difference": 5.960464477539063e-08
    },
    {
      "path": "runs/breast_cancer/split_17/generation_202/students/ctgan_one_mode/synthetic_only/7/dev",
      "exact": false,
      "maximum_absolute_probability_difference": 1.1920928955078125e-07
    },
    {
      "path": "runs/breast_cancer/split_17/generation_202/students/ctgan_one_mode/synthetic_only/11/dev",
      "exact": false,
      "maximum_absolute_probability_difference": 1.4901161193847656e-07
    },
    {
      "path": "runs/breast_cancer/split_17/generation_202/students/ctgan_one_mode/augment/7/dev",
      "exact": false,
      "maximum_absolute_probability_difference": 1.1920928955078125e-07
    },
    {
      "path": "runs/breast_cancer/split_17/generation_202/students/ctgan_one_mode/augment/11/dev",
      "exact": false,
      "maximum_absolute_probability_difference": 1.4901161193847656e-08
    },
    {
      "path": "runs/breast_cancer/split_17/generation_202/students/ddpm_unconditional/synthetic_only/7/dev",
      "exact": false,
      "maximum_absolute_probability_difference": 1.1920928955078125e-07
    },
    {
      "path": "runs/breast_cancer/split_17/generation_202/students/ddpm_unconditional/synthetic_only/11/dev",
      "exact": false,
      "maximum_absolute_probability_difference": 1.1920928955078125e-07
    },
    {
      "path": "runs/breast_cancer/split_17/generation_202/students/ddpm_unconditional/augment/7/dev",
      "exact": false,
      "maximum_absolute_probability_difference": 1.1920928955078125e-07
    },
    {
      "path": "runs/breast_cancer/split_17/generation_202/students/ddpm_unconditional/augment/11/dev",
      "exact": false,
      "maximum_absolute_probability_difference": 1.1920928955078125e-07
    },
    {
      "path": "runs/breast_cancer/split_17/generation_202/students/ddpm_standardized/synthetic_only/7/dev",
      "exact": false,
      "maximum_absolute_probability_difference": 1.1920928955078125e-07
    },
    {
      "path": "runs/breast_cancer/split_17/generation_202/students/ddpm_standardized/synthetic_only/11/dev",
      "exact": false,
      "maximum_absolute_probability_difference": 1.1920928955078125e-07
    },
    {
      "path": "runs/breast_cancer/split_17/generation_202/students/ddpm_standardized/augment/7/dev",
      "exact": false,
      "maximum_absolute_probability_difference": 1.1920928955078125e-07
    },
    {
      "path": "runs/breast_cancer/split_17/generation_202/students/ddpm_standardized/augment/11/dev",
      "exact": false,
      "maximum_absolute_probability_difference": 5.960464477539063e-08
    },
    {
      "path": "runs/breast_cancer/split_17/generation_202/students/mixture_uniform/synthetic_only/7/dev",
      "exact": false,
      "maximum_absolute_probability_difference": 5.960464477539063e-08
    },
    {
      "path": "runs/breast_cancer/split_17/generation_202/students/mixture_uniform/synthetic_only/11/dev",
      "exact": false,
      "maximum_absolute_probability_difference": 1.1920928955078125e-07
    },
    {
      "path": "runs/breast_cancer/split_17/generation_202/students/mixture_uniform/augment/7/dev",
      "exact": false,
      "maximum_absolute_probability_difference": 5.960464477539063e-08
    },
    {
      "path": "runs/breast_cancer/split_17/generation_202/students/mixture_uniform/augment/11/dev",
      "exact": false,
      "maximum_absolute_probability_difference": 1.1920928955078125e-07
    },
    {
      "path": "runs/breast_cancer/split_17/generation_202/students/mixture_utility/synthetic_only/7/dev",
      "exact": false,
      "maximum_absolute_probability_difference": 5.960464477539063e-08
    },
    {
      "path": "runs/breast_cancer/split_17/generation_202/students/mixture_utility/synthetic_only/11/dev",
      "exact": false,
      "maximum_absolute_probability_difference": 1.1920928955078125e-07
    },
    {
      "path": "runs/breast_cancer/split_17/generation_202/students/mixture_utility/augment/7/dev",
      "exact": false,
      "maximum_absolute_probability_difference": 5.960464477539063e-08
    },
    {
      "path": "runs/breast_cancer/split_17/generation_202/students/mixture_utility/augment/11/dev",
      "exact": false,
      "maximum_absolute_probability_difference": 1.1920928955078125e-07
    },
    {
      "path": "runs/breast_cancer/split_17/generation_202/students/mixture_support/synthetic_only/7/dev",
      "exact": false,
      "maximum_absolute_probability_difference": 5.960464477539063e-08
    },
    {
      "path": "runs/breast_cancer/split_17/generation_202/students/mixture_support/synthetic_only/11/dev",
      "exact": false,
      "maximum_absolute_probability_difference": 5.960464477539063e-08
    },
    {
      "path": "runs/breast_cancer/split_17/generation_202/students/mixture_support/augment/7/dev",
      "exact": false,
      "maximum_absolute_probability_difference": 5.960464477539063e-08
    },
    {
      "path": "runs/breast_cancer/split_17/generation_202/students/mixture_support/augment/11/dev",
      "exact": false,
      "maximum_absolute_probability_difference": 1.1920928955078125e-07
    },
    {
      "path": "runs/breast_cancer/split_17/generation_202/students/mixture_utility_support/synthetic_only/7/dev",
      "exact": false,
      "maximum_absolute_probability_difference": 1.1920928955078125e-07
    },
    {
      "path": "runs/breast_cancer/split_17/generation_202/students/mixture_utility_support/synthetic_only/11/dev",
      "exact": false,
      "maximum_absolute_probability_difference": 1.1920928955078125e-07
    },
    {
      "path": "runs/breast_cancer/split_17/generation_202/students/mixture_utility_support/augment/7/dev",
      "exact": false,
      "maximum_absolute_probability_difference": 1.1920928955078125e-07
    },
    {
      "path": "runs/breast_cancer/split_17/generation_202/students/mixture_utility_support/augment/11/dev",
      "exact": false,
      "maximum_absolute_probability_difference": 1.1920928955078125e-07
    },
    {
      "path": "runs/breast_cancer/split_29/generation_101/students/real_only/real_only/7/dev",
      "exact": false,
      "maximum_absolute_probability_difference": 1.1920928955078125e-07
    },
    {
      "path": "runs/breast_cancer/split_29/generation_101/students/real_only/real_only/11/dev",
      "exact": false,
      "maximum_absolute_probability_difference": 7.450580596923828e-09
    },
    {
      "path": "runs/breast_cancer/split_29/generation_101/students/bootstrap/synthetic_only/7/dev",
      "exact": false,
      "maximum_absolute_probability_difference": 5.960464477539063e-08
    },
    {
      "path": "runs/breast_cancer/split_29/generation_101/students/bootstrap/synthetic_only/11/dev",
      "exact": false,
      "maximum_absolute_probability_difference": 1.1920928955078125e-07
    },
    {
      "path": "runs/breast_cancer/split_29/generation_101/students/bootstrap/augment/7/dev",
      "exact": false,
      "maximum_absolute_probability_difference": 1.1920928955078125e-07
    },
    {
      "path": "runs/breast_cancer/split_29/generation_101/students/bootstrap/augment/11/dev",
      "exact": false,
      "maximum_absolute_probability_difference": 5.960464477539063e-08
    },
    {
      "path": "runs/breast_cancer/split_29/generation_101/students/smote/synthetic_only/7/dev",
      "exact": false,
      "maximum_absolute_probability_difference": 1.1920928955078125e-07
    },
    {
      "path": "runs/breast_cancer/split_29/generation_101/students/smote/synthetic_only/11/dev",
      "exact": false,
      "maximum_absolute_probability_difference": 1.1920928955078125e-07
    },
    {
      "path": "runs/breast_cancer/split_29/generation_101/students/smote/augment/7/dev",
      "exact": false,
      "maximum_absolute_probability_difference": 5.960464477539063e-08
    },
    {
      "path": "runs/breast_cancer/split_29/generation_101/students/smote/augment/11/dev",
      "exact": false,
      "maximum_absolute_probability_difference": 1.1920928955078125e-07
    },
    {
      "path": "runs/breast_cancer/split_29/generation_101/students/copula/synthetic_only/7/dev",
      "exact": false,
      "maximum_absolute_probability_difference": 6.705522537231445e-08
    },
    {
      "path": "runs/breast_cancer/split_29/generation_101/students/copula/synthetic_only/11/dev",
      "exact": false,
      "maximum_absolute_probability_difference": 1.1920928955078125e-07
    },
    {
      "path": "runs/breast_cancer/split_29/generation_101/students/copula/augment/7/dev",
      "exact": false,
      "maximum_absolute_probability_difference": 1.1920928955078125e-07
    },
    {
      "path": "runs/breast_cancer/split_29/generation_101/students/copula/augment/11/dev",
      "exact": false,
      "maximum_absolute_probability_difference": 5.960464477539063e-08
    },
    {
      "path": "runs/breast_cancer/split_29/generation_101/students/ctgan/synthetic_only/7/dev",
      "exact": false,
      "maximum_absolute_probability_difference": 1.1920928955078125e-07
    },
    {
      "path": "runs/breast_cancer/split_29/generation_101/students/ctgan/synthetic_only/11/dev",
      "exact": false,
      "maximum_absolute_probability_difference": 1.1920928955078125e-07
    },
    {
      "path": "runs/breast_cancer/split_29/generation_101/students/ctgan/augment/7/dev",
      "exact": false,
      "maximum_absolute_probability_difference": 1.1920928955078125e-07
    },
    {
      "path": "runs/breast_cancer/split_29/generation_101/students/ctgan/augment/11/dev",
      "exact": false,
      "maximum_absolute_probability_difference": 5.960464477539063e-08
    },
    {
      "path": "runs/breast_cancer/split_29/generation_101/students/tvae/synthetic_only/7/dev",
      "exact": false,
      "maximum_absolute_probability_difference": 1.1920928955078125e-07
    },
    {
      "path": "runs/breast_cancer/split_29/generation_101/students/tvae/synthetic_only/11/dev",
      "exact": false,
      "maximum_absolute_probability_difference": 5.960464477539063e-08
    },
    {
      "path": "runs/breast_cancer/split_29/generation_101/students/tvae/augment/7/dev",
      "exact": false,
      "maximum_absolute_probability_difference": 1.1920928955078125e-07
    },
    {
      "path": "runs/breast_cancer/split_29/generation_101/students/tvae/augment/11/dev",
      "exact": false,
      "maximum_absolute_probability_difference": 1.1920928955078125e-07
    },
    {
      "path": "runs/breast_cancer/split_29/generation_101/students/ddpm/synthetic_only/7/dev",
      "exact": false,
      "maximum_absolute_probability_difference": 1.1920928955078125e-07
    },
    {
      "path": "runs/breast_cancer/split_29/generation_101/students/ddpm/synthetic_only/11/dev",
      "exact": false,
      "maximum_absolute_probability_difference": 1.1920928955078125e-07
    },
    {
      "path": "runs/breast_cancer/split_29/generation_101/students/ddpm/augment/7/dev",
      "exact": false,
      "maximum_absolute_probability_difference": 1.1920928955078125e-07
    },
    {
      "path": "runs/breast_cancer/split_29/generation_101/students/ddpm/augment/11/dev",
      "exact": false,
      "maximum_absolute_probability_difference": 5.960464477539063e-08
    },
    {
      "path": "runs/breast_cancer/split_29/generation_101/students/ctgan_unpacked/synthetic_only/7/dev",
      "exact": false,
      "maximum_absolute_probability_difference": 5.960464477539063e-08
    },
    {
      "path": "runs/breast_cancer/split_29/generation_101/students/ctgan_unpacked/synthetic_only/11/dev",
      "exact": false,
      "maximum_absolute_probability_difference": 2.9802322387695312e-08
    },
    {
      "path": "runs/breast_cancer/split_29/generation_101/students/ctgan_unpacked/augment/7/dev",
      "exact": false,
      "maximum_absolute_probability_difference": 5.960464477539063e-08
    },
    {
      "path": "runs/breast_cancer/split_29/generation_101/students/ctgan_unpacked/augment/11/dev",
      "exact": false,
      "maximum_absolute_probability_difference": 5.960464477539063e-08
    },
    {
      "path": "runs/breast_cancer/split_29/generation_101/students/ctgan_one_mode/synthetic_only/7/dev",
      "exact": false,
      "maximum_absolute_probability_difference": 1.1920928955078125e-07
    },
    {
      "path": "runs/breast_cancer/split_29/generation_101/students/ctgan_one_mode/synthetic_only/11/dev",
      "exact": false,
      "maximum_absolute_probability_difference": 1.1920928955078125e-07
    },
    {
      "path": "runs/breast_cancer/split_29/generation_101/students/ctgan_one_mode/augment/7/dev",
      "exact": false,
      "maximum_absolute_probability_difference": 1.1920928955078125e-07
    },
    {
      "path": "runs/breast_cancer/split_29/generation_101/students/ctgan_one_mode/augment/11/dev",
      "exact": false,
      "maximum_absolute_probability_difference": 1.1920928955078125e-07
    },
    {
      "path": "runs/breast_cancer/split_29/generation_101/students/ddpm_unconditional/synthetic_only/7/dev",
      "exact": false,
      "maximum_absolute_probability_difference": 1.1920928955078125e-07
    },
    {
      "path": "runs/breast_cancer/split_29/generation_101/students/ddpm_unconditional/synthetic_only/11/dev",
      "exact": false,
      "maximum_absolute_probability_difference": 8.940696716308594e-08
    },
    {
      "path": "runs/breast_cancer/split_29/generation_101/students/ddpm_unconditional/augment/7/dev",
      "exact": false,
      "maximum_absolute_probability_difference": 1.1920928955078125e-07
    },
    {
      "path": "runs/breast_cancer/split_29/generation_101/students/ddpm_unconditional/augment/11/dev",
      "exact": false,
      "maximum_absolute_probability_difference": 1.1920928955078125e-07
    },
    {
      "path": "runs/breast_cancer/split_29/generation_101/students/ddpm_standardized/synthetic_only/7/dev",
      "exact": false,
      "maximum_absolute_probability_difference": 8.940696716308594e-08
    },
    {
      "path": "runs/breast_cancer/split_29/generation_101/students/ddpm_standardized/synthetic_only/11/dev",
      "exact": false,
      "maximum_absolute_probability_difference": 8.940696716308594e-08
    },
    {
      "path": "runs/breast_cancer/split_29/generation_101/students/ddpm_standardized/augment/7/dev",
      "exact": false,
      "maximum_absolute_probability_difference": 5.960464477539063e-08
    },
    {
      "path": "runs/breast_cancer/split_29/generation_101/students/ddpm_standardized/augment/11/dev",
      "exact": false,
      "maximum_absolute_probability_difference": 1.1920928955078125e-07
    },
    {
      "path": "runs/breast_cancer/split_29/generation_101/students/mixture_uniform/synthetic_only/7/dev",
      "exact": false,
      "maximum_absolute_probability_difference": 5.960464477539063e-08
    },
    {
      "path": "runs/breast_cancer/split_29/generation_101/students/mixture_uniform/synthetic_only/11/dev",
      "exact": false,
      "maximum_absolute_probability_difference": 1.1920928955078125e-07
    },
    {
      "path": "runs/breast_cancer/split_29/generation_101/students/mixture_uniform/augment/7/dev",
      "exact": false,
      "maximum_absolute_probability_difference": 5.960464477539063e-08
    },
    {
      "path": "runs/breast_cancer/split_29/generation_101/students/mixture_uniform/augment/11/dev",
      "exact": false,
      "maximum_absolute_probability_difference": 1.1920928955078125e-07
    },
    {
      "path": "runs/breast_cancer/split_29/generation_101/students/mixture_utility/synthetic_only/7/dev",
      "exact": false,
      "maximum_absolute_probability_difference": 1.1920928955078125e-07
    },
    {
      "path": "runs/breast_cancer/split_29/generation_101/students/mixture_utility/synthetic_only/11/dev",
      "exact": false,
      "maximum_absolute_probability_difference": 5.960464477539063e-08
    },
    {
      "path": "runs/breast_cancer/split_29/generation_101/students/mixture_utility/augment/7/dev",
      "exact": false,
      "maximum_absolute_probability_difference": 5.960464477539063e-08
    },
    {
      "path": "runs/breast_cancer/split_29/generation_101/students/mixture_utility/augment/11/dev",
      "exact": false,
      "maximum_absolute_probability_difference": 1.1920928955078125e-07
    },
    {
      "path": "runs/breast_cancer/split_29/generation_101/students/mixture_support/synthetic_only/7/dev",
      "exact": false,
      "maximum_absolute_probability_difference": 5.960464477539063e-08
    },
    {
      "path": "runs/breast_cancer/split_29/generation_101/students/mixture_support/synthetic_only/11/dev",
      "exact": false,
      "maximum_absolute_probability_difference": 7.450580596923828e-09
    },
    {
      "path": "runs/breast_cancer/split_29/generation_101/students/mixture_support/augment/7/dev",
      "exact": false,
      "maximum_absolute_probability_difference": 1.1920928955078125e-07
    },
    {
      "path": "runs/breast_cancer/split_29/generation_101/students/mixture_support/augment/11/dev",
      "exact": false,
      "maximum_absolute_probability_difference": 1.1920928955078125e-07
    },
    {
      "path": "runs/breast_cancer/split_29/generation_101/students/mixture_utility_support/synthetic_only/7/dev",
      "exact": false,
      "maximum_absolute_probability_difference": 5.960464477539063e-08
    },
    {
      "path": "runs/breast_cancer/split_29/generation_101/students/mixture_utility_support/synthetic_only/11/dev",
      "exact": false,
      "maximum_absolute_probability_difference": 5.960464477539063e-08
    },
    {
      "path": "runs/breast_cancer/split_29/generation_101/students/mixture_utility_support/augment/7/dev",
      "exact": false,
      "maximum_absolute_probability_difference": 1.1920928955078125e-07
    },
    {
      "path": "runs/breast_cancer/split_29/generation_101/students/mixture_utility_support/augment/11/dev",
      "exact": false,
      "maximum_absolute_probability_difference": 1.1920928955078125e-07
    },
    {
      "path": "runs/breast_cancer/split_29/generation_202/students/real_only/real_only/7/dev",
      "exact": false,
      "maximum_absolute_probability_difference": 1.1920928955078125e-07
    },
    {
      "path": "runs/breast_cancer/split_29/generation_202/students/real_only/real_only/11/dev",
      "exact": false,
      "maximum_absolute_probability_difference": 7.450580596923828e-09
    },
    {
      "path": "runs/breast_cancer/split_29/generation_202/students/bootstrap/synthetic_only/7/dev",
      "exact": false,
      "maximum_absolute_probability_difference": 1.1920928955078125e-07
    },
    {
      "path": "runs/breast_cancer/split_29/generation_202/students/bootstrap/synthetic_only/11/dev",
      "exact": false,
      "maximum_absolute_probability_difference": 4.470348358154297e-08
    },
    {
      "path": "runs/breast_cancer/split_29/generation_202/students/bootstrap/augment/7/dev",
      "exact": false,
      "maximum_absolute_probability_difference": 5.960464477539063e-08
    },
    {
      "path": "runs/breast_cancer/split_29/generation_202/students/bootstrap/augment/11/dev",
      "exact": false,
      "maximum_absolute_probability_difference": 2.2351741790771484e-08
    },
    {
      "path": "runs/breast_cancer/split_29/generation_202/students/smote/synthetic_only/7/dev",
      "exact": false,
      "maximum_absolute_probability_difference": 5.960464477539063e-08
    },
    {
      "path": "runs/breast_cancer/split_29/generation_202/students/smote/synthetic_only/11/dev",
      "exact": false,
      "maximum_absolute_probability_difference": 1.4901161193847656e-08
    },
    {
      "path": "runs/breast_cancer/split_29/generation_202/students/smote/augment/7/dev",
      "exact": false,
      "maximum_absolute_probability_difference": 1.1920928955078125e-07
    },
    {
      "path": "runs/breast_cancer/split_29/generation_202/students/smote/augment/11/dev",
      "exact": false,
      "maximum_absolute_probability_difference": 5.21540641784668e-08
    },
    {
      "path": "runs/breast_cancer/split_29/generation_202/students/copula/synthetic_only/7/dev",
      "exact": false,
      "maximum_absolute_probability_difference": 5.960464477539063e-08
    },
    {
      "path": "runs/breast_cancer/split_29/generation_202/students/copula/synthetic_only/11/dev",
      "exact": false,
      "maximum_absolute_probability_difference": 5.960464477539063e-08
    },
    {
      "path": "runs/breast_cancer/split_29/generation_202/students/copula/augment/7/dev",
      "exact": false,
      "maximum_absolute_probability_difference": 1.1920928955078125e-07
    },
    {
      "path": "runs/breast_cancer/split_29/generation_202/students/copula/augment/11/dev",
      "exact": false,
      "maximum_absolute_probability_difference": 5.960464477539063e-08
    },
    {
      "path": "runs/breast_cancer/split_29/generation_202/students/ctgan/synthetic_only/7/dev",
      "exact": false,
      "maximum_absolute_probability_difference": 2.9802322387695312e-08
    },
    {
      "path": "runs/breast_cancer/split_29/generation_202/students/ctgan/synthetic_only/11/dev",
      "exact": false,
      "maximum_absolute_probability_difference": 5.960464477539063e-08
    },
    {
      "path": "runs/breast_cancer/split_29/generation_202/students/ctgan/augment/7/dev",
      "exact": false,
      "maximum_absolute_probability_difference": 1.1920928955078125e-07
    },
    {
      "path": "runs/breast_cancer/split_29/generation_202/students/ctgan/augment/11/dev",
      "exact": false,
      "maximum_absolute_probability_difference": 5.960464477539063e-08
    },
    {
      "path": "runs/breast_cancer/split_29/generation_202/students/tvae/synthetic_only/7/dev",
      "exact": false,
      "maximum_absolute_probability_difference": 5.960464477539063e-08
    },
    {
      "path": "runs/breast_cancer/split_29/generation_202/students/tvae/synthetic_only/11/dev",
      "exact": false,
      "maximum_absolute_probability_difference": 1.1920928955078125e-07
    },
    {
      "path": "runs/breast_cancer/split_29/generation_202/students/tvae/augment/7/dev",
      "exact": false,
      "maximum_absolute_probability_difference": 1.1920928955078125e-07
    },
    {
      "path": "runs/breast_cancer/split_29/generation_202/students/tvae/augment/11/dev",
      "exact": false,
      "maximum_absolute_probability_difference": 5.960464477539063e-08
    },
    {
      "path": "runs/breast_cancer/split_29/generation_202/students/ddpm/synthetic_only/7/dev",
      "exact": false,
      "maximum_absolute_probability_difference": 5.960464477539063e-08
    },
    {
      "path": "runs/breast_cancer/split_29/generation_202/students/ddpm/synthetic_only/11/dev",
      "exact": false,
      "maximum_absolute_probability_difference": 1.1920928955078125e-07
    },
    {
      "path": "runs/breast_cancer/split_29/generation_202/students/ddpm/augment/7/dev",
      "exact": false,
      "maximum_absolute_probability_difference": 5.960464477539063e-08
    },
    {
      "path": "runs/breast_cancer/split_29/generation_202/students/ddpm/augment/11/dev",
      "exact": false,
      "maximum_absolute_probability_difference": 5.960464477539063e-08
    },
    {
      "path": "runs/breast_cancer/split_29/generation_202/students/ctgan_unpacked/synthetic_only/7/dev",
      "exact": false,
      "maximum_absolute_probability_difference": 5.960464477539063e-08
    },
    {
      "path": "runs/breast_cancer/split_29/generation_202/students/ctgan_unpacked/synthetic_only/11/dev",
      "exact": false,
      "maximum_absolute_probability_difference": 1.1920928955078125e-07
    },
    {
      "path": "runs/breast_cancer/split_29/generation_202/students/ctgan_unpacked/augment/7/dev",
      "exact": false,
      "maximum_absolute_probability_difference": 1.1920928955078125e-07
    },
    {
      "path": "runs/breast_cancer/split_29/generation_202/students/ctgan_unpacked/augment/11/dev",
      "exact": false,
      "maximum_absolute_probability_difference": 5.960464477539063e-08
    },
    {
      "path": "runs/breast_cancer/split_29/generation_202/students/ctgan_one_mode/synthetic_only/7/dev",
      "exact": false,
      "maximum_absolute_probability_difference": 1.1920928955078125e-07
    },
    {
      "path": "runs/breast_cancer/split_29/generation_202/students/ctgan_one_mode/synthetic_only/11/dev",
      "exact": false,
      "maximum_absolute_probability_difference": 1.1920928955078125e-07
    },
    {
      "path": "runs/breast_cancer/split_29/generation_202/students/ctgan_one_mode/augment/7/dev",
      "exact": false,
      "maximum_absolute_probability_difference": 5.960464477539063e-08
    },
    {
      "path": "runs/breast_cancer/split_29/generation_202/students/ctgan_one_mode/augment/11/dev",
      "exact": false,
      "maximum_absolute_probability_difference": 8.940696716308594e-08
    },
    {
      "path": "runs/breast_cancer/split_29/generation_202/students/ddpm_unconditional/synthetic_only/7/dev",
      "exact": false,
      "maximum_absolute_probability_difference": 1.1920928955078125e-07
    },
    {
      "path": "runs/breast_cancer/split_29/generation_202/students/ddpm_unconditional/synthetic_only/11/dev",
      "exact": false,
      "maximum_absolute_probability_difference": 1.1920928955078125e-07
    },
    {
      "path": "runs/breast_cancer/split_29/generation_202/students/ddpm_unconditional/augment/7/dev",
      "exact": false,
      "maximum_absolute_probability_difference": 1.1920928955078125e-07
    },
    {
      "path": "runs/breast_cancer/split_29/generation_202/students/ddpm_unconditional/augment/11/dev",
      "exact": false,
      "maximum_absolute_probability_difference": 1.1920928955078125e-07
    },
    {
      "path": "runs/breast_cancer/split_29/generation_202/students/ddpm_standardized/synthetic_only/7/dev",
      "exact": false,
      "maximum_absolute_probability_difference": 1.1920928955078125e-07
    },
    {
      "path": "runs/breast_cancer/split_29/generation_202/students/ddpm_standardized/synthetic_only/11/dev",
      "exact": false,
      "maximum_absolute_probability_difference": 1.1920928955078125e-07
    },
    {
      "path": "runs/breast_cancer/split_29/generation_202/students/ddpm_standardized/augment/7/dev",
      "exact": false,
      "maximum_absolute_probability_difference": 1.1920928955078125e-07
    },
    {
      "path": "runs/breast_cancer/split_29/generation_202/students/ddpm_standardized/augment/11/dev",
      "exact": false,
      "maximum_absolute_probability_difference": 5.960464477539063e-08
    },
    {
      "path": "runs/breast_cancer/split_29/generation_202/students/mixture_uniform/synthetic_only/7/dev",
      "exact": false,
      "maximum_absolute_probability_difference": 1.1920928955078125e-07
    },
    {
      "path": "runs/breast_cancer/split_29/generation_202/students/mixture_uniform/synthetic_only/11/dev",
      "exact": false,
      "maximum_absolute_probability_difference": 8.940696716308594e-08
    },
    {
      "path": "runs/breast_cancer/split_29/generation_202/students/mixture_uniform/augment/7/dev",
      "exact": false,
      "maximum_absolute_probability_difference": 1.1920928955078125e-07
    },
    {
      "path": "runs/breast_cancer/split_29/generation_202/students/mixture_uniform/augment/11/dev",
      "exact": false,
      "maximum_absolute_probability_difference": 5.960464477539063e-08
    },
    {
      "path": "runs/breast_cancer/split_29/generation_202/students/mixture_utility/synthetic_only/7/dev",
      "exact": false,
      "maximum_absolute_probability_difference": 1.1920928955078125e-07
    },
    {
      "path": "runs/breast_cancer/split_29/generation_202/students/mixture_utility/synthetic_only/11/dev",
      "exact": false,
      "maximum_absolute_probability_difference": 5.960464477539063e-08
    },
    {
      "path": "runs/breast_cancer/split_29/generation_202/students/mixture_utility/augment/7/dev",
      "exact": false,
      "maximum_absolute_probability_difference": 5.960464477539063e-08
    },
    {
      "path": "runs/breast_cancer/split_29/generation_202/students/mixture_utility/augment/11/dev",
      "exact": false,
      "maximum_absolute_probability_difference": 1.1920928955078125e-07
    },
    {
      "path": "runs/breast_cancer/split_29/generation_202/students/mixture_support/synthetic_only/7/dev",
      "exact": false,
      "maximum_absolute_probability_difference": 1.1920928955078125e-07
    },
    {
      "path": "runs/breast_cancer/split_29/generation_202/students/mixture_support/synthetic_only/11/dev",
      "exact": false,
      "maximum_absolute_probability_difference": 5.960464477539063e-08
    },
    {
      "path": "runs/breast_cancer/split_29/generation_202/students/mixture_support/augment/7/dev",
      "exact": false,
      "maximum_absolute_probability_difference": 1.1920928955078125e-07
    },
    {
      "path": "runs/breast_cancer/split_29/generation_202/students/mixture_support/augment/11/dev",
      "exact": false,
      "maximum_absolute_probability_difference": 5.960464477539063e-08
    },
    {
      "path": "runs/breast_cancer/split_29/generation_202/students/mixture_utility_support/synthetic_only/7/dev",
      "exact": false,
      "maximum_absolute_probability_difference": 1.1920928955078125e-07
    },
    {
      "path": "runs/breast_cancer/split_29/generation_202/students/mixture_utility_support/synthetic_only/11/dev",
      "exact": false,
      "maximum_absolute_probability_difference": 1.1920928955078125e-07
    },
    {
      "path": "runs/breast_cancer/split_29/generation_202/students/mixture_utility_support/augment/7/dev",
      "exact": false,
      "maximum_absolute_probability_difference": 1.1920928955078125e-07
    },
    {
      "path": "runs/breast_cancer/split_29/generation_202/students/mixture_utility_support/augment/11/dev",
      "exact": false,
      "maximum_absolute_probability_difference": 1.1920928955078125e-07
    },
    {
      "path": "runs/breast_cancer/split_41/generation_101/students/real_only/real_only/7/dev",
      "exact": false,
      "maximum_absolute_probability_difference": 5.960464477539063e-08
    },
    {
      "path": "runs/breast_cancer/split_41/generation_101/students/real_only/real_only/11/dev",
      "exact": false,
      "maximum_absolute_probability_difference": 3.259629011154175e-09
    },
    {
      "path": "runs/breast_cancer/split_41/generation_101/students/bootstrap/synthetic_only/7/dev",
      "exact": false,
      "maximum_absolute_probability_difference": 4.470348358154297e-08
    },
    {
      "path": "runs/breast_cancer/split_41/generation_101/students/bootstrap/synthetic_only/11/dev",
      "exact": false,
      "maximum_absolute_probability_difference": 5.960464477539063e-08
    },
    {
      "path": "runs/breast_cancer/split_41/generation_101/students/bootstrap/augment/7/dev",
      "exact": false,
      "maximum_absolute_probability_difference": 7.450580596923828e-09
    },
    {
      "path": "runs/breast_cancer/split_41/generation_101/students/bootstrap/augment/11/dev",
      "exact": false,
      "maximum_absolute_probability_difference": 5.960464477539063e-08
    },
    {
      "path": "runs/breast_cancer/split_41/generation_101/students/smote/synthetic_only/7/dev",
      "exact": false,
      "maximum_absolute_probability_difference": 5.960464477539063e-08
    },
    {
      "path": "runs/breast_cancer/split_41/generation_101/students/smote/synthetic_only/11/dev",
      "exact": false,
      "maximum_absolute_probability_difference": 3.4924596548080444e-09
    },
    {
      "path": "runs/breast_cancer/split_41/generation_101/students/smote/augment/7/dev",
      "exact": false,
      "maximum_absolute_probability_difference": 1.1920928955078125e-07
    },
    {
      "path": "runs/breast_cancer/split_41/generation_101/students/smote/augment/11/dev",
      "exact": false,
      "maximum_absolute_probability_difference": 5.960464477539063e-08
    },
    {
      "path": "runs/breast_cancer/split_41/generation_101/students/copula/synthetic_only/7/dev",
      "exact": false,
      "maximum_absolute_probability_difference": 4.470348358154297e-08
    },
    {
      "path": "runs/breast_cancer/split_41/generation_101/students/copula/synthetic_only/11/dev",
      "exact": false,
      "maximum_absolute_probability_difference": 2.2351741790771484e-08
    },
    {
      "path": "runs/breast_cancer/split_41/generation_101/students/copula/augment/7/dev",
      "exact": false,
      "maximum_absolute_probability_difference": 1.1920928955078125e-07
    },
    {
      "path": "runs/breast_cancer/split_41/generation_101/students/copula/augment/11/dev",
      "exact": false,
      "maximum_absolute_probability_difference": 2.9802322387695312e-08
    },
    {
      "path": "runs/breast_cancer/split_41/generation_101/students/ctgan/synthetic_only/7/dev",
      "exact": false,
      "maximum_absolute_probability_difference": 1.1920928955078125e-07
    },
    {
      "path": "runs/breast_cancer/split_41/generation_101/students/ctgan/synthetic_only/11/dev",
      "exact": false,
      "maximum_absolute_probability_difference": 2.2351741790771484e-08
    },
    {
      "path": "runs/breast_cancer/split_41/generation_101/students/ctgan/augment/7/dev",
      "exact": false,
      "maximum_absolute_probability_difference": 5.960464477539063e-08
    },
    {
      "path": "runs/breast_cancer/split_41/generation_101/students/ctgan/augment/11/dev",
      "exact": false,
      "maximum_absolute_probability_difference": 1.4901161193847656e-08
    },
    {
      "path": "runs/breast_cancer/split_41/generation_101/students/tvae/synthetic_only/7/dev",
      "exact": false,
      "maximum_absolute_probability_difference": 5.960464477539063e-08
    },
    {
      "path": "runs/breast_cancer/split_41/generation_101/students/tvae/synthetic_only/11/dev",
      "exact": false,
      "maximum_absolute_probability_difference": 8.940696716308594e-08
    },
    {
      "path": "runs/breast_cancer/split_41/generation_101/students/tvae/augment/7/dev",
      "exact": false,
      "maximum_absolute_probability_difference": 1.1175870895385742e-08
    },
    {
      "path": "runs/breast_cancer/split_41/generation_101/students/tvae/augment/11/dev",
      "exact": false,
      "maximum_absolute_probability_difference": 2.2351741790771484e-08
    },
    {
      "path": "runs/breast_cancer/split_41/generation_101/students/ddpm/synthetic_only/7/dev",
      "exact": false,
      "maximum_absolute_probability_difference": 1.1920928955078125e-07
    },
    {
      "path": "runs/breast_cancer/split_41/generation_101/students/ddpm/synthetic_only/11/dev",
      "exact": false,
      "maximum_absolute_probability_difference": 5.960464477539063e-08
    },
    {
      "path": "runs/breast_cancer/split_41/generation_101/students/ddpm/augment/7/dev",
      "exact": false,
      "maximum_absolute_probability_difference": 4.470348358154297e-08
    },
    {
      "path": "runs/breast_cancer/split_41/generation_101/students/ddpm/augment/11/dev",
      "exact": false,
      "maximum_absolute_probability_difference": 7.450580596923828e-08
    },
    {
      "path": "runs/breast_cancer/split_41/generation_101/students/ctgan_unpacked/synthetic_only/7/dev",
      "exact": false,
      "maximum_absolute_probability_difference": 5.960464477539063e-08
    },
    {
      "path": "runs/breast_cancer/split_41/generation_101/students/ctgan_unpacked/synthetic_only/11/dev",
      "exact": false,
      "maximum_absolute_probability_difference": 5.960464477539063e-08
    },
    {
      "path": "runs/breast_cancer/split_41/generation_101/students/ctgan_unpacked/augment/7/dev",
      "exact": false,
      "maximum_absolute_probability_difference": 5.587935447692871e-09
    },
    {
      "path": "runs/breast_cancer/split_41/generation_101/students/ctgan_unpacked/augment/11/dev",
      "exact": false,
      "maximum_absolute_probability_difference": 1.1175870895385742e-08
    },
    {
      "path": "runs/breast_cancer/split_41/generation_101/students/ctgan_one_mode/synthetic_only/7/dev",
      "exact": false,
      "maximum_absolute_probability_difference": 5.960464477539063e-08
    },
    {
      "path": "runs/breast_cancer/split_41/generation_101/students/ctgan_one_mode/synthetic_only/11/dev",
      "exact": false,
      "maximum_absolute_probability_difference": 1.1920928955078125e-07
    },
    {
      "path": "runs/breast_cancer/split_41/generation_101/students/ctgan_one_mode/augment/7/dev",
      "exact": false,
      "maximum_absolute_probability_difference": 5.960464477539063e-08
    },
    {
      "path": "runs/breast_cancer/split_41/generation_101/students/ctgan_one_mode/augment/11/dev",
      "exact": false,
      "maximum_absolute_probability_difference": 1.1920928955078125e-07
    },
    {
      "path": "runs/breast_cancer/split_41/generation_101/students/ddpm_unconditional/synthetic_only/7/dev",
      "exact": false,
      "maximum_absolute_probability_difference": 1.1920928955078125e-07
    },
    {
      "path": "runs/breast_cancer/split_41/generation_101/students/ddpm_unconditional/synthetic_only/11/dev",
      "exact": false,
      "maximum_absolute_probability_difference": 1.1920928955078125e-07
    },
    {
      "path": "runs/breast_cancer/split_41/generation_101/students/ddpm_unconditional/augment/7/dev",
      "exact": false,
      "maximum_absolute_probability_difference": 1.1920928955078125e-07
    },
    {
      "path": "runs/breast_cancer/split_41/generation_101/students/ddpm_unconditional/augment/11/dev",
      "exact": false,
      "maximum_absolute_probability_difference": 1.1920928955078125e-07
    },
    {
      "path": "runs/breast_cancer/split_41/generation_101/students/ddpm_standardized/synthetic_only/7/dev",
      "exact": false,
      "maximum_absolute_probability_difference": 1.1920928955078125e-07
    },
    {
      "path": "runs/breast_cancer/split_41/generation_101/students/ddpm_standardized/synthetic_only/11/dev",
      "exact": false,
      "maximum_absolute_probability_difference": 5.960464477539063e-08
    },
    {
      "path": "runs/breast_cancer/split_41/generation_101/students/ddpm_standardized/augment/7/dev",
      "exact": false,
      "maximum_absolute_probability_difference": 2.9802322387695312e-08
    },
    {
      "path": "runs/breast_cancer/split_41/generation_101/students/ddpm_standardized/augment/11/dev",
      "exact": false,
      "maximum_absolute_probability_difference": 5.960464477539063e-08
    },
    {
      "path": "runs/breast_cancer/split_41/generation_101/students/mixture_uniform/synthetic_only/7/dev",
      "exact": false,
      "maximum_absolute_probability_difference": 5.960464477539063e-08
    },
    {
      "path": "runs/breast_cancer/split_41/generation_101/students/mixture_uniform/synthetic_only/11/dev",
      "exact": false,
      "maximum_absolute_probability_difference": 1.1175870895385742e-08
    },
    {
      "path": "runs/breast_cancer/split_41/generation_101/students/mixture_uniform/augment/7/dev",
      "exact": false,
      "maximum_absolute_probability_difference": 5.960464477539063e-08
    },
    {
      "path": "runs/breast_cancer/split_41/generation_101/students/mixture_uniform/augment/11/dev",
      "exact": false,
      "maximum_absolute_probability_difference": 1.1920928955078125e-07
    },
    {
      "path": "runs/breast_cancer/split_41/generation_101/students/mixture_utility/synthetic_only/7/dev",
      "exact": false,
      "maximum_absolute_probability_difference": 5.960464477539063e-08
    },
    {
      "path": "runs/breast_cancer/split_41/generation_101/students/mixture_utility/synthetic_only/11/dev",
      "exact": false,
      "maximum_absolute_probability_difference": 1.1920928955078125e-07
    },
    {
      "path": "runs/breast_cancer/split_41/generation_101/students/mixture_utility/augment/7/dev",
      "exact": false,
      "maximum_absolute_probability_difference": 5.960464477539063e-08
    },
    {
      "path": "runs/breast_cancer/split_41/generation_101/students/mixture_utility/augment/11/dev",
      "exact": false,
      "maximum_absolute_probability_difference": 5.960464477539063e-08
    },
    {
      "path": "runs/breast_cancer/split_41/generation_101/students/mixture_support/synthetic_only/7/dev",
      "exact": false,
      "maximum_absolute_probability_difference": 1.1920928955078125e-07
    },
    {
      "path": "runs/breast_cancer/split_41/generation_101/students/mixture_support/synthetic_only/11/dev",
      "exact": false,
      "maximum_absolute_probability_difference": 1.1920928955078125e-07
    },
    {
      "path": "runs/breast_cancer/split_41/generation_101/students/mixture_support/augment/7/dev",
      "exact": false,
      "maximum_absolute_probability_difference": 5.960464477539063e-08
    },
    {
      "path": "runs/breast_cancer/split_41/generation_101/students/mixture_support/augment/11/dev",
      "exact": false,
      "maximum_absolute_probability_difference": 2.9802322387695312e-08
    },
    {
      "path": "runs/breast_cancer/split_41/generation_101/students/mixture_utility_support/synthetic_only/7/dev",
      "exact": false,
      "maximum_absolute_probability_difference": 5.960464477539063e-08
    },
    {
      "path": "runs/breast_cancer/split_41/generation_101/students/mixture_utility_support/synthetic_only/11/dev",
      "exact": false,
      "maximum_absolute_probability_difference": 1.1920928955078125e-07
    },
    {
      "path": "runs/breast_cancer/split_41/generation_101/students/mixture_utility_support/augment/7/dev",
      "exact": false,
      "maximum_absolute_probability_difference": 2.9802322387695312e-08
    },
    {
      "path": "runs/breast_cancer/split_41/generation_101/students/mixture_utility_support/augment/11/dev",
      "exact": false,
      "maximum_absolute_probability_difference": 5.960464477539063e-08
    },
    {
      "path": "runs/breast_cancer/split_41/generation_202/students/real_only/real_only/7/dev",
      "exact": false,
      "maximum_absolute_probability_difference": 5.960464477539063e-08
    },
    {
      "path": "runs/breast_cancer/split_41/generation_202/students/real_only/real_only/11/dev",
      "exact": false,
      "maximum_absolute_probability_difference": 3.259629011154175e-09
    },
    {
      "path": "runs/breast_cancer/split_41/generation_202/students/bootstrap/synthetic_only/7/dev",
      "exact": false,
      "maximum_absolute_probability_difference": 1.1920928955078125e-07
    },
    {
      "path": "runs/breast_cancer/split_41/generation_202/students/bootstrap/synthetic_only/11/dev",
      "exact": false,
      "maximum_absolute_probability_difference": 2.9802322387695312e-08
    },
    {
      "path": "runs/breast_cancer/split_41/generation_202/students/bootstrap/augment/7/dev",
      "exact": false,
      "maximum_absolute_probability_difference": 2.2351741790771484e-08
    },
    {
      "path": "runs/breast_cancer/split_41/generation_202/students/bootstrap/augment/11/dev",
      "exact": false,
      "maximum_absolute_probability_difference": 5.960464477539063e-08
    },
    {
      "path": "runs/breast_cancer/split_41/generation_202/students/smote/synthetic_only/7/dev",
      "exact": false,
      "maximum_absolute_probability_difference": 5.960464477539063e-08
    },
    {
      "path": "runs/breast_cancer/split_41/generation_202/students/smote/synthetic_only/11/dev",
      "exact": false,
      "maximum_absolute_probability_difference": 4.470348358154297e-08
    },
    {
      "path": "runs/breast_cancer/split_41/generation_202/students/smote/augment/7/dev",
      "exact": false,
      "maximum_absolute_probability_difference": 5.960464477539063e-08
    },
    {
      "path": "runs/breast_cancer/split_41/generation_202/students/smote/augment/11/dev",
      "exact": false,
      "maximum_absolute_probability_difference": 1.1920928955078125e-07
    },
    {
      "path": "runs/breast_cancer/split_41/generation_202/students/copula/synthetic_only/7/dev",
      "exact": false,
      "maximum_absolute_probability_difference": 7.450580596923828e-09
    },
    {
      "path": "runs/breast_cancer/split_41/generation_202/students/copula/synthetic_only/11/dev",
      "exact": false,
      "maximum_absolute_probability_difference": 1.1175870895385742e-08
    },
    {
      "path": "runs/breast_cancer/split_41/generation_202/students/copula/augment/7/dev",
      "exact": false,
      "maximum_absolute_probability_difference": 1.1641532182693481e-09
    },
    {
      "path": "runs/breast_cancer/split_41/generation_202/students/copula/augment/11/dev",
      "exact": false,
      "maximum_absolute_probability_difference": 2.7939677238464355e-09
    },
    {
      "path": "runs/breast_cancer/split_41/generation_202/students/ctgan/synthetic_only/7/dev",
      "exact": false,
      "maximum_absolute_probability_difference": 5.960464477539063e-08
    },
    {
      "path": "runs/breast_cancer/split_41/generation_202/students/ctgan/synthetic_only/11/dev",
      "exact": false,
      "maximum_absolute_probability_difference": 1.1920928955078125e-07
    },
    {
      "path": "runs/breast_cancer/split_41/generation_202/students/ctgan/augment/7/dev",
      "exact": false,
      "maximum_absolute_probability_difference": 5.960464477539063e-08
    },
    {
      "path": "runs/breast_cancer/split_41/generation_202/students/ctgan/augment/11/dev",
      "exact": false,
      "maximum_absolute_probability_difference": 2.9802322387695312e-08
    },
    {
      "path": "runs/breast_cancer/split_41/generation_202/students/tvae/synthetic_only/7/dev",
      "exact": false,
      "maximum_absolute_probability_difference": 4.470348358154297e-08
    },
    {
      "path": "runs/breast_cancer/split_41/generation_202/students/tvae/synthetic_only/11/dev",
      "exact": false,
      "maximum_absolute_probability_difference": 5.960464477539063e-08
    },
    {
      "path": "runs/breast_cancer/split_41/generation_202/students/tvae/augment/7/dev",
      "exact": false,
      "maximum_absolute_probability_difference": 2.9802322387695312e-08
    },
    {
      "path": "runs/breast_cancer/split_41/generation_202/students/tvae/augment/11/dev",
      "exact": false,
      "maximum_absolute_probability_difference": 1.1920928955078125e-07
    },
    {
      "path": "runs/breast_cancer/split_41/generation_202/students/ddpm/synthetic_only/7/dev",
      "exact": false,
      "maximum_absolute_probability_difference": 1.1920928955078125e-07
    },
    {
      "path": "runs/breast_cancer/split_41/generation_202/students/ddpm/synthetic_only/11/dev",
      "exact": false,
      "maximum_absolute_probability_difference": 5.960464477539063e-08
    },
    {
      "path": "runs/breast_cancer/split_41/generation_202/students/ddpm/augment/7/dev",
      "exact": false,
      "maximum_absolute_probability_difference": 1.1920928955078125e-07
    },
    {
      "path": "runs/breast_cancer/split_41/generation_202/students/ddpm/augment/11/dev",
      "exact": false,
      "maximum_absolute_probability_difference": 5.960464477539063e-08
    },
    {
      "path": "runs/breast_cancer/split_41/generation_202/students/ctgan_unpacked/synthetic_only/7/dev",
      "exact": false,
      "maximum_absolute_probability_difference": 5.960464477539063e-08
    },
    {
      "path": "runs/breast_cancer/split_41/generation_202/students/ctgan_unpacked/synthetic_only/11/dev",
      "exact": false,
      "maximum_absolute_probability_difference": 5.960464477539063e-08
    },
    {
      "path": "runs/breast_cancer/split_41/generation_202/students/ctgan_unpacked/augment/7/dev",
      "exact": false,
      "maximum_absolute_probability_difference": 5.960464477539063e-08
    },
    {
      "path": "runs/breast_cancer/split_41/generation_202/students/ctgan_unpacked/augment/11/dev",
      "exact": false,
      "maximum_absolute_probability_difference": 1.1920928955078125e-07
    },
    {
      "path": "runs/breast_cancer/split_41/generation_202/students/ctgan_one_mode/synthetic_only/7/dev",
      "exact": false,
      "maximum_absolute_probability_difference": 1.1920928955078125e-07
    },
    {
      "path": "runs/breast_cancer/split_41/generation_202/students/ctgan_one_mode/synthetic_only/11/dev",
      "exact": false,
      "maximum_absolute_probability_difference": 1.1920928955078125e-07
    },
    {
      "path": "runs/breast_cancer/split_41/generation_202/students/ctgan_one_mode/augment/7/dev",
      "exact": false,
      "maximum_absolute_probability_difference": 5.960464477539063e-08
    },
    {
      "path": "runs/breast_cancer/split_41/generation_202/students/ctgan_one_mode/augment/11/dev",
      "exact": false,
      "maximum_absolute_probability_difference": 1.1920928955078125e-07
    },
    {
      "path": "runs/breast_cancer/split_41/generation_202/students/ddpm_unconditional/synthetic_only/7/dev",
      "exact": false,
      "maximum_absolute_probability_difference": 1.1920928955078125e-07
    },
    {
      "path": "runs/breast_cancer/split_41/generation_202/students/ddpm_unconditional/synthetic_only/11/dev",
      "exact": false,
      "maximum_absolute_probability_difference": 1.1920928955078125e-07
    },
    {
      "path": "runs/breast_cancer/split_41/generation_202/students/ddpm_unconditional/augment/7/dev",
      "exact": false,
      "maximum_absolute_probability_difference": 1.1920928955078125e-07
    },
    {
      "path": "runs/breast_cancer/split_41/generation_202/students/ddpm_unconditional/augment/11/dev",
      "exact": false,
      "maximum_absolute_probability_difference": 1.1920928955078125e-07
    },
    {
      "path": "runs/breast_cancer/split_41/generation_202/students/ddpm_standardized/synthetic_only/7/dev",
      "exact": false,
      "maximum_absolute_probability_difference": 1.1920928955078125e-07
    },
    {
      "path": "runs/breast_cancer/split_41/generation_202/students/ddpm_standardized/synthetic_only/11/dev",
      "exact": false,
      "maximum_absolute_probability_difference": 2.9802322387695312e-08
    },
    {
      "path": "runs/breast_cancer/split_41/generation_202/students/ddpm_standardized/augment/7/dev",
      "exact": false,
      "maximum_absolute_probability_difference": 2.9802322387695312e-08
    },
    {
      "path": "runs/breast_cancer/split_41/generation_202/students/ddpm_standardized/augment/11/dev",
      "exact": false,
      "maximum_absolute_probability_difference": 2.9802322387695312e-08
    },
    {
      "path": "runs/breast_cancer/split_41/generation_202/students/mixture_uniform/synthetic_only/7/dev",
      "exact": false,
      "maximum_absolute_probability_difference": 7.450580596923828e-09
    },
    {
      "path": "runs/breast_cancer/split_41/generation_202/students/mixture_uniform/synthetic_only/11/dev",
      "exact": false,
      "maximum_absolute_probability_difference": 1.4901161193847656e-08
    },
    {
      "path": "runs/breast_cancer/split_41/generation_202/students/mixture_uniform/augment/7/dev",
      "exact": false,
      "maximum_absolute_probability_difference": 2.9802322387695312e-08
    },
    {
      "path": "runs/breast_cancer/split_41/generation_202/students/mixture_uniform/augment/11/dev",
      "exact": false,
      "maximum_absolute_probability_difference": 2.9802322387695312e-08
    },
    {
      "path": "runs/breast_cancer/split_41/generation_202/students/mixture_utility/synthetic_only/7/dev",
      "exact": false,
      "maximum_absolute_probability_difference": 2.0489096641540527e-08
    },
    {
      "path": "runs/breast_cancer/split_41/generation_202/students/mixture_utility/synthetic_only/11/dev",
      "exact": false,
      "maximum_absolute_probability_difference": 1.1920928955078125e-07
    },
    {
      "path": "runs/breast_cancer/split_41/generation_202/students/mixture_utility/augment/7/dev",
      "exact": false,
      "maximum_absolute_probability_difference": 5.960464477539063e-08
    },
    {
      "path": "runs/breast_cancer/split_41/generation_202/students/mixture_utility/augment/11/dev",
      "exact": false,
      "maximum_absolute_probability_difference": 5.960464477539063e-08
    },
    {
      "path": "runs/breast_cancer/split_41/generation_202/students/mixture_support/synthetic_only/7/dev",
      "exact": false,
      "maximum_absolute_probability_difference": 1.1920928955078125e-07
    },
    {
      "path": "runs/breast_cancer/split_41/generation_202/students/mixture_support/synthetic_only/11/dev",
      "exact": false,
      "maximum_absolute_probability_difference": 1.1920928955078125e-07
    },
    {
      "path": "runs/breast_cancer/split_41/generation_202/students/mixture_support/augment/7/dev",
      "exact": false,
      "maximum_absolute_probability_difference": 1.4901161193847656e-08
    },
    {
      "path": "runs/breast_cancer/split_41/generation_202/students/mixture_support/augment/11/dev",
      "exact": false,
      "maximum_absolute_probability_difference": 5.960464477539063e-08
    },
    {
      "path": "runs/breast_cancer/split_41/generation_202/students/mixture_utility_support/synthetic_only/7/dev",
      "exact": false,
      "maximum_absolute_probability_difference": 5.960464477539063e-08
    },
    {
      "path": "runs/breast_cancer/split_41/generation_202/students/mixture_utility_support/synthetic_only/11/dev",
      "exact": false,
      "maximum_absolute_probability_difference": 3.725290298461914e-08
    },
    {
      "path": "runs/breast_cancer/split_41/generation_202/students/mixture_utility_support/augment/7/dev",
      "exact": false,
      "maximum_absolute_probability_difference": 1.1920928955078125e-07
    },
    {
      "path": "runs/breast_cancer/split_41/generation_202/students/mixture_utility_support/augment/11/dev",
      "exact": false,
      "maximum_absolute_probability_difference": 1.1920928955078125e-07
    }
  ],
  "reconstructed_only_metrics_count": 444,
  "reconstructed_loss_drift": [
    {
      "path": "runs/wine/split_17/generation_101/probes/ctgan/7/model.json",
      "maximum_absolute_loss_difference": 7.97676937835945e-08,
      "saved_probability_array_available": false
    },
    {
      "path": "runs/wine/split_17/generation_101/probes/ctgan/11/model.json",
      "maximum_absolute_loss_difference": 5.271845904264438e-09,
      "saved_probability_array_available": false
    },
    {
      "path": "runs/wine/split_17/generation_101/probes/copula/7/model.json",
      "maximum_absolute_loss_difference": 2.774620311285503e-09,
      "saved_probability_array_available": false
    },
    {
      "path": "runs/wine/split_17/generation_101/probes/copula/11/model.json",
      "maximum_absolute_loss_difference": 4.095499391010282e-09,
      "saved_probability_array_available": false
    },
    {
      "path": "runs/wine/split_17/generation_101/probes/tvae/7/model.json",
      "maximum_absolute_loss_difference": 7.1849551828984115e-09,
      "saved_probability_array_available": false
    },
    {
      "path": "runs/wine/split_17/generation_101/probes/tvae/11/model.json",
      "maximum_absolute_loss_difference": 7.162274967553728e-09,
      "saved_probability_array_available": false
    },
    {
      "path": "runs/wine/split_17/generation_101/probes/ddpm/7/model.json",
      "maximum_absolute_loss_difference": 9.37695450453635e-09,
      "saved_probability_array_available": false
    },
    {
      "path": "runs/wine/split_17/generation_101/probes/ddpm/11/model.json",
      "maximum_absolute_loss_difference": 1.167799115742163e-08,
      "saved_probability_array_available": false
    },
    {
      "path": "runs/wine/split_17/generation_202/probes/ctgan/7/model.json",
      "maximum_absolute_loss_difference": 3.849226781760251e-08,
      "saved_probability_array_available": false
    },
    {
      "path": "runs/wine/split_17/generation_202/probes/ctgan/11/model.json",
      "maximum_absolute_loss_difference": 1.1928034338026805e-08,
      "saved_probability_array_available": false
    },
    {
      "path": "runs/wine/split_17/generation_202/probes/copula/7/model.json",
      "maximum_absolute_loss_difference": 2.426745127764862e-09,
      "saved_probability_array_available": false
    },
    {
      "path": "runs/wine/split_17/generation_202/probes/copula/11/model.json",
      "maximum_absolute_loss_difference": 1.1233122258758055e-08,
      "saved_probability_array_available": false
    },
    {
      "path": "runs/wine/split_17/generation_202/probes/tvae/7/model.json",
      "maximum_absolute_loss_difference": 1.6859594165197223e-08,
      "saved_probability_array_available": false
    },
    {
      "path": "runs/wine/split_17/generation_202/probes/tvae/11/model.json",
      "maximum_absolute_loss_difference": 2.3412414784651503e-09,
      "saved_probability_array_available": false
    },
    {
      "path": "runs/wine/split_17/generation_202/probes/ddpm/7/model.json",
      "maximum_absolute_loss_difference": 2.199840748451365e-08,
      "saved_probability_array_available": false
    },
    {
      "path": "runs/wine/split_17/generation_202/probes/ddpm/11/model.json",
      "maximum_absolute_loss_difference": 2.2696196311233763e-08,
      "saved_probability_array_available": false
    },
    {
      "path": "runs/wine/split_29/generation_101/probes/ctgan/7/model.json",
      "maximum_absolute_loss_difference": 1.550884154433163e-08,
      "saved_probability_array_available": false
    },
    {
      "path": "runs/wine/split_29/generation_101/probes/ctgan/11/model.json",
      "maximum_absolute_loss_difference": 4.198611303074529e-08,
      "saved_probability_array_available": false
    },
    {
      "path": "runs/wine/split_29/generation_101/probes/copula/7/model.json",
      "maximum_absolute_loss_difference": 2.4691927062031604e-09,
      "saved_probability_array_available": false
    },
    {
      "path": "runs/wine/split_29/generation_101/probes/copula/11/model.json",
      "maximum_absolute_loss_difference": 2.3609802012741765e-09,
      "saved_probability_array_available": false
    },
    {
      "path": "runs/wine/split_29/generation_101/probes/tvae/7/model.json",
      "maximum_absolute_loss_difference": 9.098379605276818e-09,
      "saved_probability_array_available": false
    },
    {
      "path": "runs/wine/split_29/generation_101/probes/tvae/11/model.json",
      "maximum_absolute_loss_difference": 1.4740364595589028e-08,
      "saved_probability_array_available": false
    },
    {
      "path": "runs/wine/split_29/generation_101/probes/ddpm/7/model.json",
      "maximum_absolute_loss_difference": 1.9471459184600137e-09,
      "saved_probability_array_available": false
    },
    {
      "path": "runs/wine/split_29/generation_101/probes/ddpm/11/model.json",
      "maximum_absolute_loss_difference": 1.8281630653760317e-08,
      "saved_probability_array_available": false
    },
    {
      "path": "runs/wine/split_29/generation_202/probes/ctgan/7/model.json",
      "maximum_absolute_loss_difference": 6.558265345721348e-09,
      "saved_probability_array_available": false
    },
    {
      "path": "runs/wine/split_29/generation_202/probes/ctgan/11/model.json",
      "maximum_absolute_loss_difference": 6.683967074261332e-09,
      "saved_probability_array_available": false
    },
    {
      "path": "runs/wine/split_29/generation_202/probes/copula/7/model.json",
      "maximum_absolute_loss_difference": 1.4294684436144678e-08,
      "saved_probability_array_available": false
    },
    {
      "path": "runs/wine/split_29/generation_202/probes/copula/11/model.json",
      "maximum_absolute_loss_difference": 2.2709433222800612e-09,
      "saved_probability_array_available": false
    },
    {
      "path": "runs/wine/split_29/generation_202/probes/tvae/7/model.json",
      "maximum_absolute_loss_difference": 9.57836626680475e-09,
      "saved_probability_array_available": false
    },
    {
      "path": "runs/wine/split_29/generation_202/probes/tvae/11/model.json",
      "maximum_absolute_loss_difference": 8.034868868335432e-10,
      "saved_probability_array_available": false
    },
    {
      "path": "runs/wine/split_29/generation_202/probes/ddpm/7/model.json",
      "maximum_absolute_loss_difference": 1.0180629048117673e-08,
      "saved_probability_array_available": false
    },
    {
      "path": "runs/wine/split_29/generation_202/probes/ddpm/11/model.json",
      "maximum_absolute_loss_difference": 2.123179004831499e-08,
      "saved_probability_array_available": false
    },
    {
      "path": "runs/wine/split_41/generation_101/probes/ctgan/7/model.json",
      "maximum_absolute_loss_difference": 4.8160679083641966e-08,
      "saved_probability_array_available": false
    },
    {
      "path": "runs/wine/split_41/generation_101/probes/ctgan/11/model.json",
      "maximum_absolute_loss_difference": 1.6568971084041095e-08,
      "saved_probability_array_available": false
    },
    {
      "path": "runs/wine/split_41/generation_101/probes/copula/7/model.json",
      "maximum_absolute_loss_difference": 4.558589342595551e-10,
      "saved_probability_array_available": false
    },
    {
      "path": "runs/wine/split_41/generation_101/probes/copula/11/model.json",
      "maximum_absolute_loss_difference": 8.584534812172695e-09,
      "saved_probability_array_available": false
    },
    {
      "path": "runs/wine/split_41/generation_101/probes/tvae/7/model.json",
      "maximum_absolute_loss_difference": 2.3689492367751086e-08,
      "saved_probability_array_available": false
    },
    {
      "path": "runs/wine/split_41/generation_101/probes/tvae/11/model.json",
      "maximum_absolute_loss_difference": 1.2852722830469787e-08,
      "saved_probability_array_available": false
    },
    {
      "path": "runs/wine/split_41/generation_101/probes/ddpm/7/model.json",
      "maximum_absolute_loss_difference": 9.781530099783886e-09,
      "saved_probability_array_available": false
    },
    {
      "path": "runs/wine/split_41/generation_101/probes/ddpm/11/model.json",
      "maximum_absolute_loss_difference": 1.0903861064059939e-08,
      "saved_probability_array_available": false
    },
    {
      "path": "runs/wine/split_41/generation_202/probes/ctgan/7/model.json",
      "maximum_absolute_loss_difference": 1.9756299790563148e-09,
      "saved_probability_array_available": false
    },
    {
      "path": "runs/wine/split_41/generation_202/probes/ctgan/11/model.json",
      "maximum_absolute_loss_difference": 4.6962999877830924e-09,
      "saved_probability_array_available": false
    },
    {
      "path": "runs/wine/split_41/generation_202/probes/copula/7/model.json",
      "maximum_absolute_loss_difference": 1.9444144627733806e-09,
      "saved_probability_array_available": false
    },
    {
      "path": "runs/wine/split_41/generation_202/probes/copula/11/model.json",
      "maximum_absolute_loss_difference": 7.0773034689664005e-09,
      "saved_probability_array_available": false
    },
    {
      "path": "runs/wine/split_41/generation_202/probes/tvae/7/model.json",
      "maximum_absolute_loss_difference": 4.8614167247329476e-08,
      "saved_probability_array_available": false
    },
    {
      "path": "runs/wine/split_41/generation_202/probes/tvae/11/model.json",
      "maximum_absolute_loss_difference": 4.598631364594041e-08,
      "saved_probability_array_available": false
    },
    {
      "path": "runs/wine/split_41/generation_202/probes/ddpm/7/model.json",
      "maximum_absolute_loss_difference": 3.483550656269152e-09,
      "saved_probability_array_available": false
    },
    {
      "path": "runs/wine/split_41/generation_202/probes/ddpm/11/model.json",
      "maximum_absolute_loss_difference": 1.6082017106899826e-08,
      "saved_probability_array_available": false
    },
    {
      "path": "runs/breast_cancer/split_17/generation_101/probes/ctgan/7/model.json",
      "maximum_absolute_loss_difference": 2.105244312211596e-10,
      "saved_probability_array_available": false
    },
    {
      "path": "runs/breast_cancer/split_17/generation_101/probes/ctgan/11/model.json",
      "maximum_absolute_loss_difference": 1.0357708982167146e-08,
      "saved_probability_array_available": false
    },
    {
      "path": "runs/breast_cancer/split_17/generation_101/probes/copula/7/model.json",
      "maximum_absolute_loss_difference": 6.269609206799309e-10,
      "saved_probability_array_available": false
    },
    {
      "path": "runs/breast_cancer/split_17/generation_101/probes/copula/11/model.json",
      "maximum_absolute_loss_difference": 3.5115855084866254e-09,
      "saved_probability_array_available": false
    },
    {
      "path": "runs/breast_cancer/split_17/generation_101/probes/tvae/7/model.json",
      "maximum_absolute_loss_difference": 2.46173787465942e-08,
      "saved_probability_array_available": false
    },
    {
      "path": "runs/breast_cancer/split_17/generation_101/probes/tvae/11/model.json",
      "maximum_absolute_loss_difference": 6.995336601645086e-10,
      "saved_probability_array_available": false
    },
    {
      "path": "runs/breast_cancer/split_17/generation_101/probes/ddpm/7/model.json",
      "maximum_absolute_loss_difference": 3.895958833322055e-08,
      "saved_probability_array_available": false
    },
    {
      "path": "runs/breast_cancer/split_17/generation_101/probes/ddpm/11/model.json",
      "maximum_absolute_loss_difference": 1.9093022995964049e-10,
      "saved_probability_array_available": false
    },
    {
      "path": "runs/breast_cancer/split_17/generation_202/probes/ctgan/7/model.json",
      "maximum_absolute_loss_difference": 1.1239266739515585e-08,
      "saved_probability_array_available": false
    },
    {
      "path": "runs/breast_cancer/split_17/generation_202/probes/ctgan/11/model.json",
      "maximum_absolute_loss_difference": 1.616037537122139e-08,
      "saved_probability_array_available": false
    },
    {
      "path": "runs/breast_cancer/split_17/generation_202/probes/copula/7/model.json",
      "maximum_absolute_loss_difference": 5.387655516164713e-09,
      "saved_probability_array_available": false
    },
    {
      "path": "runs/breast_cancer/split_17/generation_202/probes/copula/11/model.json",
      "maximum_absolute_loss_difference": 9.247575604581781e-10,
      "saved_probability_array_available": false
    },
    {
      "path": "runs/breast_cancer/split_17/generation_202/probes/tvae/7/model.json",
      "maximum_absolute_loss_difference": 1.0189620369693841e-08,
      "saved_probability_array_available": false
    },
    {
      "path": "runs/breast_cancer/split_17/generation_202/probes/tvae/11/model.json",
      "maximum_absolute_loss_difference": 5.713154838105083e-09,
      "saved_probability_array_available": false
    },
    {
      "path": "runs/breast_cancer/split_17/generation_202/probes/ddpm/7/model.json",
      "maximum_absolute_loss_difference": 4.8836154009634924e-09,
      "saved_probability_array_available": false
    },
    {
      "path": "runs/breast_cancer/split_17/generation_202/probes/ddpm/11/model.json",
      "maximum_absolute_loss_difference": 4.996972752246975e-09,
      "saved_probability_array_available": false
    },
    {
      "path": "runs/breast_cancer/split_29/generation_101/probes/ctgan/7/model.json",
      "maximum_absolute_loss_difference": 3.114621160982267e-08,
      "saved_probability_array_available": false
    },
    {
      "path": "runs/breast_cancer/split_29/generation_101/probes/ctgan/11/model.json",
      "maximum_absolute_loss_difference": 2.5494094946232337e-08,
      "saved_probability_array_available": false
    },
    {
      "path": "runs/breast_cancer/split_29/generation_101/probes/copula/7/model.json",
      "maximum_absolute_loss_difference": 4.22214600781512e-09,
      "saved_probability_array_available": false
    },
    {
      "path": "runs/breast_cancer/split_29/generation_101/probes/copula/11/model.json",
      "maximum_absolute_loss_difference": 3.6843016623655522e-09,
      "saved_probability_array_available": false
    },
    {
      "path": "runs/breast_cancer/split_29/generation_101/probes/tvae/7/model.json",
      "maximum_absolute_loss_difference": 1.1065225263839906e-09,
      "saved_probability_array_available": false
    },
    {
      "path": "runs/breast_cancer/split_29/generation_101/probes/tvae/11/model.json",
      "maximum_absolute_loss_difference": 1.3742548696238366e-09,
      "saved_probability_array_available": false
    },
    {
      "path": "runs/breast_cancer/split_29/generation_101/probes/ddpm/7/model.json",
      "maximum_absolute_loss_difference": 5.554122661788341e-09,
      "saved_probability_array_available": false
    },
    {
      "path": "runs/breast_cancer/split_29/generation_101/probes/ddpm/11/model.json",
      "maximum_absolute_loss_difference": 1.7199696944469878e-08,
      "saved_probability_array_available": false
    },
    {
      "path": "runs/breast_cancer/split_29/generation_202/probes/ctgan/7/model.json",
      "maximum_absolute_loss_difference": 2.9987777816486982e-09,
      "saved_probability_array_available": false
    },
    {
      "path": "runs/breast_cancer/split_29/generation_202/probes/ctgan/11/model.json",
      "maximum_absolute_loss_difference": 3.2801487706568544e-09,
      "saved_probability_array_available": false
    },
    {
      "path": "runs/breast_cancer/split_29/generation_202/probes/copula/7/model.json",
      "maximum_absolute_loss_difference": 6.240389732736773e-09,
      "saved_probability_array_available": false
    },
    {
      "path": "runs/breast_cancer/split_29/generation_202/probes/copula/11/model.json",
      "maximum_absolute_loss_difference": 1.4664760794591558e-09,
      "saved_probability_array_available": false
    },
    {
      "path": "runs/breast_cancer/split_29/generation_202/probes/tvae/7/model.json",
      "maximum_absolute_loss_difference": 1.2027636317468726e-08,
      "saved_probability_array_available": false
    },
    {
      "path": "runs/breast_cancer/split_29/generation_202/probes/tvae/11/model.json",
      "maximum_absolute_loss_difference": 7.797735790404658e-09,
      "saved_probability_array_available": false
    },
    {
      "path": "runs/breast_cancer/split_29/generation_202/probes/ddpm/7/model.json",
      "maximum_absolute_loss_difference": 1.1916445163961953e-08,
      "saved_probability_array_available": false
    },
    {
      "path": "runs/breast_cancer/split_29/generation_202/probes/ddpm/11/model.json",
      "maximum_absolute_loss_difference": 2.9181762561947266e-10,
      "saved_probability_array_available": false
    },
    {
      "path": "runs/breast_cancer/split_41/generation_101/probes/ctgan/7/model.json",
      "maximum_absolute_loss_difference": 2.8461366596843618e-08,
      "saved_probability_array_available": false
    },
    {
      "path": "runs/breast_cancer/split_41/generation_101/probes/ctgan/11/model.json",
      "maximum_absolute_loss_difference": 6.599892188319245e-09,
      "saved_probability_array_available": false
    },
    {
      "path": "runs/breast_cancer/split_41/generation_101/probes/copula/7/model.json",
      "maximum_absolute_loss_difference": 2.3035858942588305e-08,
      "saved_probability_array_available": false
    },
    {
      "path": "runs/breast_cancer/split_41/generation_101/probes/copula/11/model.json",
      "maximum_absolute_loss_difference": 2.8334849633271375e-08,
      "saved_probability_array_available": false
    },
    {
      "path": "runs/breast_cancer/split_41/generation_101/probes/tvae/7/model.json",
      "maximum_absolute_loss_difference": 3.491429567681337e-08,
      "saved_probability_array_available": false
    },
    {
      "path": "runs/breast_cancer/split_41/generation_101/probes/tvae/11/model.json",
      "maximum_absolute_loss_difference": 5.224579435747501e-09,
      "saved_probability_array_available": false
    },
    {
      "path": "runs/breast_cancer/split_41/generation_101/probes/ddpm/7/model.json",
      "maximum_absolute_loss_difference": 2.9610649765476893e-09,
      "saved_probability_array_available": false
    },
    {
      "path": "runs/breast_cancer/split_41/generation_101/probes/ddpm/11/model.json",
      "maximum_absolute_loss_difference": 9.450218385609332e-10,
      "saved_probability_array_available": false
    },
    {
      "path": "runs/breast_cancer/split_41/generation_202/probes/ctgan/7/model.json",
      "maximum_absolute_loss_difference": 2.481040395352352e-08,
      "saved_probability_array_available": false
    },
    {
      "path": "runs/breast_cancer/split_41/generation_202/probes/ctgan/11/model.json",
      "maximum_absolute_loss_difference": 1.2360336976158237e-08,
      "saved_probability_array_available": false
    },
    {
      "path": "runs/breast_cancer/split_41/generation_202/probes/copula/7/model.json",
      "maximum_absolute_loss_difference": 1.2600323340272723e-08,
      "saved_probability_array_available": false
    },
    {
      "path": "runs/breast_cancer/split_41/generation_202/probes/copula/11/model.json",
      "maximum_absolute_loss_difference": 7.219699282856595e-09,
      "saved_probability_array_available": false
    },
    {
      "path": "runs/breast_cancer/split_41/generation_202/probes/tvae/7/model.json",
      "maximum_absolute_loss_difference": 3.696510209039161e-08,
      "saved_probability_array_available": false
    },
    {
      "path": "runs/breast_cancer/split_41/generation_202/probes/tvae/11/model.json",
      "maximum_absolute_loss_difference": 7.616507858437815e-10,
      "saved_probability_array_available": false
    },
    {
      "path": "runs/breast_cancer/split_41/generation_202/probes/ddpm/7/model.json",
      "maximum_absolute_loss_difference": 5.093557166324647e-09,
      "saved_probability_array_available": false
    },
    {
      "path": "runs/breast_cancer/split_41/generation_202/probes/ddpm/11/model.json",
      "maximum_absolute_loss_difference": 3.405110068910311e-09,
      "saved_probability_array_available": false
    }
  ],
  "metric_families_checked": [
    "accuracy",
    "balanced_accuracy",
    "macro_f1",
    "log_loss",
    "per_class_loss",
    "per_class_recall",
    "confusion_matrix",
    "n"
  ],
  "environment": {
    "python": "3.13.5",
    "numpy": "2.3.5",
    "torch": "2.10.0+cpu"
  }
}
